zone_id,name,zone_type,capacity,timestamp,headcount,utilization_pct
ZN-01,Open Office - Floor 1,workspace,80,2026-07-20 10:00:00,68,85.0
ZN-01,Open Office - Floor 1,workspace,80,2026-07-20 10:15:00,43,53.8
ZN-01,Open Office - Floor 1,workspace,80,2026-07-20 10:30:00,20,25.0
ZN-01,Open Office - Floor 1,workspace,80,2026-07-20 10:45:00,13,16.2
ZN-01,Open Office - Floor 1,workspace,80,2026-07-20 11:00:00,69,86.2
ZN-01,Open Office - Floor 1,workspace,80,2026-07-20 11:15:00,63,78.8
ZN-01,Open Office - Floor 1,workspace,80,2026-07-20 11:30:00,65,81.2
ZN-01,Open Office - Floor 1,workspace,80,2026-07-20 11:45:00,72,90.0
ZN-01,Open Office - Floor 1,workspace,80,2026-07-20 12:00:00,46,57.5
ZN-01,Open Office - Floor 1,workspace,80,2026-07-20 12:15:00,39,48.8
ZN-01,Open Office - Floor 1,workspace,80,2026-07-20 12:30:00,41,51.2
ZN-01,Open Office - Floor 1,workspace,80,2026-07-20 12:45:00,43,53.8
ZN-01,Open Office - Floor 1,workspace,80,2026-07-20 13:00:00,49,61.2
ZN-01,Open Office - Floor 1,workspace,80,2026-07-20 13:15:00,52,65.0
ZN-01,Open Office - Floor 1,workspace,80,2026-07-20 13:30:00,44,55.0
ZN-01,Open Office - Floor 1,workspace,80,2026-07-20 13:45:00,72,90.0
ZN-01,Open Office - Floor 1,workspace,80,2026-07-20 14:00:00,80,100.0
ZN-01,Open Office - Floor 1,workspace,80,2026-07-20 14:15:00,80,100.0
ZN-01,Open Office - Floor 1,workspace,80,2026-07-20 14:30:00,79,98.8
ZN-01,Open Office - Floor 1,workspace,80,2026-07-20 14:45:00,71,88.8
ZN-01,Open Office - Floor 1,workspace,80,2026-07-20 15:00:00,67,83.8
ZN-01,Open Office - Floor 1,workspace,80,2026-07-20 15:15:00,37,46.2
ZN-01,Open Office - Floor 1,workspace,80,2026-07-20 15:30:00,32,40.0
ZN-01,Open Office - Floor 1,workspace,80,2026-07-20 15:45:00,37,46.2
ZN-01,Open Office - Floor 1,workspace,80,2026-07-20 16:00:00,28,35.0
ZN-01,Open Office - Floor 1,workspace,80,2026-07-20 16:15:00,10,12.5
ZN-01,Open Office - Floor 1,workspace,80,2026-07-20 16:30:00,4,5.0
ZN-01,Open Office - Floor 1,workspace,80,2026-07-20 16:45:00,0,0.0
ZN-01,Open Office - Floor 1,workspace,80,2026-07-20 17:00:00,0,0.0
ZN-01,Open Office - Floor 1,workspace,80,2026-07-20 17:15:00,0,0.0
ZN-01,Open Office - Floor 1,workspace,80,2026-07-20 17:30:00,0,0.0
ZN-01,Open Office - Floor 1,workspace,80,2026-07-20 17:45:00,0,0.0
ZN-01,Open Office - Floor 1,workspace,80,2026-07-20 18:00:00,0,0.0
ZN-01,Open Office - Floor 1,workspace,80,2026-07-20 18:15:00,0,0.0
ZN-01,Open Office - Floor 1,workspace,80,2026-07-20 18:30:00,0,0.0
ZN-01,Open Office - Floor 1,workspace,80,2026-07-20 18:45:00,0,0.0
ZN-01,Open Office - Floor 1,workspace,80,2026-07-20 19:00:00,1,1.2
ZN-01,Open Office - Floor 1,workspace,80,2026-07-20 19:15:00,7,8.8
ZN-01,Open Office - Floor 1,workspace,80,2026-07-20 19:30:00,0,0.0
ZN-01,Open Office - Floor 1,workspace,80,2026-07-20 19:45:00,6,7.5
ZN-01,Open Office - Floor 1,workspace,80,2026-07-20 20:00:00,0,0.0
ZN-01,Open Office - Floor 1,workspace,80,2026-07-20 20:15:00,0,0.0
ZN-01,Open Office - Floor 1,workspace,80,2026-07-20 20:30:00,0,0.0
ZN-01,Open Office - Floor 1,workspace,80,2026-07-20 20:45:00,0,0.0
ZN-01,Open Office - Floor 1,workspace,80,2026-07-20 21:00:00,5,6.2
ZN-01,Open Office - Floor 1,workspace,80,2026-07-20 21:15:00,0,0.0
ZN-01,Open Office - Floor 1,workspace,80,2026-07-20 21:30:00,1,1.2
ZN-01,Open Office - Floor 1,workspace,80,2026-07-20 21:45:00,1,1.2
ZN-01,Open Office - Floor 1,workspace,80,2026-07-20 22:00:00,0,0.0
ZN-01,Open Office - Floor 1,workspace,80,2026-07-20 22:15:00,0,0.0
ZN-01,Open Office - Floor 1,workspace,80,2026-07-20 22:30:00,3,3.8
ZN-01,Open Office - Floor 1,workspace,80,2026-07-20 22:45:00,3,3.8
ZN-01,Open Office - Floor 1,workspace,80,2026-07-20 23:00:00,5,6.2
ZN-01,Open Office - Floor 1,workspace,80,2026-07-20 23:15:00,3,3.8
ZN-01,Open Office - Floor 1,workspace,80,2026-07-20 23:30:00,2,2.5
ZN-01,Open Office - Floor 1,workspace,80,2026-07-20 23:45:00,1,1.2
ZN-01,Open Office - Floor 1,workspace,80,2026-07-21 00:00:00,6,7.5
ZN-01,Open Office - Floor 1,workspace,80,2026-07-21 00:15:00,0,0.0
ZN-01,Open Office - Floor 1,workspace,80,2026-07-21 00:30:00,0,0.0
ZN-01,Open Office - Floor 1,workspace,80,2026-07-21 00:45:00,2,2.5
ZN-01,Open Office - Floor 1,workspace,80,2026-07-21 01:00:00,0,0.0
ZN-01,Open Office - Floor 1,workspace,80,2026-07-21 01:15:00,6,7.5
ZN-01,Open Office - Floor 1,workspace,80,2026-07-21 01:30:00,0,0.0
ZN-01,Open Office - Floor 1,workspace,80,2026-07-21 01:45:00,0,0.0
ZN-01,Open Office - Floor 1,workspace,80,2026-07-21 02:00:00,10,12.5
ZN-01,Open Office - Floor 1,workspace,80,2026-07-21 02:15:00,0,0.0
ZN-01,Open Office - Floor 1,workspace,80,2026-07-21 02:30:00,0,0.0
ZN-01,Open Office - Floor 1,workspace,80,2026-07-21 02:45:00,7,8.8
ZN-01,Open Office - Floor 1,workspace,80,2026-07-21 03:00:00,0,0.0
ZN-01,Open Office - Floor 1,workspace,80,2026-07-21 03:15:00,0,0.0
ZN-01,Open Office - Floor 1,workspace,80,2026-07-21 03:30:00,2,2.5
ZN-01,Open Office - Floor 1,workspace,80,2026-07-21 03:45:00,2,2.5
ZN-01,Open Office - Floor 1,workspace,80,2026-07-21 04:00:00,3,3.8
ZN-01,Open Office - Floor 1,workspace,80,2026-07-21 04:15:00,2,2.5
ZN-01,Open Office - Floor 1,workspace,80,2026-07-21 04:30:00,6,7.5
ZN-01,Open Office - Floor 1,workspace,80,2026-07-21 04:45:00,5,6.2
ZN-01,Open Office - Floor 1,workspace,80,2026-07-21 05:00:00,3,3.8
ZN-01,Open Office - Floor 1,workspace,80,2026-07-21 05:15:00,0,0.0
ZN-01,Open Office - Floor 1,workspace,80,2026-07-21 05:30:00,1,1.2
ZN-01,Open Office - Floor 1,workspace,80,2026-07-21 05:45:00,22,27.5
ZN-01,Open Office - Floor 1,workspace,80,2026-07-21 06:00:00,70,87.5
ZN-01,Open Office - Floor 1,workspace,80,2026-07-21 06:15:00,64,80.0
ZN-01,Open Office - Floor 1,workspace,80,2026-07-21 06:30:00,80,100.0
ZN-01,Open Office - Floor 1,workspace,80,2026-07-21 06:45:00,80,100.0
ZN-01,Open Office - Floor 1,workspace,80,2026-07-21 07:00:00,75,93.8
ZN-01,Open Office - Floor 1,workspace,80,2026-07-21 07:15:00,77,96.2
ZN-01,Open Office - Floor 1,workspace,80,2026-07-21 07:30:00,78,97.5
ZN-01,Open Office - Floor 1,workspace,80,2026-07-21 07:45:00,79,98.8
ZN-01,Open Office - Floor 1,workspace,80,2026-07-21 08:00:00,68,85.0
ZN-01,Open Office - Floor 1,workspace,80,2026-07-21 08:15:00,71,88.8
ZN-01,Open Office - Floor 1,workspace,80,2026-07-21 08:30:00,68,85.0
ZN-01,Open Office - Floor 1,workspace,80,2026-07-21 08:45:00,71,88.8
ZN-01,Open Office - Floor 1,workspace,80,2026-07-21 09:00:00,78,97.5
ZN-01,Open Office - Floor 1,workspace,80,2026-07-21 09:15:00,67,83.8
ZN-01,Open Office - Floor 1,workspace,80,2026-07-21 09:30:00,71,88.8
ZN-01,Open Office - Floor 1,workspace,80,2026-07-21 09:45:00,64,80.0
ZN-01,Open Office - Floor 1,workspace,80,2026-07-21 10:00:00,64,80.0
ZN-01,Open Office - Floor 1,workspace,80,2026-07-21 10:15:00,39,48.8
ZN-01,Open Office - Floor 1,workspace,80,2026-07-21 10:30:00,27,33.8
ZN-01,Open Office - Floor 1,workspace,80,2026-07-21 10:45:00,28,35.0
ZN-01,Open Office - Floor 1,workspace,80,2026-07-21 11:00:00,73,91.2
ZN-01,Open Office - Floor 1,workspace,80,2026-07-21 11:15:00,65,81.2
ZN-01,Open Office - Floor 1,workspace,80,2026-07-21 11:30:00,60,75.0
ZN-01,Open Office - Floor 1,workspace,80,2026-07-21 11:45:00,67,83.8
ZN-01,Open Office - Floor 1,workspace,80,2026-07-21 12:00:00,48,60.0
ZN-01,Open Office - Floor 1,workspace,80,2026-07-21 12:15:00,44,55.0
ZN-01,Open Office - Floor 1,workspace,80,2026-07-21 12:30:00,45,56.2
ZN-01,Open Office - Floor 1,workspace,80,2026-07-21 12:45:00,54,67.5
ZN-01,Open Office - Floor 1,workspace,80,2026-07-21 13:00:00,56,70.0
ZN-01,Open Office - Floor 1,workspace,80,2026-07-21 13:15:00,49,61.2
ZN-01,Open Office - Floor 1,workspace,80,2026-07-21 13:30:00,60,75.0
ZN-01,Open Office - Floor 1,workspace,80,2026-07-21 13:45:00,68,85.0
ZN-01,Open Office - Floor 1,workspace,80,2026-07-21 14:00:00,69,86.2
ZN-01,Open Office - Floor 1,workspace,80,2026-07-21 14:15:00,80,100.0
ZN-01,Open Office - Floor 1,workspace,80,2026-07-21 14:30:00,78,97.5
ZN-01,Open Office - Floor 1,workspace,80,2026-07-21 14:45:00,77,96.2
ZN-01,Open Office - Floor 1,workspace,80,2026-07-21 15:00:00,64,80.0
ZN-01,Open Office - Floor 1,workspace,80,2026-07-21 15:15:00,38,47.5
ZN-01,Open Office - Floor 1,workspace,80,2026-07-21 15:30:00,32,40.0
ZN-01,Open Office - Floor 1,workspace,80,2026-07-21 15:45:00,30,37.5
ZN-01,Open Office - Floor 1,workspace,80,2026-07-21 16:00:00,18,22.5
ZN-01,Open Office - Floor 1,workspace,80,2026-07-21 16:15:00,11,13.8
ZN-01,Open Office - Floor 1,workspace,80,2026-07-21 16:30:00,1,1.2
ZN-01,Open Office - Floor 1,workspace,80,2026-07-21 16:45:00,9,11.2
ZN-01,Open Office - Floor 1,workspace,80,2026-07-21 17:00:00,0,0.0
ZN-01,Open Office - Floor 1,workspace,80,2026-07-21 17:15:00,0,0.0
ZN-01,Open Office - Floor 1,workspace,80,2026-07-21 17:30:00,0,0.0
ZN-01,Open Office - Floor 1,workspace,80,2026-07-21 17:45:00,0,0.0
ZN-01,Open Office - Floor 1,workspace,80,2026-07-21 18:00:00,8,10.0
ZN-01,Open Office - Floor 1,workspace,80,2026-07-21 18:15:00,2,2.5
ZN-01,Open Office - Floor 1,workspace,80,2026-07-21 18:30:00,0,0.0
ZN-01,Open Office - Floor 1,workspace,80,2026-07-21 18:45:00,1,1.2
ZN-01,Open Office - Floor 1,workspace,80,2026-07-21 19:00:00,4,5.0
ZN-01,Open Office - Floor 1,workspace,80,2026-07-21 19:15:00,0,0.0
ZN-01,Open Office - Floor 1,workspace,80,2026-07-21 19:30:00,0,0.0
ZN-01,Open Office - Floor 1,workspace,80,2026-07-21 19:45:00,7,8.8
ZN-01,Open Office - Floor 1,workspace,80,2026-07-21 20:00:00,4,5.0
ZN-01,Open Office - Floor 1,workspace,80,2026-07-21 20:15:00,0,0.0
ZN-01,Open Office - Floor 1,workspace,80,2026-07-21 20:30:00,0,0.0
ZN-01,Open Office - Floor 1,workspace,80,2026-07-21 20:45:00,0,0.0
ZN-01,Open Office - Floor 1,workspace,80,2026-07-21 21:00:00,0,0.0
ZN-01,Open Office - Floor 1,workspace,80,2026-07-21 21:15:00,5,6.2
ZN-01,Open Office - Floor 1,workspace,80,2026-07-21 21:30:00,2,2.5
ZN-01,Open Office - Floor 1,workspace,80,2026-07-21 21:45:00,1,1.2
ZN-01,Open Office - Floor 1,workspace,80,2026-07-21 22:00:00,0,0.0
ZN-01,Open Office - Floor 1,workspace,80,2026-07-21 22:15:00,0,0.0
ZN-01,Open Office - Floor 1,workspace,80,2026-07-21 22:30:00,2,2.5
ZN-01,Open Office - Floor 1,workspace,80,2026-07-21 22:45:00,1,1.2
ZN-01,Open Office - Floor 1,workspace,80,2026-07-21 23:00:00,0,0.0
ZN-01,Open Office - Floor 1,workspace,80,2026-07-21 23:15:00,2,2.5
ZN-01,Open Office - Floor 1,workspace,80,2026-07-21 23:30:00,5,6.2
ZN-01,Open Office - Floor 1,workspace,80,2026-07-21 23:45:00,0,0.0
ZN-01,Open Office - Floor 1,workspace,80,2026-07-22 00:00:00,0,0.0
ZN-01,Open Office - Floor 1,workspace,80,2026-07-22 00:15:00,0,0.0
ZN-01,Open Office - Floor 1,workspace,80,2026-07-22 00:30:00,0,0.0
ZN-01,Open Office - Floor 1,workspace,80,2026-07-22 00:45:00,4,5.0
ZN-01,Open Office - Floor 1,workspace,80,2026-07-22 01:00:00,2,2.5
ZN-01,Open Office - Floor 1,workspace,80,2026-07-22 01:15:00,2,2.5
ZN-01,Open Office - Floor 1,workspace,80,2026-07-22 01:30:00,0,0.0
ZN-01,Open Office - Floor 1,workspace,80,2026-07-22 01:45:00,0,0.0
ZN-01,Open Office - Floor 1,workspace,80,2026-07-22 02:00:00,0,0.0
ZN-01,Open Office - Floor 1,workspace,80,2026-07-22 02:15:00,0,0.0
ZN-01,Open Office - Floor 1,workspace,80,2026-07-22 02:30:00,1,1.2
ZN-01,Open Office - Floor 1,workspace,80,2026-07-22 02:45:00,0,0.0
ZN-01,Open Office - Floor 1,workspace,80,2026-07-22 03:00:00,3,3.8
ZN-01,Open Office - Floor 1,workspace,80,2026-07-22 03:15:00,9,11.2
ZN-01,Open Office - Floor 1,workspace,80,2026-07-22 03:30:00,7,8.8
ZN-01,Open Office - Floor 1,workspace,80,2026-07-22 03:45:00,8,10.0
ZN-01,Open Office - Floor 1,workspace,80,2026-07-22 04:00:00,0,0.0
ZN-01,Open Office - Floor 1,workspace,80,2026-07-22 04:15:00,4,5.0
ZN-01,Open Office - Floor 1,workspace,80,2026-07-22 04:30:00,0,0.0
ZN-01,Open Office - Floor 1,workspace,80,2026-07-22 04:45:00,4,5.0
ZN-01,Open Office - Floor 1,workspace,80,2026-07-22 05:00:00,0,0.0
ZN-01,Open Office - Floor 1,workspace,80,2026-07-22 05:15:00,0,0.0
ZN-01,Open Office - Floor 1,workspace,80,2026-07-22 05:30:00,1,1.2
ZN-01,Open Office - Floor 1,workspace,80,2026-07-22 05:45:00,35,43.8
ZN-01,Open Office - Floor 1,workspace,80,2026-07-22 06:00:00,68,85.0
ZN-01,Open Office - Floor 1,workspace,80,2026-07-22 06:15:00,74,92.5
ZN-01,Open Office - Floor 1,workspace,80,2026-07-22 06:30:00,73,91.2
ZN-01,Open Office - Floor 1,workspace,80,2026-07-22 06:45:00,80,100.0
ZN-01,Open Office - Floor 1,workspace,80,2026-07-22 07:00:00,73,91.2
ZN-01,Open Office - Floor 1,workspace,80,2026-07-22 07:15:00,80,100.0
ZN-01,Open Office - Floor 1,workspace,80,2026-07-22 07:30:00,79,98.8
ZN-01,Open Office - Floor 1,workspace,80,2026-07-22 07:45:00,76,95.0
ZN-01,Open Office - Floor 1,workspace,80,2026-07-22 08:00:00,71,88.8
ZN-01,Open Office - Floor 1,workspace,80,2026-07-22 08:15:00,64,80.0
ZN-01,Open Office - Floor 1,workspace,80,2026-07-22 08:30:00,64,80.0
ZN-01,Open Office - Floor 1,workspace,80,2026-07-22 08:45:00,72,90.0
ZN-01,Open Office - Floor 1,workspace,80,2026-07-22 09:00:00,79,98.8
ZN-01,Open Office - Floor 1,workspace,80,2026-07-22 09:15:00,66,82.5
ZN-01,Open Office - Floor 1,workspace,80,2026-07-22 09:30:00,68,85.0
ZN-01,Open Office - Floor 1,workspace,80,2026-07-22 09:45:00,62,77.5
ZN-01,Open Office - Floor 1,workspace,80,2026-07-22 10:00:00,52,65.0
ZN-01,Open Office - Floor 1,workspace,80,2026-07-22 10:15:00,37,46.2
ZN-01,Open Office - Floor 1,workspace,80,2026-07-22 10:30:00,20,25.0
ZN-01,Open Office - Floor 1,workspace,80,2026-07-22 10:45:00,26,32.5
ZN-01,Open Office - Floor 1,workspace,80,2026-07-22 11:00:00,67,83.8
ZN-01,Open Office - Floor 1,workspace,80,2026-07-22 11:15:00,72,90.0
ZN-01,Open Office - Floor 1,workspace,80,2026-07-22 11:30:00,67,83.8
ZN-01,Open Office - Floor 1,workspace,80,2026-07-22 11:45:00,72,90.0
ZN-01,Open Office - Floor 1,workspace,80,2026-07-22 12:00:00,51,63.8
ZN-01,Open Office - Floor 1,workspace,80,2026-07-22 12:15:00,52,65.0
ZN-01,Open Office - Floor 1,workspace,80,2026-07-22 12:30:00,38,47.5
ZN-01,Open Office - Floor 1,workspace,80,2026-07-22 12:45:00,44,55.0
ZN-01,Open Office - Floor 1,workspace,80,2026-07-22 13:00:00,51,63.8
ZN-01,Open Office - Floor 1,workspace,80,2026-07-22 13:15:00,43,53.8
ZN-01,Open Office - Floor 1,workspace,80,2026-07-22 13:30:00,46,57.5
ZN-01,Open Office - Floor 1,workspace,80,2026-07-22 13:45:00,71,88.8
ZN-01,Open Office - Floor 1,workspace,80,2026-07-22 14:00:00,72,90.0
ZN-01,Open Office - Floor 1,workspace,80,2026-07-22 14:15:00,75,93.8
ZN-01,Open Office - Floor 1,workspace,80,2026-07-22 14:30:00,80,100.0
ZN-01,Open Office - Floor 1,workspace,80,2026-07-22 14:45:00,80,100.0
ZN-01,Open Office - Floor 1,workspace,80,2026-07-22 15:00:00,69,86.2
ZN-01,Open Office - Floor 1,workspace,80,2026-07-22 15:15:00,38,47.5
ZN-01,Open Office - Floor 1,workspace,80,2026-07-22 15:30:00,19,23.8
ZN-01,Open Office - Floor 1,workspace,80,2026-07-22 15:45:00,29,36.2
ZN-01,Open Office - Floor 1,workspace,80,2026-07-22 16:00:00,24,30.0
ZN-01,Open Office - Floor 1,workspace,80,2026-07-22 16:15:00,11,13.8
ZN-01,Open Office - Floor 1,workspace,80,2026-07-22 16:30:00,0,0.0
ZN-01,Open Office - Floor 1,workspace,80,2026-07-22 16:45:00,0,0.0
ZN-01,Open Office - Floor 1,workspace,80,2026-07-22 17:00:00,2,2.5
ZN-01,Open Office - Floor 1,workspace,80,2026-07-22 17:15:00,0,0.0
ZN-01,Open Office - Floor 1,workspace,80,2026-07-22 17:30:00,0,0.0
ZN-01,Open Office - Floor 1,workspace,80,2026-07-22 17:45:00,1,1.2
ZN-01,Open Office - Floor 1,workspace,80,2026-07-22 18:00:00,2,2.5
ZN-01,Open Office - Floor 1,workspace,80,2026-07-22 18:15:00,8,10.0
ZN-01,Open Office - Floor 1,workspace,80,2026-07-22 18:30:00,0,0.0
ZN-01,Open Office - Floor 1,workspace,80,2026-07-22 18:45:00,2,2.5
ZN-01,Open Office - Floor 1,workspace,80,2026-07-22 19:00:00,3,3.8
ZN-01,Open Office - Floor 1,workspace,80,2026-07-22 19:15:00,0,0.0
ZN-01,Open Office - Floor 1,workspace,80,2026-07-22 19:30:00,3,3.8
ZN-01,Open Office - Floor 1,workspace,80,2026-07-22 19:45:00,0,0.0
ZN-01,Open Office - Floor 1,workspace,80,2026-07-22 20:00:00,3,3.8
ZN-01,Open Office - Floor 1,workspace,80,2026-07-22 20:15:00,3,3.8
ZN-01,Open Office - Floor 1,workspace,80,2026-07-22 20:30:00,0,0.0
ZN-01,Open Office - Floor 1,workspace,80,2026-07-22 20:45:00,0,0.0
ZN-01,Open Office - Floor 1,workspace,80,2026-07-22 21:00:00,0,0.0
ZN-01,Open Office - Floor 1,workspace,80,2026-07-22 21:15:00,0,0.0
ZN-01,Open Office - Floor 1,workspace,80,2026-07-22 21:30:00,5,6.2
ZN-01,Open Office - Floor 1,workspace,80,2026-07-22 21:45:00,1,1.2
ZN-01,Open Office - Floor 1,workspace,80,2026-07-22 22:00:00,6,7.5
ZN-01,Open Office - Floor 1,workspace,80,2026-07-22 22:15:00,6,7.5
ZN-01,Open Office - Floor 1,workspace,80,2026-07-22 22:30:00,0,0.0
ZN-01,Open Office - Floor 1,workspace,80,2026-07-22 22:45:00,0,0.0
ZN-01,Open Office - Floor 1,workspace,80,2026-07-22 23:00:00,0,0.0
ZN-01,Open Office - Floor 1,workspace,80,2026-07-22 23:15:00,0,0.0
ZN-01,Open Office - Floor 1,workspace,80,2026-07-22 23:30:00,0,0.0
ZN-01,Open Office - Floor 1,workspace,80,2026-07-22 23:45:00,2,2.5
ZN-01,Open Office - Floor 1,workspace,80,2026-07-23 00:00:00,0,0.0
ZN-01,Open Office - Floor 1,workspace,80,2026-07-23 00:15:00,0,0.0
ZN-01,Open Office - Floor 1,workspace,80,2026-07-23 00:30:00,1,1.2
ZN-01,Open Office - Floor 1,workspace,80,2026-07-23 00:45:00,0,0.0
ZN-01,Open Office - Floor 1,workspace,80,2026-07-23 01:00:00,0,0.0
ZN-01,Open Office - Floor 1,workspace,80,2026-07-23 01:15:00,7,8.8
ZN-01,Open Office - Floor 1,workspace,80,2026-07-23 01:30:00,8,10.0
ZN-01,Open Office - Floor 1,workspace,80,2026-07-23 01:45:00,0,0.0
ZN-01,Open Office - Floor 1,workspace,80,2026-07-23 02:00:00,0,0.0
ZN-01,Open Office - Floor 1,workspace,80,2026-07-23 02:15:00,0,0.0
ZN-01,Open Office - Floor 1,workspace,80,2026-07-23 02:30:00,0,0.0
ZN-01,Open Office - Floor 1,workspace,80,2026-07-23 02:45:00,7,8.8
ZN-01,Open Office - Floor 1,workspace,80,2026-07-23 03:00:00,3,3.8
ZN-01,Open Office - Floor 1,workspace,80,2026-07-23 03:15:00,6,7.5
ZN-01,Open Office - Floor 1,workspace,80,2026-07-23 03:30:00,9,11.2
ZN-01,Open Office - Floor 1,workspace,80,2026-07-23 03:45:00,0,0.0
ZN-01,Open Office - Floor 1,workspace,80,2026-07-23 04:00:00,0,0.0
ZN-01,Open Office - Floor 1,workspace,80,2026-07-23 04:15:00,0,0.0
ZN-01,Open Office - Floor 1,workspace,80,2026-07-23 04:30:00,5,6.2
ZN-01,Open Office - Floor 1,workspace,80,2026-07-23 04:45:00,0,0.0
ZN-01,Open Office - Floor 1,workspace,80,2026-07-23 05:00:00,3,3.8
ZN-01,Open Office - Floor 1,workspace,80,2026-07-23 05:15:00,6,7.5
ZN-01,Open Office - Floor 1,workspace,80,2026-07-23 05:30:00,10,12.5
ZN-01,Open Office - Floor 1,workspace,80,2026-07-23 05:45:00,34,42.5
ZN-01,Open Office - Floor 1,workspace,80,2026-07-23 06:00:00,63,78.8
ZN-01,Open Office - Floor 1,workspace,80,2026-07-23 06:15:00,66,82.5
ZN-01,Open Office - Floor 1,workspace,80,2026-07-23 06:30:00,80,100.0
ZN-01,Open Office - Floor 1,workspace,80,2026-07-23 06:45:00,80,100.0
ZN-01,Open Office - Floor 1,workspace,80,2026-07-23 07:00:00,76,95.0
ZN-01,Open Office - Floor 1,workspace,80,2026-07-23 07:15:00,78,97.5
ZN-01,Open Office - Floor 1,workspace,80,2026-07-23 07:30:00,78,97.5
ZN-01,Open Office - Floor 1,workspace,80,2026-07-23 07:45:00,67,83.8
ZN-01,Open Office - Floor 1,workspace,80,2026-07-23 08:00:00,73,91.2
ZN-01,Open Office - Floor 1,workspace,80,2026-07-23 08:15:00,68,85.0
ZN-01,Open Office - Floor 1,workspace,80,2026-07-23 08:30:00,69,86.2
ZN-01,Open Office - Floor 1,workspace,80,2026-07-23 08:45:00,76,95.0
ZN-01,Open Office - Floor 1,workspace,80,2026-07-23 09:00:00,71,88.8
ZN-01,Open Office - Floor 1,workspace,80,2026-07-23 09:15:00,74,92.5
ZN-01,Open Office - Floor 1,workspace,80,2026-07-23 09:30:00,73,91.2
ZN-01,Open Office - Floor 1,workspace,80,2026-07-23 09:45:00,63,78.8
ZN-01,Open Office - Floor 1,workspace,80,2026-07-23 10:00:00,60,75.0
ZN-01,Open Office - Floor 1,workspace,80,2026-07-23 10:15:00,54,67.5
ZN-01,Open Office - Floor 1,workspace,80,2026-07-23 10:30:00,21,26.2
ZN-01,Open Office - Floor 1,workspace,80,2026-07-23 10:45:00,34,42.5
ZN-01,Open Office - Floor 1,workspace,80,2026-07-23 11:00:00,64,80.0
ZN-01,Open Office - Floor 1,workspace,80,2026-07-23 11:15:00,68,85.0
ZN-01,Open Office - Floor 1,workspace,80,2026-07-23 11:30:00,69,86.2
ZN-01,Open Office - Floor 1,workspace,80,2026-07-23 11:45:00,66,82.5
ZN-01,Open Office - Floor 1,workspace,80,2026-07-23 12:00:00,31,38.8
ZN-01,Open Office - Floor 1,workspace,80,2026-07-23 12:15:00,51,63.8
ZN-01,Open Office - Floor 1,workspace,80,2026-07-23 12:30:00,40,50.0
ZN-01,Open Office - Floor 1,workspace,80,2026-07-23 12:45:00,41,51.2
ZN-01,Open Office - Floor 1,workspace,80,2026-07-23 13:00:00,46,57.5
ZN-01,Open Office - Floor 1,workspace,80,2026-07-23 13:15:00,50,62.5
ZN-01,Open Office - Floor 1,workspace,80,2026-07-23 13:30:00,52,65.0
ZN-01,Open Office - Floor 1,workspace,80,2026-07-23 13:45:00,76,95.0
ZN-01,Open Office - Floor 1,workspace,80,2026-07-23 14:00:00,72,90.0
ZN-01,Open Office - Floor 1,workspace,80,2026-07-23 14:15:00,80,100.0
ZN-01,Open Office - Floor 1,workspace,80,2026-07-23 14:30:00,75,93.8
ZN-01,Open Office - Floor 1,workspace,80,2026-07-23 14:45:00,75,93.8
ZN-01,Open Office - Floor 1,workspace,80,2026-07-23 15:00:00,64,80.0
ZN-01,Open Office - Floor 1,workspace,80,2026-07-23 15:15:00,44,55.0
ZN-01,Open Office - Floor 1,workspace,80,2026-07-23 15:30:00,28,35.0
ZN-01,Open Office - Floor 1,workspace,80,2026-07-23 15:45:00,28,35.0
ZN-01,Open Office - Floor 1,workspace,80,2026-07-23 16:00:00,24,30.0
ZN-01,Open Office - Floor 1,workspace,80,2026-07-23 16:15:00,1,1.2
ZN-01,Open Office - Floor 1,workspace,80,2026-07-23 16:30:00,0,0.0
ZN-01,Open Office - Floor 1,workspace,80,2026-07-23 16:45:00,0,0.0
ZN-01,Open Office - Floor 1,workspace,80,2026-07-23 17:00:00,0,0.0
ZN-01,Open Office - Floor 1,workspace,80,2026-07-23 17:15:00,1,1.2
ZN-01,Open Office - Floor 1,workspace,80,2026-07-23 17:30:00,0,0.0
ZN-01,Open Office - Floor 1,workspace,80,2026-07-23 17:45:00,8,10.0
ZN-01,Open Office - Floor 1,workspace,80,2026-07-23 18:00:00,7,8.8
ZN-01,Open Office - Floor 1,workspace,80,2026-07-23 18:15:00,0,0.0
ZN-01,Open Office - Floor 1,workspace,80,2026-07-23 18:30:00,1,1.2
ZN-01,Open Office - Floor 1,workspace,80,2026-07-23 18:45:00,0,0.0
ZN-01,Open Office - Floor 1,workspace,80,2026-07-23 19:00:00,3,3.8
ZN-01,Open Office - Floor 1,workspace,80,2026-07-23 19:15:00,1,1.2
ZN-01,Open Office - Floor 1,workspace,80,2026-07-23 19:30:00,4,5.0
ZN-01,Open Office - Floor 1,workspace,80,2026-07-23 19:45:00,1,1.2
ZN-01,Open Office - Floor 1,workspace,80,2026-07-23 20:00:00,4,5.0
ZN-01,Open Office - Floor 1,workspace,80,2026-07-23 20:15:00,0,0.0
ZN-01,Open Office - Floor 1,workspace,80,2026-07-23 20:30:00,0,0.0
ZN-01,Open Office - Floor 1,workspace,80,2026-07-23 20:45:00,0,0.0
ZN-01,Open Office - Floor 1,workspace,80,2026-07-23 21:00:00,0,0.0
ZN-01,Open Office - Floor 1,workspace,80,2026-07-23 21:15:00,0,0.0
ZN-01,Open Office - Floor 1,workspace,80,2026-07-23 21:30:00,0,0.0
ZN-01,Open Office - Floor 1,workspace,80,2026-07-23 21:45:00,8,10.0
ZN-01,Open Office - Floor 1,workspace,80,2026-07-23 22:00:00,0,0.0
ZN-01,Open Office - Floor 1,workspace,80,2026-07-23 22:15:00,6,7.5
ZN-01,Open Office - Floor 1,workspace,80,2026-07-23 22:30:00,0,0.0
ZN-01,Open Office - Floor 1,workspace,80,2026-07-23 22:45:00,8,10.0
ZN-01,Open Office - Floor 1,workspace,80,2026-07-23 23:00:00,0,0.0
ZN-01,Open Office - Floor 1,workspace,80,2026-07-23 23:15:00,3,3.8
ZN-01,Open Office - Floor 1,workspace,80,2026-07-23 23:30:00,0,0.0
ZN-01,Open Office - Floor 1,workspace,80,2026-07-23 23:45:00,2,2.5
ZN-01,Open Office - Floor 1,workspace,80,2026-07-24 00:00:00,8,10.0
ZN-01,Open Office - Floor 1,workspace,80,2026-07-24 00:15:00,0,0.0
ZN-01,Open Office - Floor 1,workspace,80,2026-07-24 00:30:00,0,0.0
ZN-01,Open Office - Floor 1,workspace,80,2026-07-24 00:45:00,1,1.2
ZN-01,Open Office - Floor 1,workspace,80,2026-07-24 01:00:00,0,0.0
ZN-01,Open Office - Floor 1,workspace,80,2026-07-24 01:15:00,0,0.0
ZN-01,Open Office - Floor 1,workspace,80,2026-07-24 01:30:00,6,7.5
ZN-01,Open Office - Floor 1,workspace,80,2026-07-24 01:45:00,0,0.0
ZN-01,Open Office - Floor 1,workspace,80,2026-07-24 02:00:00,6,7.5
ZN-01,Open Office - Floor 1,workspace,80,2026-07-24 02:15:00,2,2.5
ZN-01,Open Office - Floor 1,workspace,80,2026-07-24 02:30:00,0,0.0
ZN-01,Open Office - Floor 1,workspace,80,2026-07-24 02:45:00,0,0.0
ZN-01,Open Office - Floor 1,workspace,80,2026-07-24 03:00:00,7,8.8
ZN-01,Open Office - Floor 1,workspace,80,2026-07-24 03:15:00,0,0.0
ZN-01,Open Office - Floor 1,workspace,80,2026-07-24 03:30:00,0,0.0
ZN-01,Open Office - Floor 1,workspace,80,2026-07-24 03:45:00,3,3.8
ZN-01,Open Office - Floor 1,workspace,80,2026-07-24 04:00:00,5,6.2
ZN-01,Open Office - Floor 1,workspace,80,2026-07-24 04:15:00,4,5.0
ZN-01,Open Office - Floor 1,workspace,80,2026-07-24 04:30:00,0,0.0
ZN-01,Open Office - Floor 1,workspace,80,2026-07-24 04:45:00,10,12.5
ZN-01,Open Office - Floor 1,workspace,80,2026-07-24 05:00:00,0,0.0
ZN-01,Open Office - Floor 1,workspace,80,2026-07-24 05:15:00,0,0.0
ZN-01,Open Office - Floor 1,workspace,80,2026-07-24 05:30:00,4,5.0
ZN-01,Open Office - Floor 1,workspace,80,2026-07-24 05:45:00,30,37.5
ZN-01,Open Office - Floor 1,workspace,80,2026-07-24 06:00:00,62,77.5
ZN-01,Open Office - Floor 1,workspace,80,2026-07-24 06:15:00,71,88.8
ZN-01,Open Office - Floor 1,workspace,80,2026-07-24 06:30:00,80,100.0
ZN-01,Open Office - Floor 1,workspace,80,2026-07-24 06:45:00,73,91.2
ZN-01,Open Office - Floor 1,workspace,80,2026-07-24 07:00:00,68,85.0
ZN-01,Open Office - Floor 1,workspace,80,2026-07-24 07:15:00,80,100.0
ZN-01,Open Office - Floor 1,workspace,80,2026-07-24 07:30:00,80,100.0
ZN-01,Open Office - Floor 1,workspace,80,2026-07-24 07:45:00,79,98.8
ZN-01,Open Office - Floor 1,workspace,80,2026-07-24 08:00:00,80,100.0
ZN-01,Open Office - Floor 1,workspace,80,2026-07-24 08:15:00,69,86.2
ZN-01,Open Office - Floor 1,workspace,80,2026-07-24 08:30:00,71,88.8
ZN-01,Open Office - Floor 1,workspace,80,2026-07-24 08:45:00,74,92.5
ZN-01,Open Office - Floor 1,workspace,80,2026-07-24 09:00:00,78,97.5
ZN-01,Open Office - Floor 1,workspace,80,2026-07-24 09:15:00,77,96.2
ZN-01,Open Office - Floor 1,workspace,80,2026-07-24 09:30:00,67,83.8
ZN-01,Open Office - Floor 1,workspace,80,2026-07-24 09:45:00,56,70.0
ZN-01,Open Office - Floor 1,workspace,80,2026-07-24 10:00:00,59,73.8
ZN-01,Open Office - Floor 1,workspace,80,2026-07-24 10:15:00,37,46.2
ZN-01,Open Office - Floor 1,workspace,80,2026-07-24 10:30:00,27,33.8
ZN-01,Open Office - Floor 1,workspace,80,2026-07-24 10:45:00,24,30.0
ZN-01,Open Office - Floor 1,workspace,80,2026-07-24 11:00:00,67,83.8
ZN-01,Open Office - Floor 1,workspace,80,2026-07-24 11:15:00,60,75.0
ZN-01,Open Office - Floor 1,workspace,80,2026-07-24 11:30:00,75,93.8
ZN-01,Open Office - Floor 1,workspace,80,2026-07-24 11:45:00,71,88.8
ZN-01,Open Office - Floor 1,workspace,80,2026-07-24 12:00:00,42,52.5
ZN-01,Open Office - Floor 1,workspace,80,2026-07-24 12:15:00,47,58.8
ZN-01,Open Office - Floor 1,workspace,80,2026-07-24 12:30:00,45,56.2
ZN-01,Open Office - Floor 1,workspace,80,2026-07-24 12:45:00,48,60.0
ZN-01,Open Office - Floor 1,workspace,80,2026-07-24 13:00:00,52,65.0
ZN-01,Open Office - Floor 1,workspace,80,2026-07-24 13:15:00,48,60.0
ZN-01,Open Office - Floor 1,workspace,80,2026-07-24 13:30:00,53,66.2
ZN-01,Open Office - Floor 1,workspace,80,2026-07-24 13:45:00,80,100.0
ZN-01,Open Office - Floor 1,workspace,80,2026-07-24 14:00:00,80,100.0
ZN-01,Open Office - Floor 1,workspace,80,2026-07-24 14:15:00,80,100.0
ZN-01,Open Office - Floor 1,workspace,80,2026-07-24 14:30:00,79,98.8
ZN-01,Open Office - Floor 1,workspace,80,2026-07-24 14:45:00,71,88.8
ZN-01,Open Office - Floor 1,workspace,80,2026-07-24 15:00:00,63,78.8
ZN-01,Open Office - Floor 1,workspace,80,2026-07-24 15:15:00,33,41.2
ZN-01,Open Office - Floor 1,workspace,80,2026-07-24 15:30:00,32,40.0
ZN-01,Open Office - Floor 1,workspace,80,2026-07-24 15:45:00,29,36.2
ZN-01,Open Office - Floor 1,workspace,80,2026-07-24 16:00:00,28,35.0
ZN-01,Open Office - Floor 1,workspace,80,2026-07-24 16:15:00,7,8.8
ZN-01,Open Office - Floor 1,workspace,80,2026-07-24 16:30:00,0,0.0
ZN-01,Open Office - Floor 1,workspace,80,2026-07-24 16:45:00,0,0.0
ZN-01,Open Office - Floor 1,workspace,80,2026-07-24 17:00:00,5,6.2
ZN-01,Open Office - Floor 1,workspace,80,2026-07-24 17:15:00,0,0.0
ZN-01,Open Office - Floor 1,workspace,80,2026-07-24 17:30:00,0,0.0
ZN-01,Open Office - Floor 1,workspace,80,2026-07-24 17:45:00,0,0.0
ZN-01,Open Office - Floor 1,workspace,80,2026-07-24 18:00:00,0,0.0
ZN-01,Open Office - Floor 1,workspace,80,2026-07-24 18:15:00,0,0.0
ZN-01,Open Office - Floor 1,workspace,80,2026-07-24 18:30:00,7,8.8
ZN-01,Open Office - Floor 1,workspace,80,2026-07-24 18:45:00,0,0.0
ZN-01,Open Office - Floor 1,workspace,80,2026-07-24 19:00:00,0,0.0
ZN-01,Open Office - Floor 1,workspace,80,2026-07-24 19:15:00,0,0.0
ZN-01,Open Office - Floor 1,workspace,80,2026-07-24 19:30:00,0,0.0
ZN-01,Open Office - Floor 1,workspace,80,2026-07-24 19:45:00,3,3.8
ZN-01,Open Office - Floor 1,workspace,80,2026-07-24 20:00:00,0,0.0
ZN-01,Open Office - Floor 1,workspace,80,2026-07-24 20:15:00,2,2.5
ZN-01,Open Office - Floor 1,workspace,80,2026-07-24 20:30:00,6,7.5
ZN-01,Open Office - Floor 1,workspace,80,2026-07-24 20:45:00,3,3.8
ZN-01,Open Office - Floor 1,workspace,80,2026-07-24 21:00:00,0,0.0
ZN-01,Open Office - Floor 1,workspace,80,2026-07-24 21:15:00,0,0.0
ZN-01,Open Office - Floor 1,workspace,80,2026-07-24 21:30:00,0,0.0
ZN-01,Open Office - Floor 1,workspace,80,2026-07-24 21:45:00,0,0.0
ZN-01,Open Office - Floor 1,workspace,80,2026-07-24 22:00:00,0,0.0
ZN-01,Open Office - Floor 1,workspace,80,2026-07-24 22:15:00,0,0.0
ZN-01,Open Office - Floor 1,workspace,80,2026-07-24 22:30:00,0,0.0
ZN-01,Open Office - Floor 1,workspace,80,2026-07-24 22:45:00,0,0.0
ZN-01,Open Office - Floor 1,workspace,80,2026-07-24 23:00:00,2,2.5
ZN-01,Open Office - Floor 1,workspace,80,2026-07-24 23:15:00,0,0.0
ZN-01,Open Office - Floor 1,workspace,80,2026-07-24 23:30:00,7,8.8
ZN-01,Open Office - Floor 1,workspace,80,2026-07-24 23:45:00,0,0.0
ZN-01,Open Office - Floor 1,workspace,80,2026-07-25 00:00:00,0,0.0
ZN-01,Open Office - Floor 1,workspace,80,2026-07-25 00:15:00,4,5.0
ZN-01,Open Office - Floor 1,workspace,80,2026-07-25 00:30:00,1,1.2
ZN-01,Open Office - Floor 1,workspace,80,2026-07-25 00:45:00,0,0.0
ZN-01,Open Office - Floor 1,workspace,80,2026-07-25 01:00:00,6,7.5
ZN-01,Open Office - Floor 1,workspace,80,2026-07-25 01:15:00,8,10.0
ZN-01,Open Office - Floor 1,workspace,80,2026-07-25 01:30:00,9,11.2
ZN-01,Open Office - Floor 1,workspace,80,2026-07-25 01:45:00,0,0.0
ZN-01,Open Office - Floor 1,workspace,80,2026-07-25 02:00:00,2,2.5
ZN-01,Open Office - Floor 1,workspace,80,2026-07-25 02:15:00,3,3.8
ZN-01,Open Office - Floor 1,workspace,80,2026-07-25 02:30:00,3,3.8
ZN-01,Open Office - Floor 1,workspace,80,2026-07-25 02:45:00,7,8.8
ZN-01,Open Office - Floor 1,workspace,80,2026-07-25 03:00:00,0,0.0
ZN-01,Open Office - Floor 1,workspace,80,2026-07-25 03:15:00,4,5.0
ZN-01,Open Office - Floor 1,workspace,80,2026-07-25 03:30:00,0,0.0
ZN-01,Open Office - Floor 1,workspace,80,2026-07-25 03:45:00,6,7.5
ZN-01,Open Office - Floor 1,workspace,80,2026-07-25 04:00:00,10,12.5
ZN-01,Open Office - Floor 1,workspace,80,2026-07-25 04:15:00,2,2.5
ZN-01,Open Office - Floor 1,workspace,80,2026-07-25 04:30:00,7,8.8
ZN-01,Open Office - Floor 1,workspace,80,2026-07-25 04:45:00,0,0.0
ZN-01,Open Office - Floor 1,workspace,80,2026-07-25 05:00:00,1,1.2
ZN-01,Open Office - Floor 1,workspace,80,2026-07-25 05:15:00,0,0.0
ZN-01,Open Office - Floor 1,workspace,80,2026-07-25 05:30:00,4,5.0
ZN-01,Open Office - Floor 1,workspace,80,2026-07-25 05:45:00,5,6.2
ZN-01,Open Office - Floor 1,workspace,80,2026-07-25 06:00:00,0,0.0
ZN-01,Open Office - Floor 1,workspace,80,2026-07-25 06:15:00,0,0.0
ZN-01,Open Office - Floor 1,workspace,80,2026-07-25 06:30:00,0,0.0
ZN-01,Open Office - Floor 1,workspace,80,2026-07-25 06:45:00,14,17.5
ZN-01,Open Office - Floor 1,workspace,80,2026-07-25 07:00:00,2,2.5
ZN-01,Open Office - Floor 1,workspace,80,2026-07-25 07:15:00,3,3.8
ZN-01,Open Office - Floor 1,workspace,80,2026-07-25 07:30:00,4,5.0
ZN-01,Open Office - Floor 1,workspace,80,2026-07-25 07:45:00,4,5.0
ZN-01,Open Office - Floor 1,workspace,80,2026-07-25 08:00:00,1,1.2
ZN-01,Open Office - Floor 1,workspace,80,2026-07-25 08:15:00,0,0.0
ZN-01,Open Office - Floor 1,workspace,80,2026-07-25 08:30:00,0,0.0
ZN-01,Open Office - Floor 1,workspace,80,2026-07-25 08:45:00,10,12.5
ZN-01,Open Office - Floor 1,workspace,80,2026-07-25 09:00:00,4,5.0
ZN-01,Open Office - Floor 1,workspace,80,2026-07-25 09:15:00,1,1.2
ZN-01,Open Office - Floor 1,workspace,80,2026-07-25 09:30:00,0,0.0
ZN-01,Open Office - Floor 1,workspace,80,2026-07-25 09:45:00,2,2.5
ZN-01,Open Office - Floor 1,workspace,80,2026-07-25 10:00:00,3,3.8
ZN-01,Open Office - Floor 1,workspace,80,2026-07-25 10:15:00,0,0.0
ZN-01,Open Office - Floor 1,workspace,80,2026-07-25 10:30:00,7,8.8
ZN-01,Open Office - Floor 1,workspace,80,2026-07-25 10:45:00,0,0.0
ZN-01,Open Office - Floor 1,workspace,80,2026-07-25 11:00:00,2,2.5
ZN-01,Open Office - Floor 1,workspace,80,2026-07-25 11:15:00,6,7.5
ZN-01,Open Office - Floor 1,workspace,80,2026-07-25 11:30:00,3,3.8
ZN-01,Open Office - Floor 1,workspace,80,2026-07-25 11:45:00,8,10.0
ZN-01,Open Office - Floor 1,workspace,80,2026-07-25 12:00:00,1,1.2
ZN-01,Open Office - Floor 1,workspace,80,2026-07-25 12:15:00,0,0.0
ZN-01,Open Office - Floor 1,workspace,80,2026-07-25 12:30:00,5,6.2
ZN-01,Open Office - Floor 1,workspace,80,2026-07-25 12:45:00,3,3.8
ZN-01,Open Office - Floor 1,workspace,80,2026-07-25 13:00:00,8,10.0
ZN-01,Open Office - Floor 1,workspace,80,2026-07-25 13:15:00,4,5.0
ZN-01,Open Office - Floor 1,workspace,80,2026-07-25 13:30:00,2,2.5
ZN-01,Open Office - Floor 1,workspace,80,2026-07-25 13:45:00,5,6.2
ZN-01,Open Office - Floor 1,workspace,80,2026-07-25 14:00:00,6,7.5
ZN-01,Open Office - Floor 1,workspace,80,2026-07-25 14:15:00,0,0.0
ZN-01,Open Office - Floor 1,workspace,80,2026-07-25 14:30:00,2,2.5
ZN-01,Open Office - Floor 1,workspace,80,2026-07-25 14:45:00,1,1.2
ZN-01,Open Office - Floor 1,workspace,80,2026-07-25 15:00:00,8,10.0
ZN-01,Open Office - Floor 1,workspace,80,2026-07-25 15:15:00,0,0.0
ZN-01,Open Office - Floor 1,workspace,80,2026-07-25 15:30:00,8,10.0
ZN-01,Open Office - Floor 1,workspace,80,2026-07-25 15:45:00,0,0.0
ZN-01,Open Office - Floor 1,workspace,80,2026-07-25 16:00:00,2,2.5
ZN-01,Open Office - Floor 1,workspace,80,2026-07-25 16:15:00,8,10.0
ZN-01,Open Office - Floor 1,workspace,80,2026-07-25 16:30:00,1,1.2
ZN-01,Open Office - Floor 1,workspace,80,2026-07-25 16:45:00,8,10.0
ZN-01,Open Office - Floor 1,workspace,80,2026-07-25 17:00:00,0,0.0
ZN-01,Open Office - Floor 1,workspace,80,2026-07-25 17:15:00,3,3.8
ZN-01,Open Office - Floor 1,workspace,80,2026-07-25 17:30:00,3,3.8
ZN-01,Open Office - Floor 1,workspace,80,2026-07-25 17:45:00,2,2.5
ZN-01,Open Office - Floor 1,workspace,80,2026-07-25 18:00:00,0,0.0
ZN-01,Open Office - Floor 1,workspace,80,2026-07-25 18:15:00,6,7.5
ZN-01,Open Office - Floor 1,workspace,80,2026-07-25 18:30:00,0,0.0
ZN-01,Open Office - Floor 1,workspace,80,2026-07-25 18:45:00,7,8.8
ZN-01,Open Office - Floor 1,workspace,80,2026-07-25 19:00:00,4,5.0
ZN-01,Open Office - Floor 1,workspace,80,2026-07-25 19:15:00,7,8.8
ZN-01,Open Office - Floor 1,workspace,80,2026-07-25 19:30:00,1,1.2
ZN-01,Open Office - Floor 1,workspace,80,2026-07-25 19:45:00,0,0.0
ZN-01,Open Office - Floor 1,workspace,80,2026-07-25 20:00:00,0,0.0
ZN-01,Open Office - Floor 1,workspace,80,2026-07-25 20:15:00,0,0.0
ZN-01,Open Office - Floor 1,workspace,80,2026-07-25 20:30:00,5,6.2
ZN-01,Open Office - Floor 1,workspace,80,2026-07-25 20:45:00,1,1.2
ZN-01,Open Office - Floor 1,workspace,80,2026-07-25 21:00:00,4,5.0
ZN-01,Open Office - Floor 1,workspace,80,2026-07-25 21:15:00,5,6.2
ZN-01,Open Office - Floor 1,workspace,80,2026-07-25 21:30:00,9,11.2
ZN-01,Open Office - Floor 1,workspace,80,2026-07-25 21:45:00,0,0.0
ZN-01,Open Office - Floor 1,workspace,80,2026-07-25 22:00:00,0,0.0
ZN-01,Open Office - Floor 1,workspace,80,2026-07-25 22:15:00,6,7.5
ZN-01,Open Office - Floor 1,workspace,80,2026-07-25 22:30:00,6,7.5
ZN-01,Open Office - Floor 1,workspace,80,2026-07-25 22:45:00,0,0.0
ZN-01,Open Office - Floor 1,workspace,80,2026-07-25 23:00:00,1,1.2
ZN-01,Open Office - Floor 1,workspace,80,2026-07-25 23:15:00,2,2.5
ZN-01,Open Office - Floor 1,workspace,80,2026-07-25 23:30:00,3,3.8
ZN-01,Open Office - Floor 1,workspace,80,2026-07-25 23:45:00,0,0.0
ZN-01,Open Office - Floor 1,workspace,80,2026-07-26 00:00:00,0,0.0
ZN-01,Open Office - Floor 1,workspace,80,2026-07-26 00:15:00,0,0.0
ZN-01,Open Office - Floor 1,workspace,80,2026-07-26 00:30:00,1,1.2
ZN-01,Open Office - Floor 1,workspace,80,2026-07-26 00:45:00,9,11.2
ZN-01,Open Office - Floor 1,workspace,80,2026-07-26 01:00:00,0,0.0
ZN-01,Open Office - Floor 1,workspace,80,2026-07-26 01:15:00,7,8.8
ZN-01,Open Office - Floor 1,workspace,80,2026-07-26 01:30:00,12,15.0
ZN-01,Open Office - Floor 1,workspace,80,2026-07-26 01:45:00,3,3.8
ZN-01,Open Office - Floor 1,workspace,80,2026-07-26 02:00:00,14,17.5
ZN-01,Open Office - Floor 1,workspace,80,2026-07-26 02:15:00,2,2.5
ZN-01,Open Office - Floor 1,workspace,80,2026-07-26 02:30:00,11,13.8
ZN-01,Open Office - Floor 1,workspace,80,2026-07-26 02:45:00,2,2.5
ZN-01,Open Office - Floor 1,workspace,80,2026-07-26 03:00:00,0,0.0
ZN-01,Open Office - Floor 1,workspace,80,2026-07-26 03:15:00,4,5.0
ZN-01,Open Office - Floor 1,workspace,80,2026-07-26 03:30:00,12,15.0
ZN-01,Open Office - Floor 1,workspace,80,2026-07-26 03:45:00,0,0.0
ZN-01,Open Office - Floor 1,workspace,80,2026-07-26 04:00:00,5,6.2
ZN-01,Open Office - Floor 1,workspace,80,2026-07-26 04:15:00,0,0.0
ZN-01,Open Office - Floor 1,workspace,80,2026-07-26 04:30:00,0,0.0
ZN-01,Open Office - Floor 1,workspace,80,2026-07-26 04:45:00,5,6.2
ZN-01,Open Office - Floor 1,workspace,80,2026-07-26 05:00:00,2,2.5
ZN-01,Open Office - Floor 1,workspace,80,2026-07-26 05:15:00,5,6.2
ZN-01,Open Office - Floor 1,workspace,80,2026-07-26 05:30:00,9,11.2
ZN-01,Open Office - Floor 1,workspace,80,2026-07-26 05:45:00,0,0.0
ZN-01,Open Office - Floor 1,workspace,80,2026-07-26 06:00:00,0,0.0
ZN-01,Open Office - Floor 1,workspace,80,2026-07-26 06:15:00,3,3.8
ZN-01,Open Office - Floor 1,workspace,80,2026-07-26 06:30:00,14,17.5
ZN-01,Open Office - Floor 1,workspace,80,2026-07-26 06:45:00,1,1.2
ZN-01,Open Office - Floor 1,workspace,80,2026-07-26 07:00:00,0,0.0
ZN-01,Open Office - Floor 1,workspace,80,2026-07-26 07:15:00,5,6.2
ZN-01,Open Office - Floor 1,workspace,80,2026-07-26 07:30:00,13,16.2
ZN-01,Open Office - Floor 1,workspace,80,2026-07-26 07:45:00,0,0.0
ZN-01,Open Office - Floor 1,workspace,80,2026-07-26 08:00:00,1,1.2
ZN-01,Open Office - Floor 1,workspace,80,2026-07-26 08:15:00,3,3.8
ZN-01,Open Office - Floor 1,workspace,80,2026-07-26 08:30:00,6,7.5
ZN-01,Open Office - Floor 1,workspace,80,2026-07-26 08:45:00,13,16.2
ZN-01,Open Office - Floor 1,workspace,80,2026-07-26 09:00:00,0,0.0
ZN-01,Open Office - Floor 1,workspace,80,2026-07-26 09:15:00,0,0.0
ZN-01,Open Office - Floor 1,workspace,80,2026-07-26 09:30:00,3,3.8
ZN-01,Open Office - Floor 1,workspace,80,2026-07-26 09:45:00,5,6.2
ZN-01,Open Office - Floor 1,workspace,80,2026-07-26 10:00:00,0,0.0
ZN-01,Open Office - Floor 1,workspace,80,2026-07-26 10:15:00,0,0.0
ZN-01,Open Office - Floor 1,workspace,80,2026-07-26 10:30:00,7,8.8
ZN-01,Open Office - Floor 1,workspace,80,2026-07-26 10:45:00,0,0.0
ZN-01,Open Office - Floor 1,workspace,80,2026-07-26 11:00:00,5,6.2
ZN-01,Open Office - Floor 1,workspace,80,2026-07-26 11:15:00,4,5.0
ZN-01,Open Office - Floor 1,workspace,80,2026-07-26 11:30:00,6,7.5
ZN-01,Open Office - Floor 1,workspace,80,2026-07-26 11:45:00,5,6.2
ZN-01,Open Office - Floor 1,workspace,80,2026-07-26 12:00:00,4,5.0
ZN-01,Open Office - Floor 1,workspace,80,2026-07-26 12:15:00,9,11.2
ZN-01,Open Office - Floor 1,workspace,80,2026-07-26 12:30:00,0,0.0
ZN-01,Open Office - Floor 1,workspace,80,2026-07-26 12:45:00,3,3.8
ZN-01,Open Office - Floor 1,workspace,80,2026-07-26 13:00:00,8,10.0
ZN-01,Open Office - Floor 1,workspace,80,2026-07-26 13:15:00,0,0.0
ZN-01,Open Office - Floor 1,workspace,80,2026-07-26 13:30:00,1,1.2
ZN-01,Open Office - Floor 1,workspace,80,2026-07-26 13:45:00,0,0.0
ZN-01,Open Office - Floor 1,workspace,80,2026-07-26 14:00:00,0,0.0
ZN-01,Open Office - Floor 1,workspace,80,2026-07-26 14:15:00,13,16.2
ZN-01,Open Office - Floor 1,workspace,80,2026-07-26 14:30:00,5,6.2
ZN-01,Open Office - Floor 1,workspace,80,2026-07-26 14:45:00,12,15.0
ZN-01,Open Office - Floor 1,workspace,80,2026-07-26 15:00:00,6,7.5
ZN-01,Open Office - Floor 1,workspace,80,2026-07-26 15:15:00,3,3.8
ZN-01,Open Office - Floor 1,workspace,80,2026-07-26 15:30:00,2,2.5
ZN-01,Open Office - Floor 1,workspace,80,2026-07-26 15:45:00,4,5.0
ZN-01,Open Office - Floor 1,workspace,80,2026-07-26 16:00:00,3,3.8
ZN-01,Open Office - Floor 1,workspace,80,2026-07-26 16:15:00,7,8.8
ZN-01,Open Office - Floor 1,workspace,80,2026-07-26 16:30:00,0,0.0
ZN-01,Open Office - Floor 1,workspace,80,2026-07-26 16:45:00,4,5.0
ZN-01,Open Office - Floor 1,workspace,80,2026-07-26 17:00:00,5,6.2
ZN-01,Open Office - Floor 1,workspace,80,2026-07-26 17:15:00,2,2.5
ZN-01,Open Office - Floor 1,workspace,80,2026-07-26 17:30:00,2,2.5
ZN-01,Open Office - Floor 1,workspace,80,2026-07-26 17:45:00,6,7.5
ZN-01,Open Office - Floor 1,workspace,80,2026-07-26 18:00:00,6,7.5
ZN-01,Open Office - Floor 1,workspace,80,2026-07-26 18:15:00,2,2.5
ZN-01,Open Office - Floor 1,workspace,80,2026-07-26 18:30:00,3,3.8
ZN-01,Open Office - Floor 1,workspace,80,2026-07-26 18:45:00,0,0.0
ZN-01,Open Office - Floor 1,workspace,80,2026-07-26 19:00:00,6,7.5
ZN-01,Open Office - Floor 1,workspace,80,2026-07-26 19:15:00,2,2.5
ZN-01,Open Office - Floor 1,workspace,80,2026-07-26 19:30:00,0,0.0
ZN-01,Open Office - Floor 1,workspace,80,2026-07-26 19:45:00,1,1.2
ZN-01,Open Office - Floor 1,workspace,80,2026-07-26 20:00:00,6,7.5
ZN-01,Open Office - Floor 1,workspace,80,2026-07-26 20:15:00,4,5.0
ZN-01,Open Office - Floor 1,workspace,80,2026-07-26 20:30:00,0,0.0
ZN-01,Open Office - Floor 1,workspace,80,2026-07-26 20:45:00,6,7.5
ZN-01,Open Office - Floor 1,workspace,80,2026-07-26 21:00:00,6,7.5
ZN-01,Open Office - Floor 1,workspace,80,2026-07-26 21:15:00,6,7.5
ZN-01,Open Office - Floor 1,workspace,80,2026-07-26 21:30:00,10,12.5
ZN-01,Open Office - Floor 1,workspace,80,2026-07-26 21:45:00,1,1.2
ZN-01,Open Office - Floor 1,workspace,80,2026-07-26 22:00:00,6,7.5
ZN-01,Open Office - Floor 1,workspace,80,2026-07-26 22:15:00,2,2.5
ZN-01,Open Office - Floor 1,workspace,80,2026-07-26 22:30:00,7,8.8
ZN-01,Open Office - Floor 1,workspace,80,2026-07-26 22:45:00,8,10.0
ZN-01,Open Office - Floor 1,workspace,80,2026-07-26 23:00:00,5,6.2
ZN-01,Open Office - Floor 1,workspace,80,2026-07-26 23:15:00,6,7.5
ZN-01,Open Office - Floor 1,workspace,80,2026-07-26 23:30:00,0,0.0
ZN-01,Open Office - Floor 1,workspace,80,2026-07-26 23:45:00,6,7.5
ZN-01,Open Office - Floor 1,workspace,80,2026-07-27 00:00:00,0,0.0
ZN-01,Open Office - Floor 1,workspace,80,2026-07-27 00:15:00,11,13.8
ZN-01,Open Office - Floor 1,workspace,80,2026-07-27 00:30:00,6,7.5
ZN-01,Open Office - Floor 1,workspace,80,2026-07-27 00:45:00,0,0.0
ZN-01,Open Office - Floor 1,workspace,80,2026-07-27 01:00:00,0,0.0
ZN-01,Open Office - Floor 1,workspace,80,2026-07-27 01:15:00,6,7.5
ZN-01,Open Office - Floor 1,workspace,80,2026-07-27 01:30:00,0,0.0
ZN-01,Open Office - Floor 1,workspace,80,2026-07-27 01:45:00,3,3.8
ZN-01,Open Office - Floor 1,workspace,80,2026-07-27 02:00:00,0,0.0
ZN-01,Open Office - Floor 1,workspace,80,2026-07-27 02:15:00,0,0.0
ZN-01,Open Office - Floor 1,workspace,80,2026-07-27 02:30:00,0,0.0
ZN-01,Open Office - Floor 1,workspace,80,2026-07-27 02:45:00,3,3.8
ZN-01,Open Office - Floor 1,workspace,80,2026-07-27 03:00:00,0,0.0
ZN-01,Open Office - Floor 1,workspace,80,2026-07-27 03:15:00,7,8.8
ZN-01,Open Office - Floor 1,workspace,80,2026-07-27 03:30:00,0,0.0
ZN-01,Open Office - Floor 1,workspace,80,2026-07-27 03:45:00,6,7.5
ZN-01,Open Office - Floor 1,workspace,80,2026-07-27 04:00:00,0,0.0
ZN-01,Open Office - Floor 1,workspace,80,2026-07-27 04:15:00,3,3.8
ZN-01,Open Office - Floor 1,workspace,80,2026-07-27 04:30:00,0,0.0
ZN-01,Open Office - Floor 1,workspace,80,2026-07-27 04:45:00,0,0.0
ZN-01,Open Office - Floor 1,workspace,80,2026-07-27 05:00:00,5,6.2
ZN-01,Open Office - Floor 1,workspace,80,2026-07-27 05:15:00,0,0.0
ZN-01,Open Office - Floor 1,workspace,80,2026-07-27 05:30:00,3,3.8
ZN-01,Open Office - Floor 1,workspace,80,2026-07-27 05:45:00,30,37.5
ZN-01,Open Office - Floor 1,workspace,80,2026-07-27 06:00:00,63,78.8
ZN-01,Open Office - Floor 1,workspace,80,2026-07-27 06:15:00,74,92.5
ZN-01,Open Office - Floor 1,workspace,80,2026-07-27 06:30:00,72,90.0
ZN-01,Open Office - Floor 1,workspace,80,2026-07-27 06:45:00,74,92.5
ZN-01,Open Office - Floor 1,workspace,80,2026-07-27 07:00:00,80,100.0
ZN-01,Open Office - Floor 1,workspace,80,2026-07-27 07:15:00,76,95.0
ZN-01,Open Office - Floor 1,workspace,80,2026-07-27 07:30:00,80,100.0
ZN-01,Open Office - Floor 1,workspace,80,2026-07-27 07:45:00,78,97.5
ZN-01,Open Office - Floor 1,workspace,80,2026-07-27 08:00:00,79,98.8
ZN-01,Open Office - Floor 1,workspace,80,2026-07-27 08:15:00,74,92.5
ZN-01,Open Office - Floor 1,workspace,80,2026-07-27 08:30:00,62,77.5
ZN-01,Open Office - Floor 1,workspace,80,2026-07-27 08:45:00,69,86.2
ZN-01,Open Office - Floor 1,workspace,80,2026-07-27 09:00:00,70,87.5
ZN-01,Open Office - Floor 1,workspace,80,2026-07-27 09:15:00,78,97.5
ZN-01,Open Office - Floor 1,workspace,80,2026-07-27 09:30:00,73,91.2
ZN-01,Open Office - Floor 1,workspace,80,2026-07-27 09:45:00,60,75.0
ZN-01,Open Office - Floor 1,workspace,80,2026-07-27 10:00:00,62,77.5
ZN-01,Open Office - Floor 1,workspace,80,2026-07-27 10:15:00,43,53.8
ZN-01,Open Office - Floor 1,workspace,80,2026-07-27 10:30:00,25,31.2
ZN-01,Open Office - Floor 1,workspace,80,2026-07-27 10:45:00,27,33.8
ZN-01,Open Office - Floor 1,workspace,80,2026-07-27 11:00:00,74,92.5
ZN-01,Open Office - Floor 1,workspace,80,2026-07-27 11:15:00,66,82.5
ZN-01,Open Office - Floor 1,workspace,80,2026-07-27 11:30:00,73,91.2
ZN-01,Open Office - Floor 1,workspace,80,2026-07-27 11:45:00,70,87.5
ZN-01,Open Office - Floor 1,workspace,80,2026-07-27 12:00:00,47,58.8
ZN-01,Open Office - Floor 1,workspace,80,2026-07-27 12:15:00,43,53.8
ZN-01,Open Office - Floor 1,workspace,80,2026-07-27 12:30:00,49,61.2
ZN-01,Open Office - Floor 1,workspace,80,2026-07-27 12:45:00,47,58.8
ZN-01,Open Office - Floor 1,workspace,80,2026-07-27 13:00:00,45,56.2
ZN-01,Open Office - Floor 1,workspace,80,2026-07-27 13:15:00,47,58.8
ZN-01,Open Office - Floor 1,workspace,80,2026-07-27 13:30:00,49,61.2
ZN-01,Open Office - Floor 1,workspace,80,2026-07-27 13:45:00,80,100.0
ZN-01,Open Office - Floor 1,workspace,80,2026-07-27 14:00:00,68,85.0
ZN-01,Open Office - Floor 1,workspace,80,2026-07-27 14:15:00,80,100.0
ZN-01,Open Office - Floor 1,workspace,80,2026-07-27 14:30:00,68,85.0
ZN-01,Open Office - Floor 1,workspace,80,2026-07-27 14:45:00,73,91.2
ZN-01,Open Office - Floor 1,workspace,80,2026-07-27 15:00:00,60,75.0
ZN-01,Open Office - Floor 1,workspace,80,2026-07-27 15:15:00,42,52.5
ZN-01,Open Office - Floor 1,workspace,80,2026-07-27 15:30:00,30,37.5
ZN-01,Open Office - Floor 1,workspace,80,2026-07-27 15:45:00,29,36.2
ZN-01,Open Office - Floor 1,workspace,80,2026-07-27 16:00:00,26,32.5
ZN-01,Open Office - Floor 1,workspace,80,2026-07-27 16:15:00,14,17.5
ZN-01,Open Office - Floor 1,workspace,80,2026-07-27 16:30:00,11,13.8
ZN-01,Open Office - Floor 1,workspace,80,2026-07-27 16:45:00,2,2.5
ZN-01,Open Office - Floor 1,workspace,80,2026-07-27 17:00:00,0,0.0
ZN-01,Open Office - Floor 1,workspace,80,2026-07-27 17:15:00,0,0.0
ZN-01,Open Office - Floor 1,workspace,80,2026-07-27 17:30:00,2,2.5
ZN-01,Open Office - Floor 1,workspace,80,2026-07-27 17:45:00,16,20.0
ZN-01,Open Office - Floor 1,workspace,80,2026-07-27 18:00:00,0,0.0
ZN-01,Open Office - Floor 1,workspace,80,2026-07-27 18:15:00,0,0.0
ZN-01,Open Office - Floor 1,workspace,80,2026-07-27 18:30:00,3,3.8
ZN-01,Open Office - Floor 1,workspace,80,2026-07-27 18:45:00,2,2.5
ZN-01,Open Office - Floor 1,workspace,80,2026-07-27 19:00:00,0,0.0
ZN-01,Open Office - Floor 1,workspace,80,2026-07-27 19:15:00,5,6.2
ZN-01,Open Office - Floor 1,workspace,80,2026-07-27 19:30:00,0,0.0
ZN-01,Open Office - Floor 1,workspace,80,2026-07-27 19:45:00,0,0.0
ZN-01,Open Office - Floor 1,workspace,80,2026-07-27 20:00:00,6,7.5
ZN-01,Open Office - Floor 1,workspace,80,2026-07-27 20:15:00,0,0.0
ZN-01,Open Office - Floor 1,workspace,80,2026-07-27 20:30:00,0,0.0
ZN-01,Open Office - Floor 1,workspace,80,2026-07-27 20:45:00,8,10.0
ZN-01,Open Office - Floor 1,workspace,80,2026-07-27 21:00:00,0,0.0
ZN-01,Open Office - Floor 1,workspace,80,2026-07-27 21:15:00,0,0.0
ZN-01,Open Office - Floor 1,workspace,80,2026-07-27 21:30:00,0,0.0
ZN-01,Open Office - Floor 1,workspace,80,2026-07-27 21:45:00,4,5.0
ZN-01,Open Office - Floor 1,workspace,80,2026-07-27 22:00:00,0,0.0
ZN-01,Open Office - Floor 1,workspace,80,2026-07-27 22:15:00,0,0.0
ZN-01,Open Office - Floor 1,workspace,80,2026-07-27 22:30:00,0,0.0
ZN-01,Open Office - Floor 1,workspace,80,2026-07-27 22:45:00,0,0.0
ZN-01,Open Office - Floor 1,workspace,80,2026-07-27 23:00:00,6,7.5
ZN-01,Open Office - Floor 1,workspace,80,2026-07-27 23:15:00,0,0.0
ZN-01,Open Office - Floor 1,workspace,80,2026-07-27 23:30:00,0,0.0
ZN-01,Open Office - Floor 1,workspace,80,2026-07-27 23:45:00,2,2.5
ZN-01,Open Office - Floor 1,workspace,80,2026-07-28 00:00:00,0,0.0
ZN-01,Open Office - Floor 1,workspace,80,2026-07-28 00:15:00,0,0.0
ZN-01,Open Office - Floor 1,workspace,80,2026-07-28 00:30:00,6,7.5
ZN-01,Open Office - Floor 1,workspace,80,2026-07-28 00:45:00,4,5.0
ZN-01,Open Office - Floor 1,workspace,80,2026-07-28 01:00:00,0,0.0
ZN-01,Open Office - Floor 1,workspace,80,2026-07-28 01:15:00,3,3.8
ZN-01,Open Office - Floor 1,workspace,80,2026-07-28 01:30:00,7,8.8
ZN-01,Open Office - Floor 1,workspace,80,2026-07-28 01:45:00,2,2.5
ZN-01,Open Office - Floor 1,workspace,80,2026-07-28 02:00:00,2,2.5
ZN-01,Open Office - Floor 1,workspace,80,2026-07-28 02:15:00,0,0.0
ZN-01,Open Office - Floor 1,workspace,80,2026-07-28 02:30:00,0,0.0
ZN-01,Open Office - Floor 1,workspace,80,2026-07-28 02:45:00,0,0.0
ZN-01,Open Office - Floor 1,workspace,80,2026-07-28 03:00:00,5,6.2
ZN-01,Open Office - Floor 1,workspace,80,2026-07-28 03:15:00,0,0.0
ZN-01,Open Office - Floor 1,workspace,80,2026-07-28 03:30:00,6,7.5
ZN-01,Open Office - Floor 1,workspace,80,2026-07-28 03:45:00,0,0.0
ZN-01,Open Office - Floor 1,workspace,80,2026-07-28 04:00:00,4,5.0
ZN-01,Open Office - Floor 1,workspace,80,2026-07-28 04:15:00,0,0.0
ZN-01,Open Office - Floor 1,workspace,80,2026-07-28 04:30:00,0,0.0
ZN-01,Open Office - Floor 1,workspace,80,2026-07-28 04:45:00,3,3.8
ZN-01,Open Office - Floor 1,workspace,80,2026-07-28 05:00:00,2,2.5
ZN-01,Open Office - Floor 1,workspace,80,2026-07-28 05:15:00,0,0.0
ZN-01,Open Office - Floor 1,workspace,80,2026-07-28 05:30:00,0,0.0
ZN-01,Open Office - Floor 1,workspace,80,2026-07-28 05:45:00,38,47.5
ZN-01,Open Office - Floor 1,workspace,80,2026-07-28 06:00:00,70,87.5
ZN-01,Open Office - Floor 1,workspace,80,2026-07-28 06:15:00,79,98.8
ZN-01,Open Office - Floor 1,workspace,80,2026-07-28 06:30:00,80,100.0
ZN-01,Open Office - Floor 1,workspace,80,2026-07-28 06:45:00,78,97.5
ZN-01,Open Office - Floor 1,workspace,80,2026-07-28 07:00:00,80,100.0
ZN-01,Open Office - Floor 1,workspace,80,2026-07-28 07:15:00,80,100.0
ZN-01,Open Office - Floor 1,workspace,80,2026-07-28 07:30:00,76,95.0
ZN-01,Open Office - Floor 1,workspace,80,2026-07-28 07:45:00,77,96.2
ZN-01,Open Office - Floor 1,workspace,80,2026-07-28 08:00:00,69,86.2
ZN-01,Open Office - Floor 1,workspace,80,2026-07-28 08:15:00,80,100.0
ZN-01,Open Office - Floor 1,workspace,80,2026-07-28 08:30:00,71,88.8
ZN-01,Open Office - Floor 1,workspace,80,2026-07-28 08:45:00,67,83.8
ZN-01,Open Office - Floor 1,workspace,80,2026-07-28 09:00:00,69,86.2
ZN-01,Open Office - Floor 1,workspace,80,2026-07-28 09:15:00,65,81.2
ZN-01,Open Office - Floor 1,workspace,80,2026-07-28 09:30:00,60,75.0
ZN-01,Open Office - Floor 1,workspace,80,2026-07-28 09:45:00,50,62.5
ZN-01,Open Office - Floor 1,workspace,80,2026-07-28 10:00:00,56,70.0
ZN-01,Open Office - Floor 1,workspace,80,2026-07-28 10:15:00,39,48.8
ZN-01,Open Office - Floor 1,workspace,80,2026-07-28 10:30:00,23,28.8
ZN-01,Open Office - Floor 1,workspace,80,2026-07-28 10:45:00,22,27.5
ZN-01,Open Office - Floor 1,workspace,80,2026-07-28 11:00:00,70,87.5
ZN-01,Open Office - Floor 1,workspace,80,2026-07-28 11:15:00,73,91.2
ZN-01,Open Office - Floor 1,workspace,80,2026-07-28 11:30:00,62,77.5
ZN-01,Open Office - Floor 1,workspace,80,2026-07-28 11:45:00,64,80.0
ZN-01,Open Office - Floor 1,workspace,80,2026-07-28 12:00:00,49,61.2
ZN-01,Open Office - Floor 1,workspace,80,2026-07-28 12:15:00,55,68.8
ZN-01,Open Office - Floor 1,workspace,80,2026-07-28 12:30:00,41,51.2
ZN-01,Open Office - Floor 1,workspace,80,2026-07-28 12:45:00,37,46.2
ZN-01,Open Office - Floor 1,workspace,80,2026-07-28 13:00:00,44,55.0
ZN-01,Open Office - Floor 1,workspace,80,2026-07-28 13:15:00,47,58.8
ZN-01,Open Office - Floor 1,workspace,80,2026-07-28 13:30:00,54,67.5
ZN-01,Open Office - Floor 1,workspace,80,2026-07-28 13:45:00,72,90.0
ZN-01,Open Office - Floor 1,workspace,80,2026-07-28 14:00:00,78,97.5
ZN-01,Open Office - Floor 1,workspace,80,2026-07-28 14:15:00,78,97.5
ZN-01,Open Office - Floor 1,workspace,80,2026-07-28 14:30:00,71,88.8
ZN-01,Open Office - Floor 1,workspace,80,2026-07-28 14:45:00,67,83.8
ZN-01,Open Office - Floor 1,workspace,80,2026-07-28 15:00:00,64,80.0
ZN-01,Open Office - Floor 1,workspace,80,2026-07-28 15:15:00,41,51.2
ZN-01,Open Office - Floor 1,workspace,80,2026-07-28 15:30:00,25,31.2
ZN-01,Open Office - Floor 1,workspace,80,2026-07-28 15:45:00,37,46.2
ZN-01,Open Office - Floor 1,workspace,80,2026-07-28 16:00:00,30,37.5
ZN-01,Open Office - Floor 1,workspace,80,2026-07-28 16:15:00,12,15.0
ZN-01,Open Office - Floor 1,workspace,80,2026-07-28 16:30:00,3,3.8
ZN-01,Open Office - Floor 1,workspace,80,2026-07-28 16:45:00,2,2.5
ZN-01,Open Office - Floor 1,workspace,80,2026-07-28 17:00:00,3,3.8
ZN-01,Open Office - Floor 1,workspace,80,2026-07-28 17:15:00,4,5.0
ZN-01,Open Office - Floor 1,workspace,80,2026-07-28 17:30:00,0,0.0
ZN-01,Open Office - Floor 1,workspace,80,2026-07-28 17:45:00,0,0.0
ZN-01,Open Office - Floor 1,workspace,80,2026-07-28 18:00:00,0,0.0
ZN-01,Open Office - Floor 1,workspace,80,2026-07-28 18:15:00,0,0.0
ZN-01,Open Office - Floor 1,workspace,80,2026-07-28 18:30:00,0,0.0
ZN-01,Open Office - Floor 1,workspace,80,2026-07-28 18:45:00,3,3.8
ZN-01,Open Office - Floor 1,workspace,80,2026-07-28 19:00:00,0,0.0
ZN-01,Open Office - Floor 1,workspace,80,2026-07-28 19:15:00,4,5.0
ZN-01,Open Office - Floor 1,workspace,80,2026-07-28 19:30:00,0,0.0
ZN-01,Open Office - Floor 1,workspace,80,2026-07-28 19:45:00,0,0.0
ZN-01,Open Office - Floor 1,workspace,80,2026-07-28 20:00:00,0,0.0
ZN-01,Open Office - Floor 1,workspace,80,2026-07-28 20:15:00,11,13.8
ZN-01,Open Office - Floor 1,workspace,80,2026-07-28 20:30:00,7,8.8
ZN-01,Open Office - Floor 1,workspace,80,2026-07-28 20:45:00,0,0.0
ZN-01,Open Office - Floor 1,workspace,80,2026-07-28 21:00:00,5,6.2
ZN-01,Open Office - Floor 1,workspace,80,2026-07-28 21:15:00,9,11.2
ZN-01,Open Office - Floor 1,workspace,80,2026-07-28 21:30:00,0,0.0
ZN-01,Open Office - Floor 1,workspace,80,2026-07-28 21:45:00,0,0.0
ZN-01,Open Office - Floor 1,workspace,80,2026-07-28 22:00:00,4,5.0
ZN-01,Open Office - Floor 1,workspace,80,2026-07-28 22:15:00,2,2.5
ZN-01,Open Office - Floor 1,workspace,80,2026-07-28 22:30:00,0,0.0
ZN-01,Open Office - Floor 1,workspace,80,2026-07-28 22:45:00,8,10.0
ZN-01,Open Office - Floor 1,workspace,80,2026-07-28 23:00:00,2,2.5
ZN-01,Open Office - Floor 1,workspace,80,2026-07-28 23:15:00,4,5.0
ZN-01,Open Office - Floor 1,workspace,80,2026-07-28 23:30:00,12,15.0
ZN-01,Open Office - Floor 1,workspace,80,2026-07-28 23:45:00,2,2.5
ZN-01,Open Office - Floor 1,workspace,80,2026-07-29 00:00:00,13,16.2
ZN-01,Open Office - Floor 1,workspace,80,2026-07-29 00:15:00,1,1.2
ZN-01,Open Office - Floor 1,workspace,80,2026-07-29 00:30:00,0,0.0
ZN-01,Open Office - Floor 1,workspace,80,2026-07-29 00:45:00,1,1.2
ZN-01,Open Office - Floor 1,workspace,80,2026-07-29 01:00:00,4,5.0
ZN-01,Open Office - Floor 1,workspace,80,2026-07-29 01:15:00,3,3.8
ZN-01,Open Office - Floor 1,workspace,80,2026-07-29 01:30:00,2,2.5
ZN-01,Open Office - Floor 1,workspace,80,2026-07-29 01:45:00,0,0.0
ZN-01,Open Office - Floor 1,workspace,80,2026-07-29 02:00:00,0,0.0
ZN-01,Open Office - Floor 1,workspace,80,2026-07-29 02:15:00,0,0.0
ZN-01,Open Office - Floor 1,workspace,80,2026-07-29 02:30:00,4,5.0
ZN-01,Open Office - Floor 1,workspace,80,2026-07-29 02:45:00,7,8.8
ZN-01,Open Office - Floor 1,workspace,80,2026-07-29 03:00:00,0,0.0
ZN-01,Open Office - Floor 1,workspace,80,2026-07-29 03:15:00,0,0.0
ZN-01,Open Office - Floor 1,workspace,80,2026-07-29 03:30:00,0,0.0
ZN-01,Open Office - Floor 1,workspace,80,2026-07-29 03:45:00,0,0.0
ZN-01,Open Office - Floor 1,workspace,80,2026-07-29 04:00:00,1,1.2
ZN-01,Open Office - Floor 1,workspace,80,2026-07-29 04:15:00,0,0.0
ZN-01,Open Office - Floor 1,workspace,80,2026-07-29 04:30:00,0,0.0
ZN-01,Open Office - Floor 1,workspace,80,2026-07-29 04:45:00,5,6.2
ZN-01,Open Office - Floor 1,workspace,80,2026-07-29 05:00:00,4,5.0
ZN-01,Open Office - Floor 1,workspace,80,2026-07-29 05:15:00,0,0.0
ZN-01,Open Office - Floor 1,workspace,80,2026-07-29 05:30:00,4,5.0
ZN-01,Open Office - Floor 1,workspace,80,2026-07-29 05:45:00,28,35.0
ZN-01,Open Office - Floor 1,workspace,80,2026-07-29 06:00:00,60,75.0
ZN-01,Open Office - Floor 1,workspace,80,2026-07-29 06:15:00,76,95.0
ZN-01,Open Office - Floor 1,workspace,80,2026-07-29 06:30:00,76,95.0
ZN-01,Open Office - Floor 1,workspace,80,2026-07-29 06:45:00,74,92.5
ZN-01,Open Office - Floor 1,workspace,80,2026-07-29 07:00:00,77,96.2
ZN-01,Open Office - Floor 1,workspace,80,2026-07-29 07:15:00,80,100.0
ZN-01,Open Office - Floor 1,workspace,80,2026-07-29 07:30:00,80,100.0
ZN-01,Open Office - Floor 1,workspace,80,2026-07-29 07:45:00,76,95.0
ZN-01,Open Office - Floor 1,workspace,80,2026-07-29 08:00:00,72,90.0
ZN-01,Open Office - Floor 1,workspace,80,2026-07-29 08:15:00,76,95.0
ZN-01,Open Office - Floor 1,workspace,80,2026-07-29 08:30:00,74,92.5
ZN-01,Open Office - Floor 1,workspace,80,2026-07-29 08:45:00,66,82.5
ZN-01,Open Office - Floor 1,workspace,80,2026-07-29 09:00:00,71,88.8
ZN-01,Open Office - Floor 1,workspace,80,2026-07-29 09:15:00,68,85.0
ZN-01,Open Office - Floor 1,workspace,80,2026-07-29 09:30:00,72,90.0
ZN-01,Open Office - Floor 1,workspace,80,2026-07-29 09:45:00,62,77.5
ZN-01,Open Office - Floor 1,workspace,80,2026-07-29 10:00:00,50,62.5
ZN-01,Open Office - Floor 1,workspace,80,2026-07-29 10:15:00,50,62.5
ZN-01,Open Office - Floor 1,workspace,80,2026-07-29 10:30:00,23,28.8
ZN-01,Open Office - Floor 1,workspace,80,2026-07-29 10:45:00,17,21.2
ZN-01,Open Office - Floor 1,workspace,80,2026-07-29 11:00:00,74,92.5
ZN-01,Open Office - Floor 1,workspace,80,2026-07-29 11:15:00,65,81.2
ZN-01,Open Office - Floor 1,workspace,80,2026-07-29 11:30:00,70,87.5
ZN-01,Open Office - Floor 1,workspace,80,2026-07-29 11:45:00,70,87.5
ZN-01,Open Office - Floor 1,workspace,80,2026-07-29 12:00:00,44,55.0
ZN-01,Open Office - Floor 1,workspace,80,2026-07-29 12:15:00,41,51.2
ZN-01,Open Office - Floor 1,workspace,80,2026-07-29 12:30:00,37,46.2
ZN-01,Open Office - Floor 1,workspace,80,2026-07-29 12:45:00,42,52.5
ZN-01,Open Office - Floor 1,workspace,80,2026-07-29 13:00:00,46,57.5
ZN-01,Open Office - Floor 1,workspace,80,2026-07-29 13:15:00,49,61.2
ZN-01,Open Office - Floor 1,workspace,80,2026-07-29 13:30:00,53,66.2
ZN-01,Open Office - Floor 1,workspace,80,2026-07-29 13:45:00,77,96.2
ZN-01,Open Office - Floor 1,workspace,80,2026-07-29 14:00:00,68,85.0
ZN-01,Open Office - Floor 1,workspace,80,2026-07-29 14:15:00,80,100.0
ZN-01,Open Office - Floor 1,workspace,80,2026-07-29 14:30:00,75,93.8
ZN-01,Open Office - Floor 1,workspace,80,2026-07-29 14:45:00,67,83.8
ZN-01,Open Office - Floor 1,workspace,80,2026-07-29 15:00:00,60,75.0
ZN-01,Open Office - Floor 1,workspace,80,2026-07-29 15:15:00,31,38.8
ZN-01,Open Office - Floor 1,workspace,80,2026-07-29 15:30:00,30,37.5
ZN-01,Open Office - Floor 1,workspace,80,2026-07-29 15:45:00,24,30.0
ZN-01,Open Office - Floor 1,workspace,80,2026-07-29 16:00:00,34,42.5
ZN-01,Open Office - Floor 1,workspace,80,2026-07-29 16:15:00,8,10.0
ZN-01,Open Office - Floor 1,workspace,80,2026-07-29 16:30:00,0,0.0
ZN-01,Open Office - Floor 1,workspace,80,2026-07-29 16:45:00,0,0.0
ZN-01,Open Office - Floor 1,workspace,80,2026-07-29 17:00:00,0,0.0
ZN-01,Open Office - Floor 1,workspace,80,2026-07-29 17:15:00,0,0.0
ZN-01,Open Office - Floor 1,workspace,80,2026-07-29 17:30:00,0,0.0
ZN-01,Open Office - Floor 1,workspace,80,2026-07-29 17:45:00,0,0.0
ZN-01,Open Office - Floor 1,workspace,80,2026-07-29 18:00:00,0,0.0
ZN-01,Open Office - Floor 1,workspace,80,2026-07-29 18:15:00,0,0.0
ZN-01,Open Office - Floor 1,workspace,80,2026-07-29 18:30:00,6,7.5
ZN-01,Open Office - Floor 1,workspace,80,2026-07-29 18:45:00,0,0.0
ZN-01,Open Office - Floor 1,workspace,80,2026-07-29 19:00:00,0,0.0
ZN-01,Open Office - Floor 1,workspace,80,2026-07-29 19:15:00,2,2.5
ZN-01,Open Office - Floor 1,workspace,80,2026-07-29 19:30:00,0,0.0
ZN-01,Open Office - Floor 1,workspace,80,2026-07-29 19:45:00,0,0.0
ZN-01,Open Office - Floor 1,workspace,80,2026-07-29 20:00:00,4,5.0
ZN-01,Open Office - Floor 1,workspace,80,2026-07-29 20:15:00,1,1.2
ZN-01,Open Office - Floor 1,workspace,80,2026-07-29 20:30:00,0,0.0
ZN-01,Open Office - Floor 1,workspace,80,2026-07-29 20:45:00,0,0.0
ZN-01,Open Office - Floor 1,workspace,80,2026-07-29 21:00:00,11,13.8
ZN-01,Open Office - Floor 1,workspace,80,2026-07-29 21:15:00,2,2.5
ZN-01,Open Office - Floor 1,workspace,80,2026-07-29 21:30:00,0,0.0
ZN-01,Open Office - Floor 1,workspace,80,2026-07-29 21:45:00,1,1.2
ZN-01,Open Office - Floor 1,workspace,80,2026-07-29 22:00:00,3,3.8
ZN-01,Open Office - Floor 1,workspace,80,2026-07-29 22:15:00,0,0.0
ZN-01,Open Office - Floor 1,workspace,80,2026-07-29 22:30:00,0,0.0
ZN-01,Open Office - Floor 1,workspace,80,2026-07-29 22:45:00,9,11.2
ZN-01,Open Office - Floor 1,workspace,80,2026-07-29 23:00:00,3,3.8
ZN-01,Open Office - Floor 1,workspace,80,2026-07-29 23:15:00,0,0.0
ZN-01,Open Office - Floor 1,workspace,80,2026-07-29 23:30:00,3,3.8
ZN-01,Open Office - Floor 1,workspace,80,2026-07-29 23:45:00,0,0.0
ZN-01,Open Office - Floor 1,workspace,80,2026-07-30 00:00:00,0,0.0
ZN-01,Open Office - Floor 1,workspace,80,2026-07-30 00:15:00,4,5.0
ZN-01,Open Office - Floor 1,workspace,80,2026-07-30 00:30:00,0,0.0
ZN-01,Open Office - Floor 1,workspace,80,2026-07-30 00:45:00,5,6.2
ZN-01,Open Office - Floor 1,workspace,80,2026-07-30 01:00:00,2,2.5
ZN-01,Open Office - Floor 1,workspace,80,2026-07-30 01:15:00,4,5.0
ZN-01,Open Office - Floor 1,workspace,80,2026-07-30 01:30:00,4,5.0
ZN-01,Open Office - Floor 1,workspace,80,2026-07-30 01:45:00,8,10.0
ZN-01,Open Office - Floor 1,workspace,80,2026-07-30 02:00:00,7,8.8
ZN-01,Open Office - Floor 1,workspace,80,2026-07-30 02:15:00,4,5.0
ZN-01,Open Office - Floor 1,workspace,80,2026-07-30 02:30:00,0,0.0
ZN-01,Open Office - Floor 1,workspace,80,2026-07-30 02:45:00,3,3.8
ZN-01,Open Office - Floor 1,workspace,80,2026-07-30 03:00:00,0,0.0
ZN-01,Open Office - Floor 1,workspace,80,2026-07-30 03:15:00,0,0.0
ZN-01,Open Office - Floor 1,workspace,80,2026-07-30 03:30:00,2,2.5
ZN-01,Open Office - Floor 1,workspace,80,2026-07-30 03:45:00,2,2.5
ZN-01,Open Office - Floor 1,workspace,80,2026-07-30 04:00:00,6,7.5
ZN-01,Open Office - Floor 1,workspace,80,2026-07-30 04:15:00,0,0.0
ZN-01,Open Office - Floor 1,workspace,80,2026-07-30 04:30:00,3,3.8
ZN-01,Open Office - Floor 1,workspace,80,2026-07-30 04:45:00,3,3.8
ZN-01,Open Office - Floor 1,workspace,80,2026-07-30 05:00:00,1,1.2
ZN-01,Open Office - Floor 1,workspace,80,2026-07-30 05:15:00,7,8.8
ZN-01,Open Office - Floor 1,workspace,80,2026-07-30 05:30:00,0,0.0
ZN-01,Open Office - Floor 1,workspace,80,2026-07-30 05:45:00,33,41.2
ZN-01,Open Office - Floor 1,workspace,80,2026-07-30 06:00:00,65,81.2
ZN-01,Open Office - Floor 1,workspace,80,2026-07-30 06:15:00,73,91.2
ZN-01,Open Office - Floor 1,workspace,80,2026-07-30 06:30:00,74,92.5
ZN-01,Open Office - Floor 1,workspace,80,2026-07-30 06:45:00,79,98.8
ZN-01,Open Office - Floor 1,workspace,80,2026-07-30 07:00:00,80,100.0
ZN-01,Open Office - Floor 1,workspace,80,2026-07-30 07:15:00,80,100.0
ZN-01,Open Office - Floor 1,workspace,80,2026-07-30 07:30:00,80,100.0
ZN-01,Open Office - Floor 1,workspace,80,2026-07-30 07:45:00,72,90.0
ZN-01,Open Office - Floor 1,workspace,80,2026-07-30 08:00:00,80,100.0
ZN-01,Open Office - Floor 1,workspace,80,2026-07-30 08:15:00,69,86.2
ZN-01,Open Office - Floor 1,workspace,80,2026-07-30 08:30:00,71,88.8
ZN-01,Open Office - Floor 1,workspace,80,2026-07-30 08:45:00,75,93.8
ZN-01,Open Office - Floor 1,workspace,80,2026-07-30 09:00:00,71,88.8
ZN-01,Open Office - Floor 1,workspace,80,2026-07-30 09:15:00,76,95.0
ZN-01,Open Office - Floor 1,workspace,80,2026-07-30 09:30:00,72,90.0
ZN-01,Open Office - Floor 1,workspace,80,2026-07-30 09:45:00,71,88.8
ZN-01,Open Office - Floor 1,workspace,80,2026-07-30 10:00:00,63,78.8
ZN-01,Open Office - Floor 1,workspace,80,2026-07-30 10:15:00,47,58.8
ZN-01,Open Office - Floor 1,workspace,80,2026-07-30 10:30:00,18,22.5
ZN-01,Open Office - Floor 1,workspace,80,2026-07-30 10:45:00,28,35.0
ZN-01,Open Office - Floor 1,workspace,80,2026-07-30 11:00:00,74,92.5
ZN-01,Open Office - Floor 1,workspace,80,2026-07-30 11:15:00,67,83.8
ZN-01,Open Office - Floor 1,workspace,80,2026-07-30 11:30:00,64,80.0
ZN-01,Open Office - Floor 1,workspace,80,2026-07-30 11:45:00,68,85.0
ZN-01,Open Office - Floor 1,workspace,80,2026-07-30 12:00:00,43,53.8
ZN-01,Open Office - Floor 1,workspace,80,2026-07-30 12:15:00,44,55.0
ZN-01,Open Office - Floor 1,workspace,80,2026-07-30 12:30:00,39,48.8
ZN-01,Open Office - Floor 1,workspace,80,2026-07-30 12:45:00,55,68.8
ZN-01,Open Office - Floor 1,workspace,80,2026-07-30 13:00:00,45,56.2
ZN-01,Open Office - Floor 1,workspace,80,2026-07-30 13:15:00,50,62.5
ZN-01,Open Office - Floor 1,workspace,80,2026-07-30 13:30:00,48,60.0
ZN-01,Open Office - Floor 1,workspace,80,2026-07-30 13:45:00,78,97.5
ZN-01,Open Office - Floor 1,workspace,80,2026-07-30 14:00:00,80,100.0
ZN-01,Open Office - Floor 1,workspace,80,2026-07-30 14:15:00,76,95.0
ZN-01,Open Office - Floor 1,workspace,80,2026-07-30 14:30:00,77,96.2
ZN-01,Open Office - Floor 1,workspace,80,2026-07-30 14:45:00,69,86.2
ZN-01,Open Office - Floor 1,workspace,80,2026-07-30 15:00:00,59,73.8
ZN-01,Open Office - Floor 1,workspace,80,2026-07-30 15:15:00,46,57.5
ZN-01,Open Office - Floor 1,workspace,80,2026-07-30 15:30:00,26,32.5
ZN-01,Open Office - Floor 1,workspace,80,2026-07-30 15:45:00,27,33.8
ZN-01,Open Office - Floor 1,workspace,80,2026-07-30 16:00:00,17,21.2
ZN-01,Open Office - Floor 1,workspace,80,2026-07-30 16:15:00,8,10.0
ZN-01,Open Office - Floor 1,workspace,80,2026-07-30 16:30:00,1,1.2
ZN-01,Open Office - Floor 1,workspace,80,2026-07-30 16:45:00,0,0.0
ZN-01,Open Office - Floor 1,workspace,80,2026-07-30 17:00:00,0,0.0
ZN-01,Open Office - Floor 1,workspace,80,2026-07-30 17:15:00,4,5.0
ZN-01,Open Office - Floor 1,workspace,80,2026-07-30 17:30:00,3,3.8
ZN-01,Open Office - Floor 1,workspace,80,2026-07-30 17:45:00,0,0.0
ZN-01,Open Office - Floor 1,workspace,80,2026-07-30 18:00:00,0,0.0
ZN-01,Open Office - Floor 1,workspace,80,2026-07-30 18:15:00,0,0.0
ZN-01,Open Office - Floor 1,workspace,80,2026-07-30 18:30:00,8,10.0
ZN-01,Open Office - Floor 1,workspace,80,2026-07-30 18:45:00,0,0.0
ZN-01,Open Office - Floor 1,workspace,80,2026-07-30 19:00:00,3,3.8
ZN-01,Open Office - Floor 1,workspace,80,2026-07-30 19:15:00,0,0.0
ZN-01,Open Office - Floor 1,workspace,80,2026-07-30 19:30:00,0,0.0
ZN-01,Open Office - Floor 1,workspace,80,2026-07-30 19:45:00,4,5.0
ZN-01,Open Office - Floor 1,workspace,80,2026-07-30 20:00:00,0,0.0
ZN-01,Open Office - Floor 1,workspace,80,2026-07-30 20:15:00,6,7.5
ZN-01,Open Office - Floor 1,workspace,80,2026-07-30 20:30:00,0,0.0
ZN-01,Open Office - Floor 1,workspace,80,2026-07-30 20:45:00,2,2.5
ZN-01,Open Office - Floor 1,workspace,80,2026-07-30 21:00:00,6,7.5
ZN-01,Open Office - Floor 1,workspace,80,2026-07-30 21:15:00,0,0.0
ZN-01,Open Office - Floor 1,workspace,80,2026-07-30 21:30:00,10,12.5
ZN-01,Open Office - Floor 1,workspace,80,2026-07-30 21:45:00,4,5.0
ZN-01,Open Office - Floor 1,workspace,80,2026-07-30 22:00:00,0,0.0
ZN-01,Open Office - Floor 1,workspace,80,2026-07-30 22:15:00,7,8.8
ZN-01,Open Office - Floor 1,workspace,80,2026-07-30 22:30:00,9,11.2
ZN-01,Open Office - Floor 1,workspace,80,2026-07-30 22:45:00,0,0.0
ZN-01,Open Office - Floor 1,workspace,80,2026-07-30 23:00:00,0,0.0
ZN-01,Open Office - Floor 1,workspace,80,2026-07-30 23:15:00,2,2.5
ZN-01,Open Office - Floor 1,workspace,80,2026-07-30 23:30:00,0,0.0
ZN-01,Open Office - Floor 1,workspace,80,2026-07-30 23:45:00,1,1.2
ZN-01,Open Office - Floor 1,workspace,80,2026-07-31 00:00:00,5,6.2
ZN-01,Open Office - Floor 1,workspace,80,2026-07-31 00:15:00,0,0.0
ZN-01,Open Office - Floor 1,workspace,80,2026-07-31 00:30:00,5,6.2
ZN-01,Open Office - Floor 1,workspace,80,2026-07-31 00:45:00,11,13.8
ZN-01,Open Office - Floor 1,workspace,80,2026-07-31 01:00:00,0,0.0
ZN-01,Open Office - Floor 1,workspace,80,2026-07-31 01:15:00,0,0.0
ZN-01,Open Office - Floor 1,workspace,80,2026-07-31 01:30:00,0,0.0
ZN-01,Open Office - Floor 1,workspace,80,2026-07-31 01:45:00,3,3.8
ZN-01,Open Office - Floor 1,workspace,80,2026-07-31 02:00:00,2,2.5
ZN-01,Open Office - Floor 1,workspace,80,2026-07-31 02:15:00,0,0.0
ZN-01,Open Office - Floor 1,workspace,80,2026-07-31 02:30:00,0,0.0
ZN-01,Open Office - Floor 1,workspace,80,2026-07-31 02:45:00,0,0.0
ZN-01,Open Office - Floor 1,workspace,80,2026-07-31 03:00:00,8,10.0
ZN-01,Open Office - Floor 1,workspace,80,2026-07-31 03:15:00,0,0.0
ZN-01,Open Office - Floor 1,workspace,80,2026-07-31 03:30:00,0,0.0
ZN-01,Open Office - Floor 1,workspace,80,2026-07-31 03:45:00,5,6.2
ZN-01,Open Office - Floor 1,workspace,80,2026-07-31 04:00:00,0,0.0
ZN-01,Open Office - Floor 1,workspace,80,2026-07-31 04:15:00,0,0.0
ZN-01,Open Office - Floor 1,workspace,80,2026-07-31 04:30:00,7,8.8
ZN-01,Open Office - Floor 1,workspace,80,2026-07-31 04:45:00,2,2.5
ZN-01,Open Office - Floor 1,workspace,80,2026-07-31 05:00:00,0,0.0
ZN-01,Open Office - Floor 1,workspace,80,2026-07-31 05:15:00,0,0.0
ZN-01,Open Office - Floor 1,workspace,80,2026-07-31 05:30:00,9,11.2
ZN-01,Open Office - Floor 1,workspace,80,2026-07-31 05:45:00,30,37.5
ZN-01,Open Office - Floor 1,workspace,80,2026-07-31 06:00:00,68,85.0
ZN-01,Open Office - Floor 1,workspace,80,2026-07-31 06:15:00,78,97.5
ZN-01,Open Office - Floor 1,workspace,80,2026-07-31 06:30:00,80,100.0
ZN-01,Open Office - Floor 1,workspace,80,2026-07-31 06:45:00,71,88.8
ZN-01,Open Office - Floor 1,workspace,80,2026-07-31 07:00:00,78,97.5
ZN-01,Open Office - Floor 1,workspace,80,2026-07-31 07:15:00,79,98.8
ZN-01,Open Office - Floor 1,workspace,80,2026-07-31 07:30:00,80,100.0
ZN-01,Open Office - Floor 1,workspace,80,2026-07-31 07:45:00,79,98.8
ZN-01,Open Office - Floor 1,workspace,80,2026-07-31 08:00:00,78,97.5
ZN-01,Open Office - Floor 1,workspace,80,2026-07-31 08:15:00,70,87.5
ZN-01,Open Office - Floor 1,workspace,80,2026-07-31 08:30:00,65,81.2
ZN-01,Open Office - Floor 1,workspace,80,2026-07-31 08:45:00,73,91.2
ZN-01,Open Office - Floor 1,workspace,80,2026-07-31 09:00:00,69,86.2
ZN-01,Open Office - Floor 1,workspace,80,2026-07-31 09:15:00,80,100.0
ZN-01,Open Office - Floor 1,workspace,80,2026-07-31 09:30:00,73,91.2
ZN-01,Open Office - Floor 1,workspace,80,2026-07-31 09:45:00,63,78.8
ZN-01,Open Office - Floor 1,workspace,80,2026-07-31 10:00:00,65,81.2
ZN-01,Open Office - Floor 1,workspace,80,2026-07-31 10:15:00,42,52.5
ZN-01,Open Office - Floor 1,workspace,80,2026-07-31 10:30:00,21,26.2
ZN-01,Open Office - Floor 1,workspace,80,2026-07-31 10:45:00,25,31.2
ZN-01,Open Office - Floor 1,workspace,80,2026-07-31 11:00:00,72,90.0
ZN-01,Open Office - Floor 1,workspace,80,2026-07-31 11:15:00,71,88.8
ZN-01,Open Office - Floor 1,workspace,80,2026-07-31 11:30:00,72,90.0
ZN-01,Open Office - Floor 1,workspace,80,2026-07-31 11:45:00,74,92.5
ZN-01,Open Office - Floor 1,workspace,80,2026-07-31 12:00:00,43,53.8
ZN-01,Open Office - Floor 1,workspace,80,2026-07-31 12:15:00,46,57.5
ZN-01,Open Office - Floor 1,workspace,80,2026-07-31 12:30:00,45,56.2
ZN-01,Open Office - Floor 1,workspace,80,2026-07-31 12:45:00,51,63.8
ZN-01,Open Office - Floor 1,workspace,80,2026-07-31 13:00:00,43,53.8
ZN-01,Open Office - Floor 1,workspace,80,2026-07-31 13:15:00,49,61.2
ZN-01,Open Office - Floor 1,workspace,80,2026-07-31 13:30:00,52,65.0
ZN-01,Open Office - Floor 1,workspace,80,2026-07-31 13:45:00,80,100.0
ZN-01,Open Office - Floor 1,workspace,80,2026-07-31 14:00:00,76,95.0
ZN-01,Open Office - Floor 1,workspace,80,2026-07-31 14:15:00,79,98.8
ZN-01,Open Office - Floor 1,workspace,80,2026-07-31 14:30:00,75,93.8
ZN-01,Open Office - Floor 1,workspace,80,2026-07-31 14:45:00,68,85.0
ZN-01,Open Office - Floor 1,workspace,80,2026-07-31 15:00:00,67,83.8
ZN-01,Open Office - Floor 1,workspace,80,2026-07-31 15:15:00,41,51.2
ZN-01,Open Office - Floor 1,workspace,80,2026-07-31 15:30:00,22,27.5
ZN-01,Open Office - Floor 1,workspace,80,2026-07-31 15:45:00,25,31.2
ZN-01,Open Office - Floor 1,workspace,80,2026-07-31 16:00:00,28,35.0
ZN-01,Open Office - Floor 1,workspace,80,2026-07-31 16:15:00,7,8.8
ZN-01,Open Office - Floor 1,workspace,80,2026-07-31 16:30:00,0,0.0
ZN-01,Open Office - Floor 1,workspace,80,2026-07-31 16:45:00,6,7.5
ZN-01,Open Office - Floor 1,workspace,80,2026-07-31 17:00:00,0,0.0
ZN-01,Open Office - Floor 1,workspace,80,2026-07-31 17:15:00,0,0.0
ZN-01,Open Office - Floor 1,workspace,80,2026-07-31 17:30:00,3,3.8
ZN-01,Open Office - Floor 1,workspace,80,2026-07-31 17:45:00,0,0.0
ZN-01,Open Office - Floor 1,workspace,80,2026-07-31 18:00:00,0,0.0
ZN-01,Open Office - Floor 1,workspace,80,2026-07-31 18:15:00,1,1.2
ZN-01,Open Office - Floor 1,workspace,80,2026-07-31 18:30:00,4,5.0
ZN-01,Open Office - Floor 1,workspace,80,2026-07-31 18:45:00,0,0.0
ZN-01,Open Office - Floor 1,workspace,80,2026-07-31 19:00:00,5,6.2
ZN-01,Open Office - Floor 1,workspace,80,2026-07-31 19:15:00,2,2.5
ZN-01,Open Office - Floor 1,workspace,80,2026-07-31 19:30:00,9,11.2
ZN-01,Open Office - Floor 1,workspace,80,2026-07-31 19:45:00,1,1.2
ZN-01,Open Office - Floor 1,workspace,80,2026-07-31 20:00:00,0,0.0
ZN-01,Open Office - Floor 1,workspace,80,2026-07-31 20:15:00,0,0.0
ZN-01,Open Office - Floor 1,workspace,80,2026-07-31 20:30:00,0,0.0
ZN-01,Open Office - Floor 1,workspace,80,2026-07-31 20:45:00,0,0.0
ZN-01,Open Office - Floor 1,workspace,80,2026-07-31 21:00:00,0,0.0
ZN-01,Open Office - Floor 1,workspace,80,2026-07-31 21:15:00,4,5.0
ZN-01,Open Office - Floor 1,workspace,80,2026-07-31 21:30:00,1,1.2
ZN-01,Open Office - Floor 1,workspace,80,2026-07-31 21:45:00,0,0.0
ZN-01,Open Office - Floor 1,workspace,80,2026-07-31 22:00:00,5,6.2
ZN-01,Open Office - Floor 1,workspace,80,2026-07-31 22:15:00,0,0.0
ZN-01,Open Office - Floor 1,workspace,80,2026-07-31 22:30:00,1,1.2
ZN-01,Open Office - Floor 1,workspace,80,2026-07-31 22:45:00,7,8.8
ZN-01,Open Office - Floor 1,workspace,80,2026-07-31 23:00:00,6,7.5
ZN-01,Open Office - Floor 1,workspace,80,2026-07-31 23:15:00,0,0.0
ZN-01,Open Office - Floor 1,workspace,80,2026-07-31 23:30:00,0,0.0
ZN-01,Open Office - Floor 1,workspace,80,2026-07-31 23:45:00,7,8.8
ZN-01,Open Office - Floor 1,workspace,80,2026-08-01 00:00:00,7,8.8
ZN-01,Open Office - Floor 1,workspace,80,2026-08-01 00:15:00,5,6.2
ZN-01,Open Office - Floor 1,workspace,80,2026-08-01 00:30:00,7,8.8
ZN-01,Open Office - Floor 1,workspace,80,2026-08-01 00:45:00,0,0.0
ZN-01,Open Office - Floor 1,workspace,80,2026-08-01 01:00:00,1,1.2
ZN-01,Open Office - Floor 1,workspace,80,2026-08-01 01:15:00,0,0.0
ZN-01,Open Office - Floor 1,workspace,80,2026-08-01 01:30:00,0,0.0
ZN-01,Open Office - Floor 1,workspace,80,2026-08-01 01:45:00,1,1.2
ZN-01,Open Office - Floor 1,workspace,80,2026-08-01 02:00:00,5,6.2
ZN-01,Open Office - Floor 1,workspace,80,2026-08-01 02:15:00,8,10.0
ZN-01,Open Office - Floor 1,workspace,80,2026-08-01 02:30:00,6,7.5
ZN-01,Open Office - Floor 1,workspace,80,2026-08-01 02:45:00,4,5.0
ZN-01,Open Office - Floor 1,workspace,80,2026-08-01 03:00:00,1,1.2
ZN-01,Open Office - Floor 1,workspace,80,2026-08-01 03:15:00,8,10.0
ZN-01,Open Office - Floor 1,workspace,80,2026-08-01 03:30:00,4,5.0
ZN-01,Open Office - Floor 1,workspace,80,2026-08-01 03:45:00,0,0.0
ZN-01,Open Office - Floor 1,workspace,80,2026-08-01 04:00:00,2,2.5
ZN-01,Open Office - Floor 1,workspace,80,2026-08-01 04:15:00,5,6.2
ZN-01,Open Office - Floor 1,workspace,80,2026-08-01 04:30:00,0,0.0
ZN-01,Open Office - Floor 1,workspace,80,2026-08-01 04:45:00,3,3.8
ZN-01,Open Office - Floor 1,workspace,80,2026-08-01 05:00:00,10,12.5
ZN-01,Open Office - Floor 1,workspace,80,2026-08-01 05:15:00,1,1.2
ZN-01,Open Office - Floor 1,workspace,80,2026-08-01 05:30:00,2,2.5
ZN-01,Open Office - Floor 1,workspace,80,2026-08-01 05:45:00,2,2.5
ZN-01,Open Office - Floor 1,workspace,80,2026-08-01 06:00:00,0,0.0
ZN-01,Open Office - Floor 1,workspace,80,2026-08-01 06:15:00,0,0.0
ZN-01,Open Office - Floor 1,workspace,80,2026-08-01 06:30:00,0,0.0
ZN-01,Open Office - Floor 1,workspace,80,2026-08-01 06:45:00,1,1.2
ZN-01,Open Office - Floor 1,workspace,80,2026-08-01 07:00:00,0,0.0
ZN-01,Open Office - Floor 1,workspace,80,2026-08-01 07:15:00,7,8.8
ZN-01,Open Office - Floor 1,workspace,80,2026-08-01 07:30:00,2,2.5
ZN-01,Open Office - Floor 1,workspace,80,2026-08-01 07:45:00,6,7.5
ZN-01,Open Office - Floor 1,workspace,80,2026-08-01 08:00:00,0,0.0
ZN-01,Open Office - Floor 1,workspace,80,2026-08-01 08:15:00,2,2.5
ZN-01,Open Office - Floor 1,workspace,80,2026-08-01 08:30:00,5,6.2
ZN-01,Open Office - Floor 1,workspace,80,2026-08-01 08:45:00,5,6.2
ZN-01,Open Office - Floor 1,workspace,80,2026-08-01 09:00:00,0,0.0
ZN-01,Open Office - Floor 1,workspace,80,2026-08-01 09:15:00,2,2.5
ZN-01,Open Office - Floor 1,workspace,80,2026-08-01 09:30:00,3,3.8
ZN-01,Open Office - Floor 1,workspace,80,2026-08-01 09:45:00,0,0.0
ZN-01,Open Office - Floor 1,workspace,80,2026-08-01 10:00:00,0,0.0
ZN-01,Open Office - Floor 1,workspace,80,2026-08-01 10:15:00,5,6.2
ZN-01,Open Office - Floor 1,workspace,80,2026-08-01 10:30:00,0,0.0
ZN-01,Open Office - Floor 1,workspace,80,2026-08-01 10:45:00,0,0.0
ZN-01,Open Office - Floor 1,workspace,80,2026-08-01 11:00:00,0,0.0
ZN-01,Open Office - Floor 1,workspace,80,2026-08-01 11:15:00,3,3.8
ZN-01,Open Office - Floor 1,workspace,80,2026-08-01 11:30:00,0,0.0
ZN-01,Open Office - Floor 1,workspace,80,2026-08-01 11:45:00,9,11.2
ZN-01,Open Office - Floor 1,workspace,80,2026-08-01 12:00:00,3,3.8
ZN-01,Open Office - Floor 1,workspace,80,2026-08-01 12:15:00,5,6.2
ZN-01,Open Office - Floor 1,workspace,80,2026-08-01 12:30:00,0,0.0
ZN-01,Open Office - Floor 1,workspace,80,2026-08-01 12:45:00,2,2.5
ZN-01,Open Office - Floor 1,workspace,80,2026-08-01 13:00:00,11,13.8
ZN-01,Open Office - Floor 1,workspace,80,2026-08-01 13:15:00,11,13.8
ZN-01,Open Office - Floor 1,workspace,80,2026-08-01 13:30:00,5,6.2
ZN-01,Open Office - Floor 1,workspace,80,2026-08-01 13:45:00,1,1.2
ZN-01,Open Office - Floor 1,workspace,80,2026-08-01 14:00:00,2,2.5
ZN-01,Open Office - Floor 1,workspace,80,2026-08-01 14:15:00,9,11.2
ZN-01,Open Office - Floor 1,workspace,80,2026-08-01 14:30:00,0,0.0
ZN-01,Open Office - Floor 1,workspace,80,2026-08-01 14:45:00,0,0.0
ZN-01,Open Office - Floor 1,workspace,80,2026-08-01 15:00:00,1,1.2
ZN-01,Open Office - Floor 1,workspace,80,2026-08-01 15:15:00,6,7.5
ZN-01,Open Office - Floor 1,workspace,80,2026-08-01 15:30:00,0,0.0
ZN-01,Open Office - Floor 1,workspace,80,2026-08-01 15:45:00,4,5.0
ZN-01,Open Office - Floor 1,workspace,80,2026-08-01 16:00:00,4,5.0
ZN-01,Open Office - Floor 1,workspace,80,2026-08-01 16:15:00,3,3.8
ZN-01,Open Office - Floor 1,workspace,80,2026-08-01 16:30:00,1,1.2
ZN-01,Open Office - Floor 1,workspace,80,2026-08-01 16:45:00,7,8.8
ZN-01,Open Office - Floor 1,workspace,80,2026-08-01 17:00:00,5,6.2
ZN-01,Open Office - Floor 1,workspace,80,2026-08-01 17:15:00,0,0.0
ZN-01,Open Office - Floor 1,workspace,80,2026-08-01 17:30:00,10,12.5
ZN-01,Open Office - Floor 1,workspace,80,2026-08-01 17:45:00,4,5.0
ZN-01,Open Office - Floor 1,workspace,80,2026-08-01 18:00:00,4,5.0
ZN-01,Open Office - Floor 1,workspace,80,2026-08-01 18:15:00,0,0.0
ZN-01,Open Office - Floor 1,workspace,80,2026-08-01 18:30:00,1,1.2
ZN-01,Open Office - Floor 1,workspace,80,2026-08-01 18:45:00,0,0.0
ZN-01,Open Office - Floor 1,workspace,80,2026-08-01 19:00:00,1,1.2
ZN-01,Open Office - Floor 1,workspace,80,2026-08-01 19:15:00,5,6.2
ZN-01,Open Office - Floor 1,workspace,80,2026-08-01 19:30:00,5,6.2
ZN-01,Open Office - Floor 1,workspace,80,2026-08-01 19:45:00,0,0.0
ZN-01,Open Office - Floor 1,workspace,80,2026-08-01 20:00:00,0,0.0
ZN-01,Open Office - Floor 1,workspace,80,2026-08-01 20:15:00,0,0.0
ZN-01,Open Office - Floor 1,workspace,80,2026-08-01 20:30:00,0,0.0
ZN-01,Open Office - Floor 1,workspace,80,2026-08-01 20:45:00,8,10.0
ZN-01,Open Office - Floor 1,workspace,80,2026-08-01 21:00:00,0,0.0
ZN-01,Open Office - Floor 1,workspace,80,2026-08-01 21:15:00,2,2.5
ZN-01,Open Office - Floor 1,workspace,80,2026-08-01 21:30:00,5,6.2
ZN-01,Open Office - Floor 1,workspace,80,2026-08-01 21:45:00,5,6.2
ZN-01,Open Office - Floor 1,workspace,80,2026-08-01 22:00:00,1,1.2
ZN-01,Open Office - Floor 1,workspace,80,2026-08-01 22:15:00,0,0.0
ZN-01,Open Office - Floor 1,workspace,80,2026-08-01 22:30:00,5,6.2
ZN-01,Open Office - Floor 1,workspace,80,2026-08-01 22:45:00,2,2.5
ZN-01,Open Office - Floor 1,workspace,80,2026-08-01 23:00:00,4,5.0
ZN-01,Open Office - Floor 1,workspace,80,2026-08-01 23:15:00,0,0.0
ZN-01,Open Office - Floor 1,workspace,80,2026-08-01 23:30:00,0,0.0
ZN-01,Open Office - Floor 1,workspace,80,2026-08-01 23:45:00,9,11.2
ZN-01,Open Office - Floor 1,workspace,80,2026-08-02 00:00:00,1,1.2
ZN-01,Open Office - Floor 1,workspace,80,2026-08-02 00:15:00,2,2.5
ZN-01,Open Office - Floor 1,workspace,80,2026-08-02 00:30:00,0,0.0
ZN-01,Open Office - Floor 1,workspace,80,2026-08-02 00:45:00,8,10.0
ZN-01,Open Office - Floor 1,workspace,80,2026-08-02 01:00:00,0,0.0
ZN-01,Open Office - Floor 1,workspace,80,2026-08-02 01:15:00,0,0.0
ZN-01,Open Office - Floor 1,workspace,80,2026-08-02 01:30:00,4,5.0
ZN-01,Open Office - Floor 1,workspace,80,2026-08-02 01:45:00,2,2.5
ZN-01,Open Office - Floor 1,workspace,80,2026-08-02 02:00:00,6,7.5
ZN-01,Open Office - Floor 1,workspace,80,2026-08-02 02:15:00,4,5.0
ZN-01,Open Office - Floor 1,workspace,80,2026-08-02 02:30:00,9,11.2
ZN-01,Open Office - Floor 1,workspace,80,2026-08-02 02:45:00,1,1.2
ZN-01,Open Office - Floor 1,workspace,80,2026-08-02 03:00:00,1,1.2
ZN-01,Open Office - Floor 1,workspace,80,2026-08-02 03:15:00,3,3.8
ZN-01,Open Office - Floor 1,workspace,80,2026-08-02 03:30:00,0,0.0
ZN-01,Open Office - Floor 1,workspace,80,2026-08-02 03:45:00,9,11.2
ZN-01,Open Office - Floor 1,workspace,80,2026-08-02 04:00:00,0,0.0
ZN-01,Open Office - Floor 1,workspace,80,2026-08-02 04:15:00,8,10.0
ZN-01,Open Office - Floor 1,workspace,80,2026-08-02 04:30:00,9,11.2
ZN-01,Open Office - Floor 1,workspace,80,2026-08-02 04:45:00,7,8.8
ZN-01,Open Office - Floor 1,workspace,80,2026-08-02 05:00:00,3,3.8
ZN-01,Open Office - Floor 1,workspace,80,2026-08-02 05:15:00,0,0.0
ZN-01,Open Office - Floor 1,workspace,80,2026-08-02 05:30:00,0,0.0
ZN-01,Open Office - Floor 1,workspace,80,2026-08-02 05:45:00,5,6.2
ZN-01,Open Office - Floor 1,workspace,80,2026-08-02 06:00:00,1,1.2
ZN-01,Open Office - Floor 1,workspace,80,2026-08-02 06:15:00,11,13.8
ZN-01,Open Office - Floor 1,workspace,80,2026-08-02 06:30:00,1,1.2
ZN-01,Open Office - Floor 1,workspace,80,2026-08-02 06:45:00,5,6.2
ZN-01,Open Office - Floor 1,workspace,80,2026-08-02 07:00:00,0,0.0
ZN-01,Open Office - Floor 1,workspace,80,2026-08-02 07:15:00,4,5.0
ZN-01,Open Office - Floor 1,workspace,80,2026-08-02 07:30:00,1,1.2
ZN-01,Open Office - Floor 1,workspace,80,2026-08-02 07:45:00,1,1.2
ZN-01,Open Office - Floor 1,workspace,80,2026-08-02 08:00:00,0,0.0
ZN-01,Open Office - Floor 1,workspace,80,2026-08-02 08:15:00,0,0.0
ZN-01,Open Office - Floor 1,workspace,80,2026-08-02 08:30:00,2,2.5
ZN-01,Open Office - Floor 1,workspace,80,2026-08-02 08:45:00,8,10.0
ZN-01,Open Office - Floor 1,workspace,80,2026-08-02 09:00:00,4,5.0
ZN-01,Open Office - Floor 1,workspace,80,2026-08-02 09:15:00,0,0.0
ZN-01,Open Office - Floor 1,workspace,80,2026-08-02 09:30:00,10,12.5
ZN-01,Open Office - Floor 1,workspace,80,2026-08-02 09:45:00,4,5.0
ZN-01,Open Office - Floor 1,workspace,80,2026-08-02 10:00:00,8,10.0
ZN-01,Open Office - Floor 1,workspace,80,2026-08-02 10:15:00,0,0.0
ZN-01,Open Office - Floor 1,workspace,80,2026-08-02 10:30:00,0,0.0
ZN-01,Open Office - Floor 1,workspace,80,2026-08-02 10:45:00,0,0.0
ZN-01,Open Office - Floor 1,workspace,80,2026-08-02 11:00:00,0,0.0
ZN-01,Open Office - Floor 1,workspace,80,2026-08-02 11:15:00,4,5.0
ZN-01,Open Office - Floor 1,workspace,80,2026-08-02 11:30:00,0,0.0
ZN-01,Open Office - Floor 1,workspace,80,2026-08-02 11:45:00,0,0.0
ZN-01,Open Office - Floor 1,workspace,80,2026-08-02 12:00:00,0,0.0
ZN-01,Open Office - Floor 1,workspace,80,2026-08-02 12:15:00,3,3.8
ZN-01,Open Office - Floor 1,workspace,80,2026-08-02 12:30:00,0,0.0
ZN-01,Open Office - Floor 1,workspace,80,2026-08-02 12:45:00,9,11.2
ZN-01,Open Office - Floor 1,workspace,80,2026-08-02 13:00:00,6,7.5
ZN-01,Open Office - Floor 1,workspace,80,2026-08-02 13:15:00,6,7.5
ZN-01,Open Office - Floor 1,workspace,80,2026-08-02 13:30:00,1,1.2
ZN-01,Open Office - Floor 1,workspace,80,2026-08-02 13:45:00,3,3.8
ZN-01,Open Office - Floor 1,workspace,80,2026-08-02 14:00:00,7,8.8
ZN-01,Open Office - Floor 1,workspace,80,2026-08-02 14:15:00,0,0.0
ZN-01,Open Office - Floor 1,workspace,80,2026-08-02 14:30:00,8,10.0
ZN-01,Open Office - Floor 1,workspace,80,2026-08-02 14:45:00,2,2.5
ZN-01,Open Office - Floor 1,workspace,80,2026-08-02 15:00:00,9,11.2
ZN-01,Open Office - Floor 1,workspace,80,2026-08-02 15:15:00,13,16.2
ZN-01,Open Office - Floor 1,workspace,80,2026-08-02 15:30:00,10,12.5
ZN-01,Open Office - Floor 1,workspace,80,2026-08-02 15:45:00,0,0.0
ZN-01,Open Office - Floor 1,workspace,80,2026-08-02 16:00:00,8,10.0
ZN-01,Open Office - Floor 1,workspace,80,2026-08-02 16:15:00,1,1.2
ZN-01,Open Office - Floor 1,workspace,80,2026-08-02 16:30:00,0,0.0
ZN-01,Open Office - Floor 1,workspace,80,2026-08-02 16:45:00,1,1.2
ZN-01,Open Office - Floor 1,workspace,80,2026-08-02 17:00:00,0,0.0
ZN-01,Open Office - Floor 1,workspace,80,2026-08-02 17:15:00,4,5.0
ZN-01,Open Office - Floor 1,workspace,80,2026-08-02 17:30:00,0,0.0
ZN-01,Open Office - Floor 1,workspace,80,2026-08-02 17:45:00,8,10.0
ZN-01,Open Office - Floor 1,workspace,80,2026-08-02 18:00:00,4,5.0
ZN-01,Open Office - Floor 1,workspace,80,2026-08-02 18:15:00,0,0.0
ZN-01,Open Office - Floor 1,workspace,80,2026-08-02 18:30:00,0,0.0
ZN-01,Open Office - Floor 1,workspace,80,2026-08-02 18:45:00,0,0.0
ZN-01,Open Office - Floor 1,workspace,80,2026-08-02 19:00:00,0,0.0
ZN-01,Open Office - Floor 1,workspace,80,2026-08-02 19:15:00,0,0.0
ZN-01,Open Office - Floor 1,workspace,80,2026-08-02 19:30:00,3,3.8
ZN-01,Open Office - Floor 1,workspace,80,2026-08-02 19:45:00,2,2.5
ZN-01,Open Office - Floor 1,workspace,80,2026-08-02 20:00:00,0,0.0
ZN-01,Open Office - Floor 1,workspace,80,2026-08-02 20:15:00,4,5.0
ZN-01,Open Office - Floor 1,workspace,80,2026-08-02 20:30:00,7,8.8
ZN-01,Open Office - Floor 1,workspace,80,2026-08-02 20:45:00,2,2.5
ZN-01,Open Office - Floor 1,workspace,80,2026-08-02 21:00:00,8,10.0
ZN-01,Open Office - Floor 1,workspace,80,2026-08-02 21:15:00,4,5.0
ZN-01,Open Office - Floor 1,workspace,80,2026-08-02 21:30:00,0,0.0
ZN-01,Open Office - Floor 1,workspace,80,2026-08-02 21:45:00,0,0.0
ZN-01,Open Office - Floor 1,workspace,80,2026-08-02 22:00:00,2,2.5
ZN-01,Open Office - Floor 1,workspace,80,2026-08-02 22:15:00,5,6.2
ZN-01,Open Office - Floor 1,workspace,80,2026-08-02 22:30:00,3,3.8
ZN-01,Open Office - Floor 1,workspace,80,2026-08-02 22:45:00,7,8.8
ZN-01,Open Office - Floor 1,workspace,80,2026-08-02 23:00:00,8,10.0
ZN-01,Open Office - Floor 1,workspace,80,2026-08-02 23:15:00,0,0.0
ZN-01,Open Office - Floor 1,workspace,80,2026-08-02 23:30:00,0,0.0
ZN-01,Open Office - Floor 1,workspace,80,2026-08-02 23:45:00,2,2.5
ZN-01,Open Office - Floor 1,workspace,80,2026-08-03 00:00:00,2,2.5
ZN-01,Open Office - Floor 1,workspace,80,2026-08-03 00:15:00,4,5.0
ZN-01,Open Office - Floor 1,workspace,80,2026-08-03 00:30:00,3,3.8
ZN-01,Open Office - Floor 1,workspace,80,2026-08-03 00:45:00,3,3.8
ZN-01,Open Office - Floor 1,workspace,80,2026-08-03 01:00:00,0,0.0
ZN-01,Open Office - Floor 1,workspace,80,2026-08-03 01:15:00,2,2.5
ZN-01,Open Office - Floor 1,workspace,80,2026-08-03 01:30:00,0,0.0
ZN-01,Open Office - Floor 1,workspace,80,2026-08-03 01:45:00,2,2.5
ZN-01,Open Office - Floor 1,workspace,80,2026-08-03 02:00:00,4,5.0
ZN-01,Open Office - Floor 1,workspace,80,2026-08-03 02:15:00,0,0.0
ZN-01,Open Office - Floor 1,workspace,80,2026-08-03 02:30:00,0,0.0
ZN-01,Open Office - Floor 1,workspace,80,2026-08-03 02:45:00,12,15.0
ZN-01,Open Office - Floor 1,workspace,80,2026-08-03 03:00:00,0,0.0
ZN-01,Open Office - Floor 1,workspace,80,2026-08-03 03:15:00,0,0.0
ZN-01,Open Office - Floor 1,workspace,80,2026-08-03 03:30:00,0,0.0
ZN-01,Open Office - Floor 1,workspace,80,2026-08-03 03:45:00,0,0.0
ZN-01,Open Office - Floor 1,workspace,80,2026-08-03 04:00:00,5,6.2
ZN-01,Open Office - Floor 1,workspace,80,2026-08-03 04:15:00,0,0.0
ZN-01,Open Office - Floor 1,workspace,80,2026-08-03 04:30:00,0,0.0
ZN-01,Open Office - Floor 1,workspace,80,2026-08-03 04:45:00,0,0.0
ZN-01,Open Office - Floor 1,workspace,80,2026-08-03 05:00:00,0,0.0
ZN-01,Open Office - Floor 1,workspace,80,2026-08-03 05:15:00,4,5.0
ZN-01,Open Office - Floor 1,workspace,80,2026-08-03 05:30:00,2,2.5
ZN-01,Open Office - Floor 1,workspace,80,2026-08-03 05:45:00,31,38.8
ZN-01,Open Office - Floor 1,workspace,80,2026-08-03 06:00:00,74,92.5
ZN-01,Open Office - Floor 1,workspace,80,2026-08-03 06:15:00,72,90.0
ZN-01,Open Office - Floor 1,workspace,80,2026-08-03 06:30:00,79,98.8
ZN-01,Open Office - Floor 1,workspace,80,2026-08-03 06:45:00,80,100.0
ZN-01,Open Office - Floor 1,workspace,80,2026-08-03 07:00:00,80,100.0
ZN-01,Open Office - Floor 1,workspace,80,2026-08-03 07:15:00,73,91.2
ZN-01,Open Office - Floor 1,workspace,80,2026-08-03 07:30:00,77,96.2
ZN-01,Open Office - Floor 1,workspace,80,2026-08-03 07:45:00,65,81.2
ZN-01,Open Office - Floor 1,workspace,80,2026-08-03 08:00:00,72,90.0
ZN-01,Open Office - Floor 1,workspace,80,2026-08-03 08:15:00,75,93.8
ZN-01,Open Office - Floor 1,workspace,80,2026-08-03 08:30:00,68,85.0
ZN-01,Open Office - Floor 1,workspace,80,2026-08-03 08:45:00,80,100.0
ZN-01,Open Office - Floor 1,workspace,80,2026-08-03 09:00:00,77,96.2
ZN-01,Open Office - Floor 1,workspace,80,2026-08-03 09:15:00,80,100.0
ZN-01,Open Office - Floor 1,workspace,80,2026-08-03 09:30:00,72,90.0
ZN-01,Open Office - Floor 1,workspace,80,2026-08-03 09:45:00,71,88.8
ZN-01,Open Office - Floor 1,workspace,80,2026-08-03 10:00:00,58,72.5
ZN-01,Open Office - Floor 1,workspace,80,2026-08-03 10:15:00,47,58.8
ZN-01,Open Office - Floor 1,workspace,80,2026-08-03 10:30:00,23,28.8
ZN-01,Open Office - Floor 1,workspace,80,2026-08-03 10:45:00,24,30.0
ZN-01,Open Office - Floor 1,workspace,80,2026-08-03 11:00:00,77,96.2
ZN-01,Open Office - Floor 1,workspace,80,2026-08-03 11:15:00,71,88.8
ZN-01,Open Office - Floor 1,workspace,80,2026-08-03 11:30:00,65,81.2
ZN-01,Open Office - Floor 1,workspace,80,2026-08-03 11:45:00,74,92.5
ZN-01,Open Office - Floor 1,workspace,80,2026-08-03 12:00:00,44,55.0
ZN-01,Open Office - Floor 1,workspace,80,2026-08-03 12:15:00,45,56.2
ZN-01,Open Office - Floor 1,workspace,80,2026-08-03 12:30:00,49,61.2
ZN-01,Open Office - Floor 1,workspace,80,2026-08-03 12:45:00,43,53.8
ZN-01,Open Office - Floor 1,workspace,80,2026-08-03 13:00:00,47,58.8
ZN-01,Open Office - Floor 1,workspace,80,2026-08-03 13:15:00,51,63.8
ZN-01,Open Office - Floor 1,workspace,80,2026-08-03 13:30:00,48,60.0
ZN-01,Open Office - Floor 1,workspace,80,2026-08-03 13:45:00,75,93.8
ZN-01,Open Office - Floor 1,workspace,80,2026-08-03 14:00:00,80,100.0
ZN-01,Open Office - Floor 1,workspace,80,2026-08-03 14:15:00,80,100.0
ZN-01,Open Office - Floor 1,workspace,80,2026-08-03 14:30:00,80,100.0
ZN-01,Open Office - Floor 1,workspace,80,2026-08-03 14:45:00,80,100.0
ZN-01,Open Office - Floor 1,workspace,80,2026-08-03 15:00:00,58,72.5
ZN-01,Open Office - Floor 1,workspace,80,2026-08-03 15:15:00,40,50.0
ZN-01,Open Office - Floor 1,workspace,80,2026-08-03 15:30:00,19,23.8
ZN-01,Open Office - Floor 1,workspace,80,2026-08-03 15:45:00,26,32.5
ZN-01,Open Office - Floor 1,workspace,80,2026-08-03 16:00:00,21,26.2
ZN-01,Open Office - Floor 1,workspace,80,2026-08-03 16:15:00,6,7.5
ZN-01,Open Office - Floor 1,workspace,80,2026-08-03 16:30:00,0,0.0
ZN-01,Open Office - Floor 1,workspace,80,2026-08-03 16:45:00,1,1.2
ZN-01,Open Office - Floor 1,workspace,80,2026-08-03 17:00:00,1,1.2
ZN-01,Open Office - Floor 1,workspace,80,2026-08-03 17:15:00,0,0.0
ZN-01,Open Office - Floor 1,workspace,80,2026-08-03 17:30:00,0,0.0
ZN-01,Open Office - Floor 1,workspace,80,2026-08-03 17:45:00,4,5.0
ZN-01,Open Office - Floor 1,workspace,80,2026-08-03 18:00:00,8,10.0
ZN-01,Open Office - Floor 1,workspace,80,2026-08-03 18:15:00,0,0.0
ZN-01,Open Office - Floor 1,workspace,80,2026-08-03 18:30:00,8,10.0
ZN-01,Open Office - Floor 1,workspace,80,2026-08-03 18:45:00,0,0.0
ZN-01,Open Office - Floor 1,workspace,80,2026-08-03 19:00:00,0,0.0
ZN-01,Open Office - Floor 1,workspace,80,2026-08-03 19:15:00,0,0.0
ZN-01,Open Office - Floor 1,workspace,80,2026-08-03 19:30:00,7,8.8
ZN-01,Open Office - Floor 1,workspace,80,2026-08-03 19:45:00,3,3.8
ZN-01,Open Office - Floor 1,workspace,80,2026-08-03 20:00:00,3,3.8
ZN-01,Open Office - Floor 1,workspace,80,2026-08-03 20:15:00,8,10.0
ZN-01,Open Office - Floor 1,workspace,80,2026-08-03 20:30:00,1,1.2
ZN-01,Open Office - Floor 1,workspace,80,2026-08-03 20:45:00,0,0.0
ZN-01,Open Office - Floor 1,workspace,80,2026-08-03 21:00:00,7,8.8
ZN-01,Open Office - Floor 1,workspace,80,2026-08-03 21:15:00,0,0.0
ZN-01,Open Office - Floor 1,workspace,80,2026-08-03 21:30:00,0,0.0
ZN-01,Open Office - Floor 1,workspace,80,2026-08-03 21:45:00,0,0.0
ZN-01,Open Office - Floor 1,workspace,80,2026-08-03 22:00:00,1,1.2
ZN-01,Open Office - Floor 1,workspace,80,2026-08-03 22:15:00,9,11.2
ZN-01,Open Office - Floor 1,workspace,80,2026-08-03 22:30:00,4,5.0
ZN-01,Open Office - Floor 1,workspace,80,2026-08-03 22:45:00,0,0.0
ZN-01,Open Office - Floor 1,workspace,80,2026-08-03 23:00:00,6,7.5
ZN-01,Open Office - Floor 1,workspace,80,2026-08-03 23:15:00,0,0.0
ZN-01,Open Office - Floor 1,workspace,80,2026-08-03 23:30:00,2,2.5
ZN-01,Open Office - Floor 1,workspace,80,2026-08-03 23:45:00,0,0.0
ZN-01,Open Office - Floor 1,workspace,80,2026-08-04 00:00:00,7,8.8
ZN-01,Open Office - Floor 1,workspace,80,2026-08-04 00:15:00,0,0.0
ZN-01,Open Office - Floor 1,workspace,80,2026-08-04 00:30:00,4,5.0
ZN-01,Open Office - Floor 1,workspace,80,2026-08-04 00:45:00,1,1.2
ZN-01,Open Office - Floor 1,workspace,80,2026-08-04 01:00:00,0,0.0
ZN-01,Open Office - Floor 1,workspace,80,2026-08-04 01:15:00,3,3.8
ZN-01,Open Office - Floor 1,workspace,80,2026-08-04 01:30:00,0,0.0
ZN-01,Open Office - Floor 1,workspace,80,2026-08-04 01:45:00,7,8.8
ZN-01,Open Office - Floor 1,workspace,80,2026-08-04 02:00:00,0,0.0
ZN-01,Open Office - Floor 1,workspace,80,2026-08-04 02:15:00,0,0.0
ZN-01,Open Office - Floor 1,workspace,80,2026-08-04 02:30:00,7,8.8
ZN-01,Open Office - Floor 1,workspace,80,2026-08-04 02:45:00,6,7.5
ZN-01,Open Office - Floor 1,workspace,80,2026-08-04 03:00:00,2,2.5
ZN-01,Open Office - Floor 1,workspace,80,2026-08-04 03:15:00,7,8.8
ZN-01,Open Office - Floor 1,workspace,80,2026-08-04 03:30:00,3,3.8
ZN-01,Open Office - Floor 1,workspace,80,2026-08-04 03:45:00,0,0.0
ZN-01,Open Office - Floor 1,workspace,80,2026-08-04 04:00:00,0,0.0
ZN-01,Open Office - Floor 1,workspace,80,2026-08-04 04:15:00,0,0.0
ZN-01,Open Office - Floor 1,workspace,80,2026-08-04 04:30:00,0,0.0
ZN-01,Open Office - Floor 1,workspace,80,2026-08-04 04:45:00,2,2.5
ZN-01,Open Office - Floor 1,workspace,80,2026-08-04 05:00:00,0,0.0
ZN-01,Open Office - Floor 1,workspace,80,2026-08-04 05:15:00,0,0.0
ZN-01,Open Office - Floor 1,workspace,80,2026-08-04 05:30:00,12,15.0
ZN-01,Open Office - Floor 1,workspace,80,2026-08-04 05:45:00,28,35.0
ZN-01,Open Office - Floor 1,workspace,80,2026-08-04 06:00:00,63,78.8
ZN-01,Open Office - Floor 1,workspace,80,2026-08-04 06:15:00,68,85.0
ZN-01,Open Office - Floor 1,workspace,80,2026-08-04 06:30:00,80,100.0
ZN-01,Open Office - Floor 1,workspace,80,2026-08-04 06:45:00,80,100.0
ZN-01,Open Office - Floor 1,workspace,80,2026-08-04 07:00:00,80,100.0
ZN-01,Open Office - Floor 1,workspace,80,2026-08-04 07:15:00,80,100.0
ZN-01,Open Office - Floor 1,workspace,80,2026-08-04 07:30:00,80,100.0
ZN-01,Open Office - Floor 1,workspace,80,2026-08-04 07:45:00,80,100.0
ZN-01,Open Office - Floor 1,workspace,80,2026-08-04 08:00:00,74,92.5
ZN-01,Open Office - Floor 1,workspace,80,2026-08-04 08:15:00,76,95.0
ZN-01,Open Office - Floor 1,workspace,80,2026-08-04 08:30:00,73,91.2
ZN-01,Open Office - Floor 1,workspace,80,2026-08-04 08:45:00,75,93.8
ZN-01,Open Office - Floor 1,workspace,80,2026-08-04 09:00:00,66,82.5
ZN-01,Open Office - Floor 1,workspace,80,2026-08-04 09:15:00,71,88.8
ZN-01,Open Office - Floor 1,workspace,80,2026-08-04 09:30:00,69,86.2
ZN-01,Open Office - Floor 1,workspace,80,2026-08-04 09:45:00,59,73.8
ZN-01,Open Office - Floor 1,workspace,80,2026-08-04 10:00:00,60,75.0
ZN-01,Open Office - Floor 1,workspace,80,2026-08-04 10:15:00,53,66.2
ZN-01,Open Office - Floor 1,workspace,80,2026-08-04 10:30:00,27,33.8
ZN-01,Open Office - Floor 1,workspace,80,2026-08-04 10:45:00,26,32.5
ZN-01,Open Office - Floor 1,workspace,80,2026-08-04 11:00:00,70,87.5
ZN-01,Open Office - Floor 1,workspace,80,2026-08-04 11:15:00,71,88.8
ZN-01,Open Office - Floor 1,workspace,80,2026-08-04 11:30:00,62,77.5
ZN-01,Open Office - Floor 1,workspace,80,2026-08-04 11:45:00,72,90.0
ZN-01,Open Office - Floor 1,workspace,80,2026-08-04 12:00:00,52,65.0
ZN-01,Open Office - Floor 1,workspace,80,2026-08-04 12:15:00,52,65.0
ZN-01,Open Office - Floor 1,workspace,80,2026-08-04 12:30:00,50,62.5
ZN-01,Open Office - Floor 1,workspace,80,2026-08-04 12:45:00,48,60.0
ZN-01,Open Office - Floor 1,workspace,80,2026-08-04 13:00:00,37,46.2
ZN-01,Open Office - Floor 1,workspace,80,2026-08-04 13:15:00,46,57.5
ZN-01,Open Office - Floor 1,workspace,80,2026-08-04 13:30:00,50,62.5
ZN-01,Open Office - Floor 1,workspace,80,2026-08-04 13:45:00,79,98.8
ZN-01,Open Office - Floor 1,workspace,80,2026-08-04 14:00:00,80,100.0
ZN-01,Open Office - Floor 1,workspace,80,2026-08-04 14:15:00,69,86.2
ZN-01,Open Office - Floor 1,workspace,80,2026-08-04 14:30:00,76,95.0
ZN-01,Open Office - Floor 1,workspace,80,2026-08-04 14:45:00,75,93.8
ZN-01,Open Office - Floor 1,workspace,80,2026-08-04 15:00:00,58,72.5
ZN-01,Open Office - Floor 1,workspace,80,2026-08-04 15:15:00,37,46.2
ZN-01,Open Office - Floor 1,workspace,80,2026-08-04 15:30:00,31,38.8
ZN-01,Open Office - Floor 1,workspace,80,2026-08-04 15:45:00,30,37.5
ZN-01,Open Office - Floor 1,workspace,80,2026-08-04 16:00:00,26,32.5
ZN-01,Open Office - Floor 1,workspace,80,2026-08-04 16:15:00,13,16.2
ZN-01,Open Office - Floor 1,workspace,80,2026-08-04 16:30:00,5,6.2
ZN-01,Open Office - Floor 1,workspace,80,2026-08-04 16:45:00,0,0.0
ZN-01,Open Office - Floor 1,workspace,80,2026-08-04 17:00:00,0,0.0
ZN-01,Open Office - Floor 1,workspace,80,2026-08-04 17:15:00,0,0.0
ZN-01,Open Office - Floor 1,workspace,80,2026-08-04 17:30:00,0,0.0
ZN-01,Open Office - Floor 1,workspace,80,2026-08-04 17:45:00,0,0.0
ZN-01,Open Office - Floor 1,workspace,80,2026-08-04 18:00:00,0,0.0
ZN-01,Open Office - Floor 1,workspace,80,2026-08-04 18:15:00,0,0.0
ZN-01,Open Office - Floor 1,workspace,80,2026-08-04 18:30:00,0,0.0
ZN-01,Open Office - Floor 1,workspace,80,2026-08-04 18:45:00,6,7.5
ZN-01,Open Office - Floor 1,workspace,80,2026-08-04 19:00:00,2,2.5
ZN-01,Open Office - Floor 1,workspace,80,2026-08-04 19:15:00,0,0.0
ZN-01,Open Office - Floor 1,workspace,80,2026-08-04 19:30:00,4,5.0
ZN-01,Open Office - Floor 1,workspace,80,2026-08-04 19:45:00,1,1.2
ZN-01,Open Office - Floor 1,workspace,80,2026-08-04 20:00:00,1,1.2
ZN-01,Open Office - Floor 1,workspace,80,2026-08-04 20:15:00,5,6.2
ZN-01,Open Office - Floor 1,workspace,80,2026-08-04 20:30:00,2,2.5
ZN-01,Open Office - Floor 1,workspace,80,2026-08-04 20:45:00,1,1.2
ZN-01,Open Office - Floor 1,workspace,80,2026-08-04 21:00:00,3,3.8
ZN-01,Open Office - Floor 1,workspace,80,2026-08-04 21:15:00,0,0.0
ZN-01,Open Office - Floor 1,workspace,80,2026-08-04 21:30:00,0,0.0
ZN-01,Open Office - Floor 1,workspace,80,2026-08-04 21:45:00,0,0.0
ZN-01,Open Office - Floor 1,workspace,80,2026-08-04 22:00:00,0,0.0
ZN-01,Open Office - Floor 1,workspace,80,2026-08-04 22:15:00,7,8.8
ZN-01,Open Office - Floor 1,workspace,80,2026-08-04 22:30:00,0,0.0
ZN-01,Open Office - Floor 1,workspace,80,2026-08-04 22:45:00,0,0.0
ZN-01,Open Office - Floor 1,workspace,80,2026-08-04 23:00:00,0,0.0
ZN-01,Open Office - Floor 1,workspace,80,2026-08-04 23:15:00,0,0.0
ZN-01,Open Office - Floor 1,workspace,80,2026-08-04 23:30:00,2,2.5
ZN-01,Open Office - Floor 1,workspace,80,2026-08-04 23:45:00,0,0.0
ZN-01,Open Office - Floor 1,workspace,80,2026-08-05 00:00:00,5,6.2
ZN-01,Open Office - Floor 1,workspace,80,2026-08-05 00:15:00,0,0.0
ZN-01,Open Office - Floor 1,workspace,80,2026-08-05 00:30:00,0,0.0
ZN-01,Open Office - Floor 1,workspace,80,2026-08-05 00:45:00,0,0.0
ZN-01,Open Office - Floor 1,workspace,80,2026-08-05 01:00:00,0,0.0
ZN-01,Open Office - Floor 1,workspace,80,2026-08-05 01:15:00,5,6.2
ZN-01,Open Office - Floor 1,workspace,80,2026-08-05 01:30:00,0,0.0
ZN-01,Open Office - Floor 1,workspace,80,2026-08-05 01:45:00,0,0.0
ZN-01,Open Office - Floor 1,workspace,80,2026-08-05 02:00:00,12,15.0
ZN-01,Open Office - Floor 1,workspace,80,2026-08-05 02:15:00,0,0.0
ZN-01,Open Office - Floor 1,workspace,80,2026-08-05 02:30:00,0,0.0
ZN-01,Open Office - Floor 1,workspace,80,2026-08-05 02:45:00,2,2.5
ZN-01,Open Office - Floor 1,workspace,80,2026-08-05 03:00:00,0,0.0
ZN-01,Open Office - Floor 1,workspace,80,2026-08-05 03:15:00,2,2.5
ZN-01,Open Office - Floor 1,workspace,80,2026-08-05 03:30:00,0,0.0
ZN-01,Open Office - Floor 1,workspace,80,2026-08-05 03:45:00,0,0.0
ZN-01,Open Office - Floor 1,workspace,80,2026-08-05 04:00:00,0,0.0
ZN-01,Open Office - Floor 1,workspace,80,2026-08-05 04:15:00,6,7.5
ZN-01,Open Office - Floor 1,workspace,80,2026-08-05 04:30:00,3,3.8
ZN-01,Open Office - Floor 1,workspace,80,2026-08-05 04:45:00,9,11.2
ZN-01,Open Office - Floor 1,workspace,80,2026-08-05 05:00:00,8,10.0
ZN-01,Open Office - Floor 1,workspace,80,2026-08-05 05:15:00,0,0.0
ZN-01,Open Office - Floor 1,workspace,80,2026-08-05 05:30:00,7,8.8
ZN-01,Open Office - Floor 1,workspace,80,2026-08-05 05:45:00,29,36.2
ZN-01,Open Office - Floor 1,workspace,80,2026-08-05 06:00:00,64,80.0
ZN-01,Open Office - Floor 1,workspace,80,2026-08-05 06:15:00,79,98.8
ZN-01,Open Office - Floor 1,workspace,80,2026-08-05 06:30:00,80,100.0
ZN-01,Open Office - Floor 1,workspace,80,2026-08-05 06:45:00,80,100.0
ZN-01,Open Office - Floor 1,workspace,80,2026-08-05 07:00:00,80,100.0
ZN-01,Open Office - Floor 1,workspace,80,2026-08-05 07:15:00,80,100.0
ZN-01,Open Office - Floor 1,workspace,80,2026-08-05 07:30:00,80,100.0
ZN-01,Open Office - Floor 1,workspace,80,2026-08-05 07:45:00,77,96.2
ZN-01,Open Office - Floor 1,workspace,80,2026-08-05 08:00:00,67,83.8
ZN-01,Open Office - Floor 1,workspace,80,2026-08-05 08:15:00,75,93.8
ZN-01,Open Office - Floor 1,workspace,80,2026-08-05 08:30:00,67,83.8
ZN-01,Open Office - Floor 1,workspace,80,2026-08-05 08:45:00,66,82.5
ZN-01,Open Office - Floor 1,workspace,80,2026-08-05 09:00:00,71,88.8
ZN-01,Open Office - Floor 1,workspace,80,2026-08-05 09:15:00,73,91.2
ZN-01,Open Office - Floor 1,workspace,80,2026-08-05 09:30:00,75,93.8
ZN-01,Open Office - Floor 1,workspace,80,2026-08-05 09:45:00,65,81.2
ZN-01,Open Office - Floor 1,workspace,80,2026-08-05 10:00:00,61,76.2
ZN-01,Open Office - Floor 1,workspace,80,2026-08-05 10:15:00,41,51.2
ZN-01,Open Office - Floor 1,workspace,80,2026-08-05 10:30:00,24,30.0
ZN-01,Open Office - Floor 1,workspace,80,2026-08-05 10:45:00,27,33.8
ZN-01,Open Office - Floor 1,workspace,80,2026-08-05 11:00:00,70,87.5
ZN-01,Open Office - Floor 1,workspace,80,2026-08-05 11:15:00,61,76.2
ZN-01,Open Office - Floor 1,workspace,80,2026-08-05 11:30:00,76,95.0
ZN-01,Open Office - Floor 1,workspace,80,2026-08-05 11:45:00,74,92.5
ZN-01,Open Office - Floor 1,workspace,80,2026-08-05 12:00:00,47,58.8
ZN-01,Open Office - Floor 1,workspace,80,2026-08-05 12:15:00,44,55.0
ZN-01,Open Office - Floor 1,workspace,80,2026-08-05 12:30:00,44,55.0
ZN-01,Open Office - Floor 1,workspace,80,2026-08-05 12:45:00,50,62.5
ZN-01,Open Office - Floor 1,workspace,80,2026-08-05 13:00:00,39,48.8
ZN-01,Open Office - Floor 1,workspace,80,2026-08-05 13:15:00,47,58.8
ZN-01,Open Office - Floor 1,workspace,80,2026-08-05 13:30:00,49,61.2
ZN-01,Open Office - Floor 1,workspace,80,2026-08-05 13:45:00,80,100.0
ZN-01,Open Office - Floor 1,workspace,80,2026-08-05 14:00:00,77,96.2
ZN-01,Open Office - Floor 1,workspace,80,2026-08-05 14:15:00,80,100.0
ZN-01,Open Office - Floor 1,workspace,80,2026-08-05 14:30:00,70,87.5
ZN-01,Open Office - Floor 1,workspace,80,2026-08-05 14:45:00,80,100.0
ZN-01,Open Office - Floor 1,workspace,80,2026-08-05 15:00:00,63,78.8
ZN-01,Open Office - Floor 1,workspace,80,2026-08-05 15:15:00,43,53.8
ZN-01,Open Office - Floor 1,workspace,80,2026-08-05 15:30:00,26,32.5
ZN-01,Open Office - Floor 1,workspace,80,2026-08-05 15:45:00,34,42.5
ZN-01,Open Office - Floor 1,workspace,80,2026-08-05 16:00:00,24,30.0
ZN-01,Open Office - Floor 1,workspace,80,2026-08-05 16:15:00,11,13.8
ZN-01,Open Office - Floor 1,workspace,80,2026-08-05 16:30:00,0,0.0
ZN-01,Open Office - Floor 1,workspace,80,2026-08-05 16:45:00,3,3.8
ZN-01,Open Office - Floor 1,workspace,80,2026-08-05 17:00:00,1,1.2
ZN-01,Open Office - Floor 1,workspace,80,2026-08-05 17:15:00,0,0.0
ZN-01,Open Office - Floor 1,workspace,80,2026-08-05 17:30:00,0,0.0
ZN-01,Open Office - Floor 1,workspace,80,2026-08-05 17:45:00,0,0.0
ZN-01,Open Office - Floor 1,workspace,80,2026-08-05 18:00:00,4,5.0
ZN-01,Open Office - Floor 1,workspace,80,2026-08-05 18:15:00,0,0.0
ZN-01,Open Office - Floor 1,workspace,80,2026-08-05 18:30:00,1,1.2
ZN-01,Open Office - Floor 1,workspace,80,2026-08-05 18:45:00,6,7.5
ZN-01,Open Office - Floor 1,workspace,80,2026-08-05 19:00:00,0,0.0
ZN-01,Open Office - Floor 1,workspace,80,2026-08-05 19:15:00,9,11.2
ZN-01,Open Office - Floor 1,workspace,80,2026-08-05 19:30:00,1,1.2
ZN-01,Open Office - Floor 1,workspace,80,2026-08-05 19:45:00,0,0.0
ZN-01,Open Office - Floor 1,workspace,80,2026-08-05 20:00:00,0,0.0
ZN-01,Open Office - Floor 1,workspace,80,2026-08-05 20:15:00,0,0.0
ZN-01,Open Office - Floor 1,workspace,80,2026-08-05 20:30:00,5,6.2
ZN-01,Open Office - Floor 1,workspace,80,2026-08-05 20:45:00,0,0.0
ZN-01,Open Office - Floor 1,workspace,80,2026-08-05 21:00:00,0,0.0
ZN-01,Open Office - Floor 1,workspace,80,2026-08-05 21:15:00,5,6.2
ZN-01,Open Office - Floor 1,workspace,80,2026-08-05 21:30:00,3,3.8
ZN-01,Open Office - Floor 1,workspace,80,2026-08-05 21:45:00,1,1.2
ZN-01,Open Office - Floor 1,workspace,80,2026-08-05 22:00:00,0,0.0
ZN-01,Open Office - Floor 1,workspace,80,2026-08-05 22:15:00,0,0.0
ZN-01,Open Office - Floor 1,workspace,80,2026-08-05 22:30:00,5,6.2
ZN-01,Open Office - Floor 1,workspace,80,2026-08-05 22:45:00,0,0.0
ZN-01,Open Office - Floor 1,workspace,80,2026-08-05 23:00:00,0,0.0
ZN-01,Open Office - Floor 1,workspace,80,2026-08-05 23:15:00,9,11.2
ZN-01,Open Office - Floor 1,workspace,80,2026-08-05 23:30:00,0,0.0
ZN-01,Open Office - Floor 1,workspace,80,2026-08-05 23:45:00,2,2.5
ZN-01,Open Office - Floor 1,workspace,80,2026-08-06 00:00:00,10,12.5
ZN-01,Open Office - Floor 1,workspace,80,2026-08-06 00:15:00,3,3.8
ZN-01,Open Office - Floor 1,workspace,80,2026-08-06 00:30:00,0,0.0
ZN-01,Open Office - Floor 1,workspace,80,2026-08-06 00:45:00,0,0.0
ZN-01,Open Office - Floor 1,workspace,80,2026-08-06 01:00:00,6,7.5
ZN-01,Open Office - Floor 1,workspace,80,2026-08-06 01:15:00,0,0.0
ZN-01,Open Office - Floor 1,workspace,80,2026-08-06 01:30:00,4,5.0
ZN-01,Open Office - Floor 1,workspace,80,2026-08-06 01:45:00,8,10.0
ZN-01,Open Office - Floor 1,workspace,80,2026-08-06 02:00:00,0,0.0
ZN-01,Open Office - Floor 1,workspace,80,2026-08-06 02:15:00,4,5.0
ZN-01,Open Office - Floor 1,workspace,80,2026-08-06 02:30:00,0,0.0
ZN-01,Open Office - Floor 1,workspace,80,2026-08-06 02:45:00,7,8.8
ZN-01,Open Office - Floor 1,workspace,80,2026-08-06 03:00:00,1,1.2
ZN-01,Open Office - Floor 1,workspace,80,2026-08-06 03:15:00,0,0.0
ZN-01,Open Office - Floor 1,workspace,80,2026-08-06 03:30:00,2,2.5
ZN-01,Open Office - Floor 1,workspace,80,2026-08-06 03:45:00,1,1.2
ZN-01,Open Office - Floor 1,workspace,80,2026-08-06 04:00:00,0,0.0
ZN-01,Open Office - Floor 1,workspace,80,2026-08-06 04:15:00,0,0.0
ZN-01,Open Office - Floor 1,workspace,80,2026-08-06 04:30:00,0,0.0
ZN-01,Open Office - Floor 1,workspace,80,2026-08-06 04:45:00,0,0.0
ZN-01,Open Office - Floor 1,workspace,80,2026-08-06 05:00:00,3,3.8
ZN-01,Open Office - Floor 1,workspace,80,2026-08-06 05:15:00,0,0.0
ZN-01,Open Office - Floor 1,workspace,80,2026-08-06 05:30:00,6,7.5
ZN-01,Open Office - Floor 1,workspace,80,2026-08-06 05:45:00,32,40.0
ZN-01,Open Office - Floor 1,workspace,80,2026-08-06 06:00:00,64,80.0
ZN-01,Open Office - Floor 1,workspace,80,2026-08-06 06:15:00,80,100.0
ZN-01,Open Office - Floor 1,workspace,80,2026-08-06 06:30:00,80,100.0
ZN-01,Open Office - Floor 1,workspace,80,2026-08-06 06:45:00,77,96.2
ZN-01,Open Office - Floor 1,workspace,80,2026-08-06 07:00:00,80,100.0
ZN-01,Open Office - Floor 1,workspace,80,2026-08-06 07:15:00,80,100.0
ZN-01,Open Office - Floor 1,workspace,80,2026-08-06 07:30:00,72,90.0
ZN-01,Open Office - Floor 1,workspace,80,2026-08-06 07:45:00,76,95.0
ZN-01,Open Office - Floor 1,workspace,80,2026-08-06 08:00:00,71,88.8
ZN-01,Open Office - Floor 1,workspace,80,2026-08-06 08:15:00,74,92.5
ZN-01,Open Office - Floor 1,workspace,80,2026-08-06 08:30:00,80,100.0
ZN-01,Open Office - Floor 1,workspace,80,2026-08-06 08:45:00,69,86.2
ZN-01,Open Office - Floor 1,workspace,80,2026-08-06 09:00:00,70,87.5
ZN-01,Open Office - Floor 1,workspace,80,2026-08-06 09:15:00,66,82.5
ZN-01,Open Office - Floor 1,workspace,80,2026-08-06 09:30:00,72,90.0
ZN-01,Open Office - Floor 1,workspace,80,2026-08-06 09:45:00,66,82.5
ZN-01,Open Office - Floor 1,workspace,80,2026-08-06 10:00:00,48,60.0
ZN-01,Open Office - Floor 1,workspace,80,2026-08-06 10:15:00,52,65.0
ZN-01,Open Office - Floor 1,workspace,80,2026-08-06 10:30:00,30,37.5
ZN-01,Open Office - Floor 1,workspace,80,2026-08-06 10:45:00,13,16.2
ZN-01,Open Office - Floor 1,workspace,80,2026-08-06 11:00:00,61,76.2
ZN-01,Open Office - Floor 1,workspace,80,2026-08-06 11:15:00,67,83.8
ZN-01,Open Office - Floor 1,workspace,80,2026-08-06 11:30:00,69,86.2
ZN-01,Open Office - Floor 1,workspace,80,2026-08-06 11:45:00,76,95.0
ZN-01,Open Office - Floor 1,workspace,80,2026-08-06 12:00:00,42,52.5
ZN-01,Open Office - Floor 1,workspace,80,2026-08-06 12:15:00,50,62.5
ZN-01,Open Office - Floor 1,workspace,80,2026-08-06 12:30:00,39,48.8
ZN-01,Open Office - Floor 1,workspace,80,2026-08-06 12:45:00,48,60.0
ZN-01,Open Office - Floor 1,workspace,80,2026-08-06 13:00:00,44,55.0
ZN-01,Open Office - Floor 1,workspace,80,2026-08-06 13:15:00,47,58.8
ZN-01,Open Office - Floor 1,workspace,80,2026-08-06 13:30:00,42,52.5
ZN-01,Open Office - Floor 1,workspace,80,2026-08-06 13:45:00,76,95.0
ZN-01,Open Office - Floor 1,workspace,80,2026-08-06 14:00:00,80,100.0
ZN-01,Open Office - Floor 1,workspace,80,2026-08-06 14:15:00,77,96.2
ZN-01,Open Office - Floor 1,workspace,80,2026-08-06 14:30:00,78,97.5
ZN-01,Open Office - Floor 1,workspace,80,2026-08-06 14:45:00,75,93.8
ZN-01,Open Office - Floor 1,workspace,80,2026-08-06 15:00:00,57,71.2
ZN-01,Open Office - Floor 1,workspace,80,2026-08-06 15:15:00,40,50.0
ZN-01,Open Office - Floor 1,workspace,80,2026-08-06 15:30:00,31,38.8
ZN-01,Open Office - Floor 1,workspace,80,2026-08-06 15:45:00,28,35.0
ZN-01,Open Office - Floor 1,workspace,80,2026-08-06 16:00:00,16,20.0
ZN-01,Open Office - Floor 1,workspace,80,2026-08-06 16:15:00,17,21.2
ZN-01,Open Office - Floor 1,workspace,80,2026-08-06 16:30:00,0,0.0
ZN-01,Open Office - Floor 1,workspace,80,2026-08-06 16:45:00,0,0.0
ZN-01,Open Office - Floor 1,workspace,80,2026-08-06 17:00:00,0,0.0
ZN-01,Open Office - Floor 1,workspace,80,2026-08-06 17:15:00,0,0.0
ZN-01,Open Office - Floor 1,workspace,80,2026-08-06 17:30:00,0,0.0
ZN-01,Open Office - Floor 1,workspace,80,2026-08-06 17:45:00,0,0.0
ZN-01,Open Office - Floor 1,workspace,80,2026-08-06 18:00:00,1,1.2
ZN-01,Open Office - Floor 1,workspace,80,2026-08-06 18:15:00,5,6.2
ZN-01,Open Office - Floor 1,workspace,80,2026-08-06 18:30:00,8,10.0
ZN-01,Open Office - Floor 1,workspace,80,2026-08-06 18:45:00,0,0.0
ZN-01,Open Office - Floor 1,workspace,80,2026-08-06 19:00:00,8,10.0
ZN-01,Open Office - Floor 1,workspace,80,2026-08-06 19:15:00,1,1.2
ZN-01,Open Office - Floor 1,workspace,80,2026-08-06 19:30:00,3,3.8
ZN-01,Open Office - Floor 1,workspace,80,2026-08-06 19:45:00,0,0.0
ZN-01,Open Office - Floor 1,workspace,80,2026-08-06 20:00:00,2,2.5
ZN-01,Open Office - Floor 1,workspace,80,2026-08-06 20:15:00,0,0.0
ZN-01,Open Office - Floor 1,workspace,80,2026-08-06 20:30:00,3,3.8
ZN-01,Open Office - Floor 1,workspace,80,2026-08-06 20:45:00,0,0.0
ZN-01,Open Office - Floor 1,workspace,80,2026-08-06 21:00:00,0,0.0
ZN-01,Open Office - Floor 1,workspace,80,2026-08-06 21:15:00,0,0.0
ZN-01,Open Office - Floor 1,workspace,80,2026-08-06 21:30:00,2,2.5
ZN-01,Open Office - Floor 1,workspace,80,2026-08-06 21:45:00,1,1.2
ZN-01,Open Office - Floor 1,workspace,80,2026-08-06 22:00:00,1,1.2
ZN-01,Open Office - Floor 1,workspace,80,2026-08-06 22:15:00,0,0.0
ZN-01,Open Office - Floor 1,workspace,80,2026-08-06 22:30:00,4,5.0
ZN-01,Open Office - Floor 1,workspace,80,2026-08-06 22:45:00,3,3.8
ZN-01,Open Office - Floor 1,workspace,80,2026-08-06 23:00:00,0,0.0
ZN-01,Open Office - Floor 1,workspace,80,2026-08-06 23:15:00,4,5.0
ZN-01,Open Office - Floor 1,workspace,80,2026-08-06 23:30:00,0,0.0
ZN-01,Open Office - Floor 1,workspace,80,2026-08-06 23:45:00,1,1.2
ZN-01,Open Office - Floor 1,workspace,80,2026-08-07 00:00:00,0,0.0
ZN-01,Open Office - Floor 1,workspace,80,2026-08-07 00:15:00,0,0.0
ZN-01,Open Office - Floor 1,workspace,80,2026-08-07 00:30:00,4,5.0
ZN-01,Open Office - Floor 1,workspace,80,2026-08-07 00:45:00,0,0.0
ZN-01,Open Office - Floor 1,workspace,80,2026-08-07 01:00:00,6,7.5
ZN-01,Open Office - Floor 1,workspace,80,2026-08-07 01:15:00,0,0.0
ZN-01,Open Office - Floor 1,workspace,80,2026-08-07 01:30:00,6,7.5
ZN-01,Open Office - Floor 1,workspace,80,2026-08-07 01:45:00,3,3.8
ZN-01,Open Office - Floor 1,workspace,80,2026-08-07 02:00:00,0,0.0
ZN-01,Open Office - Floor 1,workspace,80,2026-08-07 02:15:00,2,2.5
ZN-01,Open Office - Floor 1,workspace,80,2026-08-07 02:30:00,0,0.0
ZN-01,Open Office - Floor 1,workspace,80,2026-08-07 02:45:00,0,0.0
ZN-01,Open Office - Floor 1,workspace,80,2026-08-07 03:00:00,6,7.5
ZN-01,Open Office - Floor 1,workspace,80,2026-08-07 03:15:00,6,7.5
ZN-01,Open Office - Floor 1,workspace,80,2026-08-07 03:30:00,2,2.5
ZN-01,Open Office - Floor 1,workspace,80,2026-08-07 03:45:00,9,11.2
ZN-01,Open Office - Floor 1,workspace,80,2026-08-07 04:00:00,1,1.2
ZN-01,Open Office - Floor 1,workspace,80,2026-08-07 04:15:00,0,0.0
ZN-01,Open Office - Floor 1,workspace,80,2026-08-07 04:30:00,7,8.8
ZN-01,Open Office - Floor 1,workspace,80,2026-08-07 04:45:00,0,0.0
ZN-01,Open Office - Floor 1,workspace,80,2026-08-07 05:00:00,4,5.0
ZN-01,Open Office - Floor 1,workspace,80,2026-08-07 05:15:00,6,7.5
ZN-01,Open Office - Floor 1,workspace,80,2026-08-07 05:30:00,6,7.5
ZN-01,Open Office - Floor 1,workspace,80,2026-08-07 05:45:00,33,41.2
ZN-01,Open Office - Floor 1,workspace,80,2026-08-07 06:00:00,70,87.5
ZN-01,Open Office - Floor 1,workspace,80,2026-08-07 06:15:00,75,93.8
ZN-01,Open Office - Floor 1,workspace,80,2026-08-07 06:30:00,76,95.0
ZN-01,Open Office - Floor 1,workspace,80,2026-08-07 06:45:00,63,78.8
ZN-01,Open Office - Floor 1,workspace,80,2026-08-07 07:00:00,78,97.5
ZN-01,Open Office - Floor 1,workspace,80,2026-08-07 07:15:00,74,92.5
ZN-01,Open Office - Floor 1,workspace,80,2026-08-07 07:30:00,80,100.0
ZN-01,Open Office - Floor 1,workspace,80,2026-08-07 07:45:00,74,92.5
ZN-01,Open Office - Floor 1,workspace,80,2026-08-07 08:00:00,74,92.5
ZN-01,Open Office - Floor 1,workspace,80,2026-08-07 08:15:00,76,95.0
ZN-01,Open Office - Floor 1,workspace,80,2026-08-07 08:30:00,76,95.0
ZN-01,Open Office - Floor 1,workspace,80,2026-08-07 08:45:00,68,85.0
ZN-01,Open Office - Floor 1,workspace,80,2026-08-07 09:00:00,80,100.0
ZN-01,Open Office - Floor 1,workspace,80,2026-08-07 09:15:00,77,96.2
ZN-01,Open Office - Floor 1,workspace,80,2026-08-07 09:30:00,75,93.8
ZN-01,Open Office - Floor 1,workspace,80,2026-08-07 09:45:00,59,73.8
ZN-01,Open Office - Floor 1,workspace,80,2026-08-07 10:00:00,70,87.5
ZN-01,Open Office - Floor 1,workspace,80,2026-08-07 10:15:00,49,61.2
ZN-01,Open Office - Floor 1,workspace,80,2026-08-07 10:30:00,28,35.0
ZN-01,Open Office - Floor 1,workspace,80,2026-08-07 10:45:00,25,31.2
ZN-01,Open Office - Floor 1,workspace,80,2026-08-07 11:00:00,79,98.8
ZN-01,Open Office - Floor 1,workspace,80,2026-08-07 11:15:00,72,90.0
ZN-01,Open Office - Floor 1,workspace,80,2026-08-07 11:30:00,68,85.0
ZN-01,Open Office - Floor 1,workspace,80,2026-08-07 11:45:00,80,100.0
ZN-01,Open Office - Floor 1,workspace,80,2026-08-07 12:00:00,39,48.8
ZN-01,Open Office - Floor 1,workspace,80,2026-08-07 12:15:00,49,61.2
ZN-01,Open Office - Floor 1,workspace,80,2026-08-07 12:30:00,49,61.2
ZN-01,Open Office - Floor 1,workspace,80,2026-08-07 12:45:00,49,61.2
ZN-01,Open Office - Floor 1,workspace,80,2026-08-07 13:00:00,43,53.8
ZN-01,Open Office - Floor 1,workspace,80,2026-08-07 13:15:00,48,60.0
ZN-01,Open Office - Floor 1,workspace,80,2026-08-07 13:30:00,56,70.0
ZN-01,Open Office - Floor 1,workspace,80,2026-08-07 13:45:00,80,100.0
ZN-01,Open Office - Floor 1,workspace,80,2026-08-07 14:00:00,79,98.8
ZN-01,Open Office - Floor 1,workspace,80,2026-08-07 14:15:00,79,98.8
ZN-01,Open Office - Floor 1,workspace,80,2026-08-07 14:30:00,77,96.2
ZN-01,Open Office - Floor 1,workspace,80,2026-08-07 14:45:00,80,100.0
ZN-01,Open Office - Floor 1,workspace,80,2026-08-07 15:00:00,61,76.2
ZN-01,Open Office - Floor 1,workspace,80,2026-08-07 15:15:00,36,45.0
ZN-01,Open Office - Floor 1,workspace,80,2026-08-07 15:30:00,20,25.0
ZN-01,Open Office - Floor 1,workspace,80,2026-08-07 15:45:00,21,26.2
ZN-01,Open Office - Floor 1,workspace,80,2026-08-07 16:00:00,20,25.0
ZN-01,Open Office - Floor 1,workspace,80,2026-08-07 16:15:00,0,0.0
ZN-01,Open Office - Floor 1,workspace,80,2026-08-07 16:30:00,0,0.0
ZN-01,Open Office - Floor 1,workspace,80,2026-08-07 16:45:00,0,0.0
ZN-01,Open Office - Floor 1,workspace,80,2026-08-07 17:00:00,0,0.0
ZN-01,Open Office - Floor 1,workspace,80,2026-08-07 17:15:00,0,0.0
ZN-01,Open Office - Floor 1,workspace,80,2026-08-07 17:30:00,0,0.0
ZN-01,Open Office - Floor 1,workspace,80,2026-08-07 17:45:00,0,0.0
ZN-01,Open Office - Floor 1,workspace,80,2026-08-07 18:00:00,3,3.8
ZN-01,Open Office - Floor 1,workspace,80,2026-08-07 18:15:00,0,0.0
ZN-01,Open Office - Floor 1,workspace,80,2026-08-07 18:30:00,9,11.2
ZN-01,Open Office - Floor 1,workspace,80,2026-08-07 18:45:00,0,0.0
ZN-01,Open Office - Floor 1,workspace,80,2026-08-07 19:00:00,0,0.0
ZN-01,Open Office - Floor 1,workspace,80,2026-08-07 19:15:00,0,0.0
ZN-01,Open Office - Floor 1,workspace,80,2026-08-07 19:30:00,2,2.5
ZN-01,Open Office - Floor 1,workspace,80,2026-08-07 19:45:00,0,0.0
ZN-01,Open Office - Floor 1,workspace,80,2026-08-07 20:00:00,3,3.8
ZN-01,Open Office - Floor 1,workspace,80,2026-08-07 20:15:00,0,0.0
ZN-01,Open Office - Floor 1,workspace,80,2026-08-07 20:30:00,4,5.0
ZN-01,Open Office - Floor 1,workspace,80,2026-08-07 20:45:00,0,0.0
ZN-01,Open Office - Floor 1,workspace,80,2026-08-07 21:00:00,2,2.5
ZN-01,Open Office - Floor 1,workspace,80,2026-08-07 21:15:00,5,6.2
ZN-01,Open Office - Floor 1,workspace,80,2026-08-07 21:30:00,0,0.0
ZN-01,Open Office - Floor 1,workspace,80,2026-08-07 21:45:00,0,0.0
ZN-01,Open Office - Floor 1,workspace,80,2026-08-07 22:00:00,0,0.0
ZN-01,Open Office - Floor 1,workspace,80,2026-08-07 22:15:00,0,0.0
ZN-01,Open Office - Floor 1,workspace,80,2026-08-07 22:30:00,1,1.2
ZN-01,Open Office - Floor 1,workspace,80,2026-08-07 22:45:00,3,3.8
ZN-01,Open Office - Floor 1,workspace,80,2026-08-07 23:00:00,1,1.2
ZN-01,Open Office - Floor 1,workspace,80,2026-08-07 23:15:00,0,0.0
ZN-01,Open Office - Floor 1,workspace,80,2026-08-07 23:30:00,3,3.8
ZN-01,Open Office - Floor 1,workspace,80,2026-08-07 23:45:00,5,6.2
ZN-01,Open Office - Floor 1,workspace,80,2026-08-08 00:00:00,7,8.8
ZN-01,Open Office - Floor 1,workspace,80,2026-08-08 00:15:00,13,16.2
ZN-01,Open Office - Floor 1,workspace,80,2026-08-08 00:30:00,0,0.0
ZN-01,Open Office - Floor 1,workspace,80,2026-08-08 00:45:00,4,5.0
ZN-01,Open Office - Floor 1,workspace,80,2026-08-08 01:00:00,0,0.0
ZN-01,Open Office - Floor 1,workspace,80,2026-08-08 01:15:00,0,0.0
ZN-01,Open Office - Floor 1,workspace,80,2026-08-08 01:30:00,5,6.2
ZN-01,Open Office - Floor 1,workspace,80,2026-08-08 01:45:00,9,11.2
ZN-01,Open Office - Floor 1,workspace,80,2026-08-08 02:00:00,0,0.0
ZN-01,Open Office - Floor 1,workspace,80,2026-08-08 02:15:00,5,6.2
ZN-01,Open Office - Floor 1,workspace,80,2026-08-08 02:30:00,3,3.8
ZN-01,Open Office - Floor 1,workspace,80,2026-08-08 02:45:00,5,6.2
ZN-01,Open Office - Floor 1,workspace,80,2026-08-08 03:00:00,3,3.8
ZN-01,Open Office - Floor 1,workspace,80,2026-08-08 03:15:00,0,0.0
ZN-01,Open Office - Floor 1,workspace,80,2026-08-08 03:30:00,0,0.0
ZN-01,Open Office - Floor 1,workspace,80,2026-08-08 03:45:00,0,0.0
ZN-01,Open Office - Floor 1,workspace,80,2026-08-08 04:00:00,4,5.0
ZN-01,Open Office - Floor 1,workspace,80,2026-08-08 04:15:00,2,2.5
ZN-01,Open Office - Floor 1,workspace,80,2026-08-08 04:30:00,13,16.2
ZN-01,Open Office - Floor 1,workspace,80,2026-08-08 04:45:00,3,3.8
ZN-01,Open Office - Floor 1,workspace,80,2026-08-08 05:00:00,7,8.8
ZN-01,Open Office - Floor 1,workspace,80,2026-08-08 05:15:00,0,0.0
ZN-01,Open Office - Floor 1,workspace,80,2026-08-08 05:30:00,0,0.0
ZN-01,Open Office - Floor 1,workspace,80,2026-08-08 05:45:00,3,3.8
ZN-01,Open Office - Floor 1,workspace,80,2026-08-08 06:00:00,11,13.8
ZN-01,Open Office - Floor 1,workspace,80,2026-08-08 06:15:00,4,5.0
ZN-01,Open Office - Floor 1,workspace,80,2026-08-08 06:30:00,1,1.2
ZN-01,Open Office - Floor 1,workspace,80,2026-08-08 06:45:00,4,5.0
ZN-01,Open Office - Floor 1,workspace,80,2026-08-08 07:00:00,5,6.2
ZN-01,Open Office - Floor 1,workspace,80,2026-08-08 07:15:00,5,6.2
ZN-01,Open Office - Floor 1,workspace,80,2026-08-08 07:30:00,3,3.8
ZN-01,Open Office - Floor 1,workspace,80,2026-08-08 07:45:00,0,0.0
ZN-01,Open Office - Floor 1,workspace,80,2026-08-08 08:00:00,0,0.0
ZN-01,Open Office - Floor 1,workspace,80,2026-08-08 08:15:00,0,0.0
ZN-01,Open Office - Floor 1,workspace,80,2026-08-08 08:30:00,2,2.5
ZN-01,Open Office - Floor 1,workspace,80,2026-08-08 08:45:00,0,0.0
ZN-01,Open Office - Floor 1,workspace,80,2026-08-08 09:00:00,10,12.5
ZN-01,Open Office - Floor 1,workspace,80,2026-08-08 09:15:00,5,6.2
ZN-01,Open Office - Floor 1,workspace,80,2026-08-08 09:30:00,0,0.0
ZN-01,Open Office - Floor 1,workspace,80,2026-08-08 09:45:00,6,7.5
ZN-01,Open Office - Floor 1,workspace,80,2026-08-08 10:00:00,14,17.5
ZN-01,Open Office - Floor 1,workspace,80,2026-08-08 10:15:00,4,5.0
ZN-01,Open Office - Floor 1,workspace,80,2026-08-08 10:30:00,4,5.0
ZN-01,Open Office - Floor 1,workspace,80,2026-08-08 10:45:00,7,8.8
ZN-01,Open Office - Floor 1,workspace,80,2026-08-08 11:00:00,0,0.0
ZN-01,Open Office - Floor 1,workspace,80,2026-08-08 11:15:00,0,0.0
ZN-01,Open Office - Floor 1,workspace,80,2026-08-08 11:30:00,0,0.0
ZN-01,Open Office - Floor 1,workspace,80,2026-08-08 11:45:00,6,7.5
ZN-01,Open Office - Floor 1,workspace,80,2026-08-08 12:00:00,0,0.0
ZN-01,Open Office - Floor 1,workspace,80,2026-08-08 12:15:00,4,5.0
ZN-01,Open Office - Floor 1,workspace,80,2026-08-08 12:30:00,0,0.0
ZN-01,Open Office - Floor 1,workspace,80,2026-08-08 12:45:00,1,1.2
ZN-01,Open Office - Floor 1,workspace,80,2026-08-08 13:00:00,0,0.0
ZN-01,Open Office - Floor 1,workspace,80,2026-08-08 13:15:00,10,12.5
ZN-01,Open Office - Floor 1,workspace,80,2026-08-08 13:30:00,0,0.0
ZN-01,Open Office - Floor 1,workspace,80,2026-08-08 13:45:00,0,0.0
ZN-01,Open Office - Floor 1,workspace,80,2026-08-08 14:00:00,4,5.0
ZN-01,Open Office - Floor 1,workspace,80,2026-08-08 14:15:00,0,0.0
ZN-01,Open Office - Floor 1,workspace,80,2026-08-08 14:30:00,5,6.2
ZN-01,Open Office - Floor 1,workspace,80,2026-08-08 14:45:00,2,2.5
ZN-01,Open Office - Floor 1,workspace,80,2026-08-08 15:00:00,3,3.8
ZN-01,Open Office - Floor 1,workspace,80,2026-08-08 15:15:00,3,3.8
ZN-01,Open Office - Floor 1,workspace,80,2026-08-08 15:30:00,0,0.0
ZN-01,Open Office - Floor 1,workspace,80,2026-08-08 15:45:00,0,0.0
ZN-01,Open Office - Floor 1,workspace,80,2026-08-08 16:00:00,12,15.0
ZN-01,Open Office - Floor 1,workspace,80,2026-08-08 16:15:00,0,0.0
ZN-01,Open Office - Floor 1,workspace,80,2026-08-08 16:30:00,5,6.2
ZN-01,Open Office - Floor 1,workspace,80,2026-08-08 16:45:00,0,0.0
ZN-01,Open Office - Floor 1,workspace,80,2026-08-08 17:00:00,2,2.5
ZN-01,Open Office - Floor 1,workspace,80,2026-08-08 17:15:00,1,1.2
ZN-01,Open Office - Floor 1,workspace,80,2026-08-08 17:30:00,9,11.2
ZN-01,Open Office - Floor 1,workspace,80,2026-08-08 17:45:00,1,1.2
ZN-01,Open Office - Floor 1,workspace,80,2026-08-08 18:00:00,0,0.0
ZN-01,Open Office - Floor 1,workspace,80,2026-08-08 18:15:00,0,0.0
ZN-01,Open Office - Floor 1,workspace,80,2026-08-08 18:30:00,4,5.0
ZN-01,Open Office - Floor 1,workspace,80,2026-08-08 18:45:00,7,8.8
ZN-01,Open Office - Floor 1,workspace,80,2026-08-08 19:00:00,12,15.0
ZN-01,Open Office - Floor 1,workspace,80,2026-08-08 19:15:00,13,16.2
ZN-01,Open Office - Floor 1,workspace,80,2026-08-08 19:30:00,0,0.0
ZN-01,Open Office - Floor 1,workspace,80,2026-08-08 19:45:00,2,2.5
ZN-01,Open Office - Floor 1,workspace,80,2026-08-08 20:00:00,0,0.0
ZN-01,Open Office - Floor 1,workspace,80,2026-08-08 20:15:00,4,5.0
ZN-01,Open Office - Floor 1,workspace,80,2026-08-08 20:30:00,6,7.5
ZN-01,Open Office - Floor 1,workspace,80,2026-08-08 20:45:00,0,0.0
ZN-01,Open Office - Floor 1,workspace,80,2026-08-08 21:00:00,7,8.8
ZN-01,Open Office - Floor 1,workspace,80,2026-08-08 21:15:00,6,7.5
ZN-01,Open Office - Floor 1,workspace,80,2026-08-08 21:30:00,1,1.2
ZN-01,Open Office - Floor 1,workspace,80,2026-08-08 21:45:00,0,0.0
ZN-01,Open Office - Floor 1,workspace,80,2026-08-08 22:00:00,10,12.5
ZN-01,Open Office - Floor 1,workspace,80,2026-08-08 22:15:00,2,2.5
ZN-01,Open Office - Floor 1,workspace,80,2026-08-08 22:30:00,0,0.0
ZN-01,Open Office - Floor 1,workspace,80,2026-08-08 22:45:00,3,3.8
ZN-01,Open Office - Floor 1,workspace,80,2026-08-08 23:00:00,7,8.8
ZN-01,Open Office - Floor 1,workspace,80,2026-08-08 23:15:00,6,7.5
ZN-01,Open Office - Floor 1,workspace,80,2026-08-08 23:30:00,0,0.0
ZN-01,Open Office - Floor 1,workspace,80,2026-08-08 23:45:00,0,0.0
ZN-01,Open Office - Floor 1,workspace,80,2026-08-09 00:00:00,0,0.0
ZN-01,Open Office - Floor 1,workspace,80,2026-08-09 00:15:00,3,3.8
ZN-01,Open Office - Floor 1,workspace,80,2026-08-09 00:30:00,3,3.8
ZN-01,Open Office - Floor 1,workspace,80,2026-08-09 00:45:00,0,0.0
ZN-01,Open Office - Floor 1,workspace,80,2026-08-09 01:00:00,7,8.8
ZN-01,Open Office - Floor 1,workspace,80,2026-08-09 01:15:00,5,6.2
ZN-01,Open Office - Floor 1,workspace,80,2026-08-09 01:30:00,0,0.0
ZN-01,Open Office - Floor 1,workspace,80,2026-08-09 01:45:00,0,0.0
ZN-01,Open Office - Floor 1,workspace,80,2026-08-09 02:00:00,2,2.5
ZN-01,Open Office - Floor 1,workspace,80,2026-08-09 02:15:00,0,0.0
ZN-01,Open Office - Floor 1,workspace,80,2026-08-09 02:30:00,3,3.8
ZN-01,Open Office - Floor 1,workspace,80,2026-08-09 02:45:00,3,3.8
ZN-01,Open Office - Floor 1,workspace,80,2026-08-09 03:00:00,0,0.0
ZN-01,Open Office - Floor 1,workspace,80,2026-08-09 03:15:00,5,6.2
ZN-01,Open Office - Floor 1,workspace,80,2026-08-09 03:30:00,11,13.8
ZN-01,Open Office - Floor 1,workspace,80,2026-08-09 03:45:00,0,0.0
ZN-01,Open Office - Floor 1,workspace,80,2026-08-09 04:00:00,5,6.2
ZN-01,Open Office - Floor 1,workspace,80,2026-08-09 04:15:00,0,0.0
ZN-01,Open Office - Floor 1,workspace,80,2026-08-09 04:30:00,10,12.5
ZN-01,Open Office - Floor 1,workspace,80,2026-08-09 04:45:00,8,10.0
ZN-01,Open Office - Floor 1,workspace,80,2026-08-09 05:00:00,2,2.5
ZN-01,Open Office - Floor 1,workspace,80,2026-08-09 05:15:00,0,0.0
ZN-01,Open Office - Floor 1,workspace,80,2026-08-09 05:30:00,6,7.5
ZN-01,Open Office - Floor 1,workspace,80,2026-08-09 05:45:00,2,2.5
ZN-01,Open Office - Floor 1,workspace,80,2026-08-09 06:00:00,0,0.0
ZN-01,Open Office - Floor 1,workspace,80,2026-08-09 06:15:00,0,0.0
ZN-01,Open Office - Floor 1,workspace,80,2026-08-09 06:30:00,2,2.5
ZN-01,Open Office - Floor 1,workspace,80,2026-08-09 06:45:00,13,16.2
ZN-01,Open Office - Floor 1,workspace,80,2026-08-09 07:00:00,8,10.0
ZN-01,Open Office - Floor 1,workspace,80,2026-08-09 07:15:00,9,11.2
ZN-01,Open Office - Floor 1,workspace,80,2026-08-09 07:30:00,7,8.8
ZN-01,Open Office - Floor 1,workspace,80,2026-08-09 07:45:00,9,11.2
ZN-01,Open Office - Floor 1,workspace,80,2026-08-09 08:00:00,10,12.5
ZN-01,Open Office - Floor 1,workspace,80,2026-08-09 08:15:00,0,0.0
ZN-01,Open Office - Floor 1,workspace,80,2026-08-09 08:30:00,5,6.2
ZN-01,Open Office - Floor 1,workspace,80,2026-08-09 08:45:00,5,6.2
ZN-01,Open Office - Floor 1,workspace,80,2026-08-09 09:00:00,5,6.2
ZN-01,Open Office - Floor 1,workspace,80,2026-08-09 09:15:00,4,5.0
ZN-01,Open Office - Floor 1,workspace,80,2026-08-09 09:30:00,0,0.0
ZN-01,Open Office - Floor 1,workspace,80,2026-08-09 09:45:00,3,3.8
ZN-01,Open Office - Floor 1,workspace,80,2026-08-09 10:00:00,0,0.0
ZN-01,Open Office - Floor 1,workspace,80,2026-08-09 10:15:00,7,8.8
ZN-01,Open Office - Floor 1,workspace,80,2026-08-09 10:30:00,0,0.0
ZN-01,Open Office - Floor 1,workspace,80,2026-08-09 10:45:00,1,1.2
ZN-01,Open Office - Floor 1,workspace,80,2026-08-09 11:00:00,2,2.5
ZN-01,Open Office - Floor 1,workspace,80,2026-08-09 11:15:00,0,0.0
ZN-01,Open Office - Floor 1,workspace,80,2026-08-09 11:30:00,2,2.5
ZN-01,Open Office - Floor 1,workspace,80,2026-08-09 11:45:00,0,0.0
ZN-01,Open Office - Floor 1,workspace,80,2026-08-09 12:00:00,7,8.8
ZN-01,Open Office - Floor 1,workspace,80,2026-08-09 12:15:00,0,0.0
ZN-01,Open Office - Floor 1,workspace,80,2026-08-09 12:30:00,0,0.0
ZN-01,Open Office - Floor 1,workspace,80,2026-08-09 12:45:00,8,10.0
ZN-01,Open Office - Floor 1,workspace,80,2026-08-09 13:00:00,1,1.2
ZN-01,Open Office - Floor 1,workspace,80,2026-08-09 13:15:00,0,0.0
ZN-01,Open Office - Floor 1,workspace,80,2026-08-09 13:30:00,2,2.5
ZN-01,Open Office - Floor 1,workspace,80,2026-08-09 13:45:00,1,1.2
ZN-01,Open Office - Floor 1,workspace,80,2026-08-09 14:00:00,4,5.0
ZN-01,Open Office - Floor 1,workspace,80,2026-08-09 14:15:00,0,0.0
ZN-01,Open Office - Floor 1,workspace,80,2026-08-09 14:30:00,8,10.0
ZN-01,Open Office - Floor 1,workspace,80,2026-08-09 14:45:00,4,5.0
ZN-01,Open Office - Floor 1,workspace,80,2026-08-09 15:00:00,10,12.5
ZN-01,Open Office - Floor 1,workspace,80,2026-08-09 15:15:00,5,6.2
ZN-01,Open Office - Floor 1,workspace,80,2026-08-09 15:30:00,0,0.0
ZN-01,Open Office - Floor 1,workspace,80,2026-08-09 15:45:00,7,8.8
ZN-01,Open Office - Floor 1,workspace,80,2026-08-09 16:00:00,1,1.2
ZN-01,Open Office - Floor 1,workspace,80,2026-08-09 16:15:00,3,3.8
ZN-01,Open Office - Floor 1,workspace,80,2026-08-09 16:30:00,0,0.0
ZN-01,Open Office - Floor 1,workspace,80,2026-08-09 16:45:00,0,0.0
ZN-01,Open Office - Floor 1,workspace,80,2026-08-09 17:00:00,9,11.2
ZN-01,Open Office - Floor 1,workspace,80,2026-08-09 17:15:00,8,10.0
ZN-01,Open Office - Floor 1,workspace,80,2026-08-09 17:30:00,0,0.0
ZN-01,Open Office - Floor 1,workspace,80,2026-08-09 17:45:00,4,5.0
ZN-01,Open Office - Floor 1,workspace,80,2026-08-09 18:00:00,4,5.0
ZN-01,Open Office - Floor 1,workspace,80,2026-08-09 18:15:00,8,10.0
ZN-01,Open Office - Floor 1,workspace,80,2026-08-09 18:30:00,0,0.0
ZN-01,Open Office - Floor 1,workspace,80,2026-08-09 18:45:00,0,0.0
ZN-01,Open Office - Floor 1,workspace,80,2026-08-09 19:00:00,4,5.0
ZN-01,Open Office - Floor 1,workspace,80,2026-08-09 19:15:00,0,0.0
ZN-01,Open Office - Floor 1,workspace,80,2026-08-09 19:30:00,0,0.0
ZN-01,Open Office - Floor 1,workspace,80,2026-08-09 19:45:00,0,0.0
ZN-01,Open Office - Floor 1,workspace,80,2026-08-09 20:00:00,8,10.0
ZN-01,Open Office - Floor 1,workspace,80,2026-08-09 20:15:00,0,0.0
ZN-01,Open Office - Floor 1,workspace,80,2026-08-09 20:30:00,7,8.8
ZN-01,Open Office - Floor 1,workspace,80,2026-08-09 20:45:00,5,6.2
ZN-01,Open Office - Floor 1,workspace,80,2026-08-09 21:00:00,0,0.0
ZN-01,Open Office - Floor 1,workspace,80,2026-08-09 21:15:00,7,8.8
ZN-01,Open Office - Floor 1,workspace,80,2026-08-09 21:30:00,9,11.2
ZN-01,Open Office - Floor 1,workspace,80,2026-08-09 21:45:00,4,5.0
ZN-01,Open Office - Floor 1,workspace,80,2026-08-09 22:00:00,1,1.2
ZN-01,Open Office - Floor 1,workspace,80,2026-08-09 22:15:00,6,7.5
ZN-01,Open Office - Floor 1,workspace,80,2026-08-09 22:30:00,0,0.0
ZN-01,Open Office - Floor 1,workspace,80,2026-08-09 22:45:00,5,6.2
ZN-01,Open Office - Floor 1,workspace,80,2026-08-09 23:00:00,10,12.5
ZN-01,Open Office - Floor 1,workspace,80,2026-08-09 23:15:00,0,0.0
ZN-01,Open Office - Floor 1,workspace,80,2026-08-09 23:30:00,0,0.0
ZN-01,Open Office - Floor 1,workspace,80,2026-08-09 23:45:00,6,7.5
ZN-01,Open Office - Floor 1,workspace,80,2026-08-10 00:00:00,0,0.0
ZN-01,Open Office - Floor 1,workspace,80,2026-08-10 00:15:00,0,0.0
ZN-01,Open Office - Floor 1,workspace,80,2026-08-10 00:30:00,1,1.2
ZN-01,Open Office - Floor 1,workspace,80,2026-08-10 00:45:00,0,0.0
ZN-01,Open Office - Floor 1,workspace,80,2026-08-10 01:00:00,1,1.2
ZN-01,Open Office - Floor 1,workspace,80,2026-08-10 01:15:00,0,0.0
ZN-01,Open Office - Floor 1,workspace,80,2026-08-10 01:30:00,0,0.0
ZN-01,Open Office - Floor 1,workspace,80,2026-08-10 01:45:00,0,0.0
ZN-01,Open Office - Floor 1,workspace,80,2026-08-10 02:00:00,3,3.8
ZN-01,Open Office - Floor 1,workspace,80,2026-08-10 02:15:00,0,0.0
ZN-01,Open Office - Floor 1,workspace,80,2026-08-10 02:30:00,2,2.5
ZN-01,Open Office - Floor 1,workspace,80,2026-08-10 02:45:00,3,3.8
ZN-01,Open Office - Floor 1,workspace,80,2026-08-10 03:00:00,2,2.5
ZN-01,Open Office - Floor 1,workspace,80,2026-08-10 03:15:00,0,0.0
ZN-01,Open Office - Floor 1,workspace,80,2026-08-10 03:30:00,6,7.5
ZN-01,Open Office - Floor 1,workspace,80,2026-08-10 03:45:00,0,0.0
ZN-01,Open Office - Floor 1,workspace,80,2026-08-10 04:00:00,5,6.2
ZN-01,Open Office - Floor 1,workspace,80,2026-08-10 04:15:00,5,6.2
ZN-01,Open Office - Floor 1,workspace,80,2026-08-10 04:30:00,4,5.0
ZN-01,Open Office - Floor 1,workspace,80,2026-08-10 04:45:00,0,0.0
ZN-01,Open Office - Floor 1,workspace,80,2026-08-10 05:00:00,5,6.2
ZN-01,Open Office - Floor 1,workspace,80,2026-08-10 05:15:00,2,2.5
ZN-01,Open Office - Floor 1,workspace,80,2026-08-10 05:30:00,0,0.0
ZN-01,Open Office - Floor 1,workspace,80,2026-08-10 05:45:00,30,37.5
ZN-01,Open Office - Floor 1,workspace,80,2026-08-10 06:00:00,61,76.2
ZN-01,Open Office - Floor 1,workspace,80,2026-08-10 06:15:00,75,93.8
ZN-01,Open Office - Floor 1,workspace,80,2026-08-10 06:30:00,80,100.0
ZN-01,Open Office - Floor 1,workspace,80,2026-08-10 06:45:00,80,100.0
ZN-01,Open Office - Floor 1,workspace,80,2026-08-10 07:00:00,75,93.8
ZN-01,Open Office - Floor 1,workspace,80,2026-08-10 07:15:00,75,93.8
ZN-01,Open Office - Floor 1,workspace,80,2026-08-10 07:30:00,79,98.8
ZN-01,Open Office - Floor 1,workspace,80,2026-08-10 07:45:00,75,93.8
ZN-01,Open Office - Floor 1,workspace,80,2026-08-10 08:00:00,76,95.0
ZN-01,Open Office - Floor 1,workspace,80,2026-08-10 08:15:00,71,88.8
ZN-01,Open Office - Floor 1,workspace,80,2026-08-10 08:30:00,76,95.0
ZN-01,Open Office - Floor 1,workspace,80,2026-08-10 08:45:00,70,87.5
ZN-01,Open Office - Floor 1,workspace,80,2026-08-10 09:00:00,77,96.2
ZN-01,Open Office - Floor 1,workspace,80,2026-08-10 09:15:00,65,81.2
ZN-01,Open Office - Floor 1,workspace,80,2026-08-10 09:30:00,68,85.0
ZN-01,Open Office - Floor 1,workspace,80,2026-08-10 09:45:00,63,78.8
ZN-01,Open Office - Floor 1,workspace,80,2026-08-10 10:00:00,64,80.0
ZN-02,Open Office - Floor 2,workspace,80,2026-07-20 10:00:00,63,78.8
ZN-02,Open Office - Floor 2,workspace,80,2026-07-20 10:15:00,41,51.2
ZN-02,Open Office - Floor 2,workspace,80,2026-07-20 10:30:00,16,20.0
ZN-02,Open Office - Floor 2,workspace,80,2026-07-20 10:45:00,26,32.5
ZN-02,Open Office - Floor 2,workspace,80,2026-07-20 11:00:00,68,85.0
ZN-02,Open Office - Floor 2,workspace,80,2026-07-20 11:15:00,63,78.8
ZN-02,Open Office - Floor 2,workspace,80,2026-07-20 11:30:00,68,85.0
ZN-02,Open Office - Floor 2,workspace,80,2026-07-20 11:45:00,64,80.0
ZN-02,Open Office - Floor 2,workspace,80,2026-07-20 12:00:00,46,57.5
ZN-02,Open Office - Floor 2,workspace,80,2026-07-20 12:15:00,49,61.2
ZN-02,Open Office - Floor 2,workspace,80,2026-07-20 12:30:00,41,51.2
ZN-02,Open Office - Floor 2,workspace,80,2026-07-20 12:45:00,42,52.5
ZN-02,Open Office - Floor 2,workspace,80,2026-07-20 13:00:00,52,65.0
ZN-02,Open Office - Floor 2,workspace,80,2026-07-20 13:15:00,55,68.8
ZN-02,Open Office - Floor 2,workspace,80,2026-07-20 13:30:00,47,58.8
ZN-02,Open Office - Floor 2,workspace,80,2026-07-20 13:45:00,75,93.8
ZN-02,Open Office - Floor 2,workspace,80,2026-07-20 14:00:00,71,88.8
ZN-02,Open Office - Floor 2,workspace,80,2026-07-20 14:15:00,80,100.0
ZN-02,Open Office - Floor 2,workspace,80,2026-07-20 14:30:00,80,100.0
ZN-02,Open Office - Floor 2,workspace,80,2026-07-20 14:45:00,74,92.5
ZN-02,Open Office - Floor 2,workspace,80,2026-07-20 15:00:00,73,91.2
ZN-02,Open Office - Floor 2,workspace,80,2026-07-20 15:15:00,38,47.5
ZN-02,Open Office - Floor 2,workspace,80,2026-07-20 15:30:00,28,35.0
ZN-02,Open Office - Floor 2,workspace,80,2026-07-20 15:45:00,30,37.5
ZN-02,Open Office - Floor 2,workspace,80,2026-07-20 16:00:00,24,30.0
ZN-02,Open Office - Floor 2,workspace,80,2026-07-20 16:15:00,15,18.8
ZN-02,Open Office - Floor 2,workspace,80,2026-07-20 16:30:00,0,0.0
ZN-02,Open Office - Floor 2,workspace,80,2026-07-20 16:45:00,1,1.2
ZN-02,Open Office - Floor 2,workspace,80,2026-07-20 17:00:00,11,13.8
ZN-02,Open Office - Floor 2,workspace,80,2026-07-20 17:15:00,0,0.0
ZN-02,Open Office - Floor 2,workspace,80,2026-07-20 17:30:00,0,0.0
ZN-02,Open Office - Floor 2,workspace,80,2026-07-20 17:45:00,1,1.2
ZN-02,Open Office - Floor 2,workspace,80,2026-07-20 18:00:00,0,0.0
ZN-02,Open Office - Floor 2,workspace,80,2026-07-20 18:15:00,0,0.0
ZN-02,Open Office - Floor 2,workspace,80,2026-07-20 18:30:00,1,1.2
ZN-02,Open Office - Floor 2,workspace,80,2026-07-20 18:45:00,4,5.0
ZN-02,Open Office - Floor 2,workspace,80,2026-07-20 19:00:00,0,0.0
ZN-02,Open Office - Floor 2,workspace,80,2026-07-20 19:15:00,0,0.0
ZN-02,Open Office - Floor 2,workspace,80,2026-07-20 19:30:00,0,0.0
ZN-02,Open Office - Floor 2,workspace,80,2026-07-20 19:45:00,5,6.2
ZN-02,Open Office - Floor 2,workspace,80,2026-07-20 20:00:00,0,0.0
ZN-02,Open Office - Floor 2,workspace,80,2026-07-20 20:15:00,3,3.8
ZN-02,Open Office - Floor 2,workspace,80,2026-07-20 20:30:00,9,11.2
ZN-02,Open Office - Floor 2,workspace,80,2026-07-20 20:45:00,7,8.8
ZN-02,Open Office - Floor 2,workspace,80,2026-07-20 21:00:00,2,2.5
ZN-02,Open Office - Floor 2,workspace,80,2026-07-20 21:15:00,0,0.0
ZN-02,Open Office - Floor 2,workspace,80,2026-07-20 21:30:00,9,11.2
ZN-02,Open Office - Floor 2,workspace,80,2026-07-20 21:45:00,0,0.0
ZN-02,Open Office - Floor 2,workspace,80,2026-07-20 22:00:00,4,5.0
ZN-02,Open Office - Floor 2,workspace,80,2026-07-20 22:15:00,0,0.0
ZN-02,Open Office - Floor 2,workspace,80,2026-07-20 22:30:00,0,0.0
ZN-02,Open Office - Floor 2,workspace,80,2026-07-20 22:45:00,8,10.0
ZN-02,Open Office - Floor 2,workspace,80,2026-07-20 23:00:00,0,0.0
ZN-02,Open Office - Floor 2,workspace,80,2026-07-20 23:15:00,0,0.0
ZN-02,Open Office - Floor 2,workspace,80,2026-07-20 23:30:00,0,0.0
ZN-02,Open Office - Floor 2,workspace,80,2026-07-20 23:45:00,5,6.2
ZN-02,Open Office - Floor 2,workspace,80,2026-07-21 00:00:00,0,0.0
ZN-02,Open Office - Floor 2,workspace,80,2026-07-21 00:15:00,6,7.5
ZN-02,Open Office - Floor 2,workspace,80,2026-07-21 00:30:00,0,0.0
ZN-02,Open Office - Floor 2,workspace,80,2026-07-21 00:45:00,3,3.8
ZN-02,Open Office - Floor 2,workspace,80,2026-07-21 01:00:00,13,16.2
ZN-02,Open Office - Floor 2,workspace,80,2026-07-21 01:15:00,2,2.5
ZN-02,Open Office - Floor 2,workspace,80,2026-07-21 01:30:00,5,6.2
ZN-02,Open Office - Floor 2,workspace,80,2026-07-21 01:45:00,7,8.8
ZN-02,Open Office - Floor 2,workspace,80,2026-07-21 02:00:00,0,0.0
ZN-02,Open Office - Floor 2,workspace,80,2026-07-21 02:15:00,1,1.2
ZN-02,Open Office - Floor 2,workspace,80,2026-07-21 02:30:00,0,0.0
ZN-02,Open Office - Floor 2,workspace,80,2026-07-21 02:45:00,1,1.2
ZN-02,Open Office - Floor 2,workspace,80,2026-07-21 03:00:00,0,0.0
ZN-02,Open Office - Floor 2,workspace,80,2026-07-21 03:15:00,0,0.0
ZN-02,Open Office - Floor 2,workspace,80,2026-07-21 03:30:00,0,0.0
ZN-02,Open Office - Floor 2,workspace,80,2026-07-21 03:45:00,4,5.0
ZN-02,Open Office - Floor 2,workspace,80,2026-07-21 04:00:00,0,0.0
ZN-02,Open Office - Floor 2,workspace,80,2026-07-21 04:15:00,1,1.2
ZN-02,Open Office - Floor 2,workspace,80,2026-07-21 04:30:00,7,8.8
ZN-02,Open Office - Floor 2,workspace,80,2026-07-21 04:45:00,0,0.0
ZN-02,Open Office - Floor 2,workspace,80,2026-07-21 05:00:00,0,0.0
ZN-02,Open Office - Floor 2,workspace,80,2026-07-21 05:15:00,3,3.8
ZN-02,Open Office - Floor 2,workspace,80,2026-07-21 05:30:00,1,1.2
ZN-02,Open Office - Floor 2,workspace,80,2026-07-21 05:45:00,28,35.0
ZN-02,Open Office - Floor 2,workspace,80,2026-07-21 06:00:00,70,87.5
ZN-02,Open Office - Floor 2,workspace,80,2026-07-21 06:15:00,75,93.8
ZN-02,Open Office - Floor 2,workspace,80,2026-07-21 06:30:00,76,95.0
ZN-02,Open Office - Floor 2,workspace,80,2026-07-21 06:45:00,78,97.5
ZN-02,Open Office - Floor 2,workspace,80,2026-07-21 07:00:00,73,91.2
ZN-02,Open Office - Floor 2,workspace,80,2026-07-21 07:15:00,77,96.2
ZN-02,Open Office - Floor 2,workspace,80,2026-07-21 07:30:00,80,100.0
ZN-02,Open Office - Floor 2,workspace,80,2026-07-21 07:45:00,78,97.5
ZN-02,Open Office - Floor 2,workspace,80,2026-07-21 08:00:00,75,93.8
ZN-02,Open Office - Floor 2,workspace,80,2026-07-21 08:15:00,80,100.0
ZN-02,Open Office - Floor 2,workspace,80,2026-07-21 08:30:00,70,87.5
ZN-02,Open Office - Floor 2,workspace,80,2026-07-21 08:45:00,77,96.2
ZN-02,Open Office - Floor 2,workspace,80,2026-07-21 09:00:00,73,91.2
ZN-02,Open Office - Floor 2,workspace,80,2026-07-21 09:15:00,67,83.8
ZN-02,Open Office - Floor 2,workspace,80,2026-07-21 09:30:00,72,90.0
ZN-02,Open Office - Floor 2,workspace,80,2026-07-21 09:45:00,64,80.0
ZN-02,Open Office - Floor 2,workspace,80,2026-07-21 10:00:00,63,78.8
ZN-02,Open Office - Floor 2,workspace,80,2026-07-21 10:15:00,47,58.8
ZN-02,Open Office - Floor 2,workspace,80,2026-07-21 10:30:00,23,28.8
ZN-02,Open Office - Floor 2,workspace,80,2026-07-21 10:45:00,22,27.5
ZN-02,Open Office - Floor 2,workspace,80,2026-07-21 11:00:00,67,83.8
ZN-02,Open Office - Floor 2,workspace,80,2026-07-21 11:15:00,66,82.5
ZN-02,Open Office - Floor 2,workspace,80,2026-07-21 11:30:00,71,88.8
ZN-02,Open Office - Floor 2,workspace,80,2026-07-21 11:45:00,74,92.5
ZN-02,Open Office - Floor 2,workspace,80,2026-07-21 12:00:00,46,57.5
ZN-02,Open Office - Floor 2,workspace,80,2026-07-21 12:15:00,47,58.8
ZN-02,Open Office - Floor 2,workspace,80,2026-07-21 12:30:00,52,65.0
ZN-02,Open Office - Floor 2,workspace,80,2026-07-21 12:45:00,47,58.8
ZN-02,Open Office - Floor 2,workspace,80,2026-07-21 13:00:00,43,53.8
ZN-02,Open Office - Floor 2,workspace,80,2026-07-21 13:15:00,42,52.5
ZN-02,Open Office - Floor 2,workspace,80,2026-07-21 13:30:00,51,63.8
ZN-02,Open Office - Floor 2,workspace,80,2026-07-21 13:45:00,80,100.0
ZN-02,Open Office - Floor 2,workspace,80,2026-07-21 14:00:00,77,96.2
ZN-02,Open Office - Floor 2,workspace,80,2026-07-21 14:15:00,80,100.0
ZN-02,Open Office - Floor 2,workspace,80,2026-07-21 14:30:00,75,93.8
ZN-02,Open Office - Floor 2,workspace,80,2026-07-21 14:45:00,72,90.0
ZN-02,Open Office - Floor 2,workspace,80,2026-07-21 15:00:00,61,76.2
ZN-02,Open Office - Floor 2,workspace,80,2026-07-21 15:15:00,32,40.0
ZN-02,Open Office - Floor 2,workspace,80,2026-07-21 15:30:00,33,41.2
ZN-02,Open Office - Floor 2,workspace,80,2026-07-21 15:45:00,25,31.2
ZN-02,Open Office - Floor 2,workspace,80,2026-07-21 16:00:00,19,23.8
ZN-02,Open Office - Floor 2,workspace,80,2026-07-21 16:15:00,1,1.2
ZN-02,Open Office - Floor 2,workspace,80,2026-07-21 16:30:00,4,5.0
ZN-02,Open Office - Floor 2,workspace,80,2026-07-21 16:45:00,6,7.5
ZN-02,Open Office - Floor 2,workspace,80,2026-07-21 17:00:00,0,0.0
ZN-02,Open Office - Floor 2,workspace,80,2026-07-21 17:15:00,0,0.0
ZN-02,Open Office - Floor 2,workspace,80,2026-07-21 17:30:00,0,0.0
ZN-02,Open Office - Floor 2,workspace,80,2026-07-21 17:45:00,0,0.0
ZN-02,Open Office - Floor 2,workspace,80,2026-07-21 18:00:00,0,0.0
ZN-02,Open Office - Floor 2,workspace,80,2026-07-21 18:15:00,2,2.5
ZN-02,Open Office - Floor 2,workspace,80,2026-07-21 18:30:00,0,0.0
ZN-02,Open Office - Floor 2,workspace,80,2026-07-21 18:45:00,10,12.5
ZN-02,Open Office - Floor 2,workspace,80,2026-07-21 19:00:00,2,2.5
ZN-02,Open Office - Floor 2,workspace,80,2026-07-21 19:15:00,5,6.2
ZN-02,Open Office - Floor 2,workspace,80,2026-07-21 19:30:00,0,0.0
ZN-02,Open Office - Floor 2,workspace,80,2026-07-21 19:45:00,5,6.2
ZN-02,Open Office - Floor 2,workspace,80,2026-07-21 20:00:00,8,10.0
ZN-02,Open Office - Floor 2,workspace,80,2026-07-21 20:15:00,0,0.0
ZN-02,Open Office - Floor 2,workspace,80,2026-07-21 20:30:00,1,1.2
ZN-02,Open Office - Floor 2,workspace,80,2026-07-21 20:45:00,5,6.2
ZN-02,Open Office - Floor 2,workspace,80,2026-07-21 21:00:00,2,2.5
ZN-02,Open Office - Floor 2,workspace,80,2026-07-21 21:15:00,0,0.0
ZN-02,Open Office - Floor 2,workspace,80,2026-07-21 21:30:00,0,0.0
ZN-02,Open Office - Floor 2,workspace,80,2026-07-21 21:45:00,3,3.8
ZN-02,Open Office - Floor 2,workspace,80,2026-07-21 22:00:00,2,2.5
ZN-02,Open Office - Floor 2,workspace,80,2026-07-21 22:15:00,0,0.0
ZN-02,Open Office - Floor 2,workspace,80,2026-07-21 22:30:00,2,2.5
ZN-02,Open Office - Floor 2,workspace,80,2026-07-21 22:45:00,0,0.0
ZN-02,Open Office - Floor 2,workspace,80,2026-07-21 23:00:00,0,0.0
ZN-02,Open Office - Floor 2,workspace,80,2026-07-21 23:15:00,5,6.2
ZN-02,Open Office - Floor 2,workspace,80,2026-07-21 23:30:00,4,5.0
ZN-02,Open Office - Floor 2,workspace,80,2026-07-21 23:45:00,0,0.0
ZN-02,Open Office - Floor 2,workspace,80,2026-07-22 00:00:00,1,1.2
ZN-02,Open Office - Floor 2,workspace,80,2026-07-22 00:15:00,1,1.2
ZN-02,Open Office - Floor 2,workspace,80,2026-07-22 00:30:00,0,0.0
ZN-02,Open Office - Floor 2,workspace,80,2026-07-22 00:45:00,0,0.0
ZN-02,Open Office - Floor 2,workspace,80,2026-07-22 01:00:00,0,0.0
ZN-02,Open Office - Floor 2,workspace,80,2026-07-22 01:15:00,0,0.0
ZN-02,Open Office - Floor 2,workspace,80,2026-07-22 01:30:00,0,0.0
ZN-02,Open Office - Floor 2,workspace,80,2026-07-22 01:45:00,0,0.0
ZN-02,Open Office - Floor 2,workspace,80,2026-07-22 02:00:00,5,6.2
ZN-02,Open Office - Floor 2,workspace,80,2026-07-22 02:15:00,0,0.0
ZN-02,Open Office - Floor 2,workspace,80,2026-07-22 02:30:00,0,0.0
ZN-02,Open Office - Floor 2,workspace,80,2026-07-22 02:45:00,0,0.0
ZN-02,Open Office - Floor 2,workspace,80,2026-07-22 03:00:00,0,0.0
ZN-02,Open Office - Floor 2,workspace,80,2026-07-22 03:15:00,1,1.2
ZN-02,Open Office - Floor 2,workspace,80,2026-07-22 03:30:00,0,0.0
ZN-02,Open Office - Floor 2,workspace,80,2026-07-22 03:45:00,7,8.8
ZN-02,Open Office - Floor 2,workspace,80,2026-07-22 04:00:00,0,0.0
ZN-02,Open Office - Floor 2,workspace,80,2026-07-22 04:15:00,0,0.0
ZN-02,Open Office - Floor 2,workspace,80,2026-07-22 04:30:00,0,0.0
ZN-02,Open Office - Floor 2,workspace,80,2026-07-22 04:45:00,0,0.0
ZN-02,Open Office - Floor 2,workspace,80,2026-07-22 05:00:00,0,0.0
ZN-02,Open Office - Floor 2,workspace,80,2026-07-22 05:15:00,4,5.0
ZN-02,Open Office - Floor 2,workspace,80,2026-07-22 05:30:00,10,12.5
ZN-02,Open Office - Floor 2,workspace,80,2026-07-22 05:45:00,42,52.5
ZN-02,Open Office - Floor 2,workspace,80,2026-07-22 06:00:00,61,76.2
ZN-02,Open Office - Floor 2,workspace,80,2026-07-22 06:15:00,78,97.5
ZN-02,Open Office - Floor 2,workspace,80,2026-07-22 06:30:00,80,100.0
ZN-02,Open Office - Floor 2,workspace,80,2026-07-22 06:45:00,79,98.8
ZN-02,Open Office - Floor 2,workspace,80,2026-07-22 07:00:00,74,92.5
ZN-02,Open Office - Floor 2,workspace,80,2026-07-22 07:15:00,80,100.0
ZN-02,Open Office - Floor 2,workspace,80,2026-07-22 07:30:00,80,100.0
ZN-02,Open Office - Floor 2,workspace,80,2026-07-22 07:45:00,67,83.8
ZN-02,Open Office - Floor 2,workspace,80,2026-07-22 08:00:00,80,100.0
ZN-02,Open Office - Floor 2,workspace,80,2026-07-22 08:15:00,75,93.8
ZN-02,Open Office - Floor 2,workspace,80,2026-07-22 08:30:00,72,90.0
ZN-02,Open Office - Floor 2,workspace,80,2026-07-22 08:45:00,76,95.0
ZN-02,Open Office - Floor 2,workspace,80,2026-07-22 09:00:00,69,86.2
ZN-02,Open Office - Floor 2,workspace,80,2026-07-22 09:15:00,71,88.8
ZN-02,Open Office - Floor 2,workspace,80,2026-07-22 09:30:00,76,95.0
ZN-02,Open Office - Floor 2,workspace,80,2026-07-22 09:45:00,57,71.2
ZN-02,Open Office - Floor 2,workspace,80,2026-07-22 10:00:00,54,67.5
ZN-02,Open Office - Floor 2,workspace,80,2026-07-22 10:15:00,37,46.2
ZN-02,Open Office - Floor 2,workspace,80,2026-07-22 10:30:00,26,32.5
ZN-02,Open Office - Floor 2,workspace,80,2026-07-22 10:45:00,21,26.2
ZN-02,Open Office - Floor 2,workspace,80,2026-07-22 11:00:00,67,83.8
ZN-02,Open Office - Floor 2,workspace,80,2026-07-22 11:15:00,62,77.5
ZN-02,Open Office - Floor 2,workspace,80,2026-07-22 11:30:00,71,88.8
ZN-02,Open Office - Floor 2,workspace,80,2026-07-22 11:45:00,72,90.0
ZN-02,Open Office - Floor 2,workspace,80,2026-07-22 12:00:00,40,50.0
ZN-02,Open Office - Floor 2,workspace,80,2026-07-22 12:15:00,51,63.8
ZN-02,Open Office - Floor 2,workspace,80,2026-07-22 12:30:00,48,60.0
ZN-02,Open Office - Floor 2,workspace,80,2026-07-22 12:45:00,47,58.8
ZN-02,Open Office - Floor 2,workspace,80,2026-07-22 13:00:00,44,55.0
ZN-02,Open Office - Floor 2,workspace,80,2026-07-22 13:15:00,48,60.0
ZN-02,Open Office - Floor 2,workspace,80,2026-07-22 13:30:00,49,61.2
ZN-02,Open Office - Floor 2,workspace,80,2026-07-22 13:45:00,78,97.5
ZN-02,Open Office - Floor 2,workspace,80,2026-07-22 14:00:00,80,100.0
ZN-02,Open Office - Floor 2,workspace,80,2026-07-22 14:15:00,80,100.0
ZN-02,Open Office - Floor 2,workspace,80,2026-07-22 14:30:00,78,97.5
ZN-02,Open Office - Floor 2,workspace,80,2026-07-22 14:45:00,74,92.5
ZN-02,Open Office - Floor 2,workspace,80,2026-07-22 15:00:00,65,81.2
ZN-02,Open Office - Floor 2,workspace,80,2026-07-22 15:15:00,44,55.0
ZN-02,Open Office - Floor 2,workspace,80,2026-07-22 15:30:00,35,43.8
ZN-02,Open Office - Floor 2,workspace,80,2026-07-22 15:45:00,29,36.2
ZN-02,Open Office - Floor 2,workspace,80,2026-07-22 16:00:00,19,23.8
ZN-02,Open Office - Floor 2,workspace,80,2026-07-22 16:15:00,11,13.8
ZN-02,Open Office - Floor 2,workspace,80,2026-07-22 16:30:00,1,1.2
ZN-02,Open Office - Floor 2,workspace,80,2026-07-22 16:45:00,1,1.2
ZN-02,Open Office - Floor 2,workspace,80,2026-07-22 17:00:00,3,3.8
ZN-02,Open Office - Floor 2,workspace,80,2026-07-22 17:15:00,0,0.0
ZN-02,Open Office - Floor 2,workspace,80,2026-07-22 17:30:00,1,1.2
ZN-02,Open Office - Floor 2,workspace,80,2026-07-22 17:45:00,0,0.0
ZN-02,Open Office - Floor 2,workspace,80,2026-07-22 18:00:00,9,11.2
ZN-02,Open Office - Floor 2,workspace,80,2026-07-22 18:15:00,0,0.0
ZN-02,Open Office - Floor 2,workspace,80,2026-07-22 18:30:00,0,0.0
ZN-02,Open Office - Floor 2,workspace,80,2026-07-22 18:45:00,3,3.8
ZN-02,Open Office - Floor 2,workspace,80,2026-07-22 19:00:00,0,0.0
ZN-02,Open Office - Floor 2,workspace,80,2026-07-22 19:15:00,0,0.0
ZN-02,Open Office - Floor 2,workspace,80,2026-07-22 19:30:00,4,5.0
ZN-02,Open Office - Floor 2,workspace,80,2026-07-22 19:45:00,0,0.0
ZN-02,Open Office - Floor 2,workspace,80,2026-07-22 20:00:00,0,0.0
ZN-02,Open Office - Floor 2,workspace,80,2026-07-22 20:15:00,3,3.8
ZN-02,Open Office - Floor 2,workspace,80,2026-07-22 20:30:00,2,2.5
ZN-02,Open Office - Floor 2,workspace,80,2026-07-22 20:45:00,2,2.5
ZN-02,Open Office - Floor 2,workspace,80,2026-07-22 21:00:00,0,0.0
ZN-02,Open Office - Floor 2,workspace,80,2026-07-22 21:15:00,5,6.2
ZN-02,Open Office - Floor 2,workspace,80,2026-07-22 21:30:00,0,0.0
ZN-02,Open Office - Floor 2,workspace,80,2026-07-22 21:45:00,4,5.0
ZN-02,Open Office - Floor 2,workspace,80,2026-07-22 22:00:00,7,8.8
ZN-02,Open Office - Floor 2,workspace,80,2026-07-22 22:15:00,0,0.0
ZN-02,Open Office - Floor 2,workspace,80,2026-07-22 22:30:00,1,1.2
ZN-02,Open Office - Floor 2,workspace,80,2026-07-22 22:45:00,0,0.0
ZN-02,Open Office - Floor 2,workspace,80,2026-07-22 23:00:00,0,0.0
ZN-02,Open Office - Floor 2,workspace,80,2026-07-22 23:15:00,0,0.0
ZN-02,Open Office - Floor 2,workspace,80,2026-07-22 23:30:00,0,0.0
ZN-02,Open Office - Floor 2,workspace,80,2026-07-22 23:45:00,1,1.2
ZN-02,Open Office - Floor 2,workspace,80,2026-07-23 00:00:00,5,6.2
ZN-02,Open Office - Floor 2,workspace,80,2026-07-23 00:15:00,2,2.5
ZN-02,Open Office - Floor 2,workspace,80,2026-07-23 00:30:00,0,0.0
ZN-02,Open Office - Floor 2,workspace,80,2026-07-23 00:45:00,0,0.0
ZN-02,Open Office - Floor 2,workspace,80,2026-07-23 01:00:00,0,0.0
ZN-02,Open Office - Floor 2,workspace,80,2026-07-23 01:15:00,12,15.0
ZN-02,Open Office - Floor 2,workspace,80,2026-07-23 01:30:00,7,8.8
ZN-02,Open Office - Floor 2,workspace,80,2026-07-23 01:45:00,0,0.0
ZN-02,Open Office - Floor 2,workspace,80,2026-07-23 02:00:00,0,0.0
ZN-02,Open Office - Floor 2,workspace,80,2026-07-23 02:15:00,0,0.0
ZN-02,Open Office - Floor 2,workspace,80,2026-07-23 02:30:00,3,3.8
ZN-02,Open Office - Floor 2,workspace,80,2026-07-23 02:45:00,0,0.0
ZN-02,Open Office - Floor 2,workspace,80,2026-07-23 03:00:00,0,0.0
ZN-02,Open Office - Floor 2,workspace,80,2026-07-23 03:15:00,0,0.0
ZN-02,Open Office - Floor 2,workspace,80,2026-07-23 03:30:00,0,0.0
ZN-02,Open Office - Floor 2,workspace,80,2026-07-23 03:45:00,0,0.0
ZN-02,Open Office - Floor 2,workspace,80,2026-07-23 04:00:00,0,0.0
ZN-02,Open Office - Floor 2,workspace,80,2026-07-23 04:15:00,4,5.0
ZN-02,Open Office - Floor 2,workspace,80,2026-07-23 04:30:00,0,0.0
ZN-02,Open Office - Floor 2,workspace,80,2026-07-23 04:45:00,0,0.0
ZN-02,Open Office - Floor 2,workspace,80,2026-07-23 05:00:00,0,0.0
ZN-02,Open Office - Floor 2,workspace,80,2026-07-23 05:15:00,0,0.0
ZN-02,Open Office - Floor 2,workspace,80,2026-07-23 05:30:00,11,13.8
ZN-02,Open Office - Floor 2,workspace,80,2026-07-23 05:45:00,34,42.5
ZN-02,Open Office - Floor 2,workspace,80,2026-07-23 06:00:00,64,80.0
ZN-02,Open Office - Floor 2,workspace,80,2026-07-23 06:15:00,70,87.5
ZN-02,Open Office - Floor 2,workspace,80,2026-07-23 06:30:00,80,100.0
ZN-02,Open Office - Floor 2,workspace,80,2026-07-23 06:45:00,79,98.8
ZN-02,Open Office - Floor 2,workspace,80,2026-07-23 07:00:00,78,97.5
ZN-02,Open Office - Floor 2,workspace,80,2026-07-23 07:15:00,80,100.0
ZN-02,Open Office - Floor 2,workspace,80,2026-07-23 07:30:00,78,97.5
ZN-02,Open Office - Floor 2,workspace,80,2026-07-23 07:45:00,72,90.0
ZN-02,Open Office - Floor 2,workspace,80,2026-07-23 08:00:00,74,92.5
ZN-02,Open Office - Floor 2,workspace,80,2026-07-23 08:15:00,66,82.5
ZN-02,Open Office - Floor 2,workspace,80,2026-07-23 08:30:00,68,85.0
ZN-02,Open Office - Floor 2,workspace,80,2026-07-23 08:45:00,68,85.0
ZN-02,Open Office - Floor 2,workspace,80,2026-07-23 09:00:00,73,91.2
ZN-02,Open Office - Floor 2,workspace,80,2026-07-23 09:15:00,71,88.8
ZN-02,Open Office - Floor 2,workspace,80,2026-07-23 09:30:00,80,100.0
ZN-02,Open Office - Floor 2,workspace,80,2026-07-23 09:45:00,66,82.5
ZN-02,Open Office - Floor 2,workspace,80,2026-07-23 10:00:00,60,75.0
ZN-02,Open Office - Floor 2,workspace,80,2026-07-23 10:15:00,48,60.0
ZN-02,Open Office - Floor 2,workspace,80,2026-07-23 10:30:00,21,26.2
ZN-02,Open Office - Floor 2,workspace,80,2026-07-23 10:45:00,28,35.0
ZN-02,Open Office - Floor 2,workspace,80,2026-07-23 11:00:00,72,90.0
ZN-02,Open Office - Floor 2,workspace,80,2026-07-23 11:15:00,67,83.8
ZN-02,Open Office - Floor 2,workspace,80,2026-07-23 11:30:00,75,93.8
ZN-02,Open Office - Floor 2,workspace,80,2026-07-23 11:45:00,73,91.2
ZN-02,Open Office - Floor 2,workspace,80,2026-07-23 12:00:00,41,51.2
ZN-02,Open Office - Floor 2,workspace,80,2026-07-23 12:15:00,45,56.2
ZN-02,Open Office - Floor 2,workspace,80,2026-07-23 12:30:00,40,50.0
ZN-02,Open Office - Floor 2,workspace,80,2026-07-23 12:45:00,56,70.0
ZN-02,Open Office - Floor 2,workspace,80,2026-07-23 13:00:00,37,46.2
ZN-02,Open Office - Floor 2,workspace,80,2026-07-23 13:15:00,49,61.2
ZN-02,Open Office - Floor 2,workspace,80,2026-07-23 13:30:00,53,66.2
ZN-02,Open Office - Floor 2,workspace,80,2026-07-23 13:45:00,73,91.2
ZN-02,Open Office - Floor 2,workspace,80,2026-07-23 14:00:00,77,96.2
ZN-02,Open Office - Floor 2,workspace,80,2026-07-23 14:15:00,80,100.0
ZN-02,Open Office - Floor 2,workspace,80,2026-07-23 14:30:00,73,91.2
ZN-02,Open Office - Floor 2,workspace,80,2026-07-23 14:45:00,79,98.8
ZN-02,Open Office - Floor 2,workspace,80,2026-07-23 15:00:00,61,76.2
ZN-02,Open Office - Floor 2,workspace,80,2026-07-23 15:15:00,37,46.2
ZN-02,Open Office - Floor 2,workspace,80,2026-07-23 15:30:00,38,47.5
ZN-02,Open Office - Floor 2,workspace,80,2026-07-23 15:45:00,33,41.2
ZN-02,Open Office - Floor 2,workspace,80,2026-07-23 16:00:00,27,33.8
ZN-02,Open Office - Floor 2,workspace,80,2026-07-23 16:15:00,9,11.2
ZN-02,Open Office - Floor 2,workspace,80,2026-07-23 16:30:00,1,1.2
ZN-02,Open Office - Floor 2,workspace,80,2026-07-23 16:45:00,0,0.0
ZN-02,Open Office - Floor 2,workspace,80,2026-07-23 17:00:00,9,11.2
ZN-02,Open Office - Floor 2,workspace,80,2026-07-23 17:15:00,1,1.2
ZN-02,Open Office - Floor 2,workspace,80,2026-07-23 17:30:00,0,0.0
ZN-02,Open Office - Floor 2,workspace,80,2026-07-23 17:45:00,0,0.0
ZN-02,Open Office - Floor 2,workspace,80,2026-07-23 18:00:00,2,2.5
ZN-02,Open Office - Floor 2,workspace,80,2026-07-23 18:15:00,0,0.0
ZN-02,Open Office - Floor 2,workspace,80,2026-07-23 18:30:00,0,0.0
ZN-02,Open Office - Floor 2,workspace,80,2026-07-23 18:45:00,0,0.0
ZN-02,Open Office - Floor 2,workspace,80,2026-07-23 19:00:00,0,0.0
ZN-02,Open Office - Floor 2,workspace,80,2026-07-23 19:15:00,11,13.8
ZN-02,Open Office - Floor 2,workspace,80,2026-07-23 19:30:00,0,0.0
ZN-02,Open Office - Floor 2,workspace,80,2026-07-23 19:45:00,9,11.2
ZN-02,Open Office - Floor 2,workspace,80,2026-07-23 20:00:00,3,3.8
ZN-02,Open Office - Floor 2,workspace,80,2026-07-23 20:15:00,2,2.5
ZN-02,Open Office - Floor 2,workspace,80,2026-07-23 20:30:00,0,0.0
ZN-02,Open Office - Floor 2,workspace,80,2026-07-23 20:45:00,0,0.0
ZN-02,Open Office - Floor 2,workspace,80,2026-07-23 21:00:00,1,1.2
ZN-02,Open Office - Floor 2,workspace,80,2026-07-23 21:15:00,0,0.0
ZN-02,Open Office - Floor 2,workspace,80,2026-07-23 21:30:00,4,5.0
ZN-02,Open Office - Floor 2,workspace,80,2026-07-23 21:45:00,6,7.5
ZN-02,Open Office - Floor 2,workspace,80,2026-07-23 22:00:00,3,3.8
ZN-02,Open Office - Floor 2,workspace,80,2026-07-23 22:15:00,1,1.2
ZN-02,Open Office - Floor 2,workspace,80,2026-07-23 22:30:00,0,0.0
ZN-02,Open Office - Floor 2,workspace,80,2026-07-23 22:45:00,14,17.5
ZN-02,Open Office - Floor 2,workspace,80,2026-07-23 23:00:00,4,5.0
ZN-02,Open Office - Floor 2,workspace,80,2026-07-23 23:15:00,0,0.0
ZN-02,Open Office - Floor 2,workspace,80,2026-07-23 23:30:00,0,0.0
ZN-02,Open Office - Floor 2,workspace,80,2026-07-23 23:45:00,0,0.0
ZN-02,Open Office - Floor 2,workspace,80,2026-07-24 00:00:00,0,0.0
ZN-02,Open Office - Floor 2,workspace,80,2026-07-24 00:15:00,1,1.2
ZN-02,Open Office - Floor 2,workspace,80,2026-07-24 00:30:00,0,0.0
ZN-02,Open Office - Floor 2,workspace,80,2026-07-24 00:45:00,1,1.2
ZN-02,Open Office - Floor 2,workspace,80,2026-07-24 01:00:00,0,0.0
ZN-02,Open Office - Floor 2,workspace,80,2026-07-24 01:15:00,0,0.0
ZN-02,Open Office - Floor 2,workspace,80,2026-07-24 01:30:00,0,0.0
ZN-02,Open Office - Floor 2,workspace,80,2026-07-24 01:45:00,1,1.2
ZN-02,Open Office - Floor 2,workspace,80,2026-07-24 02:00:00,2,2.5
ZN-02,Open Office - Floor 2,workspace,80,2026-07-24 02:15:00,0,0.0
ZN-02,Open Office - Floor 2,workspace,80,2026-07-24 02:30:00,0,0.0
ZN-02,Open Office - Floor 2,workspace,80,2026-07-24 02:45:00,1,1.2
ZN-02,Open Office - Floor 2,workspace,80,2026-07-24 03:00:00,0,0.0
ZN-02,Open Office - Floor 2,workspace,80,2026-07-24 03:15:00,0,0.0
ZN-02,Open Office - Floor 2,workspace,80,2026-07-24 03:30:00,3,3.8
ZN-02,Open Office - Floor 2,workspace,80,2026-07-24 03:45:00,6,7.5
ZN-02,Open Office - Floor 2,workspace,80,2026-07-24 04:00:00,0,0.0
ZN-02,Open Office - Floor 2,workspace,80,2026-07-24 04:15:00,2,2.5
ZN-02,Open Office - Floor 2,workspace,80,2026-07-24 04:30:00,7,8.8
ZN-02,Open Office - Floor 2,workspace,80,2026-07-24 04:45:00,0,0.0
ZN-02,Open Office - Floor 2,workspace,80,2026-07-24 05:00:00,0,0.0
ZN-02,Open Office - Floor 2,workspace,80,2026-07-24 05:15:00,2,2.5
ZN-02,Open Office - Floor 2,workspace,80,2026-07-24 05:30:00,11,13.8
ZN-02,Open Office - Floor 2,workspace,80,2026-07-24 05:45:00,26,32.5
ZN-02,Open Office - Floor 2,workspace,80,2026-07-24 06:00:00,61,76.2
ZN-02,Open Office - Floor 2,workspace,80,2026-07-24 06:15:00,78,97.5
ZN-02,Open Office - Floor 2,workspace,80,2026-07-24 06:30:00,80,100.0
ZN-02,Open Office - Floor 2,workspace,80,2026-07-24 06:45:00,77,96.2
ZN-02,Open Office - Floor 2,workspace,80,2026-07-24 07:00:00,80,100.0
ZN-02,Open Office - Floor 2,workspace,80,2026-07-24 07:15:00,80,100.0
ZN-02,Open Office - Floor 2,workspace,80,2026-07-24 07:30:00,79,98.8
ZN-02,Open Office - Floor 2,workspace,80,2026-07-24 07:45:00,66,82.5
ZN-02,Open Office - Floor 2,workspace,80,2026-07-24 08:00:00,73,91.2
ZN-02,Open Office - Floor 2,workspace,80,2026-07-24 08:15:00,77,96.2
ZN-02,Open Office - Floor 2,workspace,80,2026-07-24 08:30:00,64,80.0
ZN-02,Open Office - Floor 2,workspace,80,2026-07-24 08:45:00,78,97.5
ZN-02,Open Office - Floor 2,workspace,80,2026-07-24 09:00:00,70,87.5
ZN-02,Open Office - Floor 2,workspace,80,2026-07-24 09:15:00,63,78.8
ZN-02,Open Office - Floor 2,workspace,80,2026-07-24 09:30:00,72,90.0
ZN-02,Open Office - Floor 2,workspace,80,2026-07-24 09:45:00,55,68.8
ZN-02,Open Office - Floor 2,workspace,80,2026-07-24 10:00:00,67,83.8
ZN-02,Open Office - Floor 2,workspace,80,2026-07-24 10:15:00,47,58.8
ZN-02,Open Office - Floor 2,workspace,80,2026-07-24 10:30:00,31,38.8
ZN-02,Open Office - Floor 2,workspace,80,2026-07-24 10:45:00,18,22.5
ZN-02,Open Office - Floor 2,workspace,80,2026-07-24 11:00:00,69,86.2
ZN-02,Open Office - Floor 2,workspace,80,2026-07-24 11:15:00,72,90.0
ZN-02,Open Office - Floor 2,workspace,80,2026-07-24 11:30:00,74,92.5
ZN-02,Open Office - Floor 2,workspace,80,2026-07-24 11:45:00,73,91.2
ZN-02,Open Office - Floor 2,workspace,80,2026-07-24 12:00:00,46,57.5
ZN-02,Open Office - Floor 2,workspace,80,2026-07-24 12:15:00,47,58.8
ZN-02,Open Office - Floor 2,workspace,80,2026-07-24 12:30:00,51,63.8
ZN-02,Open Office - Floor 2,workspace,80,2026-07-24 12:45:00,54,67.5
ZN-02,Open Office - Floor 2,workspace,80,2026-07-24 13:00:00,37,46.2
ZN-02,Open Office - Floor 2,workspace,80,2026-07-24 13:15:00,44,55.0
ZN-02,Open Office - Floor 2,workspace,80,2026-07-24 13:30:00,48,60.0
ZN-02,Open Office - Floor 2,workspace,80,2026-07-24 13:45:00,79,98.8
ZN-02,Open Office - Floor 2,workspace,80,2026-07-24 14:00:00,80,100.0
ZN-02,Open Office - Floor 2,workspace,80,2026-07-24 14:15:00,78,97.5
ZN-02,Open Office - Floor 2,workspace,80,2026-07-24 14:30:00,79,98.8
ZN-02,Open Office - Floor 2,workspace,80,2026-07-24 14:45:00,78,97.5
ZN-02,Open Office - Floor 2,workspace,80,2026-07-24 15:00:00,67,83.8
ZN-02,Open Office - Floor 2,workspace,80,2026-07-24 15:15:00,34,42.5
ZN-02,Open Office - Floor 2,workspace,80,2026-07-24 15:30:00,27,33.8
ZN-02,Open Office - Floor 2,workspace,80,2026-07-24 15:45:00,29,36.2
ZN-02,Open Office - Floor 2,workspace,80,2026-07-24 16:00:00,37,46.2
ZN-02,Open Office - Floor 2,workspace,80,2026-07-24 16:15:00,7,8.8
ZN-02,Open Office - Floor 2,workspace,80,2026-07-24 16:30:00,2,2.5
ZN-02,Open Office - Floor 2,workspace,80,2026-07-24 16:45:00,0,0.0
ZN-02,Open Office - Floor 2,workspace,80,2026-07-24 17:00:00,0,0.0
ZN-02,Open Office - Floor 2,workspace,80,2026-07-24 17:15:00,5,6.2
ZN-02,Open Office - Floor 2,workspace,80,2026-07-24 17:30:00,0,0.0
ZN-02,Open Office - Floor 2,workspace,80,2026-07-24 17:45:00,0,0.0
ZN-02,Open Office - Floor 2,workspace,80,2026-07-24 18:00:00,0,0.0
ZN-02,Open Office - Floor 2,workspace,80,2026-07-24 18:15:00,1,1.2
ZN-02,Open Office - Floor 2,workspace,80,2026-07-24 18:30:00,0,0.0
ZN-02,Open Office - Floor 2,workspace,80,2026-07-24 18:45:00,0,0.0
ZN-02,Open Office - Floor 2,workspace,80,2026-07-24 19:00:00,5,6.2
ZN-02,Open Office - Floor 2,workspace,80,2026-07-24 19:15:00,0,0.0
ZN-02,Open Office - Floor 2,workspace,80,2026-07-24 19:30:00,4,5.0
ZN-02,Open Office - Floor 2,workspace,80,2026-07-24 19:45:00,0,0.0
ZN-02,Open Office - Floor 2,workspace,80,2026-07-24 20:00:00,0,0.0
ZN-02,Open Office - Floor 2,workspace,80,2026-07-24 20:15:00,0,0.0
ZN-02,Open Office - Floor 2,workspace,80,2026-07-24 20:30:00,0,0.0
ZN-02,Open Office - Floor 2,workspace,80,2026-07-24 20:45:00,3,3.8
ZN-02,Open Office - Floor 2,workspace,80,2026-07-24 21:00:00,3,3.8
ZN-02,Open Office - Floor 2,workspace,80,2026-07-24 21:15:00,0,0.0
ZN-02,Open Office - Floor 2,workspace,80,2026-07-24 21:30:00,0,0.0
ZN-02,Open Office - Floor 2,workspace,80,2026-07-24 21:45:00,0,0.0
ZN-02,Open Office - Floor 2,workspace,80,2026-07-24 22:00:00,0,0.0
ZN-02,Open Office - Floor 2,workspace,80,2026-07-24 22:15:00,6,7.5
ZN-02,Open Office - Floor 2,workspace,80,2026-07-24 22:30:00,0,0.0
ZN-02,Open Office - Floor 2,workspace,80,2026-07-24 22:45:00,0,0.0
ZN-02,Open Office - Floor 2,workspace,80,2026-07-24 23:00:00,1,1.2
ZN-02,Open Office - Floor 2,workspace,80,2026-07-24 23:15:00,0,0.0
ZN-02,Open Office - Floor 2,workspace,80,2026-07-24 23:30:00,0,0.0
ZN-02,Open Office - Floor 2,workspace,80,2026-07-24 23:45:00,0,0.0
ZN-02,Open Office - Floor 2,workspace,80,2026-07-25 00:00:00,5,6.2
ZN-02,Open Office - Floor 2,workspace,80,2026-07-25 00:15:00,9,11.2
ZN-02,Open Office - Floor 2,workspace,80,2026-07-25 00:30:00,0,0.0
ZN-02,Open Office - Floor 2,workspace,80,2026-07-25 00:45:00,0,0.0
ZN-02,Open Office - Floor 2,workspace,80,2026-07-25 01:00:00,0,0.0
ZN-02,Open Office - Floor 2,workspace,80,2026-07-25 01:15:00,0,0.0
ZN-02,Open Office - Floor 2,workspace,80,2026-07-25 01:30:00,4,5.0
ZN-02,Open Office - Floor 2,workspace,80,2026-07-25 01:45:00,2,2.5
ZN-02,Open Office - Floor 2,workspace,80,2026-07-25 02:00:00,0,0.0
ZN-02,Open Office - Floor 2,workspace,80,2026-07-25 02:15:00,3,3.8
ZN-02,Open Office - Floor 2,workspace,80,2026-07-25 02:30:00,3,3.8
ZN-02,Open Office - Floor 2,workspace,80,2026-07-25 02:45:00,0,0.0
ZN-02,Open Office - Floor 2,workspace,80,2026-07-25 03:00:00,3,3.8
ZN-02,Open Office - Floor 2,workspace,80,2026-07-25 03:15:00,0,0.0
ZN-02,Open Office - Floor 2,workspace,80,2026-07-25 03:30:00,0,0.0
ZN-02,Open Office - Floor 2,workspace,80,2026-07-25 03:45:00,0,0.0
ZN-02,Open Office - Floor 2,workspace,80,2026-07-25 04:00:00,2,2.5
ZN-02,Open Office - Floor 2,workspace,80,2026-07-25 04:15:00,5,6.2
ZN-02,Open Office - Floor 2,workspace,80,2026-07-25 04:30:00,0,0.0
ZN-02,Open Office - Floor 2,workspace,80,2026-07-25 04:45:00,2,2.5
ZN-02,Open Office - Floor 2,workspace,80,2026-07-25 05:00:00,5,6.2
ZN-02,Open Office - Floor 2,workspace,80,2026-07-25 05:15:00,3,3.8
ZN-02,Open Office - Floor 2,workspace,80,2026-07-25 05:30:00,9,11.2
ZN-02,Open Office - Floor 2,workspace,80,2026-07-25 05:45:00,1,1.2
ZN-02,Open Office - Floor 2,workspace,80,2026-07-25 06:00:00,12,15.0
ZN-02,Open Office - Floor 2,workspace,80,2026-07-25 06:15:00,2,2.5
ZN-02,Open Office - Floor 2,workspace,80,2026-07-25 06:30:00,0,0.0
ZN-02,Open Office - Floor 2,workspace,80,2026-07-25 06:45:00,1,1.2
ZN-02,Open Office - Floor 2,workspace,80,2026-07-25 07:00:00,0,0.0
ZN-02,Open Office - Floor 2,workspace,80,2026-07-25 07:15:00,8,10.0
ZN-02,Open Office - Floor 2,workspace,80,2026-07-25 07:30:00,10,12.5
ZN-02,Open Office - Floor 2,workspace,80,2026-07-25 07:45:00,10,12.5
ZN-02,Open Office - Floor 2,workspace,80,2026-07-25 08:00:00,6,7.5
ZN-02,Open Office - Floor 2,workspace,80,2026-07-25 08:15:00,1,1.2
ZN-02,Open Office - Floor 2,workspace,80,2026-07-25 08:30:00,0,0.0
ZN-02,Open Office - Floor 2,workspace,80,2026-07-25 08:45:00,0,0.0
ZN-02,Open Office - Floor 2,workspace,80,2026-07-25 09:00:00,5,6.2
ZN-02,Open Office - Floor 2,workspace,80,2026-07-25 09:15:00,0,0.0
ZN-02,Open Office - Floor 2,workspace,80,2026-07-25 09:30:00,1,1.2
ZN-02,Open Office - Floor 2,workspace,80,2026-07-25 09:45:00,3,3.8
ZN-02,Open Office - Floor 2,workspace,80,2026-07-25 10:00:00,4,5.0
ZN-02,Open Office - Floor 2,workspace,80,2026-07-25 10:15:00,0,0.0
ZN-02,Open Office - Floor 2,workspace,80,2026-07-25 10:30:00,0,0.0
ZN-02,Open Office - Floor 2,workspace,80,2026-07-25 10:45:00,0,0.0
ZN-02,Open Office - Floor 2,workspace,80,2026-07-25 11:00:00,6,7.5
ZN-02,Open Office - Floor 2,workspace,80,2026-07-25 11:15:00,0,0.0
ZN-02,Open Office - Floor 2,workspace,80,2026-07-25 11:30:00,0,0.0
ZN-02,Open Office - Floor 2,workspace,80,2026-07-25 11:45:00,5,6.2
ZN-02,Open Office - Floor 2,workspace,80,2026-07-25 12:00:00,7,8.8
ZN-02,Open Office - Floor 2,workspace,80,2026-07-25 12:15:00,11,13.8
ZN-02,Open Office - Floor 2,workspace,80,2026-07-25 12:30:00,2,2.5
ZN-02,Open Office - Floor 2,workspace,80,2026-07-25 12:45:00,7,8.8
ZN-02,Open Office - Floor 2,workspace,80,2026-07-25 13:00:00,0,0.0
ZN-02,Open Office - Floor 2,workspace,80,2026-07-25 13:15:00,5,6.2
ZN-02,Open Office - Floor 2,workspace,80,2026-07-25 13:30:00,6,7.5
ZN-02,Open Office - Floor 2,workspace,80,2026-07-25 13:45:00,7,8.8
ZN-02,Open Office - Floor 2,workspace,80,2026-07-25 14:00:00,0,0.0
ZN-02,Open Office - Floor 2,workspace,80,2026-07-25 14:15:00,9,11.2
ZN-02,Open Office - Floor 2,workspace,80,2026-07-25 14:30:00,10,12.5
ZN-02,Open Office - Floor 2,workspace,80,2026-07-25 14:45:00,2,2.5
ZN-02,Open Office - Floor 2,workspace,80,2026-07-25 15:00:00,3,3.8
ZN-02,Open Office - Floor 2,workspace,80,2026-07-25 15:15:00,1,1.2
ZN-02,Open Office - Floor 2,workspace,80,2026-07-25 15:30:00,1,1.2
ZN-02,Open Office - Floor 2,workspace,80,2026-07-25 15:45:00,2,2.5
ZN-02,Open Office - Floor 2,workspace,80,2026-07-25 16:00:00,0,0.0
ZN-02,Open Office - Floor 2,workspace,80,2026-07-25 16:15:00,0,0.0
ZN-02,Open Office - Floor 2,workspace,80,2026-07-25 16:30:00,1,1.2
ZN-02,Open Office - Floor 2,workspace,80,2026-07-25 16:45:00,0,0.0
ZN-02,Open Office - Floor 2,workspace,80,2026-07-25 17:00:00,7,8.8
ZN-02,Open Office - Floor 2,workspace,80,2026-07-25 17:15:00,1,1.2
ZN-02,Open Office - Floor 2,workspace,80,2026-07-25 17:30:00,0,0.0
ZN-02,Open Office - Floor 2,workspace,80,2026-07-25 17:45:00,0,0.0
ZN-02,Open Office - Floor 2,workspace,80,2026-07-25 18:00:00,1,1.2
ZN-02,Open Office - Floor 2,workspace,80,2026-07-25 18:15:00,0,0.0
ZN-02,Open Office - Floor 2,workspace,80,2026-07-25 18:30:00,0,0.0
ZN-02,Open Office - Floor 2,workspace,80,2026-07-25 18:45:00,12,15.0
ZN-02,Open Office - Floor 2,workspace,80,2026-07-25 19:00:00,0,0.0
ZN-02,Open Office - Floor 2,workspace,80,2026-07-25 19:15:00,10,12.5
ZN-02,Open Office - Floor 2,workspace,80,2026-07-25 19:30:00,17,21.2
ZN-02,Open Office - Floor 2,workspace,80,2026-07-25 19:45:00,3,3.8
ZN-02,Open Office - Floor 2,workspace,80,2026-07-25 20:00:00,0,0.0
ZN-02,Open Office - Floor 2,workspace,80,2026-07-25 20:15:00,6,7.5
ZN-02,Open Office - Floor 2,workspace,80,2026-07-25 20:30:00,0,0.0
ZN-02,Open Office - Floor 2,workspace,80,2026-07-25 20:45:00,3,3.8
ZN-02,Open Office - Floor 2,workspace,80,2026-07-25 21:00:00,6,7.5
ZN-02,Open Office - Floor 2,workspace,80,2026-07-25 21:15:00,0,0.0
ZN-02,Open Office - Floor 2,workspace,80,2026-07-25 21:30:00,10,12.5
ZN-02,Open Office - Floor 2,workspace,80,2026-07-25 21:45:00,3,3.8
ZN-02,Open Office - Floor 2,workspace,80,2026-07-25 22:00:00,4,5.0
ZN-02,Open Office - Floor 2,workspace,80,2026-07-25 22:15:00,9,11.2
ZN-02,Open Office - Floor 2,workspace,80,2026-07-25 22:30:00,0,0.0
ZN-02,Open Office - Floor 2,workspace,80,2026-07-25 22:45:00,0,0.0
ZN-02,Open Office - Floor 2,workspace,80,2026-07-25 23:00:00,4,5.0
ZN-02,Open Office - Floor 2,workspace,80,2026-07-25 23:15:00,4,5.0
ZN-02,Open Office - Floor 2,workspace,80,2026-07-25 23:30:00,1,1.2
ZN-02,Open Office - Floor 2,workspace,80,2026-07-25 23:45:00,2,2.5
ZN-02,Open Office - Floor 2,workspace,80,2026-07-26 00:00:00,1,1.2
ZN-02,Open Office - Floor 2,workspace,80,2026-07-26 00:15:00,0,0.0
ZN-02,Open Office - Floor 2,workspace,80,2026-07-26 00:30:00,0,0.0
ZN-02,Open Office - Floor 2,workspace,80,2026-07-26 00:45:00,0,0.0
ZN-02,Open Office - Floor 2,workspace,80,2026-07-26 01:00:00,3,3.8
ZN-02,Open Office - Floor 2,workspace,80,2026-07-26 01:15:00,5,6.2
ZN-02,Open Office - Floor 2,workspace,80,2026-07-26 01:30:00,0,0.0
ZN-02,Open Office - Floor 2,workspace,80,2026-07-26 01:45:00,11,13.8
ZN-02,Open Office - Floor 2,workspace,80,2026-07-26 02:00:00,14,17.5
ZN-02,Open Office - Floor 2,workspace,80,2026-07-26 02:15:00,3,3.8
ZN-02,Open Office - Floor 2,workspace,80,2026-07-26 02:30:00,0,0.0
ZN-02,Open Office - Floor 2,workspace,80,2026-07-26 02:45:00,2,2.5
ZN-02,Open Office - Floor 2,workspace,80,2026-07-26 03:00:00,6,7.5
ZN-02,Open Office - Floor 2,workspace,80,2026-07-26 03:15:00,2,2.5
ZN-02,Open Office - Floor 2,workspace,80,2026-07-26 03:30:00,12,15.0
ZN-02,Open Office - Floor 2,workspace,80,2026-07-26 03:45:00,1,1.2
ZN-02,Open Office - Floor 2,workspace,80,2026-07-26 04:00:00,7,8.8
ZN-02,Open Office - Floor 2,workspace,80,2026-07-26 04:15:00,5,6.2
ZN-02,Open Office - Floor 2,workspace,80,2026-07-26 04:30:00,13,16.2
ZN-02,Open Office - Floor 2,workspace,80,2026-07-26 04:45:00,4,5.0
ZN-02,Open Office - Floor 2,workspace,80,2026-07-26 05:00:00,5,6.2
ZN-02,Open Office - Floor 2,workspace,80,2026-07-26 05:15:00,0,0.0
ZN-02,Open Office - Floor 2,workspace,80,2026-07-26 05:30:00,1,1.2
ZN-02,Open Office - Floor 2,workspace,80,2026-07-26 05:45:00,0,0.0
ZN-02,Open Office - Floor 2,workspace,80,2026-07-26 06:00:00,18,22.5
ZN-02,Open Office - Floor 2,workspace,80,2026-07-26 06:15:00,3,3.8
ZN-02,Open Office - Floor 2,workspace,80,2026-07-26 06:30:00,1,1.2
ZN-02,Open Office - Floor 2,workspace,80,2026-07-26 06:45:00,3,3.8
ZN-02,Open Office - Floor 2,workspace,80,2026-07-26 07:00:00,4,5.0
ZN-02,Open Office - Floor 2,workspace,80,2026-07-26 07:15:00,5,6.2
ZN-02,Open Office - Floor 2,workspace,80,2026-07-26 07:30:00,0,0.0
ZN-02,Open Office - Floor 2,workspace,80,2026-07-26 07:45:00,9,11.2
ZN-02,Open Office - Floor 2,workspace,80,2026-07-26 08:00:00,3,3.8
ZN-02,Open Office - Floor 2,workspace,80,2026-07-26 08:15:00,2,2.5
ZN-02,Open Office - Floor 2,workspace,80,2026-07-26 08:30:00,11,13.8
ZN-02,Open Office - Floor 2,workspace,80,2026-07-26 08:45:00,4,5.0
ZN-02,Open Office - Floor 2,workspace,80,2026-07-26 09:00:00,0,0.0
ZN-02,Open Office - Floor 2,workspace,80,2026-07-26 09:15:00,0,0.0
ZN-02,Open Office - Floor 2,workspace,80,2026-07-26 09:30:00,6,7.5
ZN-02,Open Office - Floor 2,workspace,80,2026-07-26 09:45:00,3,3.8
ZN-02,Open Office - Floor 2,workspace,80,2026-07-26 10:00:00,3,3.8
ZN-02,Open Office - Floor 2,workspace,80,2026-07-26 10:15:00,0,0.0
ZN-02,Open Office - Floor 2,workspace,80,2026-07-26 10:30:00,3,3.8
ZN-02,Open Office - Floor 2,workspace,80,2026-07-26 10:45:00,0,0.0
ZN-02,Open Office - Floor 2,workspace,80,2026-07-26 11:00:00,0,0.0
ZN-02,Open Office - Floor 2,workspace,80,2026-07-26 11:15:00,9,11.2
ZN-02,Open Office - Floor 2,workspace,80,2026-07-26 11:30:00,4,5.0
ZN-02,Open Office - Floor 2,workspace,80,2026-07-26 11:45:00,1,1.2
ZN-02,Open Office - Floor 2,workspace,80,2026-07-26 12:00:00,7,8.8
ZN-02,Open Office - Floor 2,workspace,80,2026-07-26 12:15:00,12,15.0
ZN-02,Open Office - Floor 2,workspace,80,2026-07-26 12:30:00,0,0.0
ZN-02,Open Office - Floor 2,workspace,80,2026-07-26 12:45:00,7,8.8
ZN-02,Open Office - Floor 2,workspace,80,2026-07-26 13:00:00,4,5.0
ZN-02,Open Office - Floor 2,workspace,80,2026-07-26 13:15:00,2,2.5
ZN-02,Open Office - Floor 2,workspace,80,2026-07-26 13:30:00,9,11.2
ZN-02,Open Office - Floor 2,workspace,80,2026-07-26 13:45:00,7,8.8
ZN-02,Open Office - Floor 2,workspace,80,2026-07-26 14:00:00,0,0.0
ZN-02,Open Office - Floor 2,workspace,80,2026-07-26 14:15:00,9,11.2
ZN-02,Open Office - Floor 2,workspace,80,2026-07-26 14:30:00,2,2.5
ZN-02,Open Office - Floor 2,workspace,80,2026-07-26 14:45:00,2,2.5
ZN-02,Open Office - Floor 2,workspace,80,2026-07-26 15:00:00,0,0.0
ZN-02,Open Office - Floor 2,workspace,80,2026-07-26 15:15:00,3,3.8
ZN-02,Open Office - Floor 2,workspace,80,2026-07-26 15:30:00,5,6.2
ZN-02,Open Office - Floor 2,workspace,80,2026-07-26 15:45:00,1,1.2
ZN-02,Open Office - Floor 2,workspace,80,2026-07-26 16:00:00,3,3.8
ZN-02,Open Office - Floor 2,workspace,80,2026-07-26 16:15:00,9,11.2
ZN-02,Open Office - Floor 2,workspace,80,2026-07-26 16:30:00,2,2.5
ZN-02,Open Office - Floor 2,workspace,80,2026-07-26 16:45:00,0,0.0
ZN-02,Open Office - Floor 2,workspace,80,2026-07-26 17:00:00,11,13.8
ZN-02,Open Office - Floor 2,workspace,80,2026-07-26 17:15:00,0,0.0
ZN-02,Open Office - Floor 2,workspace,80,2026-07-26 17:30:00,0,0.0
ZN-02,Open Office - Floor 2,workspace,80,2026-07-26 17:45:00,0,0.0
ZN-02,Open Office - Floor 2,workspace,80,2026-07-26 18:00:00,1,1.2
ZN-02,Open Office - Floor 2,workspace,80,2026-07-26 18:15:00,0,0.0
ZN-02,Open Office - Floor 2,workspace,80,2026-07-26 18:30:00,0,0.0
ZN-02,Open Office - Floor 2,workspace,80,2026-07-26 18:45:00,0,0.0
ZN-02,Open Office - Floor 2,workspace,80,2026-07-26 19:00:00,2,2.5
ZN-02,Open Office - Floor 2,workspace,80,2026-07-26 19:15:00,1,1.2
ZN-02,Open Office - Floor 2,workspace,80,2026-07-26 19:30:00,2,2.5
ZN-02,Open Office - Floor 2,workspace,80,2026-07-26 19:45:00,8,10.0
ZN-02,Open Office - Floor 2,workspace,80,2026-07-26 20:00:00,19,23.8
ZN-02,Open Office - Floor 2,workspace,80,2026-07-26 20:15:00,8,10.0
ZN-02,Open Office - Floor 2,workspace,80,2026-07-26 20:30:00,6,7.5
ZN-02,Open Office - Floor 2,workspace,80,2026-07-26 20:45:00,0,0.0
ZN-02,Open Office - Floor 2,workspace,80,2026-07-26 21:00:00,3,3.8
ZN-02,Open Office - Floor 2,workspace,80,2026-07-26 21:15:00,0,0.0
ZN-02,Open Office - Floor 2,workspace,80,2026-07-26 21:30:00,2,2.5
ZN-02,Open Office - Floor 2,workspace,80,2026-07-26 21:45:00,0,0.0
ZN-02,Open Office - Floor 2,workspace,80,2026-07-26 22:00:00,8,10.0
ZN-02,Open Office - Floor 2,workspace,80,2026-07-26 22:15:00,13,16.2
ZN-02,Open Office - Floor 2,workspace,80,2026-07-26 22:30:00,7,8.8
ZN-02,Open Office - Floor 2,workspace,80,2026-07-26 22:45:00,15,18.8
ZN-02,Open Office - Floor 2,workspace,80,2026-07-26 23:00:00,0,0.0
ZN-02,Open Office - Floor 2,workspace,80,2026-07-26 23:15:00,7,8.8
ZN-02,Open Office - Floor 2,workspace,80,2026-07-26 23:30:00,2,2.5
ZN-02,Open Office - Floor 2,workspace,80,2026-07-26 23:45:00,3,3.8
ZN-02,Open Office - Floor 2,workspace,80,2026-07-27 00:00:00,0,0.0
ZN-02,Open Office - Floor 2,workspace,80,2026-07-27 00:15:00,0,0.0
ZN-02,Open Office - Floor 2,workspace,80,2026-07-27 00:30:00,0,0.0
ZN-02,Open Office - Floor 2,workspace,80,2026-07-27 00:45:00,0,0.0
ZN-02,Open Office - Floor 2,workspace,80,2026-07-27 01:00:00,6,7.5
ZN-02,Open Office - Floor 2,workspace,80,2026-07-27 01:15:00,4,5.0
ZN-02,Open Office - Floor 2,workspace,80,2026-07-27 01:30:00,6,7.5
ZN-02,Open Office - Floor 2,workspace,80,2026-07-27 01:45:00,0,0.0
ZN-02,Open Office - Floor 2,workspace,80,2026-07-27 02:00:00,0,0.0
ZN-02,Open Office - Floor 2,workspace,80,2026-07-27 02:15:00,0,0.0
ZN-02,Open Office - Floor 2,workspace,80,2026-07-27 02:30:00,4,5.0
ZN-02,Open Office - Floor 2,workspace,80,2026-07-27 02:45:00,5,6.2
ZN-02,Open Office - Floor 2,workspace,80,2026-07-27 03:00:00,0,0.0
ZN-02,Open Office - Floor 2,workspace,80,2026-07-27 03:15:00,0,0.0
ZN-02,Open Office - Floor 2,workspace,80,2026-07-27 03:30:00,1,1.2
ZN-02,Open Office - Floor 2,workspace,80,2026-07-27 03:45:00,2,2.5
ZN-02,Open Office - Floor 2,workspace,80,2026-07-27 04:00:00,3,3.8
ZN-02,Open Office - Floor 2,workspace,80,2026-07-27 04:15:00,0,0.0
ZN-02,Open Office - Floor 2,workspace,80,2026-07-27 04:30:00,6,7.5
ZN-02,Open Office - Floor 2,workspace,80,2026-07-27 04:45:00,6,7.5
ZN-02,Open Office - Floor 2,workspace,80,2026-07-27 05:00:00,0,0.0
ZN-02,Open Office - Floor 2,workspace,80,2026-07-27 05:15:00,2,2.5
ZN-02,Open Office - Floor 2,workspace,80,2026-07-27 05:30:00,5,6.2
ZN-02,Open Office - Floor 2,workspace,80,2026-07-27 05:45:00,25,31.2
ZN-02,Open Office - Floor 2,workspace,80,2026-07-27 06:00:00,64,80.0
ZN-02,Open Office - Floor 2,workspace,80,2026-07-27 06:15:00,74,92.5
ZN-02,Open Office - Floor 2,workspace,80,2026-07-27 06:30:00,80,100.0
ZN-02,Open Office - Floor 2,workspace,80,2026-07-27 06:45:00,77,96.2
ZN-02,Open Office - Floor 2,workspace,80,2026-07-27 07:00:00,78,97.5
ZN-02,Open Office - Floor 2,workspace,80,2026-07-27 07:15:00,79,98.8
ZN-02,Open Office - Floor 2,workspace,80,2026-07-27 07:30:00,78,97.5
ZN-02,Open Office - Floor 2,workspace,80,2026-07-27 07:45:00,68,85.0
ZN-02,Open Office - Floor 2,workspace,80,2026-07-27 08:00:00,76,95.0
ZN-02,Open Office - Floor 2,workspace,80,2026-07-27 08:15:00,71,88.8
ZN-02,Open Office - Floor 2,workspace,80,2026-07-27 08:30:00,73,91.2
ZN-02,Open Office - Floor 2,workspace,80,2026-07-27 08:45:00,75,93.8
ZN-02,Open Office - Floor 2,workspace,80,2026-07-27 09:00:00,70,87.5
ZN-02,Open Office - Floor 2,workspace,80,2026-07-27 09:15:00,67,83.8
ZN-02,Open Office - Floor 2,workspace,80,2026-07-27 09:30:00,68,85.0
ZN-02,Open Office - Floor 2,workspace,80,2026-07-27 09:45:00,60,75.0
ZN-02,Open Office - Floor 2,workspace,80,2026-07-27 10:00:00,56,70.0
ZN-02,Open Office - Floor 2,workspace,80,2026-07-27 10:15:00,43,53.8
ZN-02,Open Office - Floor 2,workspace,80,2026-07-27 10:30:00,15,18.8
ZN-02,Open Office - Floor 2,workspace,80,2026-07-27 10:45:00,24,30.0
ZN-02,Open Office - Floor 2,workspace,80,2026-07-27 11:00:00,66,82.5
ZN-02,Open Office - Floor 2,workspace,80,2026-07-27 11:15:00,66,82.5
ZN-02,Open Office - Floor 2,workspace,80,2026-07-27 11:30:00,71,88.8
ZN-02,Open Office - Floor 2,workspace,80,2026-07-27 11:45:00,79,98.8
ZN-02,Open Office - Floor 2,workspace,80,2026-07-27 12:00:00,50,62.5
ZN-02,Open Office - Floor 2,workspace,80,2026-07-27 12:15:00,47,58.8
ZN-02,Open Office - Floor 2,workspace,80,2026-07-27 12:30:00,46,57.5
ZN-02,Open Office - Floor 2,workspace,80,2026-07-27 12:45:00,46,57.5
ZN-02,Open Office - Floor 2,workspace,80,2026-07-27 13:00:00,48,60.0
ZN-02,Open Office - Floor 2,workspace,80,2026-07-27 13:15:00,48,60.0
ZN-02,Open Office - Floor 2,workspace,80,2026-07-27 13:30:00,51,63.8
ZN-02,Open Office - Floor 2,workspace,80,2026-07-27 13:45:00,74,92.5
ZN-02,Open Office - Floor 2,workspace,80,2026-07-27 14:00:00,80,100.0
ZN-02,Open Office - Floor 2,workspace,80,2026-07-27 14:15:00,76,95.0
ZN-02,Open Office - Floor 2,workspace,80,2026-07-27 14:30:00,77,96.2
ZN-02,Open Office - Floor 2,workspace,80,2026-07-27 14:45:00,72,90.0
ZN-02,Open Office - Floor 2,workspace,80,2026-07-27 15:00:00,74,92.5
ZN-02,Open Office - Floor 2,workspace,80,2026-07-27 15:15:00,39,48.8
ZN-02,Open Office - Floor 2,workspace,80,2026-07-27 15:30:00,34,42.5
ZN-02,Open Office - Floor 2,workspace,80,2026-07-27 15:45:00,23,28.8
ZN-02,Open Office - Floor 2,workspace,80,2026-07-27 16:00:00,28,35.0
ZN-02,Open Office - Floor 2,workspace,80,2026-07-27 16:15:00,9,11.2
ZN-02,Open Office - Floor 2,workspace,80,2026-07-27 16:30:00,5,6.2
ZN-02,Open Office - Floor 2,workspace,80,2026-07-27 16:45:00,0,0.0
ZN-02,Open Office - Floor 2,workspace,80,2026-07-27 17:00:00,0,0.0
ZN-02,Open Office - Floor 2,workspace,80,2026-07-27 17:15:00,4,5.0
ZN-02,Open Office - Floor 2,workspace,80,2026-07-27 17:30:00,1,1.2
ZN-02,Open Office - Floor 2,workspace,80,2026-07-27 17:45:00,0,0.0
ZN-02,Open Office - Floor 2,workspace,80,2026-07-27 18:00:00,0,0.0
ZN-02,Open Office - Floor 2,workspace,80,2026-07-27 18:15:00,0,0.0
ZN-02,Open Office - Floor 2,workspace,80,2026-07-27 18:30:00,4,5.0
ZN-02,Open Office - Floor 2,workspace,80,2026-07-27 18:45:00,1,1.2
ZN-02,Open Office - Floor 2,workspace,80,2026-07-27 19:00:00,2,2.5
ZN-02,Open Office - Floor 2,workspace,80,2026-07-27 19:15:00,0,0.0
ZN-02,Open Office - Floor 2,workspace,80,2026-07-27 19:30:00,7,8.8
ZN-02,Open Office - Floor 2,workspace,80,2026-07-27 19:45:00,0,0.0
ZN-02,Open Office - Floor 2,workspace,80,2026-07-27 20:00:00,2,2.5
ZN-02,Open Office - Floor 2,workspace,80,2026-07-27 20:15:00,0,0.0
ZN-02,Open Office - Floor 2,workspace,80,2026-07-27 20:30:00,1,1.2
ZN-02,Open Office - Floor 2,workspace,80,2026-07-27 20:45:00,0,0.0
ZN-02,Open Office - Floor 2,workspace,80,2026-07-27 21:00:00,1,1.2
ZN-02,Open Office - Floor 2,workspace,80,2026-07-27 21:15:00,2,2.5
ZN-02,Open Office - Floor 2,workspace,80,2026-07-27 21:30:00,0,0.0
ZN-02,Open Office - Floor 2,workspace,80,2026-07-27 21:45:00,5,6.2
ZN-02,Open Office - Floor 2,workspace,80,2026-07-27 22:00:00,0,0.0
ZN-02,Open Office - Floor 2,workspace,80,2026-07-27 22:15:00,0,0.0
ZN-02,Open Office - Floor 2,workspace,80,2026-07-27 22:30:00,0,0.0
ZN-02,Open Office - Floor 2,workspace,80,2026-07-27 22:45:00,6,7.5
ZN-02,Open Office - Floor 2,workspace,80,2026-07-27 23:00:00,0,0.0
ZN-02,Open Office - Floor 2,workspace,80,2026-07-27 23:15:00,0,0.0
ZN-02,Open Office - Floor 2,workspace,80,2026-07-27 23:30:00,2,2.5
ZN-02,Open Office - Floor 2,workspace,80,2026-07-27 23:45:00,1,1.2
ZN-02,Open Office - Floor 2,workspace,80,2026-07-28 00:00:00,6,7.5
ZN-02,Open Office - Floor 2,workspace,80,2026-07-28 00:15:00,0,0.0
ZN-02,Open Office - Floor 2,workspace,80,2026-07-28 00:30:00,0,0.0
ZN-02,Open Office - Floor 2,workspace,80,2026-07-28 00:45:00,0,0.0
ZN-02,Open Office - Floor 2,workspace,80,2026-07-28 01:00:00,0,0.0
ZN-02,Open Office - Floor 2,workspace,80,2026-07-28 01:15:00,4,5.0
ZN-02,Open Office - Floor 2,workspace,80,2026-07-28 01:30:00,3,3.8
ZN-02,Open Office - Floor 2,workspace,80,2026-07-28 01:45:00,0,0.0
ZN-02,Open Office - Floor 2,workspace,80,2026-07-28 02:00:00,0,0.0
ZN-02,Open Office - Floor 2,workspace,80,2026-07-28 02:15:00,0,0.0
ZN-02,Open Office - Floor 2,workspace,80,2026-07-28 02:30:00,4,5.0
ZN-02,Open Office - Floor 2,workspace,80,2026-07-28 02:45:00,3,3.8
ZN-02,Open Office - Floor 2,workspace,80,2026-07-28 03:00:00,0,0.0
ZN-02,Open Office - Floor 2,workspace,80,2026-07-28 03:15:00,0,0.0
ZN-02,Open Office - Floor 2,workspace,80,2026-07-28 03:30:00,0,0.0
ZN-02,Open Office - Floor 2,workspace,80,2026-07-28 03:45:00,7,8.8
ZN-02,Open Office - Floor 2,workspace,80,2026-07-28 04:00:00,2,2.5
ZN-02,Open Office - Floor 2,workspace,80,2026-07-28 04:15:00,6,7.5
ZN-02,Open Office - Floor 2,workspace,80,2026-07-28 04:30:00,8,10.0
ZN-02,Open Office - Floor 2,workspace,80,2026-07-28 04:45:00,4,5.0
ZN-02,Open Office - Floor 2,workspace,80,2026-07-28 05:00:00,0,0.0
ZN-02,Open Office - Floor 2,workspace,80,2026-07-28 05:15:00,0,0.0
ZN-02,Open Office - Floor 2,workspace,80,2026-07-28 05:30:00,3,3.8
ZN-02,Open Office - Floor 2,workspace,80,2026-07-28 05:45:00,36,45.0
ZN-02,Open Office - Floor 2,workspace,80,2026-07-28 06:00:00,69,86.2
ZN-02,Open Office - Floor 2,workspace,80,2026-07-28 06:15:00,67,83.8
ZN-02,Open Office - Floor 2,workspace,80,2026-07-28 06:30:00,80,100.0
ZN-02,Open Office - Floor 2,workspace,80,2026-07-28 06:45:00,76,95.0
ZN-02,Open Office - Floor 2,workspace,80,2026-07-28 07:00:00,78,97.5
ZN-02,Open Office - Floor 2,workspace,80,2026-07-28 07:15:00,80,100.0
ZN-02,Open Office - Floor 2,workspace,80,2026-07-28 07:30:00,80,100.0
ZN-02,Open Office - Floor 2,workspace,80,2026-07-28 07:45:00,73,91.2
ZN-02,Open Office - Floor 2,workspace,80,2026-07-28 08:00:00,69,86.2
ZN-02,Open Office - Floor 2,workspace,80,2026-07-28 08:15:00,73,91.2
ZN-02,Open Office - Floor 2,workspace,80,2026-07-28 08:30:00,72,90.0
ZN-02,Open Office - Floor 2,workspace,80,2026-07-28 08:45:00,72,90.0
ZN-02,Open Office - Floor 2,workspace,80,2026-07-28 09:00:00,69,86.2
ZN-02,Open Office - Floor 2,workspace,80,2026-07-28 09:15:00,74,92.5
ZN-02,Open Office - Floor 2,workspace,80,2026-07-28 09:30:00,75,93.8
ZN-02,Open Office - Floor 2,workspace,80,2026-07-28 09:45:00,58,72.5
ZN-02,Open Office - Floor 2,workspace,80,2026-07-28 10:00:00,63,78.8
ZN-02,Open Office - Floor 2,workspace,80,2026-07-28 10:15:00,42,52.5
ZN-02,Open Office - Floor 2,workspace,80,2026-07-28 10:30:00,21,26.2
ZN-02,Open Office - Floor 2,workspace,80,2026-07-28 10:45:00,31,38.8
ZN-02,Open Office - Floor 2,workspace,80,2026-07-28 11:00:00,63,78.8
ZN-02,Open Office - Floor 2,workspace,80,2026-07-28 11:15:00,64,80.0
ZN-02,Open Office - Floor 2,workspace,80,2026-07-28 11:30:00,77,96.2
ZN-02,Open Office - Floor 2,workspace,80,2026-07-28 11:45:00,77,96.2
ZN-02,Open Office - Floor 2,workspace,80,2026-07-28 12:00:00,41,51.2
ZN-02,Open Office - Floor 2,workspace,80,2026-07-28 12:15:00,39,48.8
ZN-02,Open Office - Floor 2,workspace,80,2026-07-28 12:30:00,52,65.0
ZN-02,Open Office - Floor 2,workspace,80,2026-07-28 12:45:00,47,58.8
ZN-02,Open Office - Floor 2,workspace,80,2026-07-28 13:00:00,47,58.8
ZN-02,Open Office - Floor 2,workspace,80,2026-07-28 13:15:00,42,52.5
ZN-02,Open Office - Floor 2,workspace,80,2026-07-28 13:30:00,51,63.8
ZN-02,Open Office - Floor 2,workspace,80,2026-07-28 13:45:00,71,88.8
ZN-02,Open Office - Floor 2,workspace,80,2026-07-28 14:00:00,78,97.5
ZN-02,Open Office - Floor 2,workspace,80,2026-07-28 14:15:00,80,100.0
ZN-02,Open Office - Floor 2,workspace,80,2026-07-28 14:30:00,80,100.0
ZN-02,Open Office - Floor 2,workspace,80,2026-07-28 14:45:00,80,100.0
ZN-02,Open Office - Floor 2,workspace,80,2026-07-28 15:00:00,62,77.5
ZN-02,Open Office - Floor 2,workspace,80,2026-07-28 15:15:00,41,51.2
ZN-02,Open Office - Floor 2,workspace,80,2026-07-28 15:30:00,27,33.8
ZN-02,Open Office - Floor 2,workspace,80,2026-07-28 15:45:00,39,48.8
ZN-02,Open Office - Floor 2,workspace,80,2026-07-28 16:00:00,23,28.8
ZN-02,Open Office - Floor 2,workspace,80,2026-07-28 16:15:00,3,3.8
ZN-02,Open Office - Floor 2,workspace,80,2026-07-28 16:30:00,0,0.0
ZN-02,Open Office - Floor 2,workspace,80,2026-07-28 16:45:00,6,7.5
ZN-02,Open Office - Floor 2,workspace,80,2026-07-28 17:00:00,0,0.0
ZN-02,Open Office - Floor 2,workspace,80,2026-07-28 17:15:00,1,1.2
ZN-02,Open Office - Floor 2,workspace,80,2026-07-28 17:30:00,0,0.0
ZN-02,Open Office - Floor 2,workspace,80,2026-07-28 17:45:00,0,0.0
ZN-02,Open Office - Floor 2,workspace,80,2026-07-28 18:00:00,0,0.0
ZN-02,Open Office - Floor 2,workspace,80,2026-07-28 18:15:00,0,0.0
ZN-02,Open Office - Floor 2,workspace,80,2026-07-28 18:30:00,0,0.0
ZN-02,Open Office - Floor 2,workspace,80,2026-07-28 18:45:00,3,3.8
ZN-02,Open Office - Floor 2,workspace,80,2026-07-28 19:00:00,10,12.5
ZN-02,Open Office - Floor 2,workspace,80,2026-07-28 19:15:00,3,3.8
ZN-02,Open Office - Floor 2,workspace,80,2026-07-28 19:30:00,0,0.0
ZN-02,Open Office - Floor 2,workspace,80,2026-07-28 19:45:00,0,0.0
ZN-02,Open Office - Floor 2,workspace,80,2026-07-28 20:00:00,0,0.0
ZN-02,Open Office - Floor 2,workspace,80,2026-07-28 20:15:00,0,0.0
ZN-02,Open Office - Floor 2,workspace,80,2026-07-28 20:30:00,0,0.0
ZN-02,Open Office - Floor 2,workspace,80,2026-07-28 20:45:00,0,0.0
ZN-02,Open Office - Floor 2,workspace,80,2026-07-28 21:00:00,0,0.0
ZN-02,Open Office - Floor 2,workspace,80,2026-07-28 21:15:00,8,10.0
ZN-02,Open Office - Floor 2,workspace,80,2026-07-28 21:30:00,0,0.0
ZN-02,Open Office - Floor 2,workspace,80,2026-07-28 21:45:00,4,5.0
ZN-02,Open Office - Floor 2,workspace,80,2026-07-28 22:00:00,0,0.0
ZN-02,Open Office - Floor 2,workspace,80,2026-07-28 22:15:00,11,13.8
ZN-02,Open Office - Floor 2,workspace,80,2026-07-28 22:30:00,0,0.0
ZN-02,Open Office - Floor 2,workspace,80,2026-07-28 22:45:00,3,3.8
ZN-02,Open Office - Floor 2,workspace,80,2026-07-28 23:00:00,7,8.8
ZN-02,Open Office - Floor 2,workspace,80,2026-07-28 23:15:00,0,0.0
ZN-02,Open Office - Floor 2,workspace,80,2026-07-28 23:30:00,5,6.2
ZN-02,Open Office - Floor 2,workspace,80,2026-07-28 23:45:00,0,0.0
ZN-02,Open Office - Floor 2,workspace,80,2026-07-29 00:00:00,6,7.5
ZN-02,Open Office - Floor 2,workspace,80,2026-07-29 00:15:00,0,0.0
ZN-02,Open Office - Floor 2,workspace,80,2026-07-29 00:30:00,9,11.2
ZN-02,Open Office - Floor 2,workspace,80,2026-07-29 00:45:00,0,0.0
ZN-02,Open Office - Floor 2,workspace,80,2026-07-29 01:00:00,4,5.0
ZN-02,Open Office - Floor 2,workspace,80,2026-07-29 01:15:00,0,0.0
ZN-02,Open Office - Floor 2,workspace,80,2026-07-29 01:30:00,0,0.0
ZN-02,Open Office - Floor 2,workspace,80,2026-07-29 01:45:00,4,5.0
ZN-02,Open Office - Floor 2,workspace,80,2026-07-29 02:00:00,0,0.0
ZN-02,Open Office - Floor 2,workspace,80,2026-07-29 02:15:00,0,0.0
ZN-02,Open Office - Floor 2,workspace,80,2026-07-29 02:30:00,4,5.0
ZN-02,Open Office - Floor 2,workspace,80,2026-07-29 02:45:00,0,0.0
ZN-02,Open Office - Floor 2,workspace,80,2026-07-29 03:00:00,0,0.0
ZN-02,Open Office - Floor 2,workspace,80,2026-07-29 03:15:00,6,7.5
ZN-02,Open Office - Floor 2,workspace,80,2026-07-29 03:30:00,0,0.0
ZN-02,Open Office - Floor 2,workspace,80,2026-07-29 03:45:00,7,8.8
ZN-02,Open Office - Floor 2,workspace,80,2026-07-29 04:00:00,0,0.0
ZN-02,Open Office - Floor 2,workspace,80,2026-07-29 04:15:00,2,2.5
ZN-02,Open Office - Floor 2,workspace,80,2026-07-29 04:30:00,1,1.2
ZN-02,Open Office - Floor 2,workspace,80,2026-07-29 04:45:00,0,0.0
ZN-02,Open Office - Floor 2,workspace,80,2026-07-29 05:00:00,4,5.0
ZN-02,Open Office - Floor 2,workspace,80,2026-07-29 05:15:00,0,0.0
ZN-02,Open Office - Floor 2,workspace,80,2026-07-29 05:30:00,12,15.0
ZN-02,Open Office - Floor 2,workspace,80,2026-07-29 05:45:00,39,48.8
ZN-02,Open Office - Floor 2,workspace,80,2026-07-29 06:00:00,64,80.0
ZN-02,Open Office - Floor 2,workspace,80,2026-07-29 06:15:00,74,92.5
ZN-02,Open Office - Floor 2,workspace,80,2026-07-29 06:30:00,78,97.5
ZN-02,Open Office - Floor 2,workspace,80,2026-07-29 06:45:00,73,91.2
ZN-02,Open Office - Floor 2,workspace,80,2026-07-29 07:00:00,76,95.0
ZN-02,Open Office - Floor 2,workspace,80,2026-07-29 07:15:00,80,100.0
ZN-02,Open Office - Floor 2,workspace,80,2026-07-29 07:30:00,80,100.0
ZN-02,Open Office - Floor 2,workspace,80,2026-07-29 07:45:00,80,100.0
ZN-02,Open Office - Floor 2,workspace,80,2026-07-29 08:00:00,70,87.5
ZN-02,Open Office - Floor 2,workspace,80,2026-07-29 08:15:00,70,87.5
ZN-02,Open Office - Floor 2,workspace,80,2026-07-29 08:30:00,74,92.5
ZN-02,Open Office - Floor 2,workspace,80,2026-07-29 08:45:00,76,95.0
ZN-02,Open Office - Floor 2,workspace,80,2026-07-29 09:00:00,71,88.8
ZN-02,Open Office - Floor 2,workspace,80,2026-07-29 09:15:00,73,91.2
ZN-02,Open Office - Floor 2,workspace,80,2026-07-29 09:30:00,69,86.2
ZN-02,Open Office - Floor 2,workspace,80,2026-07-29 09:45:00,62,77.5
ZN-02,Open Office - Floor 2,workspace,80,2026-07-29 10:00:00,50,62.5
ZN-02,Open Office - Floor 2,workspace,80,2026-07-29 10:15:00,36,45.0
ZN-02,Open Office - Floor 2,workspace,80,2026-07-29 10:30:00,27,33.8
ZN-02,Open Office - Floor 2,workspace,80,2026-07-29 10:45:00,23,28.8
ZN-02,Open Office - Floor 2,workspace,80,2026-07-29 11:00:00,64,80.0
ZN-02,Open Office - Floor 2,workspace,80,2026-07-29 11:15:00,68,85.0
ZN-02,Open Office - Floor 2,workspace,80,2026-07-29 11:30:00,79,98.8
ZN-02,Open Office - Floor 2,workspace,80,2026-07-29 11:45:00,75,93.8
ZN-02,Open Office - Floor 2,workspace,80,2026-07-29 12:00:00,46,57.5
ZN-02,Open Office - Floor 2,workspace,80,2026-07-29 12:15:00,44,55.0
ZN-02,Open Office - Floor 2,workspace,80,2026-07-29 12:30:00,55,68.8
ZN-02,Open Office - Floor 2,workspace,80,2026-07-29 12:45:00,55,68.8
ZN-02,Open Office - Floor 2,workspace,80,2026-07-29 13:00:00,47,58.8
ZN-02,Open Office - Floor 2,workspace,80,2026-07-29 13:15:00,48,60.0
ZN-02,Open Office - Floor 2,workspace,80,2026-07-29 13:30:00,52,65.0
ZN-02,Open Office - Floor 2,workspace,80,2026-07-29 13:45:00,80,100.0
ZN-02,Open Office - Floor 2,workspace,80,2026-07-29 14:00:00,79,98.8
ZN-02,Open Office - Floor 2,workspace,80,2026-07-29 14:15:00,78,97.5
ZN-02,Open Office - Floor 2,workspace,80,2026-07-29 14:30:00,77,96.2
ZN-02,Open Office - Floor 2,workspace,80,2026-07-29 14:45:00,68,85.0
ZN-02,Open Office - Floor 2,workspace,80,2026-07-29 15:00:00,61,76.2
ZN-02,Open Office - Floor 2,workspace,80,2026-07-29 15:15:00,40,50.0
ZN-02,Open Office - Floor 2,workspace,80,2026-07-29 15:30:00,23,28.8
ZN-02,Open Office - Floor 2,workspace,80,2026-07-29 15:45:00,25,31.2
ZN-02,Open Office - Floor 2,workspace,80,2026-07-29 16:00:00,30,37.5
ZN-02,Open Office - Floor 2,workspace,80,2026-07-29 16:15:00,6,7.5
ZN-02,Open Office - Floor 2,workspace,80,2026-07-29 16:30:00,2,2.5
ZN-02,Open Office - Floor 2,workspace,80,2026-07-29 16:45:00,0,0.0
ZN-02,Open Office - Floor 2,workspace,80,2026-07-29 17:00:00,0,0.0
ZN-02,Open Office - Floor 2,workspace,80,2026-07-29 17:15:00,2,2.5
ZN-02,Open Office - Floor 2,workspace,80,2026-07-29 17:30:00,3,3.8
ZN-02,Open Office - Floor 2,workspace,80,2026-07-29 17:45:00,1,1.2
ZN-02,Open Office - Floor 2,workspace,80,2026-07-29 18:00:00,0,0.0
ZN-02,Open Office - Floor 2,workspace,80,2026-07-29 18:15:00,7,8.8
ZN-02,Open Office - Floor 2,workspace,80,2026-07-29 18:30:00,0,0.0
ZN-02,Open Office - Floor 2,workspace,80,2026-07-29 18:45:00,0,0.0
ZN-02,Open Office - Floor 2,workspace,80,2026-07-29 19:00:00,1,1.2
ZN-02,Open Office - Floor 2,workspace,80,2026-07-29 19:15:00,5,6.2
ZN-02,Open Office - Floor 2,workspace,80,2026-07-29 19:30:00,2,2.5
ZN-02,Open Office - Floor 2,workspace,80,2026-07-29 19:45:00,5,6.2
ZN-02,Open Office - Floor 2,workspace,80,2026-07-29 20:00:00,8,10.0
ZN-02,Open Office - Floor 2,workspace,80,2026-07-29 20:15:00,0,0.0
ZN-02,Open Office - Floor 2,workspace,80,2026-07-29 20:30:00,0,0.0
ZN-02,Open Office - Floor 2,workspace,80,2026-07-29 20:45:00,0,0.0
ZN-02,Open Office - Floor 2,workspace,80,2026-07-29 21:00:00,3,3.8
ZN-02,Open Office - Floor 2,workspace,80,2026-07-29 21:15:00,0,0.0
ZN-02,Open Office - Floor 2,workspace,80,2026-07-29 21:30:00,5,6.2
ZN-02,Open Office - Floor 2,workspace,80,2026-07-29 21:45:00,0,0.0
ZN-02,Open Office - Floor 2,workspace,80,2026-07-29 22:00:00,2,2.5
ZN-02,Open Office - Floor 2,workspace,80,2026-07-29 22:15:00,0,0.0
ZN-02,Open Office - Floor 2,workspace,80,2026-07-29 22:30:00,0,0.0
ZN-02,Open Office - Floor 2,workspace,80,2026-07-29 22:45:00,3,3.8
ZN-02,Open Office - Floor 2,workspace,80,2026-07-29 23:00:00,0,0.0
ZN-02,Open Office - Floor 2,workspace,80,2026-07-29 23:15:00,3,3.8
ZN-02,Open Office - Floor 2,workspace,80,2026-07-29 23:30:00,0,0.0
ZN-02,Open Office - Floor 2,workspace,80,2026-07-29 23:45:00,0,0.0
ZN-02,Open Office - Floor 2,workspace,80,2026-07-30 00:00:00,5,6.2
ZN-02,Open Office - Floor 2,workspace,80,2026-07-30 00:15:00,0,0.0
ZN-02,Open Office - Floor 2,workspace,80,2026-07-30 00:30:00,3,3.8
ZN-02,Open Office - Floor 2,workspace,80,2026-07-30 00:45:00,0,0.0
ZN-02,Open Office - Floor 2,workspace,80,2026-07-30 01:00:00,0,0.0
ZN-02,Open Office - Floor 2,workspace,80,2026-07-30 01:15:00,7,8.8
ZN-02,Open Office - Floor 2,workspace,80,2026-07-30 01:30:00,1,1.2
ZN-02,Open Office - Floor 2,workspace,80,2026-07-30 01:45:00,0,0.0
ZN-02,Open Office - Floor 2,workspace,80,2026-07-30 02:00:00,4,5.0
ZN-02,Open Office - Floor 2,workspace,80,2026-07-30 02:15:00,0,0.0
ZN-02,Open Office - Floor 2,workspace,80,2026-07-30 02:30:00,8,10.0
ZN-02,Open Office - Floor 2,workspace,80,2026-07-30 02:45:00,0,0.0
ZN-02,Open Office - Floor 2,workspace,80,2026-07-30 03:00:00,2,2.5
ZN-02,Open Office - Floor 2,workspace,80,2026-07-30 03:15:00,0,0.0
ZN-02,Open Office - Floor 2,workspace,80,2026-07-30 03:30:00,3,3.8
ZN-02,Open Office - Floor 2,workspace,80,2026-07-30 03:45:00,0,0.0
ZN-02,Open Office - Floor 2,workspace,80,2026-07-30 04:00:00,0,0.0
ZN-02,Open Office - Floor 2,workspace,80,2026-07-30 04:15:00,3,3.8
ZN-02,Open Office - Floor 2,workspace,80,2026-07-30 04:30:00,0,0.0
ZN-02,Open Office - Floor 2,workspace,80,2026-07-30 04:45:00,0,0.0
ZN-02,Open Office - Floor 2,workspace,80,2026-07-30 05:00:00,2,2.5
ZN-02,Open Office - Floor 2,workspace,80,2026-07-30 05:15:00,0,0.0
ZN-02,Open Office - Floor 2,workspace,80,2026-07-30 05:30:00,2,2.5
ZN-02,Open Office - Floor 2,workspace,80,2026-07-30 05:45:00,35,43.8
ZN-02,Open Office - Floor 2,workspace,80,2026-07-30 06:00:00,71,88.8
ZN-02,Open Office - Floor 2,workspace,80,2026-07-30 06:15:00,65,81.2
ZN-02,Open Office - Floor 2,workspace,80,2026-07-30 06:30:00,74,92.5
ZN-02,Open Office - Floor 2,workspace,80,2026-07-30 06:45:00,67,83.8
ZN-02,Open Office - Floor 2,workspace,80,2026-07-30 07:00:00,79,98.8
ZN-02,Open Office - Floor 2,workspace,80,2026-07-30 07:15:00,80,100.0
ZN-02,Open Office - Floor 2,workspace,80,2026-07-30 07:30:00,75,93.8
ZN-02,Open Office - Floor 2,workspace,80,2026-07-30 07:45:00,69,86.2
ZN-02,Open Office - Floor 2,workspace,80,2026-07-30 08:00:00,74,92.5
ZN-02,Open Office - Floor 2,workspace,80,2026-07-30 08:15:00,69,86.2
ZN-02,Open Office - Floor 2,workspace,80,2026-07-30 08:30:00,80,100.0
ZN-02,Open Office - Floor 2,workspace,80,2026-07-30 08:45:00,79,98.8
ZN-02,Open Office - Floor 2,workspace,80,2026-07-30 09:00:00,62,77.5
ZN-02,Open Office - Floor 2,workspace,80,2026-07-30 09:15:00,74,92.5
ZN-02,Open Office - Floor 2,workspace,80,2026-07-30 09:30:00,74,92.5
ZN-02,Open Office - Floor 2,workspace,80,2026-07-30 09:45:00,66,82.5
ZN-02,Open Office - Floor 2,workspace,80,2026-07-30 10:00:00,59,73.8
ZN-02,Open Office - Floor 2,workspace,80,2026-07-30 10:15:00,37,46.2
ZN-02,Open Office - Floor 2,workspace,80,2026-07-30 10:30:00,22,27.5
ZN-02,Open Office - Floor 2,workspace,80,2026-07-30 10:45:00,23,28.8
ZN-02,Open Office - Floor 2,workspace,80,2026-07-30 11:00:00,77,96.2
ZN-02,Open Office - Floor 2,workspace,80,2026-07-30 11:15:00,67,83.8
ZN-02,Open Office - Floor 2,workspace,80,2026-07-30 11:30:00,74,92.5
ZN-02,Open Office - Floor 2,workspace,80,2026-07-30 11:45:00,64,80.0
ZN-02,Open Office - Floor 2,workspace,80,2026-07-30 12:00:00,43,53.8
ZN-02,Open Office - Floor 2,workspace,80,2026-07-30 12:15:00,42,52.5
ZN-02,Open Office - Floor 2,workspace,80,2026-07-30 12:30:00,41,51.2
ZN-02,Open Office - Floor 2,workspace,80,2026-07-30 12:45:00,43,53.8
ZN-02,Open Office - Floor 2,workspace,80,2026-07-30 13:00:00,37,46.2
ZN-02,Open Office - Floor 2,workspace,80,2026-07-30 13:15:00,49,61.2
ZN-02,Open Office - Floor 2,workspace,80,2026-07-30 13:30:00,45,56.2
ZN-02,Open Office - Floor 2,workspace,80,2026-07-30 13:45:00,77,96.2
ZN-02,Open Office - Floor 2,workspace,80,2026-07-30 14:00:00,80,100.0
ZN-02,Open Office - Floor 2,workspace,80,2026-07-30 14:15:00,78,97.5
ZN-02,Open Office - Floor 2,workspace,80,2026-07-30 14:30:00,75,93.8
ZN-02,Open Office - Floor 2,workspace,80,2026-07-30 14:45:00,77,96.2
ZN-02,Open Office - Floor 2,workspace,80,2026-07-30 15:00:00,64,80.0
ZN-02,Open Office - Floor 2,workspace,80,2026-07-30 15:15:00,35,43.8
ZN-02,Open Office - Floor 2,workspace,80,2026-07-30 15:30:00,33,41.2
ZN-02,Open Office - Floor 2,workspace,80,2026-07-30 15:45:00,16,20.0
ZN-02,Open Office - Floor 2,workspace,80,2026-07-30 16:00:00,25,31.2
ZN-02,Open Office - Floor 2,workspace,80,2026-07-30 16:15:00,11,13.8
ZN-02,Open Office - Floor 2,workspace,80,2026-07-30 16:30:00,0,0.0
ZN-02,Open Office - Floor 2,workspace,80,2026-07-30 16:45:00,0,0.0
ZN-02,Open Office - Floor 2,workspace,80,2026-07-30 17:00:00,0,0.0
ZN-02,Open Office - Floor 2,workspace,80,2026-07-30 17:15:00,4,5.0
ZN-02,Open Office - Floor 2,workspace,80,2026-07-30 17:30:00,1,1.2
ZN-02,Open Office - Floor 2,workspace,80,2026-07-30 17:45:00,0,0.0
ZN-02,Open Office - Floor 2,workspace,80,2026-07-30 18:00:00,0,0.0
ZN-02,Open Office - Floor 2,workspace,80,2026-07-30 18:15:00,8,10.0
ZN-02,Open Office - Floor 2,workspace,80,2026-07-30 18:30:00,5,6.2
ZN-02,Open Office - Floor 2,workspace,80,2026-07-30 18:45:00,7,8.8
ZN-02,Open Office - Floor 2,workspace,80,2026-07-30 19:00:00,0,0.0
ZN-02,Open Office - Floor 2,workspace,80,2026-07-30 19:15:00,3,3.8
ZN-02,Open Office - Floor 2,workspace,80,2026-07-30 19:30:00,0,0.0
ZN-02,Open Office - Floor 2,workspace,80,2026-07-30 19:45:00,0,0.0
ZN-02,Open Office - Floor 2,workspace,80,2026-07-30 20:00:00,0,0.0
ZN-02,Open Office - Floor 2,workspace,80,2026-07-30 20:15:00,0,0.0
ZN-02,Open Office - Floor 2,workspace,80,2026-07-30 20:30:00,5,6.2
ZN-02,Open Office - Floor 2,workspace,80,2026-07-30 20:45:00,0,0.0
ZN-02,Open Office - Floor 2,workspace,80,2026-07-30 21:00:00,0,0.0
ZN-02,Open Office - Floor 2,workspace,80,2026-07-30 21:15:00,2,2.5
ZN-02,Open Office - Floor 2,workspace,80,2026-07-30 21:30:00,0,0.0
ZN-02,Open Office - Floor 2,workspace,80,2026-07-30 21:45:00,2,2.5
ZN-02,Open Office - Floor 2,workspace,80,2026-07-30 22:00:00,0,0.0
ZN-02,Open Office - Floor 2,workspace,80,2026-07-30 22:15:00,7,8.8
ZN-02,Open Office - Floor 2,workspace,80,2026-07-30 22:30:00,0,0.0
ZN-02,Open Office - Floor 2,workspace,80,2026-07-30 22:45:00,5,6.2
ZN-02,Open Office - Floor 2,workspace,80,2026-07-30 23:00:00,0,0.0
ZN-02,Open Office - Floor 2,workspace,80,2026-07-30 23:15:00,0,0.0
ZN-02,Open Office - Floor 2,workspace,80,2026-07-30 23:30:00,0,0.0
ZN-02,Open Office - Floor 2,workspace,80,2026-07-30 23:45:00,0,0.0
ZN-02,Open Office - Floor 2,workspace,80,2026-07-31 00:00:00,0,0.0
ZN-02,Open Office - Floor 2,workspace,80,2026-07-31 00:15:00,0,0.0
ZN-02,Open Office - Floor 2,workspace,80,2026-07-31 00:30:00,0,0.0
ZN-02,Open Office - Floor 2,workspace,80,2026-07-31 00:45:00,0,0.0
ZN-02,Open Office - Floor 2,workspace,80,2026-07-31 01:00:00,0,0.0
ZN-02,Open Office - Floor 2,workspace,80,2026-07-31 01:15:00,5,6.2
ZN-02,Open Office - Floor 2,workspace,80,2026-07-31 01:30:00,3,3.8
ZN-02,Open Office - Floor 2,workspace,80,2026-07-31 01:45:00,0,0.0
ZN-02,Open Office - Floor 2,workspace,80,2026-07-31 02:00:00,4,5.0
ZN-02,Open Office - Floor 2,workspace,80,2026-07-31 02:15:00,0,0.0
ZN-02,Open Office - Floor 2,workspace,80,2026-07-31 02:30:00,0,0.0
ZN-02,Open Office - Floor 2,workspace,80,2026-07-31 02:45:00,0,0.0
ZN-02,Open Office - Floor 2,workspace,80,2026-07-31 03:00:00,0,0.0
ZN-02,Open Office - Floor 2,workspace,80,2026-07-31 03:15:00,1,1.2
ZN-02,Open Office - Floor 2,workspace,80,2026-07-31 03:30:00,5,6.2
ZN-02,Open Office - Floor 2,workspace,80,2026-07-31 03:45:00,3,3.8
ZN-02,Open Office - Floor 2,workspace,80,2026-07-31 04:00:00,3,3.8
ZN-02,Open Office - Floor 2,workspace,80,2026-07-31 04:15:00,9,11.2
ZN-02,Open Office - Floor 2,workspace,80,2026-07-31 04:30:00,0,0.0
ZN-02,Open Office - Floor 2,workspace,80,2026-07-31 04:45:00,3,3.8
ZN-02,Open Office - Floor 2,workspace,80,2026-07-31 05:00:00,9,11.2
ZN-02,Open Office - Floor 2,workspace,80,2026-07-31 05:15:00,0,0.0
ZN-02,Open Office - Floor 2,workspace,80,2026-07-31 05:30:00,14,17.5
ZN-02,Open Office - Floor 2,workspace,80,2026-07-31 05:45:00,30,37.5
ZN-02,Open Office - Floor 2,workspace,80,2026-07-31 06:00:00,64,80.0
ZN-02,Open Office - Floor 2,workspace,80,2026-07-31 06:15:00,64,80.0
ZN-02,Open Office - Floor 2,workspace,80,2026-07-31 06:30:00,80,100.0
ZN-02,Open Office - Floor 2,workspace,80,2026-07-31 06:45:00,80,100.0
ZN-02,Open Office - Floor 2,workspace,80,2026-07-31 07:00:00,80,100.0
ZN-02,Open Office - Floor 2,workspace,80,2026-07-31 07:15:00,80,100.0
ZN-02,Open Office - Floor 2,workspace,80,2026-07-31 07:30:00,80,100.0
ZN-02,Open Office - Floor 2,workspace,80,2026-07-31 07:45:00,75,93.8
ZN-02,Open Office - Floor 2,workspace,80,2026-07-31 08:00:00,64,80.0
ZN-02,Open Office - Floor 2,workspace,80,2026-07-31 08:15:00,74,92.5
ZN-02,Open Office - Floor 2,workspace,80,2026-07-31 08:30:00,73,91.2
ZN-02,Open Office - Floor 2,workspace,80,2026-07-31 08:45:00,80,100.0
ZN-02,Open Office - Floor 2,workspace,80,2026-07-31 09:00:00,70,87.5
ZN-02,Open Office - Floor 2,workspace,80,2026-07-31 09:15:00,73,91.2
ZN-02,Open Office - Floor 2,workspace,80,2026-07-31 09:30:00,63,78.8
ZN-02,Open Office - Floor 2,workspace,80,2026-07-31 09:45:00,54,67.5
ZN-02,Open Office - Floor 2,workspace,80,2026-07-31 10:00:00,55,68.8
ZN-02,Open Office - Floor 2,workspace,80,2026-07-31 10:15:00,52,65.0
ZN-02,Open Office - Floor 2,workspace,80,2026-07-31 10:30:00,23,28.8
ZN-02,Open Office - Floor 2,workspace,80,2026-07-31 10:45:00,27,33.8
ZN-02,Open Office - Floor 2,workspace,80,2026-07-31 11:00:00,66,82.5
ZN-02,Open Office - Floor 2,workspace,80,2026-07-31 11:15:00,66,82.5
ZN-02,Open Office - Floor 2,workspace,80,2026-07-31 11:30:00,72,90.0
ZN-02,Open Office - Floor 2,workspace,80,2026-07-31 11:45:00,73,91.2
ZN-02,Open Office - Floor 2,workspace,80,2026-07-31 12:00:00,44,55.0
ZN-02,Open Office - Floor 2,workspace,80,2026-07-31 12:15:00,45,56.2
ZN-02,Open Office - Floor 2,workspace,80,2026-07-31 12:30:00,48,60.0
ZN-02,Open Office - Floor 2,workspace,80,2026-07-31 12:45:00,49,61.2
ZN-02,Open Office - Floor 2,workspace,80,2026-07-31 13:00:00,47,58.8
ZN-02,Open Office - Floor 2,workspace,80,2026-07-31 13:15:00,48,60.0
ZN-02,Open Office - Floor 2,workspace,80,2026-07-31 13:30:00,44,55.0
ZN-02,Open Office - Floor 2,workspace,80,2026-07-31 13:45:00,78,97.5
ZN-02,Open Office - Floor 2,workspace,80,2026-07-31 14:00:00,79,98.8
ZN-02,Open Office - Floor 2,workspace,80,2026-07-31 14:15:00,80,100.0
ZN-02,Open Office - Floor 2,workspace,80,2026-07-31 14:30:00,77,96.2
ZN-02,Open Office - Floor 2,workspace,80,2026-07-31 14:45:00,69,86.2
ZN-02,Open Office - Floor 2,workspace,80,2026-07-31 15:00:00,67,83.8
ZN-02,Open Office - Floor 2,workspace,80,2026-07-31 15:15:00,35,43.8
ZN-02,Open Office - Floor 2,workspace,80,2026-07-31 15:30:00,28,35.0
ZN-02,Open Office - Floor 2,workspace,80,2026-07-31 15:45:00,27,33.8
ZN-02,Open Office - Floor 2,workspace,80,2026-07-31 16:00:00,19,23.8
ZN-02,Open Office - Floor 2,workspace,80,2026-07-31 16:15:00,13,16.2
ZN-02,Open Office - Floor 2,workspace,80,2026-07-31 16:30:00,0,0.0
ZN-02,Open Office - Floor 2,workspace,80,2026-07-31 16:45:00,0,0.0
ZN-02,Open Office - Floor 2,workspace,80,2026-07-31 17:00:00,0,0.0
ZN-02,Open Office - Floor 2,workspace,80,2026-07-31 17:15:00,0,0.0
ZN-02,Open Office - Floor 2,workspace,80,2026-07-31 17:30:00,0,0.0
ZN-02,Open Office - Floor 2,workspace,80,2026-07-31 17:45:00,5,6.2
ZN-02,Open Office - Floor 2,workspace,80,2026-07-31 18:00:00,6,7.5
ZN-02,Open Office - Floor 2,workspace,80,2026-07-31 18:15:00,3,3.8
ZN-02,Open Office - Floor 2,workspace,80,2026-07-31 18:30:00,0,0.0
ZN-02,Open Office - Floor 2,workspace,80,2026-07-31 18:45:00,0,0.0
ZN-02,Open Office - Floor 2,workspace,80,2026-07-31 19:00:00,9,11.2
ZN-02,Open Office - Floor 2,workspace,80,2026-07-31 19:15:00,0,0.0
ZN-02,Open Office - Floor 2,workspace,80,2026-07-31 19:30:00,0,0.0
ZN-02,Open Office - Floor 2,workspace,80,2026-07-31 19:45:00,1,1.2
ZN-02,Open Office - Floor 2,workspace,80,2026-07-31 20:00:00,2,2.5
ZN-02,Open Office - Floor 2,workspace,80,2026-07-31 20:15:00,0,0.0
ZN-02,Open Office - Floor 2,workspace,80,2026-07-31 20:30:00,2,2.5
ZN-02,Open Office - Floor 2,workspace,80,2026-07-31 20:45:00,0,0.0
ZN-02,Open Office - Floor 2,workspace,80,2026-07-31 21:00:00,3,3.8
ZN-02,Open Office - Floor 2,workspace,80,2026-07-31 21:15:00,2,2.5
ZN-02,Open Office - Floor 2,workspace,80,2026-07-31 21:30:00,0,0.0
ZN-02,Open Office - Floor 2,workspace,80,2026-07-31 21:45:00,5,6.2
ZN-02,Open Office - Floor 2,workspace,80,2026-07-31 22:00:00,1,1.2
ZN-02,Open Office - Floor 2,workspace,80,2026-07-31 22:15:00,0,0.0
ZN-02,Open Office - Floor 2,workspace,80,2026-07-31 22:30:00,4,5.0
ZN-02,Open Office - Floor 2,workspace,80,2026-07-31 22:45:00,1,1.2
ZN-02,Open Office - Floor 2,workspace,80,2026-07-31 23:00:00,5,6.2
ZN-02,Open Office - Floor 2,workspace,80,2026-07-31 23:15:00,0,0.0
ZN-02,Open Office - Floor 2,workspace,80,2026-07-31 23:30:00,4,5.0
ZN-02,Open Office - Floor 2,workspace,80,2026-07-31 23:45:00,0,0.0
ZN-02,Open Office - Floor 2,workspace,80,2026-08-01 00:00:00,5,6.2
ZN-02,Open Office - Floor 2,workspace,80,2026-08-01 00:15:00,7,8.8
ZN-02,Open Office - Floor 2,workspace,80,2026-08-01 00:30:00,0,0.0
ZN-02,Open Office - Floor 2,workspace,80,2026-08-01 00:45:00,0,0.0
ZN-02,Open Office - Floor 2,workspace,80,2026-08-01 01:00:00,3,3.8
ZN-02,Open Office - Floor 2,workspace,80,2026-08-01 01:15:00,6,7.5
ZN-02,Open Office - Floor 2,workspace,80,2026-08-01 01:30:00,4,5.0
ZN-02,Open Office - Floor 2,workspace,80,2026-08-01 01:45:00,3,3.8
ZN-02,Open Office - Floor 2,workspace,80,2026-08-01 02:00:00,6,7.5
ZN-02,Open Office - Floor 2,workspace,80,2026-08-01 02:15:00,4,5.0
ZN-02,Open Office - Floor 2,workspace,80,2026-08-01 02:30:00,0,0.0
ZN-02,Open Office - Floor 2,workspace,80,2026-08-01 02:45:00,9,11.2
ZN-02,Open Office - Floor 2,workspace,80,2026-08-01 03:00:00,9,11.2
ZN-02,Open Office - Floor 2,workspace,80,2026-08-01 03:15:00,8,10.0
ZN-02,Open Office - Floor 2,workspace,80,2026-08-01 03:30:00,0,0.0
ZN-02,Open Office - Floor 2,workspace,80,2026-08-01 03:45:00,9,11.2
ZN-02,Open Office - Floor 2,workspace,80,2026-08-01 04:00:00,0,0.0
ZN-02,Open Office - Floor 2,workspace,80,2026-08-01 04:15:00,3,3.8
ZN-02,Open Office - Floor 2,workspace,80,2026-08-01 04:30:00,2,2.5
ZN-02,Open Office - Floor 2,workspace,80,2026-08-01 04:45:00,10,12.5
ZN-02,Open Office - Floor 2,workspace,80,2026-08-01 05:00:00,7,8.8
ZN-02,Open Office - Floor 2,workspace,80,2026-08-01 05:15:00,3,3.8
ZN-02,Open Office - Floor 2,workspace,80,2026-08-01 05:30:00,5,6.2
ZN-02,Open Office - Floor 2,workspace,80,2026-08-01 05:45:00,0,0.0
ZN-02,Open Office - Floor 2,workspace,80,2026-08-01 06:00:00,0,0.0
ZN-02,Open Office - Floor 2,workspace,80,2026-08-01 06:15:00,6,7.5
ZN-02,Open Office - Floor 2,workspace,80,2026-08-01 06:30:00,6,7.5
ZN-02,Open Office - Floor 2,workspace,80,2026-08-01 06:45:00,3,3.8
ZN-02,Open Office - Floor 2,workspace,80,2026-08-01 07:00:00,10,12.5
ZN-02,Open Office - Floor 2,workspace,80,2026-08-01 07:15:00,11,13.8
ZN-02,Open Office - Floor 2,workspace,80,2026-08-01 07:30:00,1,1.2
ZN-02,Open Office - Floor 2,workspace,80,2026-08-01 07:45:00,4,5.0
ZN-02,Open Office - Floor 2,workspace,80,2026-08-01 08:00:00,5,6.2
ZN-02,Open Office - Floor 2,workspace,80,2026-08-01 08:15:00,0,0.0
ZN-02,Open Office - Floor 2,workspace,80,2026-08-01 08:30:00,8,10.0
ZN-02,Open Office - Floor 2,workspace,80,2026-08-01 08:45:00,8,10.0
ZN-02,Open Office - Floor 2,workspace,80,2026-08-01 09:00:00,5,6.2
ZN-02,Open Office - Floor 2,workspace,80,2026-08-01 09:15:00,3,3.8
ZN-02,Open Office - Floor 2,workspace,80,2026-08-01 09:30:00,1,1.2
ZN-02,Open Office - Floor 2,workspace,80,2026-08-01 09:45:00,10,12.5
ZN-02,Open Office - Floor 2,workspace,80,2026-08-01 10:00:00,0,0.0
ZN-02,Open Office - Floor 2,workspace,80,2026-08-01 10:15:00,5,6.2
ZN-02,Open Office - Floor 2,workspace,80,2026-08-01 10:30:00,3,3.8
ZN-02,Open Office - Floor 2,workspace,80,2026-08-01 10:45:00,9,11.2
ZN-02,Open Office - Floor 2,workspace,80,2026-08-01 11:00:00,10,12.5
ZN-02,Open Office - Floor 2,workspace,80,2026-08-01 11:15:00,4,5.0
ZN-02,Open Office - Floor 2,workspace,80,2026-08-01 11:30:00,3,3.8
ZN-02,Open Office - Floor 2,workspace,80,2026-08-01 11:45:00,0,0.0
ZN-02,Open Office - Floor 2,workspace,80,2026-08-01 12:00:00,0,0.0
ZN-02,Open Office - Floor 2,workspace,80,2026-08-01 12:15:00,5,6.2
ZN-02,Open Office - Floor 2,workspace,80,2026-08-01 12:30:00,5,6.2
ZN-02,Open Office - Floor 2,workspace,80,2026-08-01 12:45:00,3,3.8
ZN-02,Open Office - Floor 2,workspace,80,2026-08-01 13:00:00,0,0.0
ZN-02,Open Office - Floor 2,workspace,80,2026-08-01 13:15:00,0,0.0
ZN-02,Open Office - Floor 2,workspace,80,2026-08-01 13:30:00,0,0.0
ZN-02,Open Office - Floor 2,workspace,80,2026-08-01 13:45:00,2,2.5
ZN-02,Open Office - Floor 2,workspace,80,2026-08-01 14:00:00,0,0.0
ZN-02,Open Office - Floor 2,workspace,80,2026-08-01 14:15:00,0,0.0
ZN-02,Open Office - Floor 2,workspace,80,2026-08-01 14:30:00,0,0.0
ZN-02,Open Office - Floor 2,workspace,80,2026-08-01 14:45:00,7,8.8
ZN-02,Open Office - Floor 2,workspace,80,2026-08-01 15:00:00,0,0.0
ZN-02,Open Office - Floor 2,workspace,80,2026-08-01 15:15:00,5,6.2
ZN-02,Open Office - Floor 2,workspace,80,2026-08-01 15:30:00,11,13.8
ZN-02,Open Office - Floor 2,workspace,80,2026-08-01 15:45:00,5,6.2
ZN-02,Open Office - Floor 2,workspace,80,2026-08-01 16:00:00,5,6.2
ZN-02,Open Office - Floor 2,workspace,80,2026-08-01 16:15:00,0,0.0
ZN-02,Open Office - Floor 2,workspace,80,2026-08-01 16:30:00,0,0.0
ZN-02,Open Office - Floor 2,workspace,80,2026-08-01 16:45:00,0,0.0
ZN-02,Open Office - Floor 2,workspace,80,2026-08-01 17:00:00,5,6.2
ZN-02,Open Office - Floor 2,workspace,80,2026-08-01 17:15:00,4,5.0
ZN-02,Open Office - Floor 2,workspace,80,2026-08-01 17:30:00,9,11.2
ZN-02,Open Office - Floor 2,workspace,80,2026-08-01 17:45:00,2,2.5
ZN-02,Open Office - Floor 2,workspace,80,2026-08-01 18:00:00,3,3.8
ZN-02,Open Office - Floor 2,workspace,80,2026-08-01 18:15:00,0,0.0
ZN-02,Open Office - Floor 2,workspace,80,2026-08-01 18:30:00,4,5.0
ZN-02,Open Office - Floor 2,workspace,80,2026-08-01 18:45:00,8,10.0
ZN-02,Open Office - Floor 2,workspace,80,2026-08-01 19:00:00,4,5.0
ZN-02,Open Office - Floor 2,workspace,80,2026-08-01 19:15:00,6,7.5
ZN-02,Open Office - Floor 2,workspace,80,2026-08-01 19:30:00,2,2.5
ZN-02,Open Office - Floor 2,workspace,80,2026-08-01 19:45:00,4,5.0
ZN-02,Open Office - Floor 2,workspace,80,2026-08-01 20:00:00,3,3.8
ZN-02,Open Office - Floor 2,workspace,80,2026-08-01 20:15:00,0,0.0
ZN-02,Open Office - Floor 2,workspace,80,2026-08-01 20:30:00,2,2.5
ZN-02,Open Office - Floor 2,workspace,80,2026-08-01 20:45:00,6,7.5
ZN-02,Open Office - Floor 2,workspace,80,2026-08-01 21:00:00,4,5.0
ZN-02,Open Office - Floor 2,workspace,80,2026-08-01 21:15:00,2,2.5
ZN-02,Open Office - Floor 2,workspace,80,2026-08-01 21:30:00,0,0.0
ZN-02,Open Office - Floor 2,workspace,80,2026-08-01 21:45:00,5,6.2
ZN-02,Open Office - Floor 2,workspace,80,2026-08-01 22:00:00,0,0.0
ZN-02,Open Office - Floor 2,workspace,80,2026-08-01 22:15:00,1,1.2
ZN-02,Open Office - Floor 2,workspace,80,2026-08-01 22:30:00,5,6.2
ZN-02,Open Office - Floor 2,workspace,80,2026-08-01 22:45:00,7,8.8
ZN-02,Open Office - Floor 2,workspace,80,2026-08-01 23:00:00,0,0.0
ZN-02,Open Office - Floor 2,workspace,80,2026-08-01 23:15:00,0,0.0
ZN-02,Open Office - Floor 2,workspace,80,2026-08-01 23:30:00,6,7.5
ZN-02,Open Office - Floor 2,workspace,80,2026-08-01 23:45:00,1,1.2
ZN-02,Open Office - Floor 2,workspace,80,2026-08-02 00:00:00,10,12.5
ZN-02,Open Office - Floor 2,workspace,80,2026-08-02 00:15:00,7,8.8
ZN-02,Open Office - Floor 2,workspace,80,2026-08-02 00:30:00,3,3.8
ZN-02,Open Office - Floor 2,workspace,80,2026-08-02 00:45:00,0,0.0
ZN-02,Open Office - Floor 2,workspace,80,2026-08-02 01:00:00,6,7.5
ZN-02,Open Office - Floor 2,workspace,80,2026-08-02 01:15:00,3,3.8
ZN-02,Open Office - Floor 2,workspace,80,2026-08-02 01:30:00,0,0.0
ZN-02,Open Office - Floor 2,workspace,80,2026-08-02 01:45:00,0,0.0
ZN-02,Open Office - Floor 2,workspace,80,2026-08-02 02:00:00,1,1.2
ZN-02,Open Office - Floor 2,workspace,80,2026-08-02 02:15:00,5,6.2
ZN-02,Open Office - Floor 2,workspace,80,2026-08-02 02:30:00,0,0.0
ZN-02,Open Office - Floor 2,workspace,80,2026-08-02 02:45:00,2,2.5
ZN-02,Open Office - Floor 2,workspace,80,2026-08-02 03:00:00,3,3.8
ZN-02,Open Office - Floor 2,workspace,80,2026-08-02 03:15:00,13,16.2
ZN-02,Open Office - Floor 2,workspace,80,2026-08-02 03:30:00,3,3.8
ZN-02,Open Office - Floor 2,workspace,80,2026-08-02 03:45:00,3,3.8
ZN-02,Open Office - Floor 2,workspace,80,2026-08-02 04:00:00,2,2.5
ZN-02,Open Office - Floor 2,workspace,80,2026-08-02 04:15:00,4,5.0
ZN-02,Open Office - Floor 2,workspace,80,2026-08-02 04:30:00,5,6.2
ZN-02,Open Office - Floor 2,workspace,80,2026-08-02 04:45:00,1,1.2
ZN-02,Open Office - Floor 2,workspace,80,2026-08-02 05:00:00,4,5.0
ZN-02,Open Office - Floor 2,workspace,80,2026-08-02 05:15:00,11,13.8
ZN-02,Open Office - Floor 2,workspace,80,2026-08-02 05:30:00,1,1.2
ZN-02,Open Office - Floor 2,workspace,80,2026-08-02 05:45:00,5,6.2
ZN-02,Open Office - Floor 2,workspace,80,2026-08-02 06:00:00,11,13.8
ZN-02,Open Office - Floor 2,workspace,80,2026-08-02 06:15:00,0,0.0
ZN-02,Open Office - Floor 2,workspace,80,2026-08-02 06:30:00,2,2.5
ZN-02,Open Office - Floor 2,workspace,80,2026-08-02 06:45:00,0,0.0
ZN-02,Open Office - Floor 2,workspace,80,2026-08-02 07:00:00,6,7.5
ZN-02,Open Office - Floor 2,workspace,80,2026-08-02 07:15:00,7,8.8
ZN-02,Open Office - Floor 2,workspace,80,2026-08-02 07:30:00,4,5.0
ZN-02,Open Office - Floor 2,workspace,80,2026-08-02 07:45:00,2,2.5
ZN-02,Open Office - Floor 2,workspace,80,2026-08-02 08:00:00,2,2.5
ZN-02,Open Office - Floor 2,workspace,80,2026-08-02 08:15:00,3,3.8
ZN-02,Open Office - Floor 2,workspace,80,2026-08-02 08:30:00,8,10.0
ZN-02,Open Office - Floor 2,workspace,80,2026-08-02 08:45:00,4,5.0
ZN-02,Open Office - Floor 2,workspace,80,2026-08-02 09:00:00,9,11.2
ZN-02,Open Office - Floor 2,workspace,80,2026-08-02 09:15:00,12,15.0
ZN-02,Open Office - Floor 2,workspace,80,2026-08-02 09:30:00,1,1.2
ZN-02,Open Office - Floor 2,workspace,80,2026-08-02 09:45:00,10,12.5
ZN-02,Open Office - Floor 2,workspace,80,2026-08-02 10:00:00,9,11.2
ZN-02,Open Office - Floor 2,workspace,80,2026-08-02 10:15:00,2,2.5
ZN-02,Open Office - Floor 2,workspace,80,2026-08-02 10:30:00,0,0.0
ZN-02,Open Office - Floor 2,workspace,80,2026-08-02 10:45:00,0,0.0
ZN-02,Open Office - Floor 2,workspace,80,2026-08-02 11:00:00,6,7.5
ZN-02,Open Office - Floor 2,workspace,80,2026-08-02 11:15:00,0,0.0
ZN-02,Open Office - Floor 2,workspace,80,2026-08-02 11:30:00,9,11.2
ZN-02,Open Office - Floor 2,workspace,80,2026-08-02 11:45:00,0,0.0
ZN-02,Open Office - Floor 2,workspace,80,2026-08-02 12:00:00,3,3.8
ZN-02,Open Office - Floor 2,workspace,80,2026-08-02 12:15:00,0,0.0
ZN-02,Open Office - Floor 2,workspace,80,2026-08-02 12:30:00,0,0.0
ZN-02,Open Office - Floor 2,workspace,80,2026-08-02 12:45:00,3,3.8
ZN-02,Open Office - Floor 2,workspace,80,2026-08-02 13:00:00,0,0.0
ZN-02,Open Office - Floor 2,workspace,80,2026-08-02 13:15:00,1,1.2
ZN-02,Open Office - Floor 2,workspace,80,2026-08-02 13:30:00,0,0.0
ZN-02,Open Office - Floor 2,workspace,80,2026-08-02 13:45:00,6,7.5
ZN-02,Open Office - Floor 2,workspace,80,2026-08-02 14:00:00,0,0.0
ZN-02,Open Office - Floor 2,workspace,80,2026-08-02 14:15:00,12,15.0
ZN-02,Open Office - Floor 2,workspace,80,2026-08-02 14:30:00,10,12.5
ZN-02,Open Office - Floor 2,workspace,80,2026-08-02 14:45:00,0,0.0
ZN-02,Open Office - Floor 2,workspace,80,2026-08-02 15:00:00,0,0.0
ZN-02,Open Office - Floor 2,workspace,80,2026-08-02 15:15:00,0,0.0
ZN-02,Open Office - Floor 2,workspace,80,2026-08-02 15:30:00,4,5.0
ZN-02,Open Office - Floor 2,workspace,80,2026-08-02 15:45:00,5,6.2
ZN-02,Open Office - Floor 2,workspace,80,2026-08-02 16:00:00,5,6.2
ZN-02,Open Office - Floor 2,workspace,80,2026-08-02 16:15:00,6,7.5
ZN-02,Open Office - Floor 2,workspace,80,2026-08-02 16:30:00,2,2.5
ZN-02,Open Office - Floor 2,workspace,80,2026-08-02 16:45:00,0,0.0
ZN-02,Open Office - Floor 2,workspace,80,2026-08-02 17:00:00,0,0.0
ZN-02,Open Office - Floor 2,workspace,80,2026-08-02 17:15:00,0,0.0
ZN-02,Open Office - Floor 2,workspace,80,2026-08-02 17:30:00,0,0.0
ZN-02,Open Office - Floor 2,workspace,80,2026-08-02 17:45:00,14,17.5
ZN-02,Open Office - Floor 2,workspace,80,2026-08-02 18:00:00,0,0.0
ZN-02,Open Office - Floor 2,workspace,80,2026-08-02 18:15:00,8,10.0
ZN-02,Open Office - Floor 2,workspace,80,2026-08-02 18:30:00,6,7.5
ZN-02,Open Office - Floor 2,workspace,80,2026-08-02 18:45:00,0,0.0
ZN-02,Open Office - Floor 2,workspace,80,2026-08-02 19:00:00,0,0.0
ZN-02,Open Office - Floor 2,workspace,80,2026-08-02 19:15:00,1,1.2
ZN-02,Open Office - Floor 2,workspace,80,2026-08-02 19:30:00,4,5.0
ZN-02,Open Office - Floor 2,workspace,80,2026-08-02 19:45:00,1,1.2
ZN-02,Open Office - Floor 2,workspace,80,2026-08-02 20:00:00,7,8.8
ZN-02,Open Office - Floor 2,workspace,80,2026-08-02 20:15:00,0,0.0
ZN-02,Open Office - Floor 2,workspace,80,2026-08-02 20:30:00,0,0.0
ZN-02,Open Office - Floor 2,workspace,80,2026-08-02 20:45:00,4,5.0
ZN-02,Open Office - Floor 2,workspace,80,2026-08-02 21:00:00,12,15.0
ZN-02,Open Office - Floor 2,workspace,80,2026-08-02 21:15:00,6,7.5
ZN-02,Open Office - Floor 2,workspace,80,2026-08-02 21:30:00,11,13.8
ZN-02,Open Office - Floor 2,workspace,80,2026-08-02 21:45:00,0,0.0
ZN-02,Open Office - Floor 2,workspace,80,2026-08-02 22:00:00,8,10.0
ZN-02,Open Office - Floor 2,workspace,80,2026-08-02 22:15:00,5,6.2
ZN-02,Open Office - Floor 2,workspace,80,2026-08-02 22:30:00,14,17.5
ZN-02,Open Office - Floor 2,workspace,80,2026-08-02 22:45:00,1,1.2
ZN-02,Open Office - Floor 2,workspace,80,2026-08-02 23:00:00,4,5.0
ZN-02,Open Office - Floor 2,workspace,80,2026-08-02 23:15:00,0,0.0
ZN-02,Open Office - Floor 2,workspace,80,2026-08-02 23:30:00,0,0.0
ZN-02,Open Office - Floor 2,workspace,80,2026-08-02 23:45:00,6,7.5
ZN-02,Open Office - Floor 2,workspace,80,2026-08-03 00:00:00,3,3.8
ZN-02,Open Office - Floor 2,workspace,80,2026-08-03 00:15:00,0,0.0
ZN-02,Open Office - Floor 2,workspace,80,2026-08-03 00:30:00,5,6.2
ZN-02,Open Office - Floor 2,workspace,80,2026-08-03 00:45:00,0,0.0
ZN-02,Open Office - Floor 2,workspace,80,2026-08-03 01:00:00,1,1.2
ZN-02,Open Office - Floor 2,workspace,80,2026-08-03 01:15:00,10,12.5
ZN-02,Open Office - Floor 2,workspace,80,2026-08-03 01:30:00,5,6.2
ZN-02,Open Office - Floor 2,workspace,80,2026-08-03 01:45:00,6,7.5
ZN-02,Open Office - Floor 2,workspace,80,2026-08-03 02:00:00,8,10.0
ZN-02,Open Office - Floor 2,workspace,80,2026-08-03 02:15:00,3,3.8
ZN-02,Open Office - Floor 2,workspace,80,2026-08-03 02:30:00,0,0.0
ZN-02,Open Office - Floor 2,workspace,80,2026-08-03 02:45:00,8,10.0
ZN-02,Open Office - Floor 2,workspace,80,2026-08-03 03:00:00,9,11.2
ZN-02,Open Office - Floor 2,workspace,80,2026-08-03 03:15:00,0,0.0
ZN-02,Open Office - Floor 2,workspace,80,2026-08-03 03:30:00,0,0.0
ZN-02,Open Office - Floor 2,workspace,80,2026-08-03 03:45:00,0,0.0
ZN-02,Open Office - Floor 2,workspace,80,2026-08-03 04:00:00,0,0.0
ZN-02,Open Office - Floor 2,workspace,80,2026-08-03 04:15:00,7,8.8
ZN-02,Open Office - Floor 2,workspace,80,2026-08-03 04:30:00,0,0.0
ZN-02,Open Office - Floor 2,workspace,80,2026-08-03 04:45:00,0,0.0
ZN-02,Open Office - Floor 2,workspace,80,2026-08-03 05:00:00,2,2.5
ZN-02,Open Office - Floor 2,workspace,80,2026-08-03 05:15:00,4,5.0
ZN-02,Open Office - Floor 2,workspace,80,2026-08-03 05:30:00,6,7.5
ZN-02,Open Office - Floor 2,workspace,80,2026-08-03 05:45:00,35,43.8
ZN-02,Open Office - Floor 2,workspace,80,2026-08-03 06:00:00,62,77.5
ZN-02,Open Office - Floor 2,workspace,80,2026-08-03 06:15:00,75,93.8
ZN-02,Open Office - Floor 2,workspace,80,2026-08-03 06:30:00,76,95.0
ZN-02,Open Office - Floor 2,workspace,80,2026-08-03 06:45:00,80,100.0
ZN-02,Open Office - Floor 2,workspace,80,2026-08-03 07:00:00,80,100.0
ZN-02,Open Office - Floor 2,workspace,80,2026-08-03 07:15:00,80,100.0
ZN-02,Open Office - Floor 2,workspace,80,2026-08-03 07:30:00,80,100.0
ZN-02,Open Office - Floor 2,workspace,80,2026-08-03 07:45:00,80,100.0
ZN-02,Open Office - Floor 2,workspace,80,2026-08-03 08:00:00,80,100.0
ZN-02,Open Office - Floor 2,workspace,80,2026-08-03 08:15:00,76,95.0
ZN-02,Open Office - Floor 2,workspace,80,2026-08-03 08:30:00,68,85.0
ZN-02,Open Office - Floor 2,workspace,80,2026-08-03 08:45:00,80,100.0
ZN-02,Open Office - Floor 2,workspace,80,2026-08-03 09:00:00,73,91.2
ZN-02,Open Office - Floor 2,workspace,80,2026-08-03 09:15:00,68,85.0
ZN-02,Open Office - Floor 2,workspace,80,2026-08-03 09:30:00,74,92.5
ZN-02,Open Office - Floor 2,workspace,80,2026-08-03 09:45:00,60,75.0
ZN-02,Open Office - Floor 2,workspace,80,2026-08-03 10:00:00,58,72.5
ZN-02,Open Office - Floor 2,workspace,80,2026-08-03 10:15:00,40,50.0
ZN-02,Open Office - Floor 2,workspace,80,2026-08-03 10:30:00,17,21.2
ZN-02,Open Office - Floor 2,workspace,80,2026-08-03 10:45:00,29,36.2
ZN-02,Open Office - Floor 2,workspace,80,2026-08-03 11:00:00,57,71.2
ZN-02,Open Office - Floor 2,workspace,80,2026-08-03 11:15:00,67,83.8
ZN-02,Open Office - Floor 2,workspace,80,2026-08-03 11:30:00,72,90.0
ZN-02,Open Office - Floor 2,workspace,80,2026-08-03 11:45:00,73,91.2
ZN-02,Open Office - Floor 2,workspace,80,2026-08-03 12:00:00,43,53.8
ZN-02,Open Office - Floor 2,workspace,80,2026-08-03 12:15:00,38,47.5
ZN-02,Open Office - Floor 2,workspace,80,2026-08-03 12:30:00,45,56.2
ZN-02,Open Office - Floor 2,workspace,80,2026-08-03 12:45:00,48,60.0
ZN-02,Open Office - Floor 2,workspace,80,2026-08-03 13:00:00,52,65.0
ZN-02,Open Office - Floor 2,workspace,80,2026-08-03 13:15:00,50,62.5
ZN-02,Open Office - Floor 2,workspace,80,2026-08-03 13:30:00,41,51.2
ZN-02,Open Office - Floor 2,workspace,80,2026-08-03 13:45:00,74,92.5
ZN-02,Open Office - Floor 2,workspace,80,2026-08-03 14:00:00,73,91.2
ZN-02,Open Office - Floor 2,workspace,80,2026-08-03 14:15:00,80,100.0
ZN-02,Open Office - Floor 2,workspace,80,2026-08-03 14:30:00,80,100.0
ZN-02,Open Office - Floor 2,workspace,80,2026-08-03 14:45:00,74,92.5
ZN-02,Open Office - Floor 2,workspace,80,2026-08-03 15:00:00,60,75.0
ZN-02,Open Office - Floor 2,workspace,80,2026-08-03 15:15:00,29,36.2
ZN-02,Open Office - Floor 2,workspace,80,2026-08-03 15:30:00,27,33.8
ZN-02,Open Office - Floor 2,workspace,80,2026-08-03 15:45:00,33,41.2
ZN-02,Open Office - Floor 2,workspace,80,2026-08-03 16:00:00,20,25.0
ZN-02,Open Office - Floor 2,workspace,80,2026-08-03 16:15:00,5,6.2
ZN-02,Open Office - Floor 2,workspace,80,2026-08-03 16:30:00,0,0.0
ZN-02,Open Office - Floor 2,workspace,80,2026-08-03 16:45:00,0,0.0
ZN-02,Open Office - Floor 2,workspace,80,2026-08-03 17:00:00,1,1.2
ZN-02,Open Office - Floor 2,workspace,80,2026-08-03 17:15:00,0,0.0
ZN-02,Open Office - Floor 2,workspace,80,2026-08-03 17:30:00,1,1.2
ZN-02,Open Office - Floor 2,workspace,80,2026-08-03 17:45:00,0,0.0
ZN-02,Open Office - Floor 2,workspace,80,2026-08-03 18:00:00,10,12.5
ZN-02,Open Office - Floor 2,workspace,80,2026-08-03 18:15:00,0,0.0
ZN-02,Open Office - Floor 2,workspace,80,2026-08-03 18:30:00,1,1.2
ZN-02,Open Office - Floor 2,workspace,80,2026-08-03 18:45:00,0,0.0
ZN-02,Open Office - Floor 2,workspace,80,2026-08-03 19:00:00,4,5.0
ZN-02,Open Office - Floor 2,workspace,80,2026-08-03 19:15:00,0,0.0
ZN-02,Open Office - Floor 2,workspace,80,2026-08-03 19:30:00,0,0.0
ZN-02,Open Office - Floor 2,workspace,80,2026-08-03 19:45:00,6,7.5
ZN-02,Open Office - Floor 2,workspace,80,2026-08-03 20:00:00,0,0.0
ZN-02,Open Office - Floor 2,workspace,80,2026-08-03 20:15:00,0,0.0
ZN-02,Open Office - Floor 2,workspace,80,2026-08-03 20:30:00,6,7.5
ZN-02,Open Office - Floor 2,workspace,80,2026-08-03 20:45:00,0,0.0
ZN-02,Open Office - Floor 2,workspace,80,2026-08-03 21:00:00,3,3.8
ZN-02,Open Office - Floor 2,workspace,80,2026-08-03 21:15:00,0,0.0
ZN-02,Open Office - Floor 2,workspace,80,2026-08-03 21:30:00,0,0.0
ZN-02,Open Office - Floor 2,workspace,80,2026-08-03 21:45:00,7,8.8
ZN-02,Open Office - Floor 2,workspace,80,2026-08-03 22:00:00,1,1.2
ZN-02,Open Office - Floor 2,workspace,80,2026-08-03 22:15:00,5,6.2
ZN-02,Open Office - Floor 2,workspace,80,2026-08-03 22:30:00,4,5.0
ZN-02,Open Office - Floor 2,workspace,80,2026-08-03 22:45:00,0,0.0
ZN-02,Open Office - Floor 2,workspace,80,2026-08-03 23:00:00,2,2.5
ZN-02,Open Office - Floor 2,workspace,80,2026-08-03 23:15:00,0,0.0
ZN-02,Open Office - Floor 2,workspace,80,2026-08-03 23:30:00,0,0.0
ZN-02,Open Office - Floor 2,workspace,80,2026-08-03 23:45:00,2,2.5
ZN-02,Open Office - Floor 2,workspace,80,2026-08-04 00:00:00,0,0.0
ZN-02,Open Office - Floor 2,workspace,80,2026-08-04 00:15:00,0,0.0
ZN-02,Open Office - Floor 2,workspace,80,2026-08-04 00:30:00,0,0.0
ZN-02,Open Office - Floor 2,workspace,80,2026-08-04 00:45:00,0,0.0
ZN-02,Open Office - Floor 2,workspace,80,2026-08-04 01:00:00,0,0.0
ZN-02,Open Office - Floor 2,workspace,80,2026-08-04 01:15:00,6,7.5
ZN-02,Open Office - Floor 2,workspace,80,2026-08-04 01:30:00,3,3.8
ZN-02,Open Office - Floor 2,workspace,80,2026-08-04 01:45:00,0,0.0
ZN-02,Open Office - Floor 2,workspace,80,2026-08-04 02:00:00,3,3.8
ZN-02,Open Office - Floor 2,workspace,80,2026-08-04 02:15:00,0,0.0
ZN-02,Open Office - Floor 2,workspace,80,2026-08-04 02:30:00,0,0.0
ZN-02,Open Office - Floor 2,workspace,80,2026-08-04 02:45:00,2,2.5
ZN-02,Open Office - Floor 2,workspace,80,2026-08-04 03:00:00,8,10.0
ZN-02,Open Office - Floor 2,workspace,80,2026-08-04 03:15:00,0,0.0
ZN-02,Open Office - Floor 2,workspace,80,2026-08-04 03:30:00,3,3.8
ZN-02,Open Office - Floor 2,workspace,80,2026-08-04 03:45:00,1,1.2
ZN-02,Open Office - Floor 2,workspace,80,2026-08-04 04:00:00,8,10.0
ZN-02,Open Office - Floor 2,workspace,80,2026-08-04 04:15:00,0,0.0
ZN-02,Open Office - Floor 2,workspace,80,2026-08-04 04:30:00,0,0.0
ZN-02,Open Office - Floor 2,workspace,80,2026-08-04 04:45:00,0,0.0
ZN-02,Open Office - Floor 2,workspace,80,2026-08-04 05:00:00,0,0.0
ZN-02,Open Office - Floor 2,workspace,80,2026-08-04 05:15:00,3,3.8
ZN-02,Open Office - Floor 2,workspace,80,2026-08-04 05:30:00,1,1.2
ZN-02,Open Office - Floor 2,workspace,80,2026-08-04 05:45:00,37,46.2
ZN-02,Open Office - Floor 2,workspace,80,2026-08-04 06:00:00,60,75.0
ZN-02,Open Office - Floor 2,workspace,80,2026-08-04 06:15:00,74,92.5
ZN-02,Open Office - Floor 2,workspace,80,2026-08-04 06:30:00,74,92.5
ZN-02,Open Office - Floor 2,workspace,80,2026-08-04 06:45:00,78,97.5
ZN-02,Open Office - Floor 2,workspace,80,2026-08-04 07:00:00,77,96.2
ZN-02,Open Office - Floor 2,workspace,80,2026-08-04 07:15:00,80,100.0
ZN-02,Open Office - Floor 2,workspace,80,2026-08-04 07:30:00,80,100.0
ZN-02,Open Office - Floor 2,workspace,80,2026-08-04 07:45:00,65,81.2
ZN-02,Open Office - Floor 2,workspace,80,2026-08-04 08:00:00,70,87.5
ZN-02,Open Office - Floor 2,workspace,80,2026-08-04 08:15:00,73,91.2
ZN-02,Open Office - Floor 2,workspace,80,2026-08-04 08:30:00,66,82.5
ZN-02,Open Office - Floor 2,workspace,80,2026-08-04 08:45:00,71,88.8
ZN-02,Open Office - Floor 2,workspace,80,2026-08-04 09:00:00,71,88.8
ZN-02,Open Office - Floor 2,workspace,80,2026-08-04 09:15:00,75,93.8
ZN-02,Open Office - Floor 2,workspace,80,2026-08-04 09:30:00,67,83.8
ZN-02,Open Office - Floor 2,workspace,80,2026-08-04 09:45:00,66,82.5
ZN-02,Open Office - Floor 2,workspace,80,2026-08-04 10:00:00,59,73.8
ZN-02,Open Office - Floor 2,workspace,80,2026-08-04 10:15:00,45,56.2
ZN-02,Open Office - Floor 2,workspace,80,2026-08-04 10:30:00,19,23.8
ZN-02,Open Office - Floor 2,workspace,80,2026-08-04 10:45:00,25,31.2
ZN-02,Open Office - Floor 2,workspace,80,2026-08-04 11:00:00,69,86.2
ZN-02,Open Office - Floor 2,workspace,80,2026-08-04 11:15:00,77,96.2
ZN-02,Open Office - Floor 2,workspace,80,2026-08-04 11:30:00,73,91.2
ZN-02,Open Office - Floor 2,workspace,80,2026-08-04 11:45:00,72,90.0
ZN-02,Open Office - Floor 2,workspace,80,2026-08-04 12:00:00,44,55.0
ZN-02,Open Office - Floor 2,workspace,80,2026-08-04 12:15:00,40,50.0
ZN-02,Open Office - Floor 2,workspace,80,2026-08-04 12:30:00,51,63.8
ZN-02,Open Office - Floor 2,workspace,80,2026-08-04 12:45:00,40,50.0
ZN-02,Open Office - Floor 2,workspace,80,2026-08-04 13:00:00,42,52.5
ZN-02,Open Office - Floor 2,workspace,80,2026-08-04 13:15:00,53,66.2
ZN-02,Open Office - Floor 2,workspace,80,2026-08-04 13:30:00,48,60.0
ZN-02,Open Office - Floor 2,workspace,80,2026-08-04 13:45:00,73,91.2
ZN-02,Open Office - Floor 2,workspace,80,2026-08-04 14:00:00,80,100.0
ZN-02,Open Office - Floor 2,workspace,80,2026-08-04 14:15:00,75,93.8
ZN-02,Open Office - Floor 2,workspace,80,2026-08-04 14:30:00,77,96.2
ZN-02,Open Office - Floor 2,workspace,80,2026-08-04 14:45:00,68,85.0
ZN-02,Open Office - Floor 2,workspace,80,2026-08-04 15:00:00,62,77.5
ZN-02,Open Office - Floor 2,workspace,80,2026-08-04 15:15:00,43,53.8
ZN-02,Open Office - Floor 2,workspace,80,2026-08-04 15:30:00,41,51.2
ZN-02,Open Office - Floor 2,workspace,80,2026-08-04 15:45:00,35,43.8
ZN-02,Open Office - Floor 2,workspace,80,2026-08-04 16:00:00,28,35.0
ZN-02,Open Office - Floor 2,workspace,80,2026-08-04 16:15:00,10,12.5
ZN-02,Open Office - Floor 2,workspace,80,2026-08-04 16:30:00,6,7.5
ZN-02,Open Office - Floor 2,workspace,80,2026-08-04 16:45:00,0,0.0
ZN-02,Open Office - Floor 2,workspace,80,2026-08-04 17:00:00,3,3.8
ZN-02,Open Office - Floor 2,workspace,80,2026-08-04 17:15:00,0,0.0
ZN-02,Open Office - Floor 2,workspace,80,2026-08-04 17:30:00,3,3.8
ZN-02,Open Office - Floor 2,workspace,80,2026-08-04 17:45:00,0,0.0
ZN-02,Open Office - Floor 2,workspace,80,2026-08-04 18:00:00,0,0.0
ZN-02,Open Office - Floor 2,workspace,80,2026-08-04 18:15:00,0,0.0
ZN-02,Open Office - Floor 2,workspace,80,2026-08-04 18:30:00,0,0.0
ZN-02,Open Office - Floor 2,workspace,80,2026-08-04 18:45:00,8,10.0
ZN-02,Open Office - Floor 2,workspace,80,2026-08-04 19:00:00,2,2.5
ZN-02,Open Office - Floor 2,workspace,80,2026-08-04 19:15:00,0,0.0
ZN-02,Open Office - Floor 2,workspace,80,2026-08-04 19:30:00,6,7.5
ZN-02,Open Office - Floor 2,workspace,80,2026-08-04 19:45:00,0,0.0
ZN-02,Open Office - Floor 2,workspace,80,2026-08-04 20:00:00,0,0.0
ZN-02,Open Office - Floor 2,workspace,80,2026-08-04 20:15:00,0,0.0
ZN-02,Open Office - Floor 2,workspace,80,2026-08-04 20:30:00,3,3.8
ZN-02,Open Office - Floor 2,workspace,80,2026-08-04 20:45:00,4,5.0
ZN-02,Open Office - Floor 2,workspace,80,2026-08-04 21:00:00,0,0.0
ZN-02,Open Office - Floor 2,workspace,80,2026-08-04 21:15:00,0,0.0
ZN-02,Open Office - Floor 2,workspace,80,2026-08-04 21:30:00,0,0.0
ZN-02,Open Office - Floor 2,workspace,80,2026-08-04 21:45:00,5,6.2
ZN-02,Open Office - Floor 2,workspace,80,2026-08-04 22:00:00,1,1.2
ZN-02,Open Office - Floor 2,workspace,80,2026-08-04 22:15:00,10,12.5
ZN-02,Open Office - Floor 2,workspace,80,2026-08-04 22:30:00,2,2.5
ZN-02,Open Office - Floor 2,workspace,80,2026-08-04 22:45:00,1,1.2
ZN-02,Open Office - Floor 2,workspace,80,2026-08-04 23:00:00,0,0.0
ZN-02,Open Office - Floor 2,workspace,80,2026-08-04 23:15:00,0,0.0
ZN-02,Open Office - Floor 2,workspace,80,2026-08-04 23:30:00,4,5.0
ZN-02,Open Office - Floor 2,workspace,80,2026-08-04 23:45:00,0,0.0
ZN-02,Open Office - Floor 2,workspace,80,2026-08-05 00:00:00,5,6.2
ZN-02,Open Office - Floor 2,workspace,80,2026-08-05 00:15:00,3,3.8
ZN-02,Open Office - Floor 2,workspace,80,2026-08-05 00:30:00,0,0.0
ZN-02,Open Office - Floor 2,workspace,80,2026-08-05 00:45:00,0,0.0
ZN-02,Open Office - Floor 2,workspace,80,2026-08-05 01:00:00,5,6.2
ZN-02,Open Office - Floor 2,workspace,80,2026-08-05 01:15:00,5,6.2
ZN-02,Open Office - Floor 2,workspace,80,2026-08-05 01:30:00,5,6.2
ZN-02,Open Office - Floor 2,workspace,80,2026-08-05 01:45:00,0,0.0
ZN-02,Open Office - Floor 2,workspace,80,2026-08-05 02:00:00,1,1.2
ZN-02,Open Office - Floor 2,workspace,80,2026-08-05 02:15:00,0,0.0
ZN-02,Open Office - Floor 2,workspace,80,2026-08-05 02:30:00,11,13.8
ZN-02,Open Office - Floor 2,workspace,80,2026-08-05 02:45:00,0,0.0
ZN-02,Open Office - Floor 2,workspace,80,2026-08-05 03:00:00,0,0.0
ZN-02,Open Office - Floor 2,workspace,80,2026-08-05 03:15:00,0,0.0
ZN-02,Open Office - Floor 2,workspace,80,2026-08-05 03:30:00,0,0.0
ZN-02,Open Office - Floor 2,workspace,80,2026-08-05 03:45:00,3,3.8
ZN-02,Open Office - Floor 2,workspace,80,2026-08-05 04:00:00,0,0.0
ZN-02,Open Office - Floor 2,workspace,80,2026-08-05 04:15:00,1,1.2
ZN-02,Open Office - Floor 2,workspace,80,2026-08-05 04:30:00,3,3.8
ZN-02,Open Office - Floor 2,workspace,80,2026-08-05 04:45:00,1,1.2
ZN-02,Open Office - Floor 2,workspace,80,2026-08-05 05:00:00,0,0.0
ZN-02,Open Office - Floor 2,workspace,80,2026-08-05 05:15:00,4,5.0
ZN-02,Open Office - Floor 2,workspace,80,2026-08-05 05:30:00,5,6.2
ZN-02,Open Office - Floor 2,workspace,80,2026-08-05 05:45:00,26,32.5
ZN-02,Open Office - Floor 2,workspace,80,2026-08-05 06:00:00,56,70.0
ZN-02,Open Office - Floor 2,workspace,80,2026-08-05 06:15:00,67,83.8
ZN-02,Open Office - Floor 2,workspace,80,2026-08-05 06:30:00,79,98.8
ZN-02,Open Office - Floor 2,workspace,80,2026-08-05 06:45:00,80,100.0
ZN-02,Open Office - Floor 2,workspace,80,2026-08-05 07:00:00,77,96.2
ZN-02,Open Office - Floor 2,workspace,80,2026-08-05 07:15:00,80,100.0
ZN-02,Open Office - Floor 2,workspace,80,2026-08-05 07:30:00,75,93.8
ZN-02,Open Office - Floor 2,workspace,80,2026-08-05 07:45:00,79,98.8
ZN-02,Open Office - Floor 2,workspace,80,2026-08-05 08:00:00,80,100.0
ZN-02,Open Office - Floor 2,workspace,80,2026-08-05 08:15:00,68,85.0
ZN-02,Open Office - Floor 2,workspace,80,2026-08-05 08:30:00,70,87.5
ZN-02,Open Office - Floor 2,workspace,80,2026-08-05 08:45:00,80,100.0
ZN-02,Open Office - Floor 2,workspace,80,2026-08-05 09:00:00,70,87.5
ZN-02,Open Office - Floor 2,workspace,80,2026-08-05 09:15:00,68,85.0
ZN-02,Open Office - Floor 2,workspace,80,2026-08-05 09:30:00,71,88.8
ZN-02,Open Office - Floor 2,workspace,80,2026-08-05 09:45:00,64,80.0
ZN-02,Open Office - Floor 2,workspace,80,2026-08-05 10:00:00,59,73.8
ZN-02,Open Office - Floor 2,workspace,80,2026-08-05 10:15:00,44,55.0
ZN-02,Open Office - Floor 2,workspace,80,2026-08-05 10:30:00,27,33.8
ZN-02,Open Office - Floor 2,workspace,80,2026-08-05 10:45:00,22,27.5
ZN-02,Open Office - Floor 2,workspace,80,2026-08-05 11:00:00,74,92.5
ZN-02,Open Office - Floor 2,workspace,80,2026-08-05 11:15:00,62,77.5
ZN-02,Open Office - Floor 2,workspace,80,2026-08-05 11:30:00,73,91.2
ZN-02,Open Office - Floor 2,workspace,80,2026-08-05 11:45:00,76,95.0
ZN-02,Open Office - Floor 2,workspace,80,2026-08-05 12:00:00,44,55.0
ZN-02,Open Office - Floor 2,workspace,80,2026-08-05 12:15:00,42,52.5
ZN-02,Open Office - Floor 2,workspace,80,2026-08-05 12:30:00,40,50.0
ZN-02,Open Office - Floor 2,workspace,80,2026-08-05 12:45:00,39,48.8
ZN-02,Open Office - Floor 2,workspace,80,2026-08-05 13:00:00,49,61.2
ZN-02,Open Office - Floor 2,workspace,80,2026-08-05 13:15:00,41,51.2
ZN-02,Open Office - Floor 2,workspace,80,2026-08-05 13:30:00,50,62.5
ZN-02,Open Office - Floor 2,workspace,80,2026-08-05 13:45:00,76,95.0
ZN-02,Open Office - Floor 2,workspace,80,2026-08-05 14:00:00,80,100.0
ZN-02,Open Office - Floor 2,workspace,80,2026-08-05 14:15:00,77,96.2
ZN-02,Open Office - Floor 2,workspace,80,2026-08-05 14:30:00,80,100.0
ZN-02,Open Office - Floor 2,workspace,80,2026-08-05 14:45:00,73,91.2
ZN-02,Open Office - Floor 2,workspace,80,2026-08-05 15:00:00,71,88.8
ZN-02,Open Office - Floor 2,workspace,80,2026-08-05 15:15:00,36,45.0
ZN-02,Open Office - Floor 2,workspace,80,2026-08-05 15:30:00,27,33.8
ZN-02,Open Office - Floor 2,workspace,80,2026-08-05 15:45:00,24,30.0
ZN-02,Open Office - Floor 2,workspace,80,2026-08-05 16:00:00,31,38.8
ZN-02,Open Office - Floor 2,workspace,80,2026-08-05 16:15:00,8,10.0
ZN-02,Open Office - Floor 2,workspace,80,2026-08-05 16:30:00,5,6.2
ZN-02,Open Office - Floor 2,workspace,80,2026-08-05 16:45:00,0,0.0
ZN-02,Open Office - Floor 2,workspace,80,2026-08-05 17:00:00,0,0.0
ZN-02,Open Office - Floor 2,workspace,80,2026-08-05 17:15:00,7,8.8
ZN-02,Open Office - Floor 2,workspace,80,2026-08-05 17:30:00,6,7.5
ZN-02,Open Office - Floor 2,workspace,80,2026-08-05 17:45:00,0,0.0
ZN-02,Open Office - Floor 2,workspace,80,2026-08-05 18:00:00,4,5.0
ZN-02,Open Office - Floor 2,workspace,80,2026-08-05 18:15:00,0,0.0
ZN-02,Open Office - Floor 2,workspace,80,2026-08-05 18:30:00,4,5.0
ZN-02,Open Office - Floor 2,workspace,80,2026-08-05 18:45:00,0,0.0
ZN-02,Open Office - Floor 2,workspace,80,2026-08-05 19:00:00,1,1.2
ZN-02,Open Office - Floor 2,workspace,80,2026-08-05 19:15:00,0,0.0
ZN-02,Open Office - Floor 2,workspace,80,2026-08-05 19:30:00,1,1.2
ZN-02,Open Office - Floor 2,workspace,80,2026-08-05 19:45:00,0,0.0
ZN-02,Open Office - Floor 2,workspace,80,2026-08-05 20:00:00,0,0.0
ZN-02,Open Office - Floor 2,workspace,80,2026-08-05 20:15:00,0,0.0
ZN-02,Open Office - Floor 2,workspace,80,2026-08-05 20:30:00,1,1.2
ZN-02,Open Office - Floor 2,workspace,80,2026-08-05 20:45:00,4,5.0
ZN-02,Open Office - Floor 2,workspace,80,2026-08-05 21:00:00,1,1.2
ZN-02,Open Office - Floor 2,workspace,80,2026-08-05 21:15:00,0,0.0
ZN-02,Open Office - Floor 2,workspace,80,2026-08-05 21:30:00,0,0.0
ZN-02,Open Office - Floor 2,workspace,80,2026-08-05 21:45:00,0,0.0
ZN-02,Open Office - Floor 2,workspace,80,2026-08-05 22:00:00,9,11.2
ZN-02,Open Office - Floor 2,workspace,80,2026-08-05 22:15:00,0,0.0
ZN-02,Open Office - Floor 2,workspace,80,2026-08-05 22:30:00,1,1.2
ZN-02,Open Office - Floor 2,workspace,80,2026-08-05 22:45:00,0,0.0
ZN-02,Open Office - Floor 2,workspace,80,2026-08-05 23:00:00,2,2.5
ZN-02,Open Office - Floor 2,workspace,80,2026-08-05 23:15:00,0,0.0
ZN-02,Open Office - Floor 2,workspace,80,2026-08-05 23:30:00,0,0.0
ZN-02,Open Office - Floor 2,workspace,80,2026-08-05 23:45:00,0,0.0
ZN-02,Open Office - Floor 2,workspace,80,2026-08-06 00:00:00,4,5.0
ZN-02,Open Office - Floor 2,workspace,80,2026-08-06 00:15:00,6,7.5
ZN-02,Open Office - Floor 2,workspace,80,2026-08-06 00:30:00,3,3.8
ZN-02,Open Office - Floor 2,workspace,80,2026-08-06 00:45:00,4,5.0
ZN-02,Open Office - Floor 2,workspace,80,2026-08-06 01:00:00,2,2.5
ZN-02,Open Office - Floor 2,workspace,80,2026-08-06 01:15:00,0,0.0
ZN-02,Open Office - Floor 2,workspace,80,2026-08-06 01:30:00,0,0.0
ZN-02,Open Office - Floor 2,workspace,80,2026-08-06 01:45:00,1,1.2
ZN-02,Open Office - Floor 2,workspace,80,2026-08-06 02:00:00,0,0.0
ZN-02,Open Office - Floor 2,workspace,80,2026-08-06 02:15:00,0,0.0
ZN-02,Open Office - Floor 2,workspace,80,2026-08-06 02:30:00,0,0.0
ZN-02,Open Office - Floor 2,workspace,80,2026-08-06 02:45:00,0,0.0
ZN-02,Open Office - Floor 2,workspace,80,2026-08-06 03:00:00,8,10.0
ZN-02,Open Office - Floor 2,workspace,80,2026-08-06 03:15:00,0,0.0
ZN-02,Open Office - Floor 2,workspace,80,2026-08-06 03:30:00,5,6.2
ZN-02,Open Office - Floor 2,workspace,80,2026-08-06 03:45:00,0,0.0
ZN-02,Open Office - Floor 2,workspace,80,2026-08-06 04:00:00,4,5.0
ZN-02,Open Office - Floor 2,workspace,80,2026-08-06 04:15:00,2,2.5
ZN-02,Open Office - Floor 2,workspace,80,2026-08-06 04:30:00,0,0.0
ZN-02,Open Office - Floor 2,workspace,80,2026-08-06 04:45:00,0,0.0
ZN-02,Open Office - Floor 2,workspace,80,2026-08-06 05:00:00,0,0.0
ZN-02,Open Office - Floor 2,workspace,80,2026-08-06 05:15:00,3,3.8
ZN-02,Open Office - Floor 2,workspace,80,2026-08-06 05:30:00,0,0.0
ZN-02,Open Office - Floor 2,workspace,80,2026-08-06 05:45:00,31,38.8
ZN-02,Open Office - Floor 2,workspace,80,2026-08-06 06:00:00,64,80.0
ZN-02,Open Office - Floor 2,workspace,80,2026-08-06 06:15:00,80,100.0
ZN-02,Open Office - Floor 2,workspace,80,2026-08-06 06:30:00,73,91.2
ZN-02,Open Office - Floor 2,workspace,80,2026-08-06 06:45:00,80,100.0
ZN-02,Open Office - Floor 2,workspace,80,2026-08-06 07:00:00,80,100.0
ZN-02,Open Office - Floor 2,workspace,80,2026-08-06 07:15:00,80,100.0
ZN-02,Open Office - Floor 2,workspace,80,2026-08-06 07:30:00,80,100.0
ZN-02,Open Office - Floor 2,workspace,80,2026-08-06 07:45:00,68,85.0
ZN-02,Open Office - Floor 2,workspace,80,2026-08-06 08:00:00,80,100.0
ZN-02,Open Office - Floor 2,workspace,80,2026-08-06 08:15:00,70,87.5
ZN-02,Open Office - Floor 2,workspace,80,2026-08-06 08:30:00,72,90.0
ZN-02,Open Office - Floor 2,workspace,80,2026-08-06 08:45:00,60,75.0
ZN-02,Open Office - Floor 2,workspace,80,2026-08-06 09:00:00,79,98.8
ZN-02,Open Office - Floor 2,workspace,80,2026-08-06 09:15:00,72,90.0
ZN-02,Open Office - Floor 2,workspace,80,2026-08-06 09:30:00,71,88.8
ZN-02,Open Office - Floor 2,workspace,80,2026-08-06 09:45:00,60,75.0
ZN-02,Open Office - Floor 2,workspace,80,2026-08-06 10:00:00,66,82.5
ZN-02,Open Office - Floor 2,workspace,80,2026-08-06 10:15:00,31,38.8
ZN-02,Open Office - Floor 2,workspace,80,2026-08-06 10:30:00,21,26.2
ZN-02,Open Office - Floor 2,workspace,80,2026-08-06 10:45:00,21,26.2
ZN-02,Open Office - Floor 2,workspace,80,2026-08-06 11:00:00,68,85.0
ZN-02,Open Office - Floor 2,workspace,80,2026-08-06 11:15:00,71,88.8
ZN-02,Open Office - Floor 2,workspace,80,2026-08-06 11:30:00,63,78.8
ZN-02,Open Office - Floor 2,workspace,80,2026-08-06 11:45:00,69,86.2
ZN-02,Open Office - Floor 2,workspace,80,2026-08-06 12:00:00,37,46.2
ZN-02,Open Office - Floor 2,workspace,80,2026-08-06 12:15:00,47,58.8
ZN-02,Open Office - Floor 2,workspace,80,2026-08-06 12:30:00,45,56.2
ZN-02,Open Office - Floor 2,workspace,80,2026-08-06 12:45:00,51,63.8
ZN-02,Open Office - Floor 2,workspace,80,2026-08-06 13:00:00,54,67.5
ZN-02,Open Office - Floor 2,workspace,80,2026-08-06 13:15:00,38,47.5
ZN-02,Open Office - Floor 2,workspace,80,2026-08-06 13:30:00,41,51.2
ZN-02,Open Office - Floor 2,workspace,80,2026-08-06 13:45:00,74,92.5
ZN-02,Open Office - Floor 2,workspace,80,2026-08-06 14:00:00,79,98.8
ZN-02,Open Office - Floor 2,workspace,80,2026-08-06 14:15:00,76,95.0
ZN-02,Open Office - Floor 2,workspace,80,2026-08-06 14:30:00,80,100.0
ZN-02,Open Office - Floor 2,workspace,80,2026-08-06 14:45:00,73,91.2
ZN-02,Open Office - Floor 2,workspace,80,2026-08-06 15:00:00,54,67.5
ZN-02,Open Office - Floor 2,workspace,80,2026-08-06 15:15:00,38,47.5
ZN-02,Open Office - Floor 2,workspace,80,2026-08-06 15:30:00,23,28.8
ZN-02,Open Office - Floor 2,workspace,80,2026-08-06 15:45:00,23,28.8
ZN-02,Open Office - Floor 2,workspace,80,2026-08-06 16:00:00,24,30.0
ZN-02,Open Office - Floor 2,workspace,80,2026-08-06 16:15:00,8,10.0
ZN-02,Open Office - Floor 2,workspace,80,2026-08-06 16:30:00,3,3.8
ZN-02,Open Office - Floor 2,workspace,80,2026-08-06 16:45:00,0,0.0
ZN-02,Open Office - Floor 2,workspace,80,2026-08-06 17:00:00,0,0.0
ZN-02,Open Office - Floor 2,workspace,80,2026-08-06 17:15:00,3,3.8
ZN-02,Open Office - Floor 2,workspace,80,2026-08-06 17:30:00,0,0.0
ZN-02,Open Office - Floor 2,workspace,80,2026-08-06 17:45:00,0,0.0
ZN-02,Open Office - Floor 2,workspace,80,2026-08-06 18:00:00,0,0.0
ZN-02,Open Office - Floor 2,workspace,80,2026-08-06 18:15:00,0,0.0
ZN-02,Open Office - Floor 2,workspace,80,2026-08-06 18:30:00,0,0.0
ZN-02,Open Office - Floor 2,workspace,80,2026-08-06 18:45:00,1,1.2
ZN-02,Open Office - Floor 2,workspace,80,2026-08-06 19:00:00,0,0.0
ZN-02,Open Office - Floor 2,workspace,80,2026-08-06 19:15:00,0,0.0
ZN-02,Open Office - Floor 2,workspace,80,2026-08-06 19:30:00,4,5.0
ZN-02,Open Office - Floor 2,workspace,80,2026-08-06 19:45:00,7,8.8
ZN-02,Open Office - Floor 2,workspace,80,2026-08-06 20:00:00,0,0.0
ZN-02,Open Office - Floor 2,workspace,80,2026-08-06 20:15:00,3,3.8
ZN-02,Open Office - Floor 2,workspace,80,2026-08-06 20:30:00,5,6.2
ZN-02,Open Office - Floor 2,workspace,80,2026-08-06 20:45:00,0,0.0
ZN-02,Open Office - Floor 2,workspace,80,2026-08-06 21:00:00,0,0.0
ZN-02,Open Office - Floor 2,workspace,80,2026-08-06 21:15:00,0,0.0
ZN-02,Open Office - Floor 2,workspace,80,2026-08-06 21:30:00,5,6.2
ZN-02,Open Office - Floor 2,workspace,80,2026-08-06 21:45:00,2,2.5
ZN-02,Open Office - Floor 2,workspace,80,2026-08-06 22:00:00,0,0.0
ZN-02,Open Office - Floor 2,workspace,80,2026-08-06 22:15:00,0,0.0
ZN-02,Open Office - Floor 2,workspace,80,2026-08-06 22:30:00,5,6.2
ZN-02,Open Office - Floor 2,workspace,80,2026-08-06 22:45:00,0,0.0
ZN-02,Open Office - Floor 2,workspace,80,2026-08-06 23:00:00,3,3.8
ZN-02,Open Office - Floor 2,workspace,80,2026-08-06 23:15:00,5,6.2
ZN-02,Open Office - Floor 2,workspace,80,2026-08-06 23:30:00,0,0.0
ZN-02,Open Office - Floor 2,workspace,80,2026-08-06 23:45:00,0,0.0
ZN-02,Open Office - Floor 2,workspace,80,2026-08-07 00:00:00,0,0.0
ZN-02,Open Office - Floor 2,workspace,80,2026-08-07 00:15:00,4,5.0
ZN-02,Open Office - Floor 2,workspace,80,2026-08-07 00:30:00,0,0.0
ZN-02,Open Office - Floor 2,workspace,80,2026-08-07 00:45:00,3,3.8
ZN-02,Open Office - Floor 2,workspace,80,2026-08-07 01:00:00,0,0.0
ZN-02,Open Office - Floor 2,workspace,80,2026-08-07 01:15:00,0,0.0
ZN-02,Open Office - Floor 2,workspace,80,2026-08-07 01:30:00,13,16.2
ZN-02,Open Office - Floor 2,workspace,80,2026-08-07 01:45:00,0,0.0
ZN-02,Open Office - Floor 2,workspace,80,2026-08-07 02:00:00,4,5.0
ZN-02,Open Office - Floor 2,workspace,80,2026-08-07 02:15:00,5,6.2
ZN-02,Open Office - Floor 2,workspace,80,2026-08-07 02:30:00,0,0.0
ZN-02,Open Office - Floor 2,workspace,80,2026-08-07 02:45:00,1,1.2
ZN-02,Open Office - Floor 2,workspace,80,2026-08-07 03:00:00,2,2.5
ZN-02,Open Office - Floor 2,workspace,80,2026-08-07 03:15:00,9,11.2
ZN-02,Open Office - Floor 2,workspace,80,2026-08-07 03:30:00,0,0.0
ZN-02,Open Office - Floor 2,workspace,80,2026-08-07 03:45:00,3,3.8
ZN-02,Open Office - Floor 2,workspace,80,2026-08-07 04:00:00,9,11.2
ZN-02,Open Office - Floor 2,workspace,80,2026-08-07 04:15:00,0,0.0
ZN-02,Open Office - Floor 2,workspace,80,2026-08-07 04:30:00,0,0.0
ZN-02,Open Office - Floor 2,workspace,80,2026-08-07 04:45:00,1,1.2
ZN-02,Open Office - Floor 2,workspace,80,2026-08-07 05:00:00,0,0.0
ZN-02,Open Office - Floor 2,workspace,80,2026-08-07 05:15:00,5,6.2
ZN-02,Open Office - Floor 2,workspace,80,2026-08-07 05:30:00,9,11.2
ZN-02,Open Office - Floor 2,workspace,80,2026-08-07 05:45:00,32,40.0
ZN-02,Open Office - Floor 2,workspace,80,2026-08-07 06:00:00,71,88.8
ZN-02,Open Office - Floor 2,workspace,80,2026-08-07 06:15:00,73,91.2
ZN-02,Open Office - Floor 2,workspace,80,2026-08-07 06:30:00,80,100.0
ZN-02,Open Office - Floor 2,workspace,80,2026-08-07 06:45:00,80,100.0
ZN-02,Open Office - Floor 2,workspace,80,2026-08-07 07:00:00,80,100.0
ZN-02,Open Office - Floor 2,workspace,80,2026-08-07 07:15:00,80,100.0
ZN-02,Open Office - Floor 2,workspace,80,2026-08-07 07:30:00,80,100.0
ZN-02,Open Office - Floor 2,workspace,80,2026-08-07 07:45:00,80,100.0
ZN-02,Open Office - Floor 2,workspace,80,2026-08-07 08:00:00,69,86.2
ZN-02,Open Office - Floor 2,workspace,80,2026-08-07 08:15:00,68,85.0
ZN-02,Open Office - Floor 2,workspace,80,2026-08-07 08:30:00,80,100.0
ZN-02,Open Office - Floor 2,workspace,80,2026-08-07 08:45:00,71,88.8
ZN-02,Open Office - Floor 2,workspace,80,2026-08-07 09:00:00,69,86.2
ZN-02,Open Office - Floor 2,workspace,80,2026-08-07 09:15:00,69,86.2
ZN-02,Open Office - Floor 2,workspace,80,2026-08-07 09:30:00,76,95.0
ZN-02,Open Office - Floor 2,workspace,80,2026-08-07 09:45:00,62,77.5
ZN-02,Open Office - Floor 2,workspace,80,2026-08-07 10:00:00,57,71.2
ZN-02,Open Office - Floor 2,workspace,80,2026-08-07 10:15:00,33,41.2
ZN-02,Open Office - Floor 2,workspace,80,2026-08-07 10:30:00,19,23.8
ZN-02,Open Office - Floor 2,workspace,80,2026-08-07 10:45:00,28,35.0
ZN-02,Open Office - Floor 2,workspace,80,2026-08-07 11:00:00,67,83.8
ZN-02,Open Office - Floor 2,workspace,80,2026-08-07 11:15:00,62,77.5
ZN-02,Open Office - Floor 2,workspace,80,2026-08-07 11:30:00,79,98.8
ZN-02,Open Office - Floor 2,workspace,80,2026-08-07 11:45:00,74,92.5
ZN-02,Open Office - Floor 2,workspace,80,2026-08-07 12:00:00,42,52.5
ZN-02,Open Office - Floor 2,workspace,80,2026-08-07 12:15:00,47,58.8
ZN-02,Open Office - Floor 2,workspace,80,2026-08-07 12:30:00,42,52.5
ZN-02,Open Office - Floor 2,workspace,80,2026-08-07 12:45:00,49,61.2
ZN-02,Open Office - Floor 2,workspace,80,2026-08-07 13:00:00,54,67.5
ZN-02,Open Office - Floor 2,workspace,80,2026-08-07 13:15:00,49,61.2
ZN-02,Open Office - Floor 2,workspace,80,2026-08-07 13:30:00,58,72.5
ZN-02,Open Office - Floor 2,workspace,80,2026-08-07 13:45:00,76,95.0
ZN-02,Open Office - Floor 2,workspace,80,2026-08-07 14:00:00,73,91.2
ZN-02,Open Office - Floor 2,workspace,80,2026-08-07 14:15:00,79,98.8
ZN-02,Open Office - Floor 2,workspace,80,2026-08-07 14:30:00,79,98.8
ZN-02,Open Office - Floor 2,workspace,80,2026-08-07 14:45:00,79,98.8
ZN-02,Open Office - Floor 2,workspace,80,2026-08-07 15:00:00,63,78.8
ZN-02,Open Office - Floor 2,workspace,80,2026-08-07 15:15:00,36,45.0
ZN-02,Open Office - Floor 2,workspace,80,2026-08-07 15:30:00,27,33.8
ZN-02,Open Office - Floor 2,workspace,80,2026-08-07 15:45:00,30,37.5
ZN-02,Open Office - Floor 2,workspace,80,2026-08-07 16:00:00,28,35.0
ZN-02,Open Office - Floor 2,workspace,80,2026-08-07 16:15:00,5,6.2
ZN-02,Open Office - Floor 2,workspace,80,2026-08-07 16:30:00,0,0.0
ZN-02,Open Office - Floor 2,workspace,80,2026-08-07 16:45:00,0,0.0
ZN-02,Open Office - Floor 2,workspace,80,2026-08-07 17:00:00,0,0.0
ZN-02,Open Office - Floor 2,workspace,80,2026-08-07 17:15:00,6,7.5
ZN-02,Open Office - Floor 2,workspace,80,2026-08-07 17:30:00,0,0.0
ZN-02,Open Office - Floor 2,workspace,80,2026-08-07 17:45:00,0,0.0
ZN-02,Open Office - Floor 2,workspace,80,2026-08-07 18:00:00,0,0.0
ZN-02,Open Office - Floor 2,workspace,80,2026-08-07 18:15:00,6,7.5
ZN-02,Open Office - Floor 2,workspace,80,2026-08-07 18:30:00,0,0.0
ZN-02,Open Office - Floor 2,workspace,80,2026-08-07 18:45:00,0,0.0
ZN-02,Open Office - Floor 2,workspace,80,2026-08-07 19:00:00,3,3.8
ZN-02,Open Office - Floor 2,workspace,80,2026-08-07 19:15:00,5,6.2
ZN-02,Open Office - Floor 2,workspace,80,2026-08-07 19:30:00,0,0.0
ZN-02,Open Office - Floor 2,workspace,80,2026-08-07 19:45:00,1,1.2
ZN-02,Open Office - Floor 2,workspace,80,2026-08-07 20:00:00,9,11.2
ZN-02,Open Office - Floor 2,workspace,80,2026-08-07 20:15:00,11,13.8
ZN-02,Open Office - Floor 2,workspace,80,2026-08-07 20:30:00,5,6.2
ZN-02,Open Office - Floor 2,workspace,80,2026-08-07 20:45:00,3,3.8
ZN-02,Open Office - Floor 2,workspace,80,2026-08-07 21:00:00,0,0.0
ZN-02,Open Office - Floor 2,workspace,80,2026-08-07 21:15:00,4,5.0
ZN-02,Open Office - Floor 2,workspace,80,2026-08-07 21:30:00,0,0.0
ZN-02,Open Office - Floor 2,workspace,80,2026-08-07 21:45:00,0,0.0
ZN-02,Open Office - Floor 2,workspace,80,2026-08-07 22:00:00,4,5.0
ZN-02,Open Office - Floor 2,workspace,80,2026-08-07 22:15:00,0,0.0
ZN-02,Open Office - Floor 2,workspace,80,2026-08-07 22:30:00,0,0.0
ZN-02,Open Office - Floor 2,workspace,80,2026-08-07 22:45:00,9,11.2
ZN-02,Open Office - Floor 2,workspace,80,2026-08-07 23:00:00,4,5.0
ZN-02,Open Office - Floor 2,workspace,80,2026-08-07 23:15:00,0,0.0
ZN-02,Open Office - Floor 2,workspace,80,2026-08-07 23:30:00,0,0.0
ZN-02,Open Office - Floor 2,workspace,80,2026-08-07 23:45:00,0,0.0
ZN-02,Open Office - Floor 2,workspace,80,2026-08-08 00:00:00,4,5.0
ZN-02,Open Office - Floor 2,workspace,80,2026-08-08 00:15:00,0,0.0
ZN-02,Open Office - Floor 2,workspace,80,2026-08-08 00:30:00,2,2.5
ZN-02,Open Office - Floor 2,workspace,80,2026-08-08 00:45:00,3,3.8
ZN-02,Open Office - Floor 2,workspace,80,2026-08-08 01:00:00,5,6.2
ZN-02,Open Office - Floor 2,workspace,80,2026-08-08 01:15:00,3,3.8
ZN-02,Open Office - Floor 2,workspace,80,2026-08-08 01:30:00,3,3.8
ZN-02,Open Office - Floor 2,workspace,80,2026-08-08 01:45:00,2,2.5
ZN-02,Open Office - Floor 2,workspace,80,2026-08-08 02:00:00,0,0.0
ZN-02,Open Office - Floor 2,workspace,80,2026-08-08 02:15:00,7,8.8
ZN-02,Open Office - Floor 2,workspace,80,2026-08-08 02:30:00,3,3.8
ZN-02,Open Office - Floor 2,workspace,80,2026-08-08 02:45:00,0,0.0
ZN-02,Open Office - Floor 2,workspace,80,2026-08-08 03:00:00,0,0.0
ZN-02,Open Office - Floor 2,workspace,80,2026-08-08 03:15:00,3,3.8
ZN-02,Open Office - Floor 2,workspace,80,2026-08-08 03:30:00,7,8.8
ZN-02,Open Office - Floor 2,workspace,80,2026-08-08 03:45:00,3,3.8
ZN-02,Open Office - Floor 2,workspace,80,2026-08-08 04:00:00,0,0.0
ZN-02,Open Office - Floor 2,workspace,80,2026-08-08 04:15:00,0,0.0
ZN-02,Open Office - Floor 2,workspace,80,2026-08-08 04:30:00,0,0.0
ZN-02,Open Office - Floor 2,workspace,80,2026-08-08 04:45:00,1,1.2
ZN-02,Open Office - Floor 2,workspace,80,2026-08-08 05:00:00,6,7.5
ZN-02,Open Office - Floor 2,workspace,80,2026-08-08 05:15:00,3,3.8
ZN-02,Open Office - Floor 2,workspace,80,2026-08-08 05:30:00,2,2.5
ZN-02,Open Office - Floor 2,workspace,80,2026-08-08 05:45:00,0,0.0
ZN-02,Open Office - Floor 2,workspace,80,2026-08-08 06:00:00,0,0.0
ZN-02,Open Office - Floor 2,workspace,80,2026-08-08 06:15:00,3,3.8
ZN-02,Open Office - Floor 2,workspace,80,2026-08-08 06:30:00,0,0.0
ZN-02,Open Office - Floor 2,workspace,80,2026-08-08 06:45:00,0,0.0
ZN-02,Open Office - Floor 2,workspace,80,2026-08-08 07:00:00,0,0.0
ZN-02,Open Office - Floor 2,workspace,80,2026-08-08 07:15:00,7,8.8
ZN-02,Open Office - Floor 2,workspace,80,2026-08-08 07:30:00,0,0.0
ZN-02,Open Office - Floor 2,workspace,80,2026-08-08 07:45:00,6,7.5
ZN-02,Open Office - Floor 2,workspace,80,2026-08-08 08:00:00,0,0.0
ZN-02,Open Office - Floor 2,workspace,80,2026-08-08 08:15:00,10,12.5
ZN-02,Open Office - Floor 2,workspace,80,2026-08-08 08:30:00,6,7.5
ZN-02,Open Office - Floor 2,workspace,80,2026-08-08 08:45:00,3,3.8
ZN-02,Open Office - Floor 2,workspace,80,2026-08-08 09:00:00,1,1.2
ZN-02,Open Office - Floor 2,workspace,80,2026-08-08 09:15:00,1,1.2
ZN-02,Open Office - Floor 2,workspace,80,2026-08-08 09:30:00,0,0.0
ZN-02,Open Office - Floor 2,workspace,80,2026-08-08 09:45:00,6,7.5
ZN-02,Open Office - Floor 2,workspace,80,2026-08-08 10:00:00,5,6.2
ZN-02,Open Office - Floor 2,workspace,80,2026-08-08 10:15:00,6,7.5
ZN-02,Open Office - Floor 2,workspace,80,2026-08-08 10:30:00,0,0.0
ZN-02,Open Office - Floor 2,workspace,80,2026-08-08 10:45:00,1,1.2
ZN-02,Open Office - Floor 2,workspace,80,2026-08-08 11:00:00,0,0.0
ZN-02,Open Office - Floor 2,workspace,80,2026-08-08 11:15:00,0,0.0
ZN-02,Open Office - Floor 2,workspace,80,2026-08-08 11:30:00,3,3.8
ZN-02,Open Office - Floor 2,workspace,80,2026-08-08 11:45:00,0,0.0
ZN-02,Open Office - Floor 2,workspace,80,2026-08-08 12:00:00,3,3.8
ZN-02,Open Office - Floor 2,workspace,80,2026-08-08 12:15:00,1,1.2
ZN-02,Open Office - Floor 2,workspace,80,2026-08-08 12:30:00,0,0.0
ZN-02,Open Office - Floor 2,workspace,80,2026-08-08 12:45:00,2,2.5
ZN-02,Open Office - Floor 2,workspace,80,2026-08-08 13:00:00,0,0.0
ZN-02,Open Office - Floor 2,workspace,80,2026-08-08 13:15:00,1,1.2
ZN-02,Open Office - Floor 2,workspace,80,2026-08-08 13:30:00,3,3.8
ZN-02,Open Office - Floor 2,workspace,80,2026-08-08 13:45:00,2,2.5
ZN-02,Open Office - Floor 2,workspace,80,2026-08-08 14:00:00,3,3.8
ZN-02,Open Office - Floor 2,workspace,80,2026-08-08 14:15:00,0,0.0
ZN-02,Open Office - Floor 2,workspace,80,2026-08-08 14:30:00,5,6.2
ZN-02,Open Office - Floor 2,workspace,80,2026-08-08 14:45:00,4,5.0
ZN-02,Open Office - Floor 2,workspace,80,2026-08-08 15:00:00,4,5.0
ZN-02,Open Office - Floor 2,workspace,80,2026-08-08 15:15:00,3,3.8
ZN-02,Open Office - Floor 2,workspace,80,2026-08-08 15:30:00,4,5.0
ZN-02,Open Office - Floor 2,workspace,80,2026-08-08 15:45:00,6,7.5
ZN-02,Open Office - Floor 2,workspace,80,2026-08-08 16:00:00,0,0.0
ZN-02,Open Office - Floor 2,workspace,80,2026-08-08 16:15:00,1,1.2
ZN-02,Open Office - Floor 2,workspace,80,2026-08-08 16:30:00,4,5.0
ZN-02,Open Office - Floor 2,workspace,80,2026-08-08 16:45:00,0,0.0
ZN-02,Open Office - Floor 2,workspace,80,2026-08-08 17:00:00,5,6.2
ZN-02,Open Office - Floor 2,workspace,80,2026-08-08 17:15:00,0,0.0
ZN-02,Open Office - Floor 2,workspace,80,2026-08-08 17:30:00,0,0.0
ZN-02,Open Office - Floor 2,workspace,80,2026-08-08 17:45:00,0,0.0
ZN-02,Open Office - Floor 2,workspace,80,2026-08-08 18:00:00,3,3.8
ZN-02,Open Office - Floor 2,workspace,80,2026-08-08 18:15:00,0,0.0
ZN-02,Open Office - Floor 2,workspace,80,2026-08-08 18:30:00,8,10.0
ZN-02,Open Office - Floor 2,workspace,80,2026-08-08 18:45:00,0,0.0
ZN-02,Open Office - Floor 2,workspace,80,2026-08-08 19:00:00,0,0.0
ZN-02,Open Office - Floor 2,workspace,80,2026-08-08 19:15:00,9,11.2
ZN-02,Open Office - Floor 2,workspace,80,2026-08-08 19:30:00,2,2.5
ZN-02,Open Office - Floor 2,workspace,80,2026-08-08 19:45:00,0,0.0
ZN-02,Open Office - Floor 2,workspace,80,2026-08-08 20:00:00,2,2.5
ZN-02,Open Office - Floor 2,workspace,80,2026-08-08 20:15:00,6,7.5
ZN-02,Open Office - Floor 2,workspace,80,2026-08-08 20:30:00,9,11.2
ZN-02,Open Office - Floor 2,workspace,80,2026-08-08 20:45:00,7,8.8
ZN-02,Open Office - Floor 2,workspace,80,2026-08-08 21:00:00,2,2.5
ZN-02,Open Office - Floor 2,workspace,80,2026-08-08 21:15:00,14,17.5
ZN-02,Open Office - Floor 2,workspace,80,2026-08-08 21:30:00,2,2.5
ZN-02,Open Office - Floor 2,workspace,80,2026-08-08 21:45:00,0,0.0
ZN-02,Open Office - Floor 2,workspace,80,2026-08-08 22:00:00,11,13.8
ZN-02,Open Office - Floor 2,workspace,80,2026-08-08 22:15:00,9,11.2
ZN-02,Open Office - Floor 2,workspace,80,2026-08-08 22:30:00,7,8.8
ZN-02,Open Office - Floor 2,workspace,80,2026-08-08 22:45:00,14,17.5
ZN-02,Open Office - Floor 2,workspace,80,2026-08-08 23:00:00,7,8.8
ZN-02,Open Office - Floor 2,workspace,80,2026-08-08 23:15:00,3,3.8
ZN-02,Open Office - Floor 2,workspace,80,2026-08-08 23:30:00,4,5.0
ZN-02,Open Office - Floor 2,workspace,80,2026-08-08 23:45:00,0,0.0
ZN-02,Open Office - Floor 2,workspace,80,2026-08-09 00:00:00,5,6.2
ZN-02,Open Office - Floor 2,workspace,80,2026-08-09 00:15:00,0,0.0
ZN-02,Open Office - Floor 2,workspace,80,2026-08-09 00:30:00,0,0.0
ZN-02,Open Office - Floor 2,workspace,80,2026-08-09 00:45:00,0,0.0
ZN-02,Open Office - Floor 2,workspace,80,2026-08-09 01:00:00,2,2.5
ZN-02,Open Office - Floor 2,workspace,80,2026-08-09 01:15:00,5,6.2
ZN-02,Open Office - Floor 2,workspace,80,2026-08-09 01:30:00,0,0.0
ZN-02,Open Office - Floor 2,workspace,80,2026-08-09 01:45:00,0,0.0
ZN-02,Open Office - Floor 2,workspace,80,2026-08-09 02:00:00,0,0.0
ZN-02,Open Office - Floor 2,workspace,80,2026-08-09 02:15:00,1,1.2
ZN-02,Open Office - Floor 2,workspace,80,2026-08-09 02:30:00,1,1.2
ZN-02,Open Office - Floor 2,workspace,80,2026-08-09 02:45:00,0,0.0
ZN-02,Open Office - Floor 2,workspace,80,2026-08-09 03:00:00,0,0.0
ZN-02,Open Office - Floor 2,workspace,80,2026-08-09 03:15:00,10,12.5
ZN-02,Open Office - Floor 2,workspace,80,2026-08-09 03:30:00,2,2.5
ZN-02,Open Office - Floor 2,workspace,80,2026-08-09 03:45:00,4,5.0
ZN-02,Open Office - Floor 2,workspace,80,2026-08-09 04:00:00,3,3.8
ZN-02,Open Office - Floor 2,workspace,80,2026-08-09 04:15:00,0,0.0
ZN-02,Open Office - Floor 2,workspace,80,2026-08-09 04:30:00,8,10.0
ZN-02,Open Office - Floor 2,workspace,80,2026-08-09 04:45:00,0,0.0
ZN-02,Open Office - Floor 2,workspace,80,2026-08-09 05:00:00,1,1.2
ZN-02,Open Office - Floor 2,workspace,80,2026-08-09 05:15:00,0,0.0
ZN-02,Open Office - Floor 2,workspace,80,2026-08-09 05:30:00,0,0.0
ZN-02,Open Office - Floor 2,workspace,80,2026-08-09 05:45:00,2,2.5
ZN-02,Open Office - Floor 2,workspace,80,2026-08-09 06:00:00,0,0.0
ZN-02,Open Office - Floor 2,workspace,80,2026-08-09 06:15:00,2,2.5
ZN-02,Open Office - Floor 2,workspace,80,2026-08-09 06:30:00,4,5.0
ZN-02,Open Office - Floor 2,workspace,80,2026-08-09 06:45:00,10,12.5
ZN-02,Open Office - Floor 2,workspace,80,2026-08-09 07:00:00,0,0.0
ZN-02,Open Office - Floor 2,workspace,80,2026-08-09 07:15:00,9,11.2
ZN-02,Open Office - Floor 2,workspace,80,2026-08-09 07:30:00,10,12.5
ZN-02,Open Office - Floor 2,workspace,80,2026-08-09 07:45:00,0,0.0
ZN-02,Open Office - Floor 2,workspace,80,2026-08-09 08:00:00,3,3.8
ZN-02,Open Office - Floor 2,workspace,80,2026-08-09 08:15:00,8,10.0
ZN-02,Open Office - Floor 2,workspace,80,2026-08-09 08:30:00,0,0.0
ZN-02,Open Office - Floor 2,workspace,80,2026-08-09 08:45:00,10,12.5
ZN-02,Open Office - Floor 2,workspace,80,2026-08-09 09:00:00,0,0.0
ZN-02,Open Office - Floor 2,workspace,80,2026-08-09 09:15:00,5,6.2
ZN-02,Open Office - Floor 2,workspace,80,2026-08-09 09:30:00,3,3.8
ZN-02,Open Office - Floor 2,workspace,80,2026-08-09 09:45:00,0,0.0
ZN-02,Open Office - Floor 2,workspace,80,2026-08-09 10:00:00,0,0.0
ZN-02,Open Office - Floor 2,workspace,80,2026-08-09 10:15:00,2,2.5
ZN-02,Open Office - Floor 2,workspace,80,2026-08-09 10:30:00,0,0.0
ZN-02,Open Office - Floor 2,workspace,80,2026-08-09 10:45:00,1,1.2
ZN-02,Open Office - Floor 2,workspace,80,2026-08-09 11:00:00,0,0.0
ZN-02,Open Office - Floor 2,workspace,80,2026-08-09 11:15:00,6,7.5
ZN-02,Open Office - Floor 2,workspace,80,2026-08-09 11:30:00,3,3.8
ZN-02,Open Office - Floor 2,workspace,80,2026-08-09 11:45:00,3,3.8
ZN-02,Open Office - Floor 2,workspace,80,2026-08-09 12:00:00,4,5.0
ZN-02,Open Office - Floor 2,workspace,80,2026-08-09 12:15:00,4,5.0
ZN-02,Open Office - Floor 2,workspace,80,2026-08-09 12:30:00,8,10.0
ZN-02,Open Office - Floor 2,workspace,80,2026-08-09 12:45:00,3,3.8
ZN-02,Open Office - Floor 2,workspace,80,2026-08-09 13:00:00,3,3.8
ZN-02,Open Office - Floor 2,workspace,80,2026-08-09 13:15:00,0,0.0
ZN-02,Open Office - Floor 2,workspace,80,2026-08-09 13:30:00,0,0.0
ZN-02,Open Office - Floor 2,workspace,80,2026-08-09 13:45:00,0,0.0
ZN-02,Open Office - Floor 2,workspace,80,2026-08-09 14:00:00,1,1.2
ZN-02,Open Office - Floor 2,workspace,80,2026-08-09 14:15:00,0,0.0
ZN-02,Open Office - Floor 2,workspace,80,2026-08-09 14:30:00,7,8.8
ZN-02,Open Office - Floor 2,workspace,80,2026-08-09 14:45:00,0,0.0
ZN-02,Open Office - Floor 2,workspace,80,2026-08-09 15:00:00,3,3.8
ZN-02,Open Office - Floor 2,workspace,80,2026-08-09 15:15:00,0,0.0
ZN-02,Open Office - Floor 2,workspace,80,2026-08-09 15:30:00,3,3.8
ZN-02,Open Office - Floor 2,workspace,80,2026-08-09 15:45:00,6,7.5
ZN-02,Open Office - Floor 2,workspace,80,2026-08-09 16:00:00,9,11.2
ZN-02,Open Office - Floor 2,workspace,80,2026-08-09 16:15:00,0,0.0
ZN-02,Open Office - Floor 2,workspace,80,2026-08-09 16:30:00,7,8.8
ZN-02,Open Office - Floor 2,workspace,80,2026-08-09 16:45:00,0,0.0
ZN-02,Open Office - Floor 2,workspace,80,2026-08-09 17:00:00,9,11.2
ZN-02,Open Office - Floor 2,workspace,80,2026-08-09 17:15:00,0,0.0
ZN-02,Open Office - Floor 2,workspace,80,2026-08-09 17:30:00,0,0.0
ZN-02,Open Office - Floor 2,workspace,80,2026-08-09 17:45:00,2,2.5
ZN-02,Open Office - Floor 2,workspace,80,2026-08-09 18:00:00,8,10.0
ZN-02,Open Office - Floor 2,workspace,80,2026-08-09 18:15:00,3,3.8
ZN-02,Open Office - Floor 2,workspace,80,2026-08-09 18:30:00,7,8.8
ZN-02,Open Office - Floor 2,workspace,80,2026-08-09 18:45:00,4,5.0
ZN-02,Open Office - Floor 2,workspace,80,2026-08-09 19:00:00,6,7.5
ZN-02,Open Office - Floor 2,workspace,80,2026-08-09 19:15:00,2,2.5
ZN-02,Open Office - Floor 2,workspace,80,2026-08-09 19:30:00,1,1.2
ZN-02,Open Office - Floor 2,workspace,80,2026-08-09 19:45:00,3,3.8
ZN-02,Open Office - Floor 2,workspace,80,2026-08-09 20:00:00,2,2.5
ZN-02,Open Office - Floor 2,workspace,80,2026-08-09 20:15:00,0,0.0
ZN-02,Open Office - Floor 2,workspace,80,2026-08-09 20:30:00,0,0.0
ZN-02,Open Office - Floor 2,workspace,80,2026-08-09 20:45:00,0,0.0
ZN-02,Open Office - Floor 2,workspace,80,2026-08-09 21:00:00,0,0.0
ZN-02,Open Office - Floor 2,workspace,80,2026-08-09 21:15:00,0,0.0
ZN-02,Open Office - Floor 2,workspace,80,2026-08-09 21:30:00,0,0.0
ZN-02,Open Office - Floor 2,workspace,80,2026-08-09 21:45:00,0,0.0
ZN-02,Open Office - Floor 2,workspace,80,2026-08-09 22:00:00,11,13.8
ZN-02,Open Office - Floor 2,workspace,80,2026-08-09 22:15:00,0,0.0
ZN-02,Open Office - Floor 2,workspace,80,2026-08-09 22:30:00,4,5.0
ZN-02,Open Office - Floor 2,workspace,80,2026-08-09 22:45:00,6,7.5
ZN-02,Open Office - Floor 2,workspace,80,2026-08-09 23:00:00,0,0.0
ZN-02,Open Office - Floor 2,workspace,80,2026-08-09 23:15:00,5,6.2
ZN-02,Open Office - Floor 2,workspace,80,2026-08-09 23:30:00,2,2.5
ZN-02,Open Office - Floor 2,workspace,80,2026-08-09 23:45:00,0,0.0
ZN-02,Open Office - Floor 2,workspace,80,2026-08-10 00:00:00,4,5.0
ZN-02,Open Office - Floor 2,workspace,80,2026-08-10 00:15:00,5,6.2
ZN-02,Open Office - Floor 2,workspace,80,2026-08-10 00:30:00,13,16.2
ZN-02,Open Office - Floor 2,workspace,80,2026-08-10 00:45:00,5,6.2
ZN-02,Open Office - Floor 2,workspace,80,2026-08-10 01:00:00,0,0.0
ZN-02,Open Office - Floor 2,workspace,80,2026-08-10 01:15:00,5,6.2
ZN-02,Open Office - Floor 2,workspace,80,2026-08-10 01:30:00,0,0.0
ZN-02,Open Office - Floor 2,workspace,80,2026-08-10 01:45:00,0,0.0
ZN-02,Open Office - Floor 2,workspace,80,2026-08-10 02:00:00,0,0.0
ZN-02,Open Office - Floor 2,workspace,80,2026-08-10 02:15:00,3,3.8
ZN-02,Open Office - Floor 2,workspace,80,2026-08-10 02:30:00,0,0.0
ZN-02,Open Office - Floor 2,workspace,80,2026-08-10 02:45:00,8,10.0
ZN-02,Open Office - Floor 2,workspace,80,2026-08-10 03:00:00,4,5.0
ZN-02,Open Office - Floor 2,workspace,80,2026-08-10 03:15:00,0,0.0
ZN-02,Open Office - Floor 2,workspace,80,2026-08-10 03:30:00,3,3.8
ZN-02,Open Office - Floor 2,workspace,80,2026-08-10 03:45:00,4,5.0
ZN-02,Open Office - Floor 2,workspace,80,2026-08-10 04:00:00,0,0.0
ZN-02,Open Office - Floor 2,workspace,80,2026-08-10 04:15:00,0,0.0
ZN-02,Open Office - Floor 2,workspace,80,2026-08-10 04:30:00,0,0.0
ZN-02,Open Office - Floor 2,workspace,80,2026-08-10 04:45:00,0,0.0
ZN-02,Open Office - Floor 2,workspace,80,2026-08-10 05:00:00,0,0.0
ZN-02,Open Office - Floor 2,workspace,80,2026-08-10 05:15:00,0,0.0
ZN-02,Open Office - Floor 2,workspace,80,2026-08-10 05:30:00,3,3.8
ZN-02,Open Office - Floor 2,workspace,80,2026-08-10 05:45:00,29,36.2
ZN-02,Open Office - Floor 2,workspace,80,2026-08-10 06:00:00,78,97.5
ZN-02,Open Office - Floor 2,workspace,80,2026-08-10 06:15:00,74,92.5
ZN-02,Open Office - Floor 2,workspace,80,2026-08-10 06:30:00,80,100.0
ZN-02,Open Office - Floor 2,workspace,80,2026-08-10 06:45:00,80,100.0
ZN-02,Open Office - Floor 2,workspace,80,2026-08-10 07:00:00,80,100.0
ZN-02,Open Office - Floor 2,workspace,80,2026-08-10 07:15:00,78,97.5
ZN-02,Open Office - Floor 2,workspace,80,2026-08-10 07:30:00,73,91.2
ZN-02,Open Office - Floor 2,workspace,80,2026-08-10 07:45:00,75,93.8
ZN-02,Open Office - Floor 2,workspace,80,2026-08-10 08:00:00,69,86.2
ZN-02,Open Office - Floor 2,workspace,80,2026-08-10 08:15:00,75,93.8
ZN-02,Open Office - Floor 2,workspace,80,2026-08-10 08:30:00,67,83.8
ZN-02,Open Office - Floor 2,workspace,80,2026-08-10 08:45:00,68,85.0
ZN-02,Open Office - Floor 2,workspace,80,2026-08-10 09:00:00,72,90.0
ZN-02,Open Office - Floor 2,workspace,80,2026-08-10 09:15:00,64,80.0
ZN-02,Open Office - Floor 2,workspace,80,2026-08-10 09:30:00,67,83.8
ZN-02,Open Office - Floor 2,workspace,80,2026-08-10 09:45:00,62,77.5
ZN-02,Open Office - Floor 2,workspace,80,2026-08-10 10:00:00,58,72.5
ZN-03,Meeting Room A,meeting_room,12,2026-07-20 10:00:00,8,66.7
ZN-03,Meeting Room A,meeting_room,12,2026-07-20 10:15:00,7,58.3
ZN-03,Meeting Room A,meeting_room,12,2026-07-20 10:30:00,4,33.3
ZN-03,Meeting Room A,meeting_room,12,2026-07-20 10:45:00,10,83.3
ZN-03,Meeting Room A,meeting_room,12,2026-07-20 11:00:00,10,83.3
ZN-03,Meeting Room A,meeting_room,12,2026-07-20 11:15:00,8,66.7
ZN-03,Meeting Room A,meeting_room,12,2026-07-20 11:30:00,12,100.0
ZN-03,Meeting Room A,meeting_room,12,2026-07-20 11:45:00,12,100.0
ZN-03,Meeting Room A,meeting_room,12,2026-07-20 12:00:00,8,66.7
ZN-03,Meeting Room A,meeting_room,12,2026-07-20 12:15:00,12,100.0
ZN-03,Meeting Room A,meeting_room,12,2026-07-20 12:30:00,4,33.3
ZN-03,Meeting Room A,meeting_room,12,2026-07-20 12:45:00,10,83.3
ZN-03,Meeting Room A,meeting_room,12,2026-07-20 13:00:00,8,66.7
ZN-03,Meeting Room A,meeting_room,12,2026-07-20 13:15:00,11,91.7
ZN-03,Meeting Room A,meeting_room,12,2026-07-20 13:30:00,11,91.7
ZN-03,Meeting Room A,meeting_room,12,2026-07-20 13:45:00,12,100.0
ZN-03,Meeting Room A,meeting_room,12,2026-07-20 14:00:00,12,100.0
ZN-03,Meeting Room A,meeting_room,12,2026-07-20 14:15:00,10,83.3
ZN-03,Meeting Room A,meeting_room,12,2026-07-20 14:30:00,10,83.3
ZN-03,Meeting Room A,meeting_room,12,2026-07-20 14:45:00,12,100.0
ZN-03,Meeting Room A,meeting_room,12,2026-07-20 15:00:00,9,75.0
ZN-03,Meeting Room A,meeting_room,12,2026-07-20 15:15:00,5,41.7
ZN-03,Meeting Room A,meeting_room,12,2026-07-20 15:30:00,2,16.7
ZN-03,Meeting Room A,meeting_room,12,2026-07-20 15:45:00,4,33.3
ZN-03,Meeting Room A,meeting_room,12,2026-07-20 16:00:00,1,8.3
ZN-03,Meeting Room A,meeting_room,12,2026-07-20 16:15:00,5,41.7
ZN-03,Meeting Room A,meeting_room,12,2026-07-20 16:30:00,7,58.3
ZN-03,Meeting Room A,meeting_room,12,2026-07-20 16:45:00,2,16.7
ZN-03,Meeting Room A,meeting_room,12,2026-07-20 17:00:00,0,0.0
ZN-03,Meeting Room A,meeting_room,12,2026-07-20 17:15:00,3,25.0
ZN-03,Meeting Room A,meeting_room,12,2026-07-20 17:30:00,0,0.0
ZN-03,Meeting Room A,meeting_room,12,2026-07-20 17:45:00,2,16.7
ZN-03,Meeting Room A,meeting_room,12,2026-07-20 18:00:00,0,0.0
ZN-03,Meeting Room A,meeting_room,12,2026-07-20 18:15:00,3,25.0
ZN-03,Meeting Room A,meeting_room,12,2026-07-20 18:30:00,0,0.0
ZN-03,Meeting Room A,meeting_room,12,2026-07-20 18:45:00,1,8.3
ZN-03,Meeting Room A,meeting_room,12,2026-07-20 19:00:00,3,25.0
ZN-03,Meeting Room A,meeting_room,12,2026-07-20 19:15:00,0,0.0
ZN-03,Meeting Room A,meeting_room,12,2026-07-20 19:30:00,4,33.3
ZN-03,Meeting Room A,meeting_room,12,2026-07-20 19:45:00,0,0.0
ZN-03,Meeting Room A,meeting_room,12,2026-07-20 20:00:00,0,0.0
ZN-03,Meeting Room A,meeting_room,12,2026-07-20 20:15:00,4,33.3
ZN-03,Meeting Room A,meeting_room,12,2026-07-20 20:30:00,0,0.0
ZN-03,Meeting Room A,meeting_room,12,2026-07-20 20:45:00,0,0.0
ZN-03,Meeting Room A,meeting_room,12,2026-07-20 21:00:00,0,0.0
ZN-03,Meeting Room A,meeting_room,12,2026-07-20 21:15:00,0,0.0
ZN-03,Meeting Room A,meeting_room,12,2026-07-20 21:30:00,4,33.3
ZN-03,Meeting Room A,meeting_room,12,2026-07-20 21:45:00,1,8.3
ZN-03,Meeting Room A,meeting_room,12,2026-07-20 22:00:00,0,0.0
ZN-03,Meeting Room A,meeting_room,12,2026-07-20 22:15:00,0,0.0
ZN-03,Meeting Room A,meeting_room,12,2026-07-20 22:30:00,0,0.0
ZN-03,Meeting Room A,meeting_room,12,2026-07-20 22:45:00,3,25.0
ZN-03,Meeting Room A,meeting_room,12,2026-07-20 23:00:00,2,16.7
ZN-03,Meeting Room A,meeting_room,12,2026-07-20 23:15:00,1,8.3
ZN-03,Meeting Room A,meeting_room,12,2026-07-20 23:30:00,0,0.0
ZN-03,Meeting Room A,meeting_room,12,2026-07-20 23:45:00,5,41.7
ZN-03,Meeting Room A,meeting_room,12,2026-07-21 00:00:00,0,0.0
ZN-03,Meeting Room A,meeting_room,12,2026-07-21 00:15:00,0,0.0
ZN-03,Meeting Room A,meeting_room,12,2026-07-21 00:30:00,0,0.0
ZN-03,Meeting Room A,meeting_room,12,2026-07-21 00:45:00,3,25.0
ZN-03,Meeting Room A,meeting_room,12,2026-07-21 01:00:00,1,8.3
ZN-03,Meeting Room A,meeting_room,12,2026-07-21 01:15:00,2,16.7
ZN-03,Meeting Room A,meeting_room,12,2026-07-21 01:30:00,0,0.0
ZN-03,Meeting Room A,meeting_room,12,2026-07-21 01:45:00,0,0.0
ZN-03,Meeting Room A,meeting_room,12,2026-07-21 02:00:00,1,8.3
ZN-03,Meeting Room A,meeting_room,12,2026-07-21 02:15:00,1,8.3
ZN-03,Meeting Room A,meeting_room,12,2026-07-21 02:30:00,2,16.7
ZN-03,Meeting Room A,meeting_room,12,2026-07-21 02:45:00,2,16.7
ZN-03,Meeting Room A,meeting_room,12,2026-07-21 03:00:00,2,16.7
ZN-03,Meeting Room A,meeting_room,12,2026-07-21 03:15:00,0,0.0
ZN-03,Meeting Room A,meeting_room,12,2026-07-21 03:30:00,0,0.0
ZN-03,Meeting Room A,meeting_room,12,2026-07-21 03:45:00,1,8.3
ZN-03,Meeting Room A,meeting_room,12,2026-07-21 04:00:00,3,25.0
ZN-03,Meeting Room A,meeting_room,12,2026-07-21 04:15:00,0,0.0
ZN-03,Meeting Room A,meeting_room,12,2026-07-21 04:30:00,0,0.0
ZN-03,Meeting Room A,meeting_room,12,2026-07-21 04:45:00,0,0.0
ZN-03,Meeting Room A,meeting_room,12,2026-07-21 05:00:00,0,0.0
ZN-03,Meeting Room A,meeting_room,12,2026-07-21 05:15:00,0,0.0
ZN-03,Meeting Room A,meeting_room,12,2026-07-21 05:30:00,0,0.0
ZN-03,Meeting Room A,meeting_room,12,2026-07-21 05:45:00,7,58.3
ZN-03,Meeting Room A,meeting_room,12,2026-07-21 06:00:00,7,58.3
ZN-03,Meeting Room A,meeting_room,12,2026-07-21 06:15:00,9,75.0
ZN-03,Meeting Room A,meeting_room,12,2026-07-21 06:30:00,10,83.3
ZN-03,Meeting Room A,meeting_room,12,2026-07-21 06:45:00,9,75.0
ZN-03,Meeting Room A,meeting_room,12,2026-07-21 07:00:00,12,100.0
ZN-03,Meeting Room A,meeting_room,12,2026-07-21 07:15:00,9,75.0
ZN-03,Meeting Room A,meeting_room,12,2026-07-21 07:30:00,12,100.0
ZN-03,Meeting Room A,meeting_room,12,2026-07-21 07:45:00,10,83.3
ZN-03,Meeting Room A,meeting_room,12,2026-07-21 08:00:00,7,58.3
ZN-03,Meeting Room A,meeting_room,12,2026-07-21 08:15:00,10,83.3
ZN-03,Meeting Room A,meeting_room,12,2026-07-21 08:30:00,9,75.0
ZN-03,Meeting Room A,meeting_room,12,2026-07-21 08:45:00,7,58.3
ZN-03,Meeting Room A,meeting_room,12,2026-07-21 09:00:00,8,66.7
ZN-03,Meeting Room A,meeting_room,12,2026-07-21 09:15:00,12,100.0
ZN-03,Meeting Room A,meeting_room,12,2026-07-21 09:30:00,10,83.3
ZN-03,Meeting Room A,meeting_room,12,2026-07-21 09:45:00,2,16.7
ZN-03,Meeting Room A,meeting_room,12,2026-07-21 10:00:00,11,91.7
ZN-03,Meeting Room A,meeting_room,12,2026-07-21 10:15:00,8,66.7
ZN-03,Meeting Room A,meeting_room,12,2026-07-21 10:30:00,4,33.3
ZN-03,Meeting Room A,meeting_room,12,2026-07-21 10:45:00,11,91.7
ZN-03,Meeting Room A,meeting_room,12,2026-07-21 11:00:00,5,41.7
ZN-03,Meeting Room A,meeting_room,12,2026-07-21 11:15:00,10,83.3
ZN-03,Meeting Room A,meeting_room,12,2026-07-21 11:30:00,12,100.0
ZN-03,Meeting Room A,meeting_room,12,2026-07-21 11:45:00,5,41.7
ZN-03,Meeting Room A,meeting_room,12,2026-07-21 12:00:00,10,83.3
ZN-03,Meeting Room A,meeting_room,12,2026-07-21 12:15:00,8,66.7
ZN-03,Meeting Room A,meeting_room,12,2026-07-21 12:30:00,6,50.0
ZN-03,Meeting Room A,meeting_room,12,2026-07-21 12:45:00,12,100.0
ZN-03,Meeting Room A,meeting_room,12,2026-07-21 13:00:00,11,91.7
ZN-03,Meeting Room A,meeting_room,12,2026-07-21 13:15:00,7,58.3
ZN-03,Meeting Room A,meeting_room,12,2026-07-21 13:30:00,10,83.3
ZN-03,Meeting Room A,meeting_room,12,2026-07-21 13:45:00,8,66.7
ZN-03,Meeting Room A,meeting_room,12,2026-07-21 14:00:00,12,100.0
ZN-03,Meeting Room A,meeting_room,12,2026-07-21 14:15:00,8,66.7
ZN-03,Meeting Room A,meeting_room,12,2026-07-21 14:30:00,12,100.0
ZN-03,Meeting Room A,meeting_room,12,2026-07-21 14:45:00,10,83.3
ZN-03,Meeting Room A,meeting_room,12,2026-07-21 15:00:00,12,100.0
ZN-03,Meeting Room A,meeting_room,12,2026-07-21 15:15:00,6,50.0
ZN-03,Meeting Room A,meeting_room,12,2026-07-21 15:30:00,5,41.7
ZN-03,Meeting Room A,meeting_room,12,2026-07-21 15:45:00,6,50.0
ZN-03,Meeting Room A,meeting_room,12,2026-07-21 16:00:00,4,33.3
ZN-03,Meeting Room A,meeting_room,12,2026-07-21 16:15:00,4,33.3
ZN-03,Meeting Room A,meeting_room,12,2026-07-21 16:30:00,5,41.7
ZN-03,Meeting Room A,meeting_room,12,2026-07-21 16:45:00,5,41.7
ZN-03,Meeting Room A,meeting_room,12,2026-07-21 17:00:00,0,0.0
ZN-03,Meeting Room A,meeting_room,12,2026-07-21 17:15:00,0,0.0
ZN-03,Meeting Room A,meeting_room,12,2026-07-21 17:30:00,2,16.7
ZN-03,Meeting Room A,meeting_room,12,2026-07-21 17:45:00,1,8.3
ZN-03,Meeting Room A,meeting_room,12,2026-07-21 18:00:00,4,33.3
ZN-03,Meeting Room A,meeting_room,12,2026-07-21 18:15:00,0,0.0
ZN-03,Meeting Room A,meeting_room,12,2026-07-21 18:30:00,3,25.0
ZN-03,Meeting Room A,meeting_room,12,2026-07-21 18:45:00,0,0.0
ZN-03,Meeting Room A,meeting_room,12,2026-07-21 19:00:00,0,0.0
ZN-03,Meeting Room A,meeting_room,12,2026-07-21 19:15:00,0,0.0
ZN-03,Meeting Room A,meeting_room,12,2026-07-21 19:30:00,2,16.7
ZN-03,Meeting Room A,meeting_room,12,2026-07-21 19:45:00,1,8.3
ZN-03,Meeting Room A,meeting_room,12,2026-07-21 20:00:00,4,33.3
ZN-03,Meeting Room A,meeting_room,12,2026-07-21 20:15:00,1,8.3
ZN-03,Meeting Room A,meeting_room,12,2026-07-21 20:30:00,1,8.3
ZN-03,Meeting Room A,meeting_room,12,2026-07-21 20:45:00,0,0.0
ZN-03,Meeting Room A,meeting_room,12,2026-07-21 21:00:00,4,33.3
ZN-03,Meeting Room A,meeting_room,12,2026-07-21 21:15:00,1,8.3
ZN-03,Meeting Room A,meeting_room,12,2026-07-21 21:30:00,1,8.3
ZN-03,Meeting Room A,meeting_room,12,2026-07-21 21:45:00,5,41.7
ZN-03,Meeting Room A,meeting_room,12,2026-07-21 22:00:00,0,0.0
ZN-03,Meeting Room A,meeting_room,12,2026-07-21 22:15:00,1,8.3
ZN-03,Meeting Room A,meeting_room,12,2026-07-21 22:30:00,0,0.0
ZN-03,Meeting Room A,meeting_room,12,2026-07-21 22:45:00,1,8.3
ZN-03,Meeting Room A,meeting_room,12,2026-07-21 23:00:00,1,8.3
ZN-03,Meeting Room A,meeting_room,12,2026-07-21 23:15:00,2,16.7
ZN-03,Meeting Room A,meeting_room,12,2026-07-21 23:30:00,0,0.0
ZN-03,Meeting Room A,meeting_room,12,2026-07-21 23:45:00,0,0.0
ZN-03,Meeting Room A,meeting_room,12,2026-07-22 00:00:00,0,0.0
ZN-03,Meeting Room A,meeting_room,12,2026-07-22 00:15:00,0,0.0
ZN-03,Meeting Room A,meeting_room,12,2026-07-22 00:30:00,0,0.0
ZN-03,Meeting Room A,meeting_room,12,2026-07-22 00:45:00,1,8.3
ZN-03,Meeting Room A,meeting_room,12,2026-07-22 01:00:00,1,8.3
ZN-03,Meeting Room A,meeting_room,12,2026-07-22 01:15:00,4,33.3
ZN-03,Meeting Room A,meeting_room,12,2026-07-22 01:30:00,0,0.0
ZN-03,Meeting Room A,meeting_room,12,2026-07-22 01:45:00,0,0.0
ZN-03,Meeting Room A,meeting_room,12,2026-07-22 02:00:00,0,0.0
ZN-03,Meeting Room A,meeting_room,12,2026-07-22 02:15:00,0,0.0
ZN-03,Meeting Room A,meeting_room,12,2026-07-22 02:30:00,0,0.0
ZN-03,Meeting Room A,meeting_room,12,2026-07-22 02:45:00,0,0.0
ZN-03,Meeting Room A,meeting_room,12,2026-07-22 03:00:00,0,0.0
ZN-03,Meeting Room A,meeting_room,12,2026-07-22 03:15:00,1,8.3
ZN-03,Meeting Room A,meeting_room,12,2026-07-22 03:30:00,1,8.3
ZN-03,Meeting Room A,meeting_room,12,2026-07-22 03:45:00,0,0.0
ZN-03,Meeting Room A,meeting_room,12,2026-07-22 04:00:00,4,33.3
ZN-03,Meeting Room A,meeting_room,12,2026-07-22 04:15:00,3,25.0
ZN-03,Meeting Room A,meeting_room,12,2026-07-22 04:30:00,2,16.7
ZN-03,Meeting Room A,meeting_room,12,2026-07-22 04:45:00,1,8.3
ZN-03,Meeting Room A,meeting_room,12,2026-07-22 05:00:00,2,16.7
ZN-03,Meeting Room A,meeting_room,12,2026-07-22 05:15:00,0,0.0
ZN-03,Meeting Room A,meeting_room,12,2026-07-22 05:30:00,5,41.7
ZN-03,Meeting Room A,meeting_room,12,2026-07-22 05:45:00,1,8.3
ZN-03,Meeting Room A,meeting_room,12,2026-07-22 06:00:00,9,75.0
ZN-03,Meeting Room A,meeting_room,12,2026-07-22 06:15:00,11,91.7
ZN-03,Meeting Room A,meeting_room,12,2026-07-22 06:30:00,12,100.0
ZN-03,Meeting Room A,meeting_room,12,2026-07-22 06:45:00,10,83.3
ZN-03,Meeting Room A,meeting_room,12,2026-07-22 07:00:00,7,58.3
ZN-03,Meeting Room A,meeting_room,12,2026-07-22 07:15:00,11,91.7
ZN-03,Meeting Room A,meeting_room,12,2026-07-22 07:30:00,12,100.0
ZN-03,Meeting Room A,meeting_room,12,2026-07-22 07:45:00,10,83.3
ZN-03,Meeting Room A,meeting_room,12,2026-07-22 08:00:00,12,100.0
ZN-03,Meeting Room A,meeting_room,12,2026-07-22 08:15:00,12,100.0
ZN-03,Meeting Room A,meeting_room,12,2026-07-22 08:30:00,11,91.7
ZN-03,Meeting Room A,meeting_room,12,2026-07-22 08:45:00,10,83.3
ZN-03,Meeting Room A,meeting_room,12,2026-07-22 09:00:00,11,91.7
ZN-03,Meeting Room A,meeting_room,12,2026-07-22 09:15:00,12,100.0
ZN-03,Meeting Room A,meeting_room,12,2026-07-22 09:30:00,12,100.0
ZN-03,Meeting Room A,meeting_room,12,2026-07-22 09:45:00,10,83.3
ZN-03,Meeting Room A,meeting_room,12,2026-07-22 10:00:00,8,66.7
ZN-03,Meeting Room A,meeting_room,12,2026-07-22 10:15:00,7,58.3
ZN-03,Meeting Room A,meeting_room,12,2026-07-22 10:30:00,7,58.3
ZN-03,Meeting Room A,meeting_room,12,2026-07-22 10:45:00,7,58.3
ZN-03,Meeting Room A,meeting_room,12,2026-07-22 11:00:00,11,91.7
ZN-03,Meeting Room A,meeting_room,12,2026-07-22 11:15:00,11,91.7
ZN-03,Meeting Room A,meeting_room,12,2026-07-22 11:30:00,12,100.0
ZN-03,Meeting Room A,meeting_room,12,2026-07-22 11:45:00,12,100.0
ZN-03,Meeting Room A,meeting_room,12,2026-07-22 12:00:00,10,83.3
ZN-03,Meeting Room A,meeting_room,12,2026-07-22 12:15:00,7,58.3
ZN-03,Meeting Room A,meeting_room,12,2026-07-22 12:30:00,3,25.0
ZN-03,Meeting Room A,meeting_room,12,2026-07-22 12:45:00,6,50.0
ZN-03,Meeting Room A,meeting_room,12,2026-07-22 13:00:00,9,75.0
ZN-03,Meeting Room A,meeting_room,12,2026-07-22 13:15:00,11,91.7
ZN-03,Meeting Room A,meeting_room,12,2026-07-22 13:30:00,9,75.0
ZN-03,Meeting Room A,meeting_room,12,2026-07-22 13:45:00,10,83.3
ZN-03,Meeting Room A,meeting_room,12,2026-07-22 14:00:00,12,100.0
ZN-03,Meeting Room A,meeting_room,12,2026-07-22 14:15:00,12,100.0
ZN-03,Meeting Room A,meeting_room,12,2026-07-22 14:30:00,10,83.3
ZN-03,Meeting Room A,meeting_room,12,2026-07-22 14:45:00,8,66.7
ZN-03,Meeting Room A,meeting_room,12,2026-07-22 15:00:00,11,91.7
ZN-03,Meeting Room A,meeting_room,12,2026-07-22 15:15:00,5,41.7
ZN-03,Meeting Room A,meeting_room,12,2026-07-22 15:30:00,5,41.7
ZN-03,Meeting Room A,meeting_room,12,2026-07-22 15:45:00,5,41.7
ZN-03,Meeting Room A,meeting_room,12,2026-07-22 16:00:00,4,33.3
ZN-03,Meeting Room A,meeting_room,12,2026-07-22 16:15:00,2,16.7
ZN-03,Meeting Room A,meeting_room,12,2026-07-22 16:30:00,1,8.3
ZN-03,Meeting Room A,meeting_room,12,2026-07-22 16:45:00,0,0.0
ZN-03,Meeting Room A,meeting_room,12,2026-07-22 17:00:00,1,8.3
ZN-03,Meeting Room A,meeting_room,12,2026-07-22 17:15:00,0,0.0
ZN-03,Meeting Room A,meeting_room,12,2026-07-22 17:30:00,0,0.0
ZN-03,Meeting Room A,meeting_room,12,2026-07-22 17:45:00,0,0.0
ZN-03,Meeting Room A,meeting_room,12,2026-07-22 18:00:00,0,0.0
ZN-03,Meeting Room A,meeting_room,12,2026-07-22 18:15:00,0,0.0
ZN-03,Meeting Room A,meeting_room,12,2026-07-22 18:30:00,0,0.0
ZN-03,Meeting Room A,meeting_room,12,2026-07-22 18:45:00,6,50.0
ZN-03,Meeting Room A,meeting_room,12,2026-07-22 19:00:00,0,0.0
ZN-03,Meeting Room A,meeting_room,12,2026-07-22 19:15:00,0,0.0
ZN-03,Meeting Room A,meeting_room,12,2026-07-22 19:30:00,0,0.0
ZN-03,Meeting Room A,meeting_room,12,2026-07-22 19:45:00,0,0.0
ZN-03,Meeting Room A,meeting_room,12,2026-07-22 20:00:00,1,8.3
ZN-03,Meeting Room A,meeting_room,12,2026-07-22 20:15:00,4,33.3
ZN-03,Meeting Room A,meeting_room,12,2026-07-22 20:30:00,0,0.0
ZN-03,Meeting Room A,meeting_room,12,2026-07-22 20:45:00,3,25.0
ZN-03,Meeting Room A,meeting_room,12,2026-07-22 21:00:00,0,0.0
ZN-03,Meeting Room A,meeting_room,12,2026-07-22 21:15:00,0,0.0
ZN-03,Meeting Room A,meeting_room,12,2026-07-22 21:30:00,0,0.0
ZN-03,Meeting Room A,meeting_room,12,2026-07-22 21:45:00,0,0.0
ZN-03,Meeting Room A,meeting_room,12,2026-07-22 22:00:00,0,0.0
ZN-03,Meeting Room A,meeting_room,12,2026-07-22 22:15:00,0,0.0
ZN-03,Meeting Room A,meeting_room,12,2026-07-22 22:30:00,1,8.3
ZN-03,Meeting Room A,meeting_room,12,2026-07-22 22:45:00,4,33.3
ZN-03,Meeting Room A,meeting_room,12,2026-07-22 23:00:00,2,16.7
ZN-03,Meeting Room A,meeting_room,12,2026-07-22 23:15:00,4,33.3
ZN-03,Meeting Room A,meeting_room,12,2026-07-22 23:30:00,0,0.0
ZN-03,Meeting Room A,meeting_room,12,2026-07-22 23:45:00,0,0.0
ZN-03,Meeting Room A,meeting_room,12,2026-07-23 00:00:00,4,33.3
ZN-03,Meeting Room A,meeting_room,12,2026-07-23 00:15:00,4,33.3
ZN-03,Meeting Room A,meeting_room,12,2026-07-23 00:30:00,0,0.0
ZN-03,Meeting Room A,meeting_room,12,2026-07-23 00:45:00,0,0.0
ZN-03,Meeting Room A,meeting_room,12,2026-07-23 01:00:00,2,16.7
ZN-03,Meeting Room A,meeting_room,12,2026-07-23 01:15:00,0,0.0
ZN-03,Meeting Room A,meeting_room,12,2026-07-23 01:30:00,0,0.0
ZN-03,Meeting Room A,meeting_room,12,2026-07-23 01:45:00,1,8.3
ZN-03,Meeting Room A,meeting_room,12,2026-07-23 02:00:00,0,0.0
ZN-03,Meeting Room A,meeting_room,12,2026-07-23 02:15:00,6,50.0
ZN-03,Meeting Room A,meeting_room,12,2026-07-23 02:30:00,1,8.3
ZN-03,Meeting Room A,meeting_room,12,2026-07-23 02:45:00,0,0.0
ZN-03,Meeting Room A,meeting_room,12,2026-07-23 03:00:00,3,25.0
ZN-03,Meeting Room A,meeting_room,12,2026-07-23 03:15:00,4,33.3
ZN-03,Meeting Room A,meeting_room,12,2026-07-23 03:30:00,3,25.0
ZN-03,Meeting Room A,meeting_room,12,2026-07-23 03:45:00,1,8.3
ZN-03,Meeting Room A,meeting_room,12,2026-07-23 04:00:00,0,0.0
ZN-03,Meeting Room A,meeting_room,12,2026-07-23 04:15:00,0,0.0
ZN-03,Meeting Room A,meeting_room,12,2026-07-23 04:30:00,5,41.7
ZN-03,Meeting Room A,meeting_room,12,2026-07-23 04:45:00,0,0.0
ZN-03,Meeting Room A,meeting_room,12,2026-07-23 05:00:00,0,0.0
ZN-03,Meeting Room A,meeting_room,12,2026-07-23 05:15:00,0,0.0
ZN-03,Meeting Room A,meeting_room,12,2026-07-23 05:30:00,0,0.0
ZN-03,Meeting Room A,meeting_room,12,2026-07-23 05:45:00,3,25.0
ZN-03,Meeting Room A,meeting_room,12,2026-07-23 06:00:00,11,91.7
ZN-03,Meeting Room A,meeting_room,12,2026-07-23 06:15:00,9,75.0
ZN-03,Meeting Room A,meeting_room,12,2026-07-23 06:30:00,12,100.0
ZN-03,Meeting Room A,meeting_room,12,2026-07-23 06:45:00,9,75.0
ZN-03,Meeting Room A,meeting_room,12,2026-07-23 07:00:00,12,100.0
ZN-03,Meeting Room A,meeting_room,12,2026-07-23 07:15:00,12,100.0
ZN-03,Meeting Room A,meeting_room,12,2026-07-23 07:30:00,12,100.0
ZN-03,Meeting Room A,meeting_room,12,2026-07-23 07:45:00,12,100.0
ZN-03,Meeting Room A,meeting_room,12,2026-07-23 08:00:00,6,50.0
ZN-03,Meeting Room A,meeting_room,12,2026-07-23 08:15:00,7,58.3
ZN-03,Meeting Room A,meeting_room,12,2026-07-23 08:30:00,11,91.7
ZN-03,Meeting Room A,meeting_room,12,2026-07-23 08:45:00,8,66.7
ZN-03,Meeting Room A,meeting_room,12,2026-07-23 09:00:00,12,100.0
ZN-03,Meeting Room A,meeting_room,12,2026-07-23 09:15:00,6,50.0
ZN-03,Meeting Room A,meeting_room,12,2026-07-23 09:30:00,12,100.0
ZN-03,Meeting Room A,meeting_room,12,2026-07-23 09:45:00,8,66.7
ZN-03,Meeting Room A,meeting_room,12,2026-07-23 10:00:00,10,83.3
ZN-03,Meeting Room A,meeting_room,12,2026-07-23 10:15:00,9,75.0
ZN-03,Meeting Room A,meeting_room,12,2026-07-23 10:30:00,0,0.0
ZN-03,Meeting Room A,meeting_room,12,2026-07-23 10:45:00,2,16.7
ZN-03,Meeting Room A,meeting_room,12,2026-07-23 11:00:00,11,91.7
ZN-03,Meeting Room A,meeting_room,12,2026-07-23 11:15:00,10,83.3
ZN-03,Meeting Room A,meeting_room,12,2026-07-23 11:30:00,6,50.0
ZN-03,Meeting Room A,meeting_room,12,2026-07-23 11:45:00,9,75.0
ZN-03,Meeting Room A,meeting_room,12,2026-07-23 12:00:00,8,66.7
ZN-03,Meeting Room A,meeting_room,12,2026-07-23 12:15:00,7,58.3
ZN-03,Meeting Room A,meeting_room,12,2026-07-23 12:30:00,10,83.3
ZN-03,Meeting Room A,meeting_room,12,2026-07-23 12:45:00,12,100.0
ZN-03,Meeting Room A,meeting_room,12,2026-07-23 13:00:00,10,83.3
ZN-03,Meeting Room A,meeting_room,12,2026-07-23 13:15:00,6,50.0
ZN-03,Meeting Room A,meeting_room,12,2026-07-23 13:30:00,7,58.3
ZN-03,Meeting Room A,meeting_room,12,2026-07-23 13:45:00,12,100.0
ZN-03,Meeting Room A,meeting_room,12,2026-07-23 14:00:00,12,100.0
ZN-03,Meeting Room A,meeting_room,12,2026-07-23 14:15:00,10,83.3
ZN-03,Meeting Room A,meeting_room,12,2026-07-23 14:30:00,10,83.3
ZN-03,Meeting Room A,meeting_room,12,2026-07-23 14:45:00,5,41.7
ZN-03,Meeting Room A,meeting_room,12,2026-07-23 15:00:00,12,100.0
ZN-03,Meeting Room A,meeting_room,12,2026-07-23 15:15:00,6,50.0
ZN-03,Meeting Room A,meeting_room,12,2026-07-23 15:30:00,3,25.0
ZN-03,Meeting Room A,meeting_room,12,2026-07-23 15:45:00,6,50.0
ZN-03,Meeting Room A,meeting_room,12,2026-07-23 16:00:00,5,41.7
ZN-03,Meeting Room A,meeting_room,12,2026-07-23 16:15:00,5,41.7
ZN-03,Meeting Room A,meeting_room,12,2026-07-23 16:30:00,0,0.0
ZN-03,Meeting Room A,meeting_room,12,2026-07-23 16:45:00,0,0.0
ZN-03,Meeting Room A,meeting_room,12,2026-07-23 17:00:00,0,0.0
ZN-03,Meeting Room A,meeting_room,12,2026-07-23 17:15:00,0,0.0
ZN-03,Meeting Room A,meeting_room,12,2026-07-23 17:30:00,0,0.0
ZN-03,Meeting Room A,meeting_room,12,2026-07-23 17:45:00,0,0.0
ZN-03,Meeting Room A,meeting_room,12,2026-07-23 18:00:00,0,0.0
ZN-03,Meeting Room A,meeting_room,12,2026-07-23 18:15:00,1,8.3
ZN-03,Meeting Room A,meeting_room,12,2026-07-23 18:30:00,0,0.0
ZN-03,Meeting Room A,meeting_room,12,2026-07-23 18:45:00,0,0.0
ZN-03,Meeting Room A,meeting_room,12,2026-07-23 19:00:00,0,0.0
ZN-03,Meeting Room A,meeting_room,12,2026-07-23 19:15:00,1,8.3
ZN-03,Meeting Room A,meeting_room,12,2026-07-23 19:30:00,0,0.0
ZN-03,Meeting Room A,meeting_room,12,2026-07-23 19:45:00,0,0.0
ZN-03,Meeting Room A,meeting_room,12,2026-07-23 20:00:00,0,0.0
ZN-03,Meeting Room A,meeting_room,12,2026-07-23 20:15:00,6,50.0
ZN-03,Meeting Room A,meeting_room,12,2026-07-23 20:30:00,1,8.3
ZN-03,Meeting Room A,meeting_room,12,2026-07-23 20:45:00,0,0.0
ZN-03,Meeting Room A,meeting_room,12,2026-07-23 21:00:00,0,0.0
ZN-03,Meeting Room A,meeting_room,12,2026-07-23 21:15:00,1,8.3
ZN-03,Meeting Room A,meeting_room,12,2026-07-23 21:30:00,1,8.3
ZN-03,Meeting Room A,meeting_room,12,2026-07-23 21:45:00,0,0.0
ZN-03,Meeting Room A,meeting_room,12,2026-07-23 22:00:00,2,16.7
ZN-03,Meeting Room A,meeting_room,12,2026-07-23 22:15:00,2,16.7
ZN-03,Meeting Room A,meeting_room,12,2026-07-23 22:30:00,0,0.0
ZN-03,Meeting Room A,meeting_room,12,2026-07-23 22:45:00,0,0.0
ZN-03,Meeting Room A,meeting_room,12,2026-07-23 23:00:00,1,8.3
ZN-03,Meeting Room A,meeting_room,12,2026-07-23 23:15:00,0,0.0
ZN-03,Meeting Room A,meeting_room,12,2026-07-23 23:30:00,0,0.0
ZN-03,Meeting Room A,meeting_room,12,2026-07-23 23:45:00,1,8.3
ZN-03,Meeting Room A,meeting_room,12,2026-07-24 00:00:00,0,0.0
ZN-03,Meeting Room A,meeting_room,12,2026-07-24 00:15:00,2,16.7
ZN-03,Meeting Room A,meeting_room,12,2026-07-24 00:30:00,2,16.7
ZN-03,Meeting Room A,meeting_room,12,2026-07-24 00:45:00,0,0.0
ZN-03,Meeting Room A,meeting_room,12,2026-07-24 01:00:00,3,25.0
ZN-03,Meeting Room A,meeting_room,12,2026-07-24 01:15:00,0,0.0
ZN-03,Meeting Room A,meeting_room,12,2026-07-24 01:30:00,2,16.7
ZN-03,Meeting Room A,meeting_room,12,2026-07-24 01:45:00,7,58.3
ZN-03,Meeting Room A,meeting_room,12,2026-07-24 02:00:00,0,0.0
ZN-03,Meeting Room A,meeting_room,12,2026-07-24 02:15:00,0,0.0
ZN-03,Meeting Room A,meeting_room,12,2026-07-24 02:30:00,2,16.7
ZN-03,Meeting Room A,meeting_room,12,2026-07-24 02:45:00,0,0.0
ZN-03,Meeting Room A,meeting_room,12,2026-07-24 03:00:00,0,0.0
ZN-03,Meeting Room A,meeting_room,12,2026-07-24 03:15:00,3,25.0
ZN-03,Meeting Room A,meeting_room,12,2026-07-24 03:30:00,0,0.0
ZN-03,Meeting Room A,meeting_room,12,2026-07-24 03:45:00,0,0.0
ZN-03,Meeting Room A,meeting_room,12,2026-07-24 04:00:00,3,25.0
ZN-03,Meeting Room A,meeting_room,12,2026-07-24 04:15:00,0,0.0
ZN-03,Meeting Room A,meeting_room,12,2026-07-24 04:30:00,0,0.0
ZN-03,Meeting Room A,meeting_room,12,2026-07-24 04:45:00,1,8.3
ZN-03,Meeting Room A,meeting_room,12,2026-07-24 05:00:00,0,0.0
ZN-03,Meeting Room A,meeting_room,12,2026-07-24 05:15:00,0,0.0
ZN-03,Meeting Room A,meeting_room,12,2026-07-24 05:30:00,3,25.0
ZN-03,Meeting Room A,meeting_room,12,2026-07-24 05:45:00,1,8.3
ZN-03,Meeting Room A,meeting_room,12,2026-07-24 06:00:00,11,91.7
ZN-03,Meeting Room A,meeting_room,12,2026-07-24 06:15:00,10,83.3
ZN-03,Meeting Room A,meeting_room,12,2026-07-24 06:30:00,12,100.0
ZN-03,Meeting Room A,meeting_room,12,2026-07-24 06:45:00,12,100.0
ZN-03,Meeting Room A,meeting_room,12,2026-07-24 07:00:00,10,83.3
ZN-03,Meeting Room A,meeting_room,12,2026-07-24 07:15:00,10,83.3
ZN-03,Meeting Room A,meeting_room,12,2026-07-24 07:30:00,12,100.0
ZN-03,Meeting Room A,meeting_room,12,2026-07-24 07:45:00,12,100.0
ZN-03,Meeting Room A,meeting_room,12,2026-07-24 08:00:00,12,100.0
ZN-03,Meeting Room A,meeting_room,12,2026-07-24 08:15:00,12,100.0
ZN-03,Meeting Room A,meeting_room,12,2026-07-24 08:30:00,11,91.7
ZN-03,Meeting Room A,meeting_room,12,2026-07-24 08:45:00,7,58.3
ZN-03,Meeting Room A,meeting_room,12,2026-07-24 09:00:00,10,83.3
ZN-03,Meeting Room A,meeting_room,12,2026-07-24 09:15:00,10,83.3
ZN-03,Meeting Room A,meeting_room,12,2026-07-24 09:30:00,11,91.7
ZN-03,Meeting Room A,meeting_room,12,2026-07-24 09:45:00,4,33.3
ZN-03,Meeting Room A,meeting_room,12,2026-07-24 10:00:00,12,100.0
ZN-03,Meeting Room A,meeting_room,12,2026-07-24 10:15:00,5,41.7
ZN-03,Meeting Room A,meeting_room,12,2026-07-24 10:30:00,5,41.7
ZN-03,Meeting Room A,meeting_room,12,2026-07-24 10:45:00,0,0.0
ZN-03,Meeting Room A,meeting_room,12,2026-07-24 11:00:00,11,91.7
ZN-03,Meeting Room A,meeting_room,12,2026-07-24 11:15:00,7,58.3
ZN-03,Meeting Room A,meeting_room,12,2026-07-24 11:30:00,12,100.0
ZN-03,Meeting Room A,meeting_room,12,2026-07-24 11:45:00,8,66.7
ZN-03,Meeting Room A,meeting_room,12,2026-07-24 12:00:00,12,100.0
ZN-03,Meeting Room A,meeting_room,12,2026-07-24 12:15:00,12,100.0
ZN-03,Meeting Room A,meeting_room,12,2026-07-24 12:30:00,6,50.0
ZN-03,Meeting Room A,meeting_room,12,2026-07-24 12:45:00,6,50.0
ZN-03,Meeting Room A,meeting_room,12,2026-07-24 13:00:00,7,58.3
ZN-03,Meeting Room A,meeting_room,12,2026-07-24 13:15:00,10,83.3
ZN-03,Meeting Room A,meeting_room,12,2026-07-24 13:30:00,11,91.7
ZN-03,Meeting Room A,meeting_room,12,2026-07-24 13:45:00,9,75.0
ZN-03,Meeting Room A,meeting_room,12,2026-07-24 14:00:00,11,91.7
ZN-03,Meeting Room A,meeting_room,12,2026-07-24 14:15:00,12,100.0
ZN-03,Meeting Room A,meeting_room,12,2026-07-24 14:30:00,12,100.0
ZN-03,Meeting Room A,meeting_room,12,2026-07-24 14:45:00,9,75.0
ZN-03,Meeting Room A,meeting_room,12,2026-07-24 15:00:00,10,83.3
ZN-03,Meeting Room A,meeting_room,12,2026-07-24 15:15:00,7,58.3
ZN-03,Meeting Room A,meeting_room,12,2026-07-24 15:30:00,7,58.3
ZN-03,Meeting Room A,meeting_room,12,2026-07-24 15:45:00,2,16.7
ZN-03,Meeting Room A,meeting_room,12,2026-07-24 16:00:00,7,58.3
ZN-03,Meeting Room A,meeting_room,12,2026-07-24 16:15:00,5,41.7
ZN-03,Meeting Room A,meeting_room,12,2026-07-24 16:30:00,1,8.3
ZN-03,Meeting Room A,meeting_room,12,2026-07-24 16:45:00,0,0.0
ZN-03,Meeting Room A,meeting_room,12,2026-07-24 17:00:00,1,8.3
ZN-03,Meeting Room A,meeting_room,12,2026-07-24 17:15:00,0,0.0
ZN-03,Meeting Room A,meeting_room,12,2026-07-24 17:30:00,0,0.0
ZN-03,Meeting Room A,meeting_room,12,2026-07-24 17:45:00,3,25.0
ZN-03,Meeting Room A,meeting_room,12,2026-07-24 18:00:00,0,0.0
ZN-03,Meeting Room A,meeting_room,12,2026-07-24 18:15:00,0,0.0
ZN-03,Meeting Room A,meeting_room,12,2026-07-24 18:30:00,0,0.0
ZN-03,Meeting Room A,meeting_room,12,2026-07-24 18:45:00,0,0.0
ZN-03,Meeting Room A,meeting_room,12,2026-07-24 19:00:00,3,25.0
ZN-03,Meeting Room A,meeting_room,12,2026-07-24 19:15:00,3,25.0
ZN-03,Meeting Room A,meeting_room,12,2026-07-24 19:30:00,0,0.0
ZN-03,Meeting Room A,meeting_room,12,2026-07-24 19:45:00,0,0.0
ZN-03,Meeting Room A,meeting_room,12,2026-07-24 20:00:00,0,0.0
ZN-03,Meeting Room A,meeting_room,12,2026-07-24 20:15:00,2,16.7
ZN-03,Meeting Room A,meeting_room,12,2026-07-24 20:30:00,3,25.0
ZN-03,Meeting Room A,meeting_room,12,2026-07-24 20:45:00,0,0.0
ZN-03,Meeting Room A,meeting_room,12,2026-07-24 21:00:00,0,0.0
ZN-03,Meeting Room A,meeting_room,12,2026-07-24 21:15:00,0,0.0
ZN-03,Meeting Room A,meeting_room,12,2026-07-24 21:30:00,2,16.7
ZN-03,Meeting Room A,meeting_room,12,2026-07-24 21:45:00,1,8.3
ZN-03,Meeting Room A,meeting_room,12,2026-07-24 22:00:00,0,0.0
ZN-03,Meeting Room A,meeting_room,12,2026-07-24 22:15:00,0,0.0
ZN-03,Meeting Room A,meeting_room,12,2026-07-24 22:30:00,0,0.0
ZN-03,Meeting Room A,meeting_room,12,2026-07-24 22:45:00,0,0.0
ZN-03,Meeting Room A,meeting_room,12,2026-07-24 23:00:00,0,0.0
ZN-03,Meeting Room A,meeting_room,12,2026-07-24 23:15:00,0,0.0
ZN-03,Meeting Room A,meeting_room,12,2026-07-24 23:30:00,0,0.0
ZN-03,Meeting Room A,meeting_room,12,2026-07-24 23:45:00,0,0.0
ZN-03,Meeting Room A,meeting_room,12,2026-07-25 00:00:00,0,0.0
ZN-03,Meeting Room A,meeting_room,12,2026-07-25 00:15:00,1,8.3
ZN-03,Meeting Room A,meeting_room,12,2026-07-25 00:30:00,5,41.7
ZN-03,Meeting Room A,meeting_room,12,2026-07-25 00:45:00,0,0.0
ZN-03,Meeting Room A,meeting_room,12,2026-07-25 01:00:00,1,8.3
ZN-03,Meeting Room A,meeting_room,12,2026-07-25 01:15:00,0,0.0
ZN-03,Meeting Room A,meeting_room,12,2026-07-25 01:30:00,0,0.0
ZN-03,Meeting Room A,meeting_room,12,2026-07-25 01:45:00,2,16.7
ZN-03,Meeting Room A,meeting_room,12,2026-07-25 02:00:00,0,0.0
ZN-03,Meeting Room A,meeting_room,12,2026-07-25 02:15:00,1,8.3
ZN-03,Meeting Room A,meeting_room,12,2026-07-25 02:30:00,0,0.0
ZN-03,Meeting Room A,meeting_room,12,2026-07-25 02:45:00,0,0.0
ZN-03,Meeting Room A,meeting_room,12,2026-07-25 03:00:00,0,0.0
ZN-03,Meeting Room A,meeting_room,12,2026-07-25 03:15:00,0,0.0
ZN-03,Meeting Room A,meeting_room,12,2026-07-25 03:30:00,1,8.3
ZN-03,Meeting Room A,meeting_room,12,2026-07-25 03:45:00,0,0.0
ZN-03,Meeting Room A,meeting_room,12,2026-07-25 04:00:00,0,0.0
ZN-03,Meeting Room A,meeting_room,12,2026-07-25 04:15:00,3,25.0
ZN-03,Meeting Room A,meeting_room,12,2026-07-25 04:30:00,1,8.3
ZN-03,Meeting Room A,meeting_room,12,2026-07-25 04:45:00,1,8.3
ZN-03,Meeting Room A,meeting_room,12,2026-07-25 05:00:00,2,16.7
ZN-03,Meeting Room A,meeting_room,12,2026-07-25 05:15:00,0,0.0
ZN-03,Meeting Room A,meeting_room,12,2026-07-25 05:30:00,3,25.0
ZN-03,Meeting Room A,meeting_room,12,2026-07-25 05:45:00,1,8.3
ZN-03,Meeting Room A,meeting_room,12,2026-07-25 06:00:00,0,0.0
ZN-03,Meeting Room A,meeting_room,12,2026-07-25 06:15:00,0,0.0
ZN-03,Meeting Room A,meeting_room,12,2026-07-25 06:30:00,2,16.7
ZN-03,Meeting Room A,meeting_room,12,2026-07-25 06:45:00,6,50.0
ZN-03,Meeting Room A,meeting_room,12,2026-07-25 07:00:00,0,0.0
ZN-03,Meeting Room A,meeting_room,12,2026-07-25 07:15:00,0,0.0
ZN-03,Meeting Room A,meeting_room,12,2026-07-25 07:30:00,1,8.3
ZN-03,Meeting Room A,meeting_room,12,2026-07-25 07:45:00,0,0.0
ZN-03,Meeting Room A,meeting_room,12,2026-07-25 08:00:00,0,0.0
ZN-03,Meeting Room A,meeting_room,12,2026-07-25 08:15:00,0,0.0
ZN-03,Meeting Room A,meeting_room,12,2026-07-25 08:30:00,1,8.3
ZN-03,Meeting Room A,meeting_room,12,2026-07-25 08:45:00,0,0.0
ZN-03,Meeting Room A,meeting_room,12,2026-07-25 09:00:00,0,0.0
ZN-03,Meeting Room A,meeting_room,12,2026-07-25 09:15:00,0,0.0
ZN-03,Meeting Room A,meeting_room,12,2026-07-25 09:30:00,0,0.0
ZN-03,Meeting Room A,meeting_room,12,2026-07-25 09:45:00,0,0.0
ZN-03,Meeting Room A,meeting_room,12,2026-07-25 10:00:00,0,0.0
ZN-03,Meeting Room A,meeting_room,12,2026-07-25 10:15:00,2,16.7
ZN-03,Meeting Room A,meeting_room,12,2026-07-25 10:30:00,0,0.0
ZN-03,Meeting Room A,meeting_room,12,2026-07-25 10:45:00,3,25.0
ZN-03,Meeting Room A,meeting_room,12,2026-07-25 11:00:00,0,0.0
ZN-03,Meeting Room A,meeting_room,12,2026-07-25 11:15:00,1,8.3
ZN-03,Meeting Room A,meeting_room,12,2026-07-25 11:30:00,6,50.0
ZN-03,Meeting Room A,meeting_room,12,2026-07-25 11:45:00,0,0.0
ZN-03,Meeting Room A,meeting_room,12,2026-07-25 12:00:00,3,25.0
ZN-03,Meeting Room A,meeting_room,12,2026-07-25 12:15:00,1,8.3
ZN-03,Meeting Room A,meeting_room,12,2026-07-25 12:30:00,0,0.0
ZN-03,Meeting Room A,meeting_room,12,2026-07-25 12:45:00,3,25.0
ZN-03,Meeting Room A,meeting_room,12,2026-07-25 13:00:00,0,0.0
ZN-03,Meeting Room A,meeting_room,12,2026-07-25 13:15:00,2,16.7
ZN-03,Meeting Room A,meeting_room,12,2026-07-25 13:30:00,0,0.0
ZN-03,Meeting Room A,meeting_room,12,2026-07-25 13:45:00,2,16.7
ZN-03,Meeting Room A,meeting_room,12,2026-07-25 14:00:00,2,16.7
ZN-03,Meeting Room A,meeting_room,12,2026-07-25 14:15:00,1,8.3
ZN-03,Meeting Room A,meeting_room,12,2026-07-25 14:30:00,0,0.0
ZN-03,Meeting Room A,meeting_room,12,2026-07-25 14:45:00,3,25.0
ZN-03,Meeting Room A,meeting_room,12,2026-07-25 15:00:00,0,0.0
ZN-03,Meeting Room A,meeting_room,12,2026-07-25 15:15:00,3,25.0
ZN-03,Meeting Room A,meeting_room,12,2026-07-25 15:30:00,3,25.0
ZN-03,Meeting Room A,meeting_room,12,2026-07-25 15:45:00,0,0.0
ZN-03,Meeting Room A,meeting_room,12,2026-07-25 16:00:00,1,8.3
ZN-03,Meeting Room A,meeting_room,12,2026-07-25 16:15:00,1,8.3
ZN-03,Meeting Room A,meeting_room,12,2026-07-25 16:30:00,4,33.3
ZN-03,Meeting Room A,meeting_room,12,2026-07-25 16:45:00,1,8.3
ZN-03,Meeting Room A,meeting_room,12,2026-07-25 17:00:00,0,0.0
ZN-03,Meeting Room A,meeting_room,12,2026-07-25 17:15:00,0,0.0
ZN-03,Meeting Room A,meeting_room,12,2026-07-25 17:30:00,0,0.0
ZN-03,Meeting Room A,meeting_room,12,2026-07-25 17:45:00,0,0.0
ZN-03,Meeting Room A,meeting_room,12,2026-07-25 18:00:00,4,33.3
ZN-03,Meeting Room A,meeting_room,12,2026-07-25 18:15:00,3,25.0
ZN-03,Meeting Room A,meeting_room,12,2026-07-25 18:30:00,2,16.7
ZN-03,Meeting Room A,meeting_room,12,2026-07-25 18:45:00,0,0.0
ZN-03,Meeting Room A,meeting_room,12,2026-07-25 19:00:00,3,25.0
ZN-03,Meeting Room A,meeting_room,12,2026-07-25 19:15:00,4,33.3
ZN-03,Meeting Room A,meeting_room,12,2026-07-25 19:30:00,0,0.0
ZN-03,Meeting Room A,meeting_room,12,2026-07-25 19:45:00,1,8.3
ZN-03,Meeting Room A,meeting_room,12,2026-07-25 20:00:00,0,0.0
ZN-03,Meeting Room A,meeting_room,12,2026-07-25 20:15:00,1,8.3
ZN-03,Meeting Room A,meeting_room,12,2026-07-25 20:30:00,5,41.7
ZN-03,Meeting Room A,meeting_room,12,2026-07-25 20:45:00,3,25.0
ZN-03,Meeting Room A,meeting_room,12,2026-07-25 21:00:00,3,25.0
ZN-03,Meeting Room A,meeting_room,12,2026-07-25 21:15:00,2,16.7
ZN-03,Meeting Room A,meeting_room,12,2026-07-25 21:30:00,0,0.0
ZN-03,Meeting Room A,meeting_room,12,2026-07-25 21:45:00,0,0.0
ZN-03,Meeting Room A,meeting_room,12,2026-07-25 22:00:00,0,0.0
ZN-03,Meeting Room A,meeting_room,12,2026-07-25 22:15:00,0,0.0
ZN-03,Meeting Room A,meeting_room,12,2026-07-25 22:30:00,0,0.0
ZN-03,Meeting Room A,meeting_room,12,2026-07-25 22:45:00,2,16.7
ZN-03,Meeting Room A,meeting_room,12,2026-07-25 23:00:00,0,0.0
ZN-03,Meeting Room A,meeting_room,12,2026-07-25 23:15:00,2,16.7
ZN-03,Meeting Room A,meeting_room,12,2026-07-25 23:30:00,0,0.0
ZN-03,Meeting Room A,meeting_room,12,2026-07-25 23:45:00,0,0.0
ZN-03,Meeting Room A,meeting_room,12,2026-07-26 00:00:00,0,0.0
ZN-03,Meeting Room A,meeting_room,12,2026-07-26 00:15:00,2,16.7
ZN-03,Meeting Room A,meeting_room,12,2026-07-26 00:30:00,0,0.0
ZN-03,Meeting Room A,meeting_room,12,2026-07-26 00:45:00,0,0.0
ZN-03,Meeting Room A,meeting_room,12,2026-07-26 01:00:00,1,8.3
ZN-03,Meeting Room A,meeting_room,12,2026-07-26 01:15:00,0,0.0
ZN-03,Meeting Room A,meeting_room,12,2026-07-26 01:30:00,3,25.0
ZN-03,Meeting Room A,meeting_room,12,2026-07-26 01:45:00,0,0.0
ZN-03,Meeting Room A,meeting_room,12,2026-07-26 02:00:00,0,0.0
ZN-03,Meeting Room A,meeting_room,12,2026-07-26 02:15:00,3,25.0
ZN-03,Meeting Room A,meeting_room,12,2026-07-26 02:30:00,1,8.3
ZN-03,Meeting Room A,meeting_room,12,2026-07-26 02:45:00,0,0.0
ZN-03,Meeting Room A,meeting_room,12,2026-07-26 03:00:00,3,25.0
ZN-03,Meeting Room A,meeting_room,12,2026-07-26 03:15:00,2,16.7
ZN-03,Meeting Room A,meeting_room,12,2026-07-26 03:30:00,0,0.0
ZN-03,Meeting Room A,meeting_room,12,2026-07-26 03:45:00,4,33.3
ZN-03,Meeting Room A,meeting_room,12,2026-07-26 04:00:00,0,0.0
ZN-03,Meeting Room A,meeting_room,12,2026-07-26 04:15:00,4,33.3
ZN-03,Meeting Room A,meeting_room,12,2026-07-26 04:30:00,3,25.0
ZN-03,Meeting Room A,meeting_room,12,2026-07-26 04:45:00,0,0.0
ZN-03,Meeting Room A,meeting_room,12,2026-07-26 05:00:00,0,0.0
ZN-03,Meeting Room A,meeting_room,12,2026-07-26 05:15:00,2,16.7
ZN-03,Meeting Room A,meeting_room,12,2026-07-26 05:30:00,0,0.0
ZN-03,Meeting Room A,meeting_room,12,2026-07-26 05:45:00,0,0.0
ZN-03,Meeting Room A,meeting_room,12,2026-07-26 06:00:00,4,33.3
ZN-03,Meeting Room A,meeting_room,12,2026-07-26 06:15:00,0,0.0
ZN-03,Meeting Room A,meeting_room,12,2026-07-26 06:30:00,2,16.7
ZN-03,Meeting Room A,meeting_room,12,2026-07-26 06:45:00,2,16.7
ZN-03,Meeting Room A,meeting_room,12,2026-07-26 07:00:00,0,0.0
ZN-03,Meeting Room A,meeting_room,12,2026-07-26 07:15:00,3,25.0
ZN-03,Meeting Room A,meeting_room,12,2026-07-26 07:30:00,0,0.0
ZN-03,Meeting Room A,meeting_room,12,2026-07-26 07:45:00,0,0.0
ZN-03,Meeting Room A,meeting_room,12,2026-07-26 08:00:00,0,0.0
ZN-03,Meeting Room A,meeting_room,12,2026-07-26 08:15:00,0,0.0
ZN-03,Meeting Room A,meeting_room,12,2026-07-26 08:30:00,3,25.0
ZN-03,Meeting Room A,meeting_room,12,2026-07-26 08:45:00,0,0.0
ZN-03,Meeting Room A,meeting_room,12,2026-07-26 09:00:00,0,0.0
ZN-03,Meeting Room A,meeting_room,12,2026-07-26 09:15:00,2,16.7
ZN-03,Meeting Room A,meeting_room,12,2026-07-26 09:30:00,0,0.0
ZN-03,Meeting Room A,meeting_room,12,2026-07-26 09:45:00,0,0.0
ZN-03,Meeting Room A,meeting_room,12,2026-07-26 10:00:00,0,0.0
ZN-03,Meeting Room A,meeting_room,12,2026-07-26 10:15:00,0,0.0
ZN-03,Meeting Room A,meeting_room,12,2026-07-26 10:30:00,0,0.0
ZN-03,Meeting Room A,meeting_room,12,2026-07-26 10:45:00,0,0.0
ZN-03,Meeting Room A,meeting_room,12,2026-07-26 11:00:00,0,0.0
ZN-03,Meeting Room A,meeting_room,12,2026-07-26 11:15:00,1,8.3
ZN-03,Meeting Room A,meeting_room,12,2026-07-26 11:30:00,0,0.0
ZN-03,Meeting Room A,meeting_room,12,2026-07-26 11:45:00,2,16.7
ZN-03,Meeting Room A,meeting_room,12,2026-07-26 12:00:00,0,0.0
ZN-03,Meeting Room A,meeting_room,12,2026-07-26 12:15:00,2,16.7
ZN-03,Meeting Room A,meeting_room,12,2026-07-26 12:30:00,0,0.0
ZN-03,Meeting Room A,meeting_room,12,2026-07-26 12:45:00,0,0.0
ZN-03,Meeting Room A,meeting_room,12,2026-07-26 13:00:00,6,50.0
ZN-03,Meeting Room A,meeting_room,12,2026-07-26 13:15:00,0,0.0
ZN-03,Meeting Room A,meeting_room,12,2026-07-26 13:30:00,4,33.3
ZN-03,Meeting Room A,meeting_room,12,2026-07-26 13:45:00,2,16.7
ZN-03,Meeting Room A,meeting_room,12,2026-07-26 14:00:00,0,0.0
ZN-03,Meeting Room A,meeting_room,12,2026-07-26 14:15:00,0,0.0
ZN-03,Meeting Room A,meeting_room,12,2026-07-26 14:30:00,0,0.0
ZN-03,Meeting Room A,meeting_room,12,2026-07-26 14:45:00,3,25.0
ZN-03,Meeting Room A,meeting_room,12,2026-07-26 15:00:00,0,0.0
ZN-03,Meeting Room A,meeting_room,12,2026-07-26 15:15:00,1,8.3
ZN-03,Meeting Room A,meeting_room,12,2026-07-26 15:30:00,0,0.0
ZN-03,Meeting Room A,meeting_room,12,2026-07-26 15:45:00,0,0.0
ZN-03,Meeting Room A,meeting_room,12,2026-07-26 16:00:00,0,0.0
ZN-03,Meeting Room A,meeting_room,12,2026-07-26 16:15:00,0,0.0
ZN-03,Meeting Room A,meeting_room,12,2026-07-26 16:30:00,2,16.7
ZN-03,Meeting Room A,meeting_room,12,2026-07-26 16:45:00,3,25.0
ZN-03,Meeting Room A,meeting_room,12,2026-07-26 17:00:00,2,16.7
ZN-03,Meeting Room A,meeting_room,12,2026-07-26 17:15:00,0,0.0
ZN-03,Meeting Room A,meeting_room,12,2026-07-26 17:30:00,0,0.0
ZN-03,Meeting Room A,meeting_room,12,2026-07-26 17:45:00,0,0.0
ZN-03,Meeting Room A,meeting_room,12,2026-07-26 18:00:00,2,16.7
ZN-03,Meeting Room A,meeting_room,12,2026-07-26 18:15:00,0,0.0
ZN-03,Meeting Room A,meeting_room,12,2026-07-26 18:30:00,0,0.0
ZN-03,Meeting Room A,meeting_room,12,2026-07-26 18:45:00,1,8.3
ZN-03,Meeting Room A,meeting_room,12,2026-07-26 19:00:00,1,8.3
ZN-03,Meeting Room A,meeting_room,12,2026-07-26 19:15:00,0,0.0
ZN-03,Meeting Room A,meeting_room,12,2026-07-26 19:30:00,2,16.7
ZN-03,Meeting Room A,meeting_room,12,2026-07-26 19:45:00,0,0.0
ZN-03,Meeting Room A,meeting_room,12,2026-07-26 20:00:00,4,33.3
ZN-03,Meeting Room A,meeting_room,12,2026-07-26 20:15:00,0,0.0
ZN-03,Meeting Room A,meeting_room,12,2026-07-26 20:30:00,0,0.0
ZN-03,Meeting Room A,meeting_room,12,2026-07-26 20:45:00,3,25.0
ZN-03,Meeting Room A,meeting_room,12,2026-07-26 21:00:00,0,0.0
ZN-03,Meeting Room A,meeting_room,12,2026-07-26 21:15:00,0,0.0
ZN-03,Meeting Room A,meeting_room,12,2026-07-26 21:30:00,0,0.0
ZN-03,Meeting Room A,meeting_room,12,2026-07-26 21:45:00,4,33.3
ZN-03,Meeting Room A,meeting_room,12,2026-07-26 22:00:00,1,8.3
ZN-03,Meeting Room A,meeting_room,12,2026-07-26 22:15:00,4,33.3
ZN-03,Meeting Room A,meeting_room,12,2026-07-26 22:30:00,0,0.0
ZN-03,Meeting Room A,meeting_room,12,2026-07-26 22:45:00,0,0.0
ZN-03,Meeting Room A,meeting_room,12,2026-07-26 23:00:00,5,41.7
ZN-03,Meeting Room A,meeting_room,12,2026-07-26 23:15:00,4,33.3
ZN-03,Meeting Room A,meeting_room,12,2026-07-26 23:30:00,0,0.0
ZN-03,Meeting Room A,meeting_room,12,2026-07-26 23:45:00,1,8.3
ZN-03,Meeting Room A,meeting_room,12,2026-07-27 00:00:00,0,0.0
ZN-03,Meeting Room A,meeting_room,12,2026-07-27 00:15:00,0,0.0
ZN-03,Meeting Room A,meeting_room,12,2026-07-27 00:30:00,0,0.0
ZN-03,Meeting Room A,meeting_room,12,2026-07-27 00:45:00,0,0.0
ZN-03,Meeting Room A,meeting_room,12,2026-07-27 01:00:00,0,0.0
ZN-03,Meeting Room A,meeting_room,12,2026-07-27 01:15:00,0,0.0
ZN-03,Meeting Room A,meeting_room,12,2026-07-27 01:30:00,2,16.7
ZN-03,Meeting Room A,meeting_room,12,2026-07-27 01:45:00,5,41.7
ZN-03,Meeting Room A,meeting_room,12,2026-07-27 02:00:00,2,16.7
ZN-03,Meeting Room A,meeting_room,12,2026-07-27 02:15:00,0,0.0
ZN-03,Meeting Room A,meeting_room,12,2026-07-27 02:30:00,0,0.0
ZN-03,Meeting Room A,meeting_room,12,2026-07-27 02:45:00,4,33.3
ZN-03,Meeting Room A,meeting_room,12,2026-07-27 03:00:00,0,0.0
ZN-03,Meeting Room A,meeting_room,12,2026-07-27 03:15:00,0,0.0
ZN-03,Meeting Room A,meeting_room,12,2026-07-27 03:30:00,0,0.0
ZN-03,Meeting Room A,meeting_room,12,2026-07-27 03:45:00,4,33.3
ZN-03,Meeting Room A,meeting_room,12,2026-07-27 04:00:00,0,0.0
ZN-03,Meeting Room A,meeting_room,12,2026-07-27 04:15:00,0,0.0
ZN-03,Meeting Room A,meeting_room,12,2026-07-27 04:30:00,4,33.3
ZN-03,Meeting Room A,meeting_room,12,2026-07-27 04:45:00,0,0.0
ZN-03,Meeting Room A,meeting_room,12,2026-07-27 05:00:00,0,0.0
ZN-03,Meeting Room A,meeting_room,12,2026-07-27 05:15:00,0,0.0
ZN-03,Meeting Room A,meeting_room,12,2026-07-27 05:30:00,0,0.0
ZN-03,Meeting Room A,meeting_room,12,2026-07-27 05:45:00,6,50.0
ZN-03,Meeting Room A,meeting_room,12,2026-07-27 06:00:00,8,66.7
ZN-03,Meeting Room A,meeting_room,12,2026-07-27 06:15:00,10,83.3
ZN-03,Meeting Room A,meeting_room,12,2026-07-27 06:30:00,12,100.0
ZN-03,Meeting Room A,meeting_room,12,2026-07-27 06:45:00,12,100.0
ZN-03,Meeting Room A,meeting_room,12,2026-07-27 07:00:00,10,83.3
ZN-03,Meeting Room A,meeting_room,12,2026-07-27 07:15:00,12,100.0
ZN-03,Meeting Room A,meeting_room,12,2026-07-27 07:30:00,12,100.0
ZN-03,Meeting Room A,meeting_room,12,2026-07-27 07:45:00,12,100.0
ZN-03,Meeting Room A,meeting_room,12,2026-07-27 08:00:00,12,100.0
ZN-03,Meeting Room A,meeting_room,12,2026-07-27 08:15:00,7,58.3
ZN-03,Meeting Room A,meeting_room,12,2026-07-27 08:30:00,11,91.7
ZN-03,Meeting Room A,meeting_room,12,2026-07-27 08:45:00,7,58.3
ZN-03,Meeting Room A,meeting_room,12,2026-07-27 09:00:00,11,91.7
ZN-03,Meeting Room A,meeting_room,12,2026-07-27 09:15:00,12,100.0
ZN-03,Meeting Room A,meeting_room,12,2026-07-27 09:30:00,11,91.7
ZN-03,Meeting Room A,meeting_room,12,2026-07-27 09:45:00,10,83.3
ZN-03,Meeting Room A,meeting_room,12,2026-07-27 10:00:00,7,58.3
ZN-03,Meeting Room A,meeting_room,12,2026-07-27 10:15:00,6,50.0
ZN-03,Meeting Room A,meeting_room,12,2026-07-27 10:30:00,5,41.7
ZN-03,Meeting Room A,meeting_room,12,2026-07-27 10:45:00,6,50.0
ZN-03,Meeting Room A,meeting_room,12,2026-07-27 11:00:00,11,91.7
ZN-03,Meeting Room A,meeting_room,12,2026-07-27 11:15:00,12,100.0
ZN-03,Meeting Room A,meeting_room,12,2026-07-27 11:30:00,6,50.0
ZN-03,Meeting Room A,meeting_room,12,2026-07-27 11:45:00,12,100.0
ZN-03,Meeting Room A,meeting_room,12,2026-07-27 12:00:00,4,33.3
ZN-03,Meeting Room A,meeting_room,12,2026-07-27 12:15:00,12,100.0
ZN-03,Meeting Room A,meeting_room,12,2026-07-27 12:30:00,9,75.0
ZN-03,Meeting Room A,meeting_room,12,2026-07-27 12:45:00,6,50.0
ZN-03,Meeting Room A,meeting_room,12,2026-07-27 13:00:00,8,66.7
ZN-03,Meeting Room A,meeting_room,12,2026-07-27 13:15:00,7,58.3
ZN-03,Meeting Room A,meeting_room,12,2026-07-27 13:30:00,11,91.7
ZN-03,Meeting Room A,meeting_room,12,2026-07-27 13:45:00,7,58.3
ZN-03,Meeting Room A,meeting_room,12,2026-07-27 14:00:00,12,100.0
ZN-03,Meeting Room A,meeting_room,12,2026-07-27 14:15:00,12,100.0
ZN-03,Meeting Room A,meeting_room,12,2026-07-27 14:30:00,11,91.7
ZN-03,Meeting Room A,meeting_room,12,2026-07-27 14:45:00,11,91.7
ZN-03,Meeting Room A,meeting_room,12,2026-07-27 15:00:00,12,100.0
ZN-03,Meeting Room A,meeting_room,12,2026-07-27 15:15:00,10,83.3
ZN-03,Meeting Room A,meeting_room,12,2026-07-27 15:30:00,5,41.7
ZN-03,Meeting Room A,meeting_room,12,2026-07-27 15:45:00,6,50.0
ZN-03,Meeting Room A,meeting_room,12,2026-07-27 16:00:00,0,0.0
ZN-03,Meeting Room A,meeting_room,12,2026-07-27 16:15:00,0,0.0
ZN-03,Meeting Room A,meeting_room,12,2026-07-27 16:30:00,0,0.0
ZN-03,Meeting Room A,meeting_room,12,2026-07-27 16:45:00,0,0.0
ZN-03,Meeting Room A,meeting_room,12,2026-07-27 17:00:00,0,0.0
ZN-03,Meeting Room A,meeting_room,12,2026-07-27 17:15:00,0,0.0
ZN-03,Meeting Room A,meeting_room,12,2026-07-27 17:30:00,4,33.3
ZN-03,Meeting Room A,meeting_room,12,2026-07-27 17:45:00,3,25.0
ZN-03,Meeting Room A,meeting_room,12,2026-07-27 18:00:00,0,0.0
ZN-03,Meeting Room A,meeting_room,12,2026-07-27 18:15:00,0,0.0
ZN-03,Meeting Room A,meeting_room,12,2026-07-27 18:30:00,0,0.0
ZN-03,Meeting Room A,meeting_room,12,2026-07-27 18:45:00,2,16.7
ZN-03,Meeting Room A,meeting_room,12,2026-07-27 19:00:00,0,0.0
ZN-03,Meeting Room A,meeting_room,12,2026-07-27 19:15:00,0,0.0
ZN-03,Meeting Room A,meeting_room,12,2026-07-27 19:30:00,1,8.3
ZN-03,Meeting Room A,meeting_room,12,2026-07-27 19:45:00,0,0.0
ZN-03,Meeting Room A,meeting_room,12,2026-07-27 20:00:00,0,0.0
ZN-03,Meeting Room A,meeting_room,12,2026-07-27 20:15:00,0,0.0
ZN-03,Meeting Room A,meeting_room,12,2026-07-27 20:30:00,1,8.3
ZN-03,Meeting Room A,meeting_room,12,2026-07-27 20:45:00,0,0.0
ZN-03,Meeting Room A,meeting_room,12,2026-07-27 21:00:00,0,0.0
ZN-03,Meeting Room A,meeting_room,12,2026-07-27 21:15:00,2,16.7
ZN-03,Meeting Room A,meeting_room,12,2026-07-27 21:30:00,0,0.0
ZN-03,Meeting Room A,meeting_room,12,2026-07-27 21:45:00,3,25.0
ZN-03,Meeting Room A,meeting_room,12,2026-07-27 22:00:00,0,0.0
ZN-03,Meeting Room A,meeting_room,12,2026-07-27 22:15:00,4,33.3
ZN-03,Meeting Room A,meeting_room,12,2026-07-27 22:30:00,1,8.3
ZN-03,Meeting Room A,meeting_room,12,2026-07-27 22:45:00,2,16.7
ZN-03,Meeting Room A,meeting_room,12,2026-07-27 23:00:00,6,50.0
ZN-03,Meeting Room A,meeting_room,12,2026-07-27 23:15:00,2,16.7
ZN-03,Meeting Room A,meeting_room,12,2026-07-27 23:30:00,0,0.0
ZN-03,Meeting Room A,meeting_room,12,2026-07-27 23:45:00,1,8.3
ZN-03,Meeting Room A,meeting_room,12,2026-07-28 00:00:00,1,8.3
ZN-03,Meeting Room A,meeting_room,12,2026-07-28 00:15:00,2,16.7
ZN-03,Meeting Room A,meeting_room,12,2026-07-28 00:30:00,0,0.0
ZN-03,Meeting Room A,meeting_room,12,2026-07-28 00:45:00,2,16.7
ZN-03,Meeting Room A,meeting_room,12,2026-07-28 01:00:00,4,33.3
ZN-03,Meeting Room A,meeting_room,12,2026-07-28 01:15:00,0,0.0
ZN-03,Meeting Room A,meeting_room,12,2026-07-28 01:30:00,2,16.7
ZN-03,Meeting Room A,meeting_room,12,2026-07-28 01:45:00,0,0.0
ZN-03,Meeting Room A,meeting_room,12,2026-07-28 02:00:00,2,16.7
ZN-03,Meeting Room A,meeting_room,12,2026-07-28 02:15:00,0,0.0
ZN-03,Meeting Room A,meeting_room,12,2026-07-28 02:30:00,4,33.3
ZN-03,Meeting Room A,meeting_room,12,2026-07-28 02:45:00,1,8.3
ZN-03,Meeting Room A,meeting_room,12,2026-07-28 03:00:00,0,0.0
ZN-03,Meeting Room A,meeting_room,12,2026-07-28 03:15:00,0,0.0
ZN-03,Meeting Room A,meeting_room,12,2026-07-28 03:30:00,0,0.0
ZN-03,Meeting Room A,meeting_room,12,2026-07-28 03:45:00,3,25.0
ZN-03,Meeting Room A,meeting_room,12,2026-07-28 04:00:00,2,16.7
ZN-03,Meeting Room A,meeting_room,12,2026-07-28 04:15:00,4,33.3
ZN-03,Meeting Room A,meeting_room,12,2026-07-28 04:30:00,0,0.0
ZN-03,Meeting Room A,meeting_room,12,2026-07-28 04:45:00,0,0.0
ZN-03,Meeting Room A,meeting_room,12,2026-07-28 05:00:00,2,16.7
ZN-03,Meeting Room A,meeting_room,12,2026-07-28 05:15:00,7,58.3
ZN-03,Meeting Room A,meeting_room,12,2026-07-28 05:30:00,1,8.3
ZN-03,Meeting Room A,meeting_room,12,2026-07-28 05:45:00,8,66.7
ZN-03,Meeting Room A,meeting_room,12,2026-07-28 06:00:00,12,100.0
ZN-03,Meeting Room A,meeting_room,12,2026-07-28 06:15:00,7,58.3
ZN-03,Meeting Room A,meeting_room,12,2026-07-28 06:30:00,11,91.7
ZN-03,Meeting Room A,meeting_room,12,2026-07-28 06:45:00,12,100.0
ZN-03,Meeting Room A,meeting_room,12,2026-07-28 07:00:00,12,100.0
ZN-03,Meeting Room A,meeting_room,12,2026-07-28 07:15:00,12,100.0
ZN-03,Meeting Room A,meeting_room,12,2026-07-28 07:30:00,12,100.0
ZN-03,Meeting Room A,meeting_room,12,2026-07-28 07:45:00,8,66.7
ZN-03,Meeting Room A,meeting_room,12,2026-07-28 08:00:00,8,66.7
ZN-03,Meeting Room A,meeting_room,12,2026-07-28 08:15:00,9,75.0
ZN-03,Meeting Room A,meeting_room,12,2026-07-28 08:30:00,2,16.7
ZN-03,Meeting Room A,meeting_room,12,2026-07-28 08:45:00,5,41.7
ZN-03,Meeting Room A,meeting_room,12,2026-07-28 09:00:00,11,91.7
ZN-03,Meeting Room A,meeting_room,12,2026-07-28 09:15:00,9,75.0
ZN-03,Meeting Room A,meeting_room,12,2026-07-28 09:30:00,6,50.0
ZN-03,Meeting Room A,meeting_room,12,2026-07-28 09:45:00,8,66.7
ZN-03,Meeting Room A,meeting_room,12,2026-07-28 10:00:00,8,66.7
ZN-03,Meeting Room A,meeting_room,12,2026-07-28 10:15:00,5,41.7
ZN-03,Meeting Room A,meeting_room,12,2026-07-28 10:30:00,6,50.0
ZN-03,Meeting Room A,meeting_room,12,2026-07-28 10:45:00,4,33.3
ZN-03,Meeting Room A,meeting_room,12,2026-07-28 11:00:00,4,33.3
ZN-03,Meeting Room A,meeting_room,12,2026-07-28 11:15:00,12,100.0
ZN-03,Meeting Room A,meeting_room,12,2026-07-28 11:30:00,12,100.0
ZN-03,Meeting Room A,meeting_room,12,2026-07-28 11:45:00,12,100.0
ZN-03,Meeting Room A,meeting_room,12,2026-07-28 12:00:00,10,83.3
ZN-03,Meeting Room A,meeting_room,12,2026-07-28 12:15:00,9,75.0
ZN-03,Meeting Room A,meeting_room,12,2026-07-28 12:30:00,12,100.0
ZN-03,Meeting Room A,meeting_room,12,2026-07-28 12:45:00,11,91.7
ZN-03,Meeting Room A,meeting_room,12,2026-07-28 13:00:00,9,75.0
ZN-03,Meeting Room A,meeting_room,12,2026-07-28 13:15:00,11,91.7
ZN-03,Meeting Room A,meeting_room,12,2026-07-28 13:30:00,8,66.7
ZN-03,Meeting Room A,meeting_room,12,2026-07-28 13:45:00,12,100.0
ZN-03,Meeting Room A,meeting_room,12,2026-07-28 14:00:00,8,66.7
ZN-03,Meeting Room A,meeting_room,12,2026-07-28 14:15:00,12,100.0
ZN-03,Meeting Room A,meeting_room,12,2026-07-28 14:30:00,12,100.0
ZN-03,Meeting Room A,meeting_room,12,2026-07-28 14:45:00,9,75.0
ZN-03,Meeting Room A,meeting_room,12,2026-07-28 15:00:00,8,66.7
ZN-03,Meeting Room A,meeting_room,12,2026-07-28 15:15:00,5,41.7
ZN-03,Meeting Room A,meeting_room,12,2026-07-28 15:30:00,6,50.0
ZN-03,Meeting Room A,meeting_room,12,2026-07-28 15:45:00,1,8.3
ZN-03,Meeting Room A,meeting_room,12,2026-07-28 16:00:00,1,8.3
ZN-03,Meeting Room A,meeting_room,12,2026-07-28 16:15:00,0,0.0
ZN-03,Meeting Room A,meeting_room,12,2026-07-28 16:30:00,0,0.0
ZN-03,Meeting Room A,meeting_room,12,2026-07-28 16:45:00,0,0.0
ZN-03,Meeting Room A,meeting_room,12,2026-07-28 17:00:00,2,16.7
ZN-03,Meeting Room A,meeting_room,12,2026-07-28 17:15:00,2,16.7
ZN-03,Meeting Room A,meeting_room,12,2026-07-28 17:30:00,4,33.3
ZN-03,Meeting Room A,meeting_room,12,2026-07-28 17:45:00,1,8.3
ZN-03,Meeting Room A,meeting_room,12,2026-07-28 18:00:00,0,0.0
ZN-03,Meeting Room A,meeting_room,12,2026-07-28 18:15:00,0,0.0
ZN-03,Meeting Room A,meeting_room,12,2026-07-28 18:30:00,0,0.0
ZN-03,Meeting Room A,meeting_room,12,2026-07-28 18:45:00,0,0.0
ZN-03,Meeting Room A,meeting_room,12,2026-07-28 19:00:00,0,0.0
ZN-03,Meeting Room A,meeting_room,12,2026-07-28 19:15:00,1,8.3
ZN-03,Meeting Room A,meeting_room,12,2026-07-28 19:30:00,0,0.0
ZN-03,Meeting Room A,meeting_room,12,2026-07-28 19:45:00,0,0.0
ZN-03,Meeting Room A,meeting_room,12,2026-07-28 20:00:00,0,0.0
ZN-03,Meeting Room A,meeting_room,12,2026-07-28 20:15:00,4,33.3
ZN-03,Meeting Room A,meeting_room,12,2026-07-28 20:30:00,0,0.0
ZN-03,Meeting Room A,meeting_room,12,2026-07-28 20:45:00,2,16.7
ZN-03,Meeting Room A,meeting_room,12,2026-07-28 21:00:00,9,75.0
ZN-03,Meeting Room A,meeting_room,12,2026-07-28 21:15:00,0,0.0
ZN-03,Meeting Room A,meeting_room,12,2026-07-28 21:30:00,3,25.0
ZN-03,Meeting Room A,meeting_room,12,2026-07-28 21:45:00,2,16.7
ZN-03,Meeting Room A,meeting_room,12,2026-07-28 22:00:00,0,0.0
ZN-03,Meeting Room A,meeting_room,12,2026-07-28 22:15:00,0,0.0
ZN-03,Meeting Room A,meeting_room,12,2026-07-28 22:30:00,0,0.0
ZN-03,Meeting Room A,meeting_room,12,2026-07-28 22:45:00,0,0.0
ZN-03,Meeting Room A,meeting_room,12,2026-07-28 23:00:00,3,25.0
ZN-03,Meeting Room A,meeting_room,12,2026-07-28 23:15:00,0,0.0
ZN-03,Meeting Room A,meeting_room,12,2026-07-28 23:30:00,0,0.0
ZN-03,Meeting Room A,meeting_room,12,2026-07-28 23:45:00,4,33.3
ZN-03,Meeting Room A,meeting_room,12,2026-07-29 00:00:00,1,8.3
ZN-03,Meeting Room A,meeting_room,12,2026-07-29 00:15:00,0,0.0
ZN-03,Meeting Room A,meeting_room,12,2026-07-29 00:30:00,0,0.0
ZN-03,Meeting Room A,meeting_room,12,2026-07-29 00:45:00,1,8.3
ZN-03,Meeting Room A,meeting_room,12,2026-07-29 01:00:00,0,0.0
ZN-03,Meeting Room A,meeting_room,12,2026-07-29 01:15:00,1,8.3
ZN-03,Meeting Room A,meeting_room,12,2026-07-29 01:30:00,3,25.0
ZN-03,Meeting Room A,meeting_room,12,2026-07-29 01:45:00,0,0.0
ZN-03,Meeting Room A,meeting_room,12,2026-07-29 02:00:00,1,8.3
ZN-03,Meeting Room A,meeting_room,12,2026-07-29 02:15:00,1,8.3
ZN-03,Meeting Room A,meeting_room,12,2026-07-29 02:30:00,0,0.0
ZN-03,Meeting Room A,meeting_room,12,2026-07-29 02:45:00,0,0.0
ZN-03,Meeting Room A,meeting_room,12,2026-07-29 03:00:00,3,25.0
ZN-03,Meeting Room A,meeting_room,12,2026-07-29 03:15:00,0,0.0
ZN-03,Meeting Room A,meeting_room,12,2026-07-29 03:30:00,0,0.0
ZN-03,Meeting Room A,meeting_room,12,2026-07-29 03:45:00,0,0.0
ZN-03,Meeting Room A,meeting_room,12,2026-07-29 04:00:00,0,0.0
ZN-03,Meeting Room A,meeting_room,12,2026-07-29 04:15:00,1,8.3
ZN-03,Meeting Room A,meeting_room,12,2026-07-29 04:30:00,0,0.0
ZN-03,Meeting Room A,meeting_room,12,2026-07-29 04:45:00,0,0.0
ZN-03,Meeting Room A,meeting_room,12,2026-07-29 05:00:00,5,41.7
ZN-03,Meeting Room A,meeting_room,12,2026-07-29 05:15:00,3,25.0
ZN-03,Meeting Room A,meeting_room,12,2026-07-29 05:30:00,0,0.0
ZN-03,Meeting Room A,meeting_room,12,2026-07-29 05:45:00,7,58.3
ZN-03,Meeting Room A,meeting_room,12,2026-07-29 06:00:00,10,83.3
ZN-03,Meeting Room A,meeting_room,12,2026-07-29 06:15:00,12,100.0
ZN-03,Meeting Room A,meeting_room,12,2026-07-29 06:30:00,10,83.3
ZN-03,Meeting Room A,meeting_room,12,2026-07-29 06:45:00,12,100.0
ZN-03,Meeting Room A,meeting_room,12,2026-07-29 07:00:00,12,100.0
ZN-03,Meeting Room A,meeting_room,12,2026-07-29 07:15:00,12,100.0
ZN-03,Meeting Room A,meeting_room,12,2026-07-29 07:30:00,11,91.7
ZN-03,Meeting Room A,meeting_room,12,2026-07-29 07:45:00,12,100.0
ZN-03,Meeting Room A,meeting_room,12,2026-07-29 08:00:00,10,83.3
ZN-03,Meeting Room A,meeting_room,12,2026-07-29 08:15:00,12,100.0
ZN-03,Meeting Room A,meeting_room,12,2026-07-29 08:30:00,10,83.3
ZN-03,Meeting Room A,meeting_room,12,2026-07-29 08:45:00,9,75.0
ZN-03,Meeting Room A,meeting_room,12,2026-07-29 09:00:00,12,100.0
ZN-03,Meeting Room A,meeting_room,12,2026-07-29 09:15:00,6,50.0
ZN-03,Meeting Room A,meeting_room,12,2026-07-29 09:30:00,9,75.0
ZN-03,Meeting Room A,meeting_room,12,2026-07-29 09:45:00,11,91.7
ZN-03,Meeting Room A,meeting_room,12,2026-07-29 10:00:00,5,41.7
ZN-03,Meeting Room A,meeting_room,12,2026-07-29 10:15:00,5,41.7
ZN-03,Meeting Room A,meeting_room,12,2026-07-29 10:30:00,3,25.0
ZN-03,Meeting Room A,meeting_room,12,2026-07-29 10:45:00,5,41.7
ZN-03,Meeting Room A,meeting_room,12,2026-07-29 11:00:00,12,100.0
ZN-03,Meeting Room A,meeting_room,12,2026-07-29 11:15:00,12,100.0
ZN-03,Meeting Room A,meeting_room,12,2026-07-29 11:30:00,10,83.3
ZN-03,Meeting Room A,meeting_room,12,2026-07-29 11:45:00,5,41.7
ZN-03,Meeting Room A,meeting_room,12,2026-07-29 12:00:00,9,75.0
ZN-03,Meeting Room A,meeting_room,12,2026-07-29 12:15:00,9,75.0
ZN-03,Meeting Room A,meeting_room,12,2026-07-29 12:30:00,8,66.7
ZN-03,Meeting Room A,meeting_room,12,2026-07-29 12:45:00,10,83.3
ZN-03,Meeting Room A,meeting_room,12,2026-07-29 13:00:00,6,50.0
ZN-03,Meeting Room A,meeting_room,12,2026-07-29 13:15:00,12,100.0
ZN-03,Meeting Room A,meeting_room,12,2026-07-29 13:30:00,10,83.3
ZN-03,Meeting Room A,meeting_room,12,2026-07-29 13:45:00,8,66.7
ZN-03,Meeting Room A,meeting_room,12,2026-07-29 14:00:00,12,100.0
ZN-03,Meeting Room A,meeting_room,12,2026-07-29 14:15:00,12,100.0
ZN-03,Meeting Room A,meeting_room,12,2026-07-29 14:30:00,12,100.0
ZN-03,Meeting Room A,meeting_room,12,2026-07-29 14:45:00,11,91.7
ZN-03,Meeting Room A,meeting_room,12,2026-07-29 15:00:00,12,100.0
ZN-03,Meeting Room A,meeting_room,12,2026-07-29 15:15:00,6,50.0
ZN-03,Meeting Room A,meeting_room,12,2026-07-29 15:30:00,4,33.3
ZN-03,Meeting Room A,meeting_room,12,2026-07-29 15:45:00,5,41.7
ZN-03,Meeting Room A,meeting_room,12,2026-07-29 16:00:00,3,25.0
ZN-03,Meeting Room A,meeting_room,12,2026-07-29 16:15:00,0,0.0
ZN-03,Meeting Room A,meeting_room,12,2026-07-29 16:30:00,0,0.0
ZN-03,Meeting Room A,meeting_room,12,2026-07-29 16:45:00,2,16.7
ZN-03,Meeting Room A,meeting_room,12,2026-07-29 17:00:00,2,16.7
ZN-03,Meeting Room A,meeting_room,12,2026-07-29 17:15:00,0,0.0
ZN-03,Meeting Room A,meeting_room,12,2026-07-29 17:30:00,0,0.0
ZN-03,Meeting Room A,meeting_room,12,2026-07-29 17:45:00,0,0.0
ZN-03,Meeting Room A,meeting_room,12,2026-07-29 18:00:00,2,16.7
ZN-03,Meeting Room A,meeting_room,12,2026-07-29 18:15:00,2,16.7
ZN-03,Meeting Room A,meeting_room,12,2026-07-29 18:30:00,0,0.0
ZN-03,Meeting Room A,meeting_room,12,2026-07-29 18:45:00,2,16.7
ZN-03,Meeting Room A,meeting_room,12,2026-07-29 19:00:00,2,16.7
ZN-03,Meeting Room A,meeting_room,12,2026-07-29 19:15:00,2,16.7
ZN-03,Meeting Room A,meeting_room,12,2026-07-29 19:30:00,4,33.3
ZN-03,Meeting Room A,meeting_room,12,2026-07-29 19:45:00,0,0.0
ZN-03,Meeting Room A,meeting_room,12,2026-07-29 20:00:00,0,0.0
ZN-03,Meeting Room A,meeting_room,12,2026-07-29 20:15:00,0,0.0
ZN-03,Meeting Room A,meeting_room,12,2026-07-29 20:30:00,4,33.3
ZN-03,Meeting Room A,meeting_room,12,2026-07-29 20:45:00,0,0.0
ZN-03,Meeting Room A,meeting_room,12,2026-07-29 21:00:00,4,33.3
ZN-03,Meeting Room A,meeting_room,12,2026-07-29 21:15:00,0,0.0
ZN-03,Meeting Room A,meeting_room,12,2026-07-29 21:30:00,0,0.0
ZN-03,Meeting Room A,meeting_room,12,2026-07-29 21:45:00,0,0.0
ZN-03,Meeting Room A,meeting_room,12,2026-07-29 22:00:00,3,25.0
ZN-03,Meeting Room A,meeting_room,12,2026-07-29 22:15:00,0,0.0
ZN-03,Meeting Room A,meeting_room,12,2026-07-29 22:30:00,0,0.0
ZN-03,Meeting Room A,meeting_room,12,2026-07-29 22:45:00,2,16.7
ZN-03,Meeting Room A,meeting_room,12,2026-07-29 23:00:00,0,0.0
ZN-03,Meeting Room A,meeting_room,12,2026-07-29 23:15:00,0,0.0
ZN-03,Meeting Room A,meeting_room,12,2026-07-29 23:30:00,0,0.0
ZN-03,Meeting Room A,meeting_room,12,2026-07-29 23:45:00,0,0.0
ZN-03,Meeting Room A,meeting_room,12,2026-07-30 00:00:00,5,41.7
ZN-03,Meeting Room A,meeting_room,12,2026-07-30 00:15:00,0,0.0
ZN-03,Meeting Room A,meeting_room,12,2026-07-30 00:30:00,1,8.3
ZN-03,Meeting Room A,meeting_room,12,2026-07-30 00:45:00,3,25.0
ZN-03,Meeting Room A,meeting_room,12,2026-07-30 01:00:00,0,0.0
ZN-03,Meeting Room A,meeting_room,12,2026-07-30 01:15:00,1,8.3
ZN-03,Meeting Room A,meeting_room,12,2026-07-30 01:30:00,0,0.0
ZN-03,Meeting Room A,meeting_room,12,2026-07-30 01:45:00,2,16.7
ZN-03,Meeting Room A,meeting_room,12,2026-07-30 02:00:00,2,16.7
ZN-03,Meeting Room A,meeting_room,12,2026-07-30 02:15:00,0,0.0
ZN-03,Meeting Room A,meeting_room,12,2026-07-30 02:30:00,1,8.3
ZN-03,Meeting Room A,meeting_room,12,2026-07-30 02:45:00,0,0.0
ZN-03,Meeting Room A,meeting_room,12,2026-07-30 03:00:00,2,16.7
ZN-03,Meeting Room A,meeting_room,12,2026-07-30 03:15:00,3,25.0
ZN-03,Meeting Room A,meeting_room,12,2026-07-30 03:30:00,0,0.0
ZN-03,Meeting Room A,meeting_room,12,2026-07-30 03:45:00,0,0.0
ZN-03,Meeting Room A,meeting_room,12,2026-07-30 04:00:00,0,0.0
ZN-03,Meeting Room A,meeting_room,12,2026-07-30 04:15:00,3,25.0
ZN-03,Meeting Room A,meeting_room,12,2026-07-30 04:30:00,2,16.7
ZN-03,Meeting Room A,meeting_room,12,2026-07-30 04:45:00,1,8.3
ZN-03,Meeting Room A,meeting_room,12,2026-07-30 05:00:00,0,0.0
ZN-03,Meeting Room A,meeting_room,12,2026-07-30 05:15:00,0,0.0
ZN-03,Meeting Room A,meeting_room,12,2026-07-30 05:30:00,2,16.7
ZN-03,Meeting Room A,meeting_room,12,2026-07-30 05:45:00,7,58.3
ZN-03,Meeting Room A,meeting_room,12,2026-07-30 06:00:00,12,100.0
ZN-03,Meeting Room A,meeting_room,12,2026-07-30 06:15:00,12,100.0
ZN-03,Meeting Room A,meeting_room,12,2026-07-30 06:30:00,12,100.0
ZN-03,Meeting Room A,meeting_room,12,2026-07-30 06:45:00,12,100.0
ZN-03,Meeting Room A,meeting_room,12,2026-07-30 07:00:00,7,58.3
ZN-03,Meeting Room A,meeting_room,12,2026-07-30 07:15:00,11,91.7
ZN-03,Meeting Room A,meeting_room,12,2026-07-30 07:30:00,12,100.0
ZN-03,Meeting Room A,meeting_room,12,2026-07-30 07:45:00,12,100.0
ZN-03,Meeting Room A,meeting_room,12,2026-07-30 08:00:00,11,91.7
ZN-03,Meeting Room A,meeting_room,12,2026-07-30 08:15:00,12,100.0
ZN-03,Meeting Room A,meeting_room,12,2026-07-30 08:30:00,12,100.0
ZN-03,Meeting Room A,meeting_room,12,2026-07-30 08:45:00,11,91.7
ZN-03,Meeting Room A,meeting_room,12,2026-07-30 09:00:00,12,100.0
ZN-03,Meeting Room A,meeting_room,12,2026-07-30 09:15:00,9,75.0
ZN-03,Meeting Room A,meeting_room,12,2026-07-30 09:30:00,9,75.0
ZN-03,Meeting Room A,meeting_room,12,2026-07-30 09:45:00,7,58.3
ZN-03,Meeting Room A,meeting_room,12,2026-07-30 10:00:00,8,66.7
ZN-03,Meeting Room A,meeting_room,12,2026-07-30 10:15:00,3,25.0
ZN-03,Meeting Room A,meeting_room,12,2026-07-30 10:30:00,4,33.3
ZN-03,Meeting Room A,meeting_room,12,2026-07-30 10:45:00,6,50.0
ZN-03,Meeting Room A,meeting_room,12,2026-07-30 11:00:00,10,83.3
ZN-03,Meeting Room A,meeting_room,12,2026-07-30 11:15:00,7,58.3
ZN-03,Meeting Room A,meeting_room,12,2026-07-30 11:30:00,9,75.0
ZN-03,Meeting Room A,meeting_room,12,2026-07-30 11:45:00,11,91.7
ZN-03,Meeting Room A,meeting_room,12,2026-07-30 12:00:00,6,50.0
ZN-03,Meeting Room A,meeting_room,12,2026-07-30 12:15:00,9,75.0
ZN-03,Meeting Room A,meeting_room,12,2026-07-30 12:30:00,12,100.0
ZN-03,Meeting Room A,meeting_room,12,2026-07-30 12:45:00,9,75.0
ZN-03,Meeting Room A,meeting_room,12,2026-07-30 13:00:00,8,66.7
ZN-03,Meeting Room A,meeting_room,12,2026-07-30 13:15:00,7,58.3
ZN-03,Meeting Room A,meeting_room,12,2026-07-30 13:30:00,12,100.0
ZN-03,Meeting Room A,meeting_room,12,2026-07-30 13:45:00,11,91.7
ZN-03,Meeting Room A,meeting_room,12,2026-07-30 14:00:00,12,100.0
ZN-03,Meeting Room A,meeting_room,12,2026-07-30 14:15:00,12,100.0
ZN-03,Meeting Room A,meeting_room,12,2026-07-30 14:30:00,11,91.7
ZN-03,Meeting Room A,meeting_room,12,2026-07-30 14:45:00,12,100.0
ZN-03,Meeting Room A,meeting_room,12,2026-07-30 15:00:00,11,91.7
ZN-03,Meeting Room A,meeting_room,12,2026-07-30 15:15:00,5,41.7
ZN-03,Meeting Room A,meeting_room,12,2026-07-30 15:30:00,2,16.7
ZN-03,Meeting Room A,meeting_room,12,2026-07-30 15:45:00,10,83.3
ZN-03,Meeting Room A,meeting_room,12,2026-07-30 16:00:00,8,66.7
ZN-03,Meeting Room A,meeting_room,12,2026-07-30 16:15:00,2,16.7
ZN-03,Meeting Room A,meeting_room,12,2026-07-30 16:30:00,7,58.3
ZN-03,Meeting Room A,meeting_room,12,2026-07-30 16:45:00,0,0.0
ZN-03,Meeting Room A,meeting_room,12,2026-07-30 17:00:00,0,0.0
ZN-03,Meeting Room A,meeting_room,12,2026-07-30 17:15:00,0,0.0
ZN-03,Meeting Room A,meeting_room,12,2026-07-30 17:30:00,1,8.3
ZN-03,Meeting Room A,meeting_room,12,2026-07-30 17:45:00,1,8.3
ZN-03,Meeting Room A,meeting_room,12,2026-07-30 18:00:00,0,0.0
ZN-03,Meeting Room A,meeting_room,12,2026-07-30 18:15:00,0,0.0
ZN-03,Meeting Room A,meeting_room,12,2026-07-30 18:30:00,0,0.0
ZN-03,Meeting Room A,meeting_room,12,2026-07-30 18:45:00,0,0.0
ZN-03,Meeting Room A,meeting_room,12,2026-07-30 19:00:00,0,0.0
ZN-03,Meeting Room A,meeting_room,12,2026-07-30 19:15:00,3,25.0
ZN-03,Meeting Room A,meeting_room,12,2026-07-30 19:30:00,0,0.0
ZN-03,Meeting Room A,meeting_room,12,2026-07-30 19:45:00,1,8.3
ZN-03,Meeting Room A,meeting_room,12,2026-07-30 20:00:00,4,33.3
ZN-03,Meeting Room A,meeting_room,12,2026-07-30 20:15:00,3,25.0
ZN-03,Meeting Room A,meeting_room,12,2026-07-30 20:30:00,1,8.3
ZN-03,Meeting Room A,meeting_room,12,2026-07-30 20:45:00,2,16.7
ZN-03,Meeting Room A,meeting_room,12,2026-07-30 21:00:00,0,0.0
ZN-03,Meeting Room A,meeting_room,12,2026-07-30 21:15:00,0,0.0
ZN-03,Meeting Room A,meeting_room,12,2026-07-30 21:30:00,5,41.7
ZN-03,Meeting Room A,meeting_room,12,2026-07-30 21:45:00,5,41.7
ZN-03,Meeting Room A,meeting_room,12,2026-07-30 22:00:00,2,16.7
ZN-03,Meeting Room A,meeting_room,12,2026-07-30 22:15:00,4,33.3
ZN-03,Meeting Room A,meeting_room,12,2026-07-30 22:30:00,1,8.3
ZN-03,Meeting Room A,meeting_room,12,2026-07-30 22:45:00,1,8.3
ZN-03,Meeting Room A,meeting_room,12,2026-07-30 23:00:00,0,0.0
ZN-03,Meeting Room A,meeting_room,12,2026-07-30 23:15:00,0,0.0
ZN-03,Meeting Room A,meeting_room,12,2026-07-30 23:30:00,0,0.0
ZN-03,Meeting Room A,meeting_room,12,2026-07-30 23:45:00,0,0.0
ZN-03,Meeting Room A,meeting_room,12,2026-07-31 00:00:00,0,0.0
ZN-03,Meeting Room A,meeting_room,12,2026-07-31 00:15:00,0,0.0
ZN-03,Meeting Room A,meeting_room,12,2026-07-31 00:30:00,4,33.3
ZN-03,Meeting Room A,meeting_room,12,2026-07-31 00:45:00,0,0.0
ZN-03,Meeting Room A,meeting_room,12,2026-07-31 01:00:00,0,0.0
ZN-03,Meeting Room A,meeting_room,12,2026-07-31 01:15:00,2,16.7
ZN-03,Meeting Room A,meeting_room,12,2026-07-31 01:30:00,0,0.0
ZN-03,Meeting Room A,meeting_room,12,2026-07-31 01:45:00,0,0.0
ZN-03,Meeting Room A,meeting_room,12,2026-07-31 02:00:00,0,0.0
ZN-03,Meeting Room A,meeting_room,12,2026-07-31 02:15:00,2,16.7
ZN-03,Meeting Room A,meeting_room,12,2026-07-31 02:30:00,0,0.0
ZN-03,Meeting Room A,meeting_room,12,2026-07-31 02:45:00,0,0.0
ZN-03,Meeting Room A,meeting_room,12,2026-07-31 03:00:00,0,0.0
ZN-03,Meeting Room A,meeting_room,12,2026-07-31 03:15:00,0,0.0
ZN-03,Meeting Room A,meeting_room,12,2026-07-31 03:30:00,0,0.0
ZN-03,Meeting Room A,meeting_room,12,2026-07-31 03:45:00,0,0.0
ZN-03,Meeting Room A,meeting_room,12,2026-07-31 04:00:00,1,8.3
ZN-03,Meeting Room A,meeting_room,12,2026-07-31 04:15:00,0,0.0
ZN-03,Meeting Room A,meeting_room,12,2026-07-31 04:30:00,2,16.7
ZN-03,Meeting Room A,meeting_room,12,2026-07-31 04:45:00,3,25.0
ZN-03,Meeting Room A,meeting_room,12,2026-07-31 05:00:00,0,0.0
ZN-03,Meeting Room A,meeting_room,12,2026-07-31 05:15:00,0,0.0
ZN-03,Meeting Room A,meeting_room,12,2026-07-31 05:30:00,0,0.0
ZN-03,Meeting Room A,meeting_room,12,2026-07-31 05:45:00,4,33.3
ZN-03,Meeting Room A,meeting_room,12,2026-07-31 06:00:00,11,91.7
ZN-03,Meeting Room A,meeting_room,12,2026-07-31 06:15:00,9,75.0
ZN-03,Meeting Room A,meeting_room,12,2026-07-31 06:30:00,10,83.3
ZN-03,Meeting Room A,meeting_room,12,2026-07-31 06:45:00,9,75.0
ZN-03,Meeting Room A,meeting_room,12,2026-07-31 07:00:00,12,100.0
ZN-03,Meeting Room A,meeting_room,12,2026-07-31 07:15:00,12,100.0
ZN-03,Meeting Room A,meeting_room,12,2026-07-31 07:30:00,12,100.0
ZN-03,Meeting Room A,meeting_room,12,2026-07-31 07:45:00,11,91.7
ZN-03,Meeting Room A,meeting_room,12,2026-07-31 08:00:00,10,83.3
ZN-03,Meeting Room A,meeting_room,12,2026-07-31 08:15:00,7,58.3
ZN-03,Meeting Room A,meeting_room,12,2026-07-31 08:30:00,11,91.7
ZN-03,Meeting Room A,meeting_room,12,2026-07-31 08:45:00,12,100.0
ZN-03,Meeting Room A,meeting_room,12,2026-07-31 09:00:00,12,100.0
ZN-03,Meeting Room A,meeting_room,12,2026-07-31 09:15:00,11,91.7
ZN-03,Meeting Room A,meeting_room,12,2026-07-31 09:30:00,12,100.0
ZN-03,Meeting Room A,meeting_room,12,2026-07-31 09:45:00,9,75.0
ZN-03,Meeting Room A,meeting_room,12,2026-07-31 10:00:00,6,50.0
ZN-03,Meeting Room A,meeting_room,12,2026-07-31 10:15:00,6,50.0
ZN-03,Meeting Room A,meeting_room,12,2026-07-31 10:30:00,4,33.3
ZN-03,Meeting Room A,meeting_room,12,2026-07-31 10:45:00,4,33.3
ZN-03,Meeting Room A,meeting_room,12,2026-07-31 11:00:00,12,100.0
ZN-03,Meeting Room A,meeting_room,12,2026-07-31 11:15:00,10,83.3
ZN-03,Meeting Room A,meeting_room,12,2026-07-31 11:30:00,12,100.0
ZN-03,Meeting Room A,meeting_room,12,2026-07-31 11:45:00,9,75.0
ZN-03,Meeting Room A,meeting_room,12,2026-07-31 12:00:00,6,50.0
ZN-03,Meeting Room A,meeting_room,12,2026-07-31 12:15:00,11,91.7
ZN-03,Meeting Room A,meeting_room,12,2026-07-31 12:30:00,11,91.7
ZN-03,Meeting Room A,meeting_room,12,2026-07-31 12:45:00,4,33.3
ZN-03,Meeting Room A,meeting_room,12,2026-07-31 13:00:00,10,83.3
ZN-03,Meeting Room A,meeting_room,12,2026-07-31 13:15:00,11,91.7
ZN-03,Meeting Room A,meeting_room,12,2026-07-31 13:30:00,12,100.0
ZN-03,Meeting Room A,meeting_room,12,2026-07-31 13:45:00,12,100.0
ZN-03,Meeting Room A,meeting_room,12,2026-07-31 14:00:00,10,83.3
ZN-03,Meeting Room A,meeting_room,12,2026-07-31 14:15:00,11,91.7
ZN-03,Meeting Room A,meeting_room,12,2026-07-31 14:30:00,12,100.0
ZN-03,Meeting Room A,meeting_room,12,2026-07-31 14:45:00,8,66.7
ZN-03,Meeting Room A,meeting_room,12,2026-07-31 15:00:00,10,83.3
ZN-03,Meeting Room A,meeting_room,12,2026-07-31 15:15:00,6,50.0
ZN-03,Meeting Room A,meeting_room,12,2026-07-31 15:30:00,3,25.0
ZN-03,Meeting Room A,meeting_room,12,2026-07-31 15:45:00,1,8.3
ZN-03,Meeting Room A,meeting_room,12,2026-07-31 16:00:00,3,25.0
ZN-03,Meeting Room A,meeting_room,12,2026-07-31 16:15:00,4,33.3
ZN-03,Meeting Room A,meeting_room,12,2026-07-31 16:30:00,2,16.7
ZN-03,Meeting Room A,meeting_room,12,2026-07-31 16:45:00,3,25.0
ZN-03,Meeting Room A,meeting_room,12,2026-07-31 17:00:00,0,0.0
ZN-03,Meeting Room A,meeting_room,12,2026-07-31 17:15:00,1,8.3
ZN-03,Meeting Room A,meeting_room,12,2026-07-31 17:30:00,0,0.0
ZN-03,Meeting Room A,meeting_room,12,2026-07-31 17:45:00,3,25.0
ZN-03,Meeting Room A,meeting_room,12,2026-07-31 18:00:00,0,0.0
ZN-03,Meeting Room A,meeting_room,12,2026-07-31 18:15:00,5,41.7
ZN-03,Meeting Room A,meeting_room,12,2026-07-31 18:30:00,0,0.0
ZN-03,Meeting Room A,meeting_room,12,2026-07-31 18:45:00,0,0.0
ZN-03,Meeting Room A,meeting_room,12,2026-07-31 19:00:00,0,0.0
ZN-03,Meeting Room A,meeting_room,12,2026-07-31 19:15:00,5,41.7
ZN-03,Meeting Room A,meeting_room,12,2026-07-31 19:30:00,0,0.0
ZN-03,Meeting Room A,meeting_room,12,2026-07-31 19:45:00,0,0.0
ZN-03,Meeting Room A,meeting_room,12,2026-07-31 20:00:00,1,8.3
ZN-03,Meeting Room A,meeting_room,12,2026-07-31 20:15:00,5,41.7
ZN-03,Meeting Room A,meeting_room,12,2026-07-31 20:30:00,0,0.0
ZN-03,Meeting Room A,meeting_room,12,2026-07-31 20:45:00,3,25.0
ZN-03,Meeting Room A,meeting_room,12,2026-07-31 21:00:00,0,0.0
ZN-03,Meeting Room A,meeting_room,12,2026-07-31 21:15:00,3,25.0
ZN-03,Meeting Room A,meeting_room,12,2026-07-31 21:30:00,1,8.3
ZN-03,Meeting Room A,meeting_room,12,2026-07-31 21:45:00,3,25.0
ZN-03,Meeting Room A,meeting_room,12,2026-07-31 22:00:00,2,16.7
ZN-03,Meeting Room A,meeting_room,12,2026-07-31 22:15:00,0,0.0
ZN-03,Meeting Room A,meeting_room,12,2026-07-31 22:30:00,0,0.0
ZN-03,Meeting Room A,meeting_room,12,2026-07-31 22:45:00,2,16.7
ZN-03,Meeting Room A,meeting_room,12,2026-07-31 23:00:00,2,16.7
ZN-03,Meeting Room A,meeting_room,12,2026-07-31 23:15:00,3,25.0
ZN-03,Meeting Room A,meeting_room,12,2026-07-31 23:30:00,2,16.7
ZN-03,Meeting Room A,meeting_room,12,2026-07-31 23:45:00,0,0.0
ZN-03,Meeting Room A,meeting_room,12,2026-08-01 00:00:00,1,8.3
ZN-03,Meeting Room A,meeting_room,12,2026-08-01 00:15:00,0,0.0
ZN-03,Meeting Room A,meeting_room,12,2026-08-01 00:30:00,0,0.0
ZN-03,Meeting Room A,meeting_room,12,2026-08-01 00:45:00,1,8.3
ZN-03,Meeting Room A,meeting_room,12,2026-08-01 01:00:00,2,16.7
ZN-03,Meeting Room A,meeting_room,12,2026-08-01 01:15:00,1,8.3
ZN-03,Meeting Room A,meeting_room,12,2026-08-01 01:30:00,0,0.0
ZN-03,Meeting Room A,meeting_room,12,2026-08-01 01:45:00,1,8.3
ZN-03,Meeting Room A,meeting_room,12,2026-08-01 02:00:00,0,0.0
ZN-03,Meeting Room A,meeting_room,12,2026-08-01 02:15:00,2,16.7
ZN-03,Meeting Room A,meeting_room,12,2026-08-01 02:30:00,2,16.7
ZN-03,Meeting Room A,meeting_room,12,2026-08-01 02:45:00,0,0.0
ZN-03,Meeting Room A,meeting_room,12,2026-08-01 03:00:00,0,0.0
ZN-03,Meeting Room A,meeting_room,12,2026-08-01 03:15:00,3,25.0
ZN-03,Meeting Room A,meeting_room,12,2026-08-01 03:30:00,3,25.0
ZN-03,Meeting Room A,meeting_room,12,2026-08-01 03:45:00,0,0.0
ZN-03,Meeting Room A,meeting_room,12,2026-08-01 04:00:00,1,8.3
ZN-03,Meeting Room A,meeting_room,12,2026-08-01 04:15:00,0,0.0
ZN-03,Meeting Room A,meeting_room,12,2026-08-01 04:30:00,3,25.0
ZN-03,Meeting Room A,meeting_room,12,2026-08-01 04:45:00,4,33.3
ZN-03,Meeting Room A,meeting_room,12,2026-08-01 05:00:00,0,0.0
ZN-03,Meeting Room A,meeting_room,12,2026-08-01 05:15:00,0,0.0
ZN-03,Meeting Room A,meeting_room,12,2026-08-01 05:30:00,0,0.0
ZN-03,Meeting Room A,meeting_room,12,2026-08-01 05:45:00,3,25.0
ZN-03,Meeting Room A,meeting_room,12,2026-08-01 06:00:00,0,0.0
ZN-03,Meeting Room A,meeting_room,12,2026-08-01 06:15:00,4,33.3
ZN-03,Meeting Room A,meeting_room,12,2026-08-01 06:30:00,2,16.7
ZN-03,Meeting Room A,meeting_room,12,2026-08-01 06:45:00,0,0.0
ZN-03,Meeting Room A,meeting_room,12,2026-08-01 07:00:00,2,16.7
ZN-03,Meeting Room A,meeting_room,12,2026-08-01 07:15:00,3,25.0
ZN-03,Meeting Room A,meeting_room,12,2026-08-01 07:30:00,1,8.3
ZN-03,Meeting Room A,meeting_room,12,2026-08-01 07:45:00,0,0.0
ZN-03,Meeting Room A,meeting_room,12,2026-08-01 08:00:00,0,0.0
ZN-03,Meeting Room A,meeting_room,12,2026-08-01 08:15:00,0,0.0
ZN-03,Meeting Room A,meeting_room,12,2026-08-01 08:30:00,0,0.0
ZN-03,Meeting Room A,meeting_room,12,2026-08-01 08:45:00,3,25.0
ZN-03,Meeting Room A,meeting_room,12,2026-08-01 09:00:00,2,16.7
ZN-03,Meeting Room A,meeting_room,12,2026-08-01 09:15:00,0,0.0
ZN-03,Meeting Room A,meeting_room,12,2026-08-01 09:30:00,3,25.0
ZN-03,Meeting Room A,meeting_room,12,2026-08-01 09:45:00,0,0.0
ZN-03,Meeting Room A,meeting_room,12,2026-08-01 10:00:00,1,8.3
ZN-03,Meeting Room A,meeting_room,12,2026-08-01 10:15:00,1,8.3
ZN-03,Meeting Room A,meeting_room,12,2026-08-01 10:30:00,0,0.0
ZN-03,Meeting Room A,meeting_room,12,2026-08-01 10:45:00,0,0.0
ZN-03,Meeting Room A,meeting_room,12,2026-08-01 11:00:00,0,0.0
ZN-03,Meeting Room A,meeting_room,12,2026-08-01 11:15:00,0,0.0
ZN-03,Meeting Room A,meeting_room,12,2026-08-01 11:30:00,2,16.7
ZN-03,Meeting Room A,meeting_room,12,2026-08-01 11:45:00,0,0.0
ZN-03,Meeting Room A,meeting_room,12,2026-08-01 12:00:00,2,16.7
ZN-03,Meeting Room A,meeting_room,12,2026-08-01 12:15:00,0,0.0
ZN-03,Meeting Room A,meeting_room,12,2026-08-01 12:30:00,4,33.3
ZN-03,Meeting Room A,meeting_room,12,2026-08-01 12:45:00,0,0.0
ZN-03,Meeting Room A,meeting_room,12,2026-08-01 13:00:00,0,0.0
ZN-03,Meeting Room A,meeting_room,12,2026-08-01 13:15:00,0,0.0
ZN-03,Meeting Room A,meeting_room,12,2026-08-01 13:30:00,0,0.0
ZN-03,Meeting Room A,meeting_room,12,2026-08-01 13:45:00,0,0.0
ZN-03,Meeting Room A,meeting_room,12,2026-08-01 14:00:00,1,8.3
ZN-03,Meeting Room A,meeting_room,12,2026-08-01 14:15:00,0,0.0
ZN-03,Meeting Room A,meeting_room,12,2026-08-01 14:30:00,4,33.3
ZN-03,Meeting Room A,meeting_room,12,2026-08-01 14:45:00,0,0.0
ZN-03,Meeting Room A,meeting_room,12,2026-08-01 15:00:00,0,0.0
ZN-03,Meeting Room A,meeting_room,12,2026-08-01 15:15:00,0,0.0
ZN-03,Meeting Room A,meeting_room,12,2026-08-01 15:30:00,0,0.0
ZN-03,Meeting Room A,meeting_room,12,2026-08-01 15:45:00,3,25.0
ZN-03,Meeting Room A,meeting_room,12,2026-08-01 16:00:00,0,0.0
ZN-03,Meeting Room A,meeting_room,12,2026-08-01 16:15:00,1,8.3
ZN-03,Meeting Room A,meeting_room,12,2026-08-01 16:30:00,7,58.3
ZN-03,Meeting Room A,meeting_room,12,2026-08-01 16:45:00,3,25.0
ZN-03,Meeting Room A,meeting_room,12,2026-08-01 17:00:00,2,16.7
ZN-03,Meeting Room A,meeting_room,12,2026-08-01 17:15:00,0,0.0
ZN-03,Meeting Room A,meeting_room,12,2026-08-01 17:30:00,2,16.7
ZN-03,Meeting Room A,meeting_room,12,2026-08-01 17:45:00,3,25.0
ZN-03,Meeting Room A,meeting_room,12,2026-08-01 18:00:00,0,0.0
ZN-03,Meeting Room A,meeting_room,12,2026-08-01 18:15:00,0,0.0
ZN-03,Meeting Room A,meeting_room,12,2026-08-01 18:30:00,0,0.0
ZN-03,Meeting Room A,meeting_room,12,2026-08-01 18:45:00,0,0.0
ZN-03,Meeting Room A,meeting_room,12,2026-08-01 19:00:00,3,25.0
ZN-03,Meeting Room A,meeting_room,12,2026-08-01 19:15:00,1,8.3
ZN-03,Meeting Room A,meeting_room,12,2026-08-01 19:30:00,1,8.3
ZN-03,Meeting Room A,meeting_room,12,2026-08-01 19:45:00,0,0.0
ZN-03,Meeting Room A,meeting_room,12,2026-08-01 20:00:00,0,0.0
ZN-03,Meeting Room A,meeting_room,12,2026-08-01 20:15:00,2,16.7
ZN-03,Meeting Room A,meeting_room,12,2026-08-01 20:30:00,2,16.7
ZN-03,Meeting Room A,meeting_room,12,2026-08-01 20:45:00,4,33.3
ZN-03,Meeting Room A,meeting_room,12,2026-08-01 21:00:00,1,8.3
ZN-03,Meeting Room A,meeting_room,12,2026-08-01 21:15:00,0,0.0
ZN-03,Meeting Room A,meeting_room,12,2026-08-01 21:30:00,2,16.7
ZN-03,Meeting Room A,meeting_room,12,2026-08-01 21:45:00,0,0.0
ZN-03,Meeting Room A,meeting_room,12,2026-08-01 22:00:00,0,0.0
ZN-03,Meeting Room A,meeting_room,12,2026-08-01 22:15:00,0,0.0
ZN-03,Meeting Room A,meeting_room,12,2026-08-01 22:30:00,2,16.7
ZN-03,Meeting Room A,meeting_room,12,2026-08-01 22:45:00,0,0.0
ZN-03,Meeting Room A,meeting_room,12,2026-08-01 23:00:00,0,0.0
ZN-03,Meeting Room A,meeting_room,12,2026-08-01 23:15:00,0,0.0
ZN-03,Meeting Room A,meeting_room,12,2026-08-01 23:30:00,1,8.3
ZN-03,Meeting Room A,meeting_room,12,2026-08-01 23:45:00,0,0.0
ZN-03,Meeting Room A,meeting_room,12,2026-08-02 00:00:00,1,8.3
ZN-03,Meeting Room A,meeting_room,12,2026-08-02 00:15:00,0,0.0
ZN-03,Meeting Room A,meeting_room,12,2026-08-02 00:30:00,0,0.0
ZN-03,Meeting Room A,meeting_room,12,2026-08-02 00:45:00,0,0.0
ZN-03,Meeting Room A,meeting_room,12,2026-08-02 01:00:00,3,25.0
ZN-03,Meeting Room A,meeting_room,12,2026-08-02 01:15:00,0,0.0
ZN-03,Meeting Room A,meeting_room,12,2026-08-02 01:30:00,0,0.0
ZN-03,Meeting Room A,meeting_room,12,2026-08-02 01:45:00,1,8.3
ZN-03,Meeting Room A,meeting_room,12,2026-08-02 02:00:00,1,8.3
ZN-03,Meeting Room A,meeting_room,12,2026-08-02 02:15:00,0,0.0
ZN-03,Meeting Room A,meeting_room,12,2026-08-02 02:30:00,0,0.0
ZN-03,Meeting Room A,meeting_room,12,2026-08-02 02:45:00,3,25.0
ZN-03,Meeting Room A,meeting_room,12,2026-08-02 03:00:00,5,41.7
ZN-03,Meeting Room A,meeting_room,12,2026-08-02 03:15:00,0,0.0
ZN-03,Meeting Room A,meeting_room,12,2026-08-02 03:30:00,0,0.0
ZN-03,Meeting Room A,meeting_room,12,2026-08-02 03:45:00,1,8.3
ZN-03,Meeting Room A,meeting_room,12,2026-08-02 04:00:00,0,0.0
ZN-03,Meeting Room A,meeting_room,12,2026-08-02 04:15:00,0,0.0
ZN-03,Meeting Room A,meeting_room,12,2026-08-02 04:30:00,5,41.7
ZN-03,Meeting Room A,meeting_room,12,2026-08-02 04:45:00,0,0.0
ZN-03,Meeting Room A,meeting_room,12,2026-08-02 05:00:00,4,33.3
ZN-03,Meeting Room A,meeting_room,12,2026-08-02 05:15:00,0,0.0
ZN-03,Meeting Room A,meeting_room,12,2026-08-02 05:30:00,0,0.0
ZN-03,Meeting Room A,meeting_room,12,2026-08-02 05:45:00,0,0.0
ZN-03,Meeting Room A,meeting_room,12,2026-08-02 06:00:00,0,0.0
ZN-03,Meeting Room A,meeting_room,12,2026-08-02 06:15:00,1,8.3
ZN-03,Meeting Room A,meeting_room,12,2026-08-02 06:30:00,4,33.3
ZN-03,Meeting Room A,meeting_room,12,2026-08-02 06:45:00,0,0.0
ZN-03,Meeting Room A,meeting_room,12,2026-08-02 07:00:00,0,0.0
ZN-03,Meeting Room A,meeting_room,12,2026-08-02 07:15:00,0,0.0
ZN-03,Meeting Room A,meeting_room,12,2026-08-02 07:30:00,0,0.0
ZN-03,Meeting Room A,meeting_room,12,2026-08-02 07:45:00,2,16.7
ZN-03,Meeting Room A,meeting_room,12,2026-08-02 08:00:00,3,25.0
ZN-03,Meeting Room A,meeting_room,12,2026-08-02 08:15:00,0,0.0
ZN-03,Meeting Room A,meeting_room,12,2026-08-02 08:30:00,1,8.3
ZN-03,Meeting Room A,meeting_room,12,2026-08-02 08:45:00,0,0.0
ZN-03,Meeting Room A,meeting_room,12,2026-08-02 09:00:00,0,0.0
ZN-03,Meeting Room A,meeting_room,12,2026-08-02 09:15:00,4,33.3
ZN-03,Meeting Room A,meeting_room,12,2026-08-02 09:30:00,0,0.0
ZN-03,Meeting Room A,meeting_room,12,2026-08-02 09:45:00,2,16.7
ZN-03,Meeting Room A,meeting_room,12,2026-08-02 10:00:00,2,16.7
ZN-03,Meeting Room A,meeting_room,12,2026-08-02 10:15:00,0,0.0
ZN-03,Meeting Room A,meeting_room,12,2026-08-02 10:30:00,2,16.7
ZN-03,Meeting Room A,meeting_room,12,2026-08-02 10:45:00,0,0.0
ZN-03,Meeting Room A,meeting_room,12,2026-08-02 11:00:00,2,16.7
ZN-03,Meeting Room A,meeting_room,12,2026-08-02 11:15:00,0,0.0
ZN-03,Meeting Room A,meeting_room,12,2026-08-02 11:30:00,3,25.0
ZN-03,Meeting Room A,meeting_room,12,2026-08-02 11:45:00,1,8.3
ZN-03,Meeting Room A,meeting_room,12,2026-08-02 12:00:00,0,0.0
ZN-03,Meeting Room A,meeting_room,12,2026-08-02 12:15:00,0,0.0
ZN-03,Meeting Room A,meeting_room,12,2026-08-02 12:30:00,0,0.0
ZN-03,Meeting Room A,meeting_room,12,2026-08-02 12:45:00,0,0.0
ZN-03,Meeting Room A,meeting_room,12,2026-08-02 13:00:00,0,0.0
ZN-03,Meeting Room A,meeting_room,12,2026-08-02 13:15:00,0,0.0
ZN-03,Meeting Room A,meeting_room,12,2026-08-02 13:30:00,0,0.0
ZN-03,Meeting Room A,meeting_room,12,2026-08-02 13:45:00,0,0.0
ZN-03,Meeting Room A,meeting_room,12,2026-08-02 14:00:00,0,0.0
ZN-03,Meeting Room A,meeting_room,12,2026-08-02 14:15:00,0,0.0
ZN-03,Meeting Room A,meeting_room,12,2026-08-02 14:30:00,7,58.3
ZN-03,Meeting Room A,meeting_room,12,2026-08-02 14:45:00,1,8.3
ZN-03,Meeting Room A,meeting_room,12,2026-08-02 15:00:00,0,0.0
ZN-03,Meeting Room A,meeting_room,12,2026-08-02 15:15:00,1,8.3
ZN-03,Meeting Room A,meeting_room,12,2026-08-02 15:30:00,4,33.3
ZN-03,Meeting Room A,meeting_room,12,2026-08-02 15:45:00,3,25.0
ZN-03,Meeting Room A,meeting_room,12,2026-08-02 16:00:00,0,0.0
ZN-03,Meeting Room A,meeting_room,12,2026-08-02 16:15:00,3,25.0
ZN-03,Meeting Room A,meeting_room,12,2026-08-02 16:30:00,0,0.0
ZN-03,Meeting Room A,meeting_room,12,2026-08-02 16:45:00,1,8.3
ZN-03,Meeting Room A,meeting_room,12,2026-08-02 17:00:00,2,16.7
ZN-03,Meeting Room A,meeting_room,12,2026-08-02 17:15:00,0,0.0
ZN-03,Meeting Room A,meeting_room,12,2026-08-02 17:30:00,4,33.3
ZN-03,Meeting Room A,meeting_room,12,2026-08-02 17:45:00,0,0.0
ZN-03,Meeting Room A,meeting_room,12,2026-08-02 18:00:00,0,0.0
ZN-03,Meeting Room A,meeting_room,12,2026-08-02 18:15:00,0,0.0
ZN-03,Meeting Room A,meeting_room,12,2026-08-02 18:30:00,0,0.0
ZN-03,Meeting Room A,meeting_room,12,2026-08-02 18:45:00,1,8.3
ZN-03,Meeting Room A,meeting_room,12,2026-08-02 19:00:00,1,8.3
ZN-03,Meeting Room A,meeting_room,12,2026-08-02 19:15:00,0,0.0
ZN-03,Meeting Room A,meeting_room,12,2026-08-02 19:30:00,0,0.0
ZN-03,Meeting Room A,meeting_room,12,2026-08-02 19:45:00,0,0.0
ZN-03,Meeting Room A,meeting_room,12,2026-08-02 20:00:00,1,8.3
ZN-03,Meeting Room A,meeting_room,12,2026-08-02 20:15:00,0,0.0
ZN-03,Meeting Room A,meeting_room,12,2026-08-02 20:30:00,0,0.0
ZN-03,Meeting Room A,meeting_room,12,2026-08-02 20:45:00,7,58.3
ZN-03,Meeting Room A,meeting_room,12,2026-08-02 21:00:00,4,33.3
ZN-03,Meeting Room A,meeting_room,12,2026-08-02 21:15:00,0,0.0
ZN-03,Meeting Room A,meeting_room,12,2026-08-02 21:30:00,3,25.0
ZN-03,Meeting Room A,meeting_room,12,2026-08-02 21:45:00,0,0.0
ZN-03,Meeting Room A,meeting_room,12,2026-08-02 22:00:00,0,0.0
ZN-03,Meeting Room A,meeting_room,12,2026-08-02 22:15:00,0,0.0
ZN-03,Meeting Room A,meeting_room,12,2026-08-02 22:30:00,0,0.0
ZN-03,Meeting Room A,meeting_room,12,2026-08-02 22:45:00,0,0.0
ZN-03,Meeting Room A,meeting_room,12,2026-08-02 23:00:00,0,0.0
ZN-03,Meeting Room A,meeting_room,12,2026-08-02 23:15:00,1,8.3
ZN-03,Meeting Room A,meeting_room,12,2026-08-02 23:30:00,3,25.0
ZN-03,Meeting Room A,meeting_room,12,2026-08-02 23:45:00,4,33.3
ZN-03,Meeting Room A,meeting_room,12,2026-08-03 00:00:00,0,0.0
ZN-03,Meeting Room A,meeting_room,12,2026-08-03 00:15:00,5,41.7
ZN-03,Meeting Room A,meeting_room,12,2026-08-03 00:30:00,0,0.0
ZN-03,Meeting Room A,meeting_room,12,2026-08-03 00:45:00,0,0.0
ZN-03,Meeting Room A,meeting_room,12,2026-08-03 01:00:00,0,0.0
ZN-03,Meeting Room A,meeting_room,12,2026-08-03 01:15:00,6,50.0
ZN-03,Meeting Room A,meeting_room,12,2026-08-03 01:30:00,4,33.3
ZN-03,Meeting Room A,meeting_room,12,2026-08-03 01:45:00,4,33.3
ZN-03,Meeting Room A,meeting_room,12,2026-08-03 02:00:00,0,0.0
ZN-03,Meeting Room A,meeting_room,12,2026-08-03 02:15:00,5,41.7
ZN-03,Meeting Room A,meeting_room,12,2026-08-03 02:30:00,5,41.7
ZN-03,Meeting Room A,meeting_room,12,2026-08-03 02:45:00,5,41.7
ZN-03,Meeting Room A,meeting_room,12,2026-08-03 03:00:00,3,25.0
ZN-03,Meeting Room A,meeting_room,12,2026-08-03 03:15:00,0,0.0
ZN-03,Meeting Room A,meeting_room,12,2026-08-03 03:30:00,0,0.0
ZN-03,Meeting Room A,meeting_room,12,2026-08-03 03:45:00,0,0.0
ZN-03,Meeting Room A,meeting_room,12,2026-08-03 04:00:00,0,0.0
ZN-03,Meeting Room A,meeting_room,12,2026-08-03 04:15:00,0,0.0
ZN-03,Meeting Room A,meeting_room,12,2026-08-03 04:30:00,0,0.0
ZN-03,Meeting Room A,meeting_room,12,2026-08-03 04:45:00,0,0.0
ZN-03,Meeting Room A,meeting_room,12,2026-08-03 05:00:00,0,0.0
ZN-03,Meeting Room A,meeting_room,12,2026-08-03 05:15:00,0,0.0
ZN-03,Meeting Room A,meeting_room,12,2026-08-03 05:30:00,0,0.0
ZN-03,Meeting Room A,meeting_room,12,2026-08-03 05:45:00,6,50.0
ZN-03,Meeting Room A,meeting_room,12,2026-08-03 06:00:00,12,100.0
ZN-03,Meeting Room A,meeting_room,12,2026-08-03 06:15:00,12,100.0
ZN-03,Meeting Room A,meeting_room,12,2026-08-03 06:30:00,12,100.0
ZN-03,Meeting Room A,meeting_room,12,2026-08-03 06:45:00,12,100.0
ZN-03,Meeting Room A,meeting_room,12,2026-08-03 07:00:00,12,100.0
ZN-03,Meeting Room A,meeting_room,12,2026-08-03 07:15:00,9,75.0
ZN-03,Meeting Room A,meeting_room,12,2026-08-03 07:30:00,10,83.3
ZN-03,Meeting Room A,meeting_room,12,2026-08-03 07:45:00,11,91.7
ZN-03,Meeting Room A,meeting_room,12,2026-08-03 08:00:00,7,58.3
ZN-03,Meeting Room A,meeting_room,12,2026-08-03 08:15:00,12,100.0
ZN-03,Meeting Room A,meeting_room,12,2026-08-03 08:30:00,10,83.3
ZN-03,Meeting Room A,meeting_room,12,2026-08-03 08:45:00,11,91.7
ZN-03,Meeting Room A,meeting_room,12,2026-08-03 09:00:00,10,83.3
ZN-03,Meeting Room A,meeting_room,12,2026-08-03 09:15:00,9,75.0
ZN-03,Meeting Room A,meeting_room,12,2026-08-03 09:30:00,10,83.3
ZN-03,Meeting Room A,meeting_room,12,2026-08-03 09:45:00,11,91.7
ZN-03,Meeting Room A,meeting_room,12,2026-08-03 10:00:00,11,91.7
ZN-03,Meeting Room A,meeting_room,12,2026-08-03 10:15:00,6,50.0
ZN-03,Meeting Room A,meeting_room,12,2026-08-03 10:30:00,2,16.7
ZN-03,Meeting Room A,meeting_room,12,2026-08-03 10:45:00,4,33.3
ZN-03,Meeting Room A,meeting_room,12,2026-08-03 11:00:00,7,58.3
ZN-03,Meeting Room A,meeting_room,12,2026-08-03 11:15:00,9,75.0
ZN-03,Meeting Room A,meeting_room,12,2026-08-03 11:30:00,7,58.3
ZN-03,Meeting Room A,meeting_room,12,2026-08-03 11:45:00,9,75.0
ZN-03,Meeting Room A,meeting_room,12,2026-08-03 12:00:00,11,91.7
ZN-03,Meeting Room A,meeting_room,12,2026-08-03 12:15:00,9,75.0
ZN-03,Meeting Room A,meeting_room,12,2026-08-03 12:30:00,6,50.0
ZN-03,Meeting Room A,meeting_room,12,2026-08-03 12:45:00,7,58.3
ZN-03,Meeting Room A,meeting_room,12,2026-08-03 13:00:00,9,75.0
ZN-03,Meeting Room A,meeting_room,12,2026-08-03 13:15:00,6,50.0
ZN-03,Meeting Room A,meeting_room,12,2026-08-03 13:30:00,10,83.3
ZN-03,Meeting Room A,meeting_room,12,2026-08-03 13:45:00,12,100.0
ZN-03,Meeting Room A,meeting_room,12,2026-08-03 14:00:00,12,100.0
ZN-03,Meeting Room A,meeting_room,12,2026-08-03 14:15:00,12,100.0
ZN-03,Meeting Room A,meeting_room,12,2026-08-03 14:30:00,12,100.0
ZN-03,Meeting Room A,meeting_room,12,2026-08-03 14:45:00,12,100.0
ZN-03,Meeting Room A,meeting_room,12,2026-08-03 15:00:00,9,75.0
ZN-03,Meeting Room A,meeting_room,12,2026-08-03 15:15:00,6,50.0
ZN-03,Meeting Room A,meeting_room,12,2026-08-03 15:30:00,7,58.3
ZN-03,Meeting Room A,meeting_room,12,2026-08-03 15:45:00,3,25.0
ZN-03,Meeting Room A,meeting_room,12,2026-08-03 16:00:00,3,25.0
ZN-03,Meeting Room A,meeting_room,12,2026-08-03 16:15:00,0,0.0
ZN-03,Meeting Room A,meeting_room,12,2026-08-03 16:30:00,0,0.0
ZN-03,Meeting Room A,meeting_room,12,2026-08-03 16:45:00,0,0.0
ZN-03,Meeting Room A,meeting_room,12,2026-08-03 17:00:00,5,41.7
ZN-03,Meeting Room A,meeting_room,12,2026-08-03 17:15:00,0,0.0
ZN-03,Meeting Room A,meeting_room,12,2026-08-03 17:30:00,1,8.3
ZN-03,Meeting Room A,meeting_room,12,2026-08-03 17:45:00,0,0.0
ZN-03,Meeting Room A,meeting_room,12,2026-08-03 18:00:00,0,0.0
ZN-03,Meeting Room A,meeting_room,12,2026-08-03 18:15:00,3,25.0
ZN-03,Meeting Room A,meeting_room,12,2026-08-03 18:30:00,0,0.0
ZN-03,Meeting Room A,meeting_room,12,2026-08-03 18:45:00,0,0.0
ZN-03,Meeting Room A,meeting_room,12,2026-08-03 19:00:00,1,8.3
ZN-03,Meeting Room A,meeting_room,12,2026-08-03 19:15:00,3,25.0
ZN-03,Meeting Room A,meeting_room,12,2026-08-03 19:30:00,0,0.0
ZN-03,Meeting Room A,meeting_room,12,2026-08-03 19:45:00,0,0.0
ZN-03,Meeting Room A,meeting_room,12,2026-08-03 20:00:00,0,0.0
ZN-03,Meeting Room A,meeting_room,12,2026-08-03 20:15:00,1,8.3
ZN-03,Meeting Room A,meeting_room,12,2026-08-03 20:30:00,0,0.0
ZN-03,Meeting Room A,meeting_room,12,2026-08-03 20:45:00,0,0.0
ZN-03,Meeting Room A,meeting_room,12,2026-08-03 21:00:00,0,0.0
ZN-03,Meeting Room A,meeting_room,12,2026-08-03 21:15:00,0,0.0
ZN-03,Meeting Room A,meeting_room,12,2026-08-03 21:30:00,0,0.0
ZN-03,Meeting Room A,meeting_room,12,2026-08-03 21:45:00,0,0.0
ZN-03,Meeting Room A,meeting_room,12,2026-08-03 22:00:00,2,16.7
ZN-03,Meeting Room A,meeting_room,12,2026-08-03 22:15:00,4,33.3
ZN-03,Meeting Room A,meeting_room,12,2026-08-03 22:30:00,0,0.0
ZN-03,Meeting Room A,meeting_room,12,2026-08-03 22:45:00,2,16.7
ZN-03,Meeting Room A,meeting_room,12,2026-08-03 23:00:00,0,0.0
ZN-03,Meeting Room A,meeting_room,12,2026-08-03 23:15:00,0,0.0
ZN-03,Meeting Room A,meeting_room,12,2026-08-03 23:30:00,0,0.0
ZN-03,Meeting Room A,meeting_room,12,2026-08-03 23:45:00,2,16.7
ZN-03,Meeting Room A,meeting_room,12,2026-08-04 00:00:00,0,0.0
ZN-03,Meeting Room A,meeting_room,12,2026-08-04 00:15:00,0,0.0
ZN-03,Meeting Room A,meeting_room,12,2026-08-04 00:30:00,5,41.7
ZN-03,Meeting Room A,meeting_room,12,2026-08-04 00:45:00,0,0.0
ZN-03,Meeting Room A,meeting_room,12,2026-08-04 01:00:00,2,16.7
ZN-03,Meeting Room A,meeting_room,12,2026-08-04 01:15:00,0,0.0
ZN-03,Meeting Room A,meeting_room,12,2026-08-04 01:30:00,0,0.0
ZN-03,Meeting Room A,meeting_room,12,2026-08-04 01:45:00,1,8.3
ZN-03,Meeting Room A,meeting_room,12,2026-08-04 02:00:00,2,16.7
ZN-03,Meeting Room A,meeting_room,12,2026-08-04 02:15:00,0,0.0
ZN-03,Meeting Room A,meeting_room,12,2026-08-04 02:30:00,0,0.0
ZN-03,Meeting Room A,meeting_room,12,2026-08-04 02:45:00,0,0.0
ZN-03,Meeting Room A,meeting_room,12,2026-08-04 03:00:00,0,0.0
ZN-03,Meeting Room A,meeting_room,12,2026-08-04 03:15:00,0,0.0
ZN-03,Meeting Room A,meeting_room,12,2026-08-04 03:30:00,3,25.0
ZN-03,Meeting Room A,meeting_room,12,2026-08-04 03:45:00,0,0.0
ZN-03,Meeting Room A,meeting_room,12,2026-08-04 04:00:00,0,0.0
ZN-03,Meeting Room A,meeting_room,12,2026-08-04 04:15:00,0,0.0
ZN-03,Meeting Room A,meeting_room,12,2026-08-04 04:30:00,0,0.0
ZN-03,Meeting Room A,meeting_room,12,2026-08-04 04:45:00,1,8.3
ZN-03,Meeting Room A,meeting_room,12,2026-08-04 05:00:00,0,0.0
ZN-03,Meeting Room A,meeting_room,12,2026-08-04 05:15:00,1,8.3
ZN-03,Meeting Room A,meeting_room,12,2026-08-04 05:30:00,0,0.0
ZN-03,Meeting Room A,meeting_room,12,2026-08-04 05:45:00,12,100.0
ZN-03,Meeting Room A,meeting_room,12,2026-08-04 06:00:00,12,100.0
ZN-03,Meeting Room A,meeting_room,12,2026-08-04 06:15:00,12,100.0
ZN-03,Meeting Room A,meeting_room,12,2026-08-04 06:30:00,6,50.0
ZN-03,Meeting Room A,meeting_room,12,2026-08-04 06:45:00,12,100.0
ZN-03,Meeting Room A,meeting_room,12,2026-08-04 07:00:00,12,100.0
ZN-03,Meeting Room A,meeting_room,12,2026-08-04 07:15:00,9,75.0
ZN-03,Meeting Room A,meeting_room,12,2026-08-04 07:30:00,12,100.0
ZN-03,Meeting Room A,meeting_room,12,2026-08-04 07:45:00,10,83.3
ZN-03,Meeting Room A,meeting_room,12,2026-08-04 08:00:00,12,100.0
ZN-03,Meeting Room A,meeting_room,12,2026-08-04 08:15:00,10,83.3
ZN-03,Meeting Room A,meeting_room,12,2026-08-04 08:30:00,10,83.3
ZN-03,Meeting Room A,meeting_room,12,2026-08-04 08:45:00,12,100.0
ZN-03,Meeting Room A,meeting_room,12,2026-08-04 09:00:00,10,83.3
ZN-03,Meeting Room A,meeting_room,12,2026-08-04 09:15:00,8,66.7
ZN-03,Meeting Room A,meeting_room,12,2026-08-04 09:30:00,12,100.0
ZN-03,Meeting Room A,meeting_room,12,2026-08-04 09:45:00,7,58.3
ZN-03,Meeting Room A,meeting_room,12,2026-08-04 10:00:00,5,41.7
ZN-03,Meeting Room A,meeting_room,12,2026-08-04 10:15:00,7,58.3
ZN-03,Meeting Room A,meeting_room,12,2026-08-04 10:30:00,5,41.7
ZN-03,Meeting Room A,meeting_room,12,2026-08-04 10:45:00,0,0.0
ZN-03,Meeting Room A,meeting_room,12,2026-08-04 11:00:00,12,100.0
ZN-03,Meeting Room A,meeting_room,12,2026-08-04 11:15:00,5,41.7
ZN-03,Meeting Room A,meeting_room,12,2026-08-04 11:30:00,10,83.3
ZN-03,Meeting Room A,meeting_room,12,2026-08-04 11:45:00,12,100.0
ZN-03,Meeting Room A,meeting_room,12,2026-08-04 12:00:00,10,83.3
ZN-03,Meeting Room A,meeting_room,12,2026-08-04 12:15:00,5,41.7
ZN-03,Meeting Room A,meeting_room,12,2026-08-04 12:30:00,8,66.7
ZN-03,Meeting Room A,meeting_room,12,2026-08-04 12:45:00,6,50.0
ZN-03,Meeting Room A,meeting_room,12,2026-08-04 13:00:00,4,33.3
ZN-03,Meeting Room A,meeting_room,12,2026-08-04 13:15:00,11,91.7
ZN-03,Meeting Room A,meeting_room,12,2026-08-04 13:30:00,12,100.0
ZN-03,Meeting Room A,meeting_room,12,2026-08-04 13:45:00,9,75.0
ZN-03,Meeting Room A,meeting_room,12,2026-08-04 14:00:00,7,58.3
ZN-03,Meeting Room A,meeting_room,12,2026-08-04 14:15:00,10,83.3
ZN-03,Meeting Room A,meeting_room,12,2026-08-04 14:30:00,12,100.0
ZN-03,Meeting Room A,meeting_room,12,2026-08-04 14:45:00,12,100.0
ZN-03,Meeting Room A,meeting_room,12,2026-08-04 15:00:00,7,58.3
ZN-03,Meeting Room A,meeting_room,12,2026-08-04 15:15:00,9,75.0
ZN-03,Meeting Room A,meeting_room,12,2026-08-04 15:30:00,2,16.7
ZN-03,Meeting Room A,meeting_room,12,2026-08-04 15:45:00,5,41.7
ZN-03,Meeting Room A,meeting_room,12,2026-08-04 16:00:00,11,91.7
ZN-03,Meeting Room A,meeting_room,12,2026-08-04 16:15:00,3,25.0
ZN-03,Meeting Room A,meeting_room,12,2026-08-04 16:30:00,1,8.3
ZN-03,Meeting Room A,meeting_room,12,2026-08-04 16:45:00,2,16.7
ZN-03,Meeting Room A,meeting_room,12,2026-08-04 17:00:00,0,0.0
ZN-03,Meeting Room A,meeting_room,12,2026-08-04 17:15:00,0,0.0
ZN-03,Meeting Room A,meeting_room,12,2026-08-04 17:30:00,0,0.0
ZN-03,Meeting Room A,meeting_room,12,2026-08-04 17:45:00,0,0.0
ZN-03,Meeting Room A,meeting_room,12,2026-08-04 18:00:00,0,0.0
ZN-03,Meeting Room A,meeting_room,12,2026-08-04 18:15:00,2,16.7
ZN-03,Meeting Room A,meeting_room,12,2026-08-04 18:30:00,0,0.0
ZN-03,Meeting Room A,meeting_room,12,2026-08-04 18:45:00,1,8.3
ZN-03,Meeting Room A,meeting_room,12,2026-08-04 19:00:00,6,50.0
ZN-03,Meeting Room A,meeting_room,12,2026-08-04 19:15:00,2,16.7
ZN-03,Meeting Room A,meeting_room,12,2026-08-04 19:30:00,0,0.0
ZN-03,Meeting Room A,meeting_room,12,2026-08-04 19:45:00,1,8.3
ZN-03,Meeting Room A,meeting_room,12,2026-08-04 20:00:00,4,33.3
ZN-03,Meeting Room A,meeting_room,12,2026-08-04 20:15:00,0,0.0
ZN-03,Meeting Room A,meeting_room,12,2026-08-04 20:30:00,3,25.0
ZN-03,Meeting Room A,meeting_room,12,2026-08-04 20:45:00,0,0.0
ZN-03,Meeting Room A,meeting_room,12,2026-08-04 21:00:00,0,0.0
ZN-03,Meeting Room A,meeting_room,12,2026-08-04 21:15:00,3,25.0
ZN-03,Meeting Room A,meeting_room,12,2026-08-04 21:30:00,0,0.0
ZN-03,Meeting Room A,meeting_room,12,2026-08-04 21:45:00,4,33.3
ZN-03,Meeting Room A,meeting_room,12,2026-08-04 22:00:00,0,0.0
ZN-03,Meeting Room A,meeting_room,12,2026-08-04 22:15:00,1,8.3
ZN-03,Meeting Room A,meeting_room,12,2026-08-04 22:30:00,0,0.0
ZN-03,Meeting Room A,meeting_room,12,2026-08-04 22:45:00,0,0.0
ZN-03,Meeting Room A,meeting_room,12,2026-08-04 23:00:00,2,16.7
ZN-03,Meeting Room A,meeting_room,12,2026-08-04 23:15:00,0,0.0
ZN-03,Meeting Room A,meeting_room,12,2026-08-04 23:30:00,3,25.0
ZN-03,Meeting Room A,meeting_room,12,2026-08-04 23:45:00,0,0.0
ZN-03,Meeting Room A,meeting_room,12,2026-08-05 00:00:00,0,0.0
ZN-03,Meeting Room A,meeting_room,12,2026-08-05 00:15:00,0,0.0
ZN-03,Meeting Room A,meeting_room,12,2026-08-05 00:30:00,0,0.0
ZN-03,Meeting Room A,meeting_room,12,2026-08-05 00:45:00,0,0.0
ZN-03,Meeting Room A,meeting_room,12,2026-08-05 01:00:00,2,16.7
ZN-03,Meeting Room A,meeting_room,12,2026-08-05 01:15:00,1,8.3
ZN-03,Meeting Room A,meeting_room,12,2026-08-05 01:30:00,0,0.0
ZN-03,Meeting Room A,meeting_room,12,2026-08-05 01:45:00,0,0.0
ZN-03,Meeting Room A,meeting_room,12,2026-08-05 02:00:00,0,0.0
ZN-03,Meeting Room A,meeting_room,12,2026-08-05 02:15:00,0,0.0
ZN-03,Meeting Room A,meeting_room,12,2026-08-05 02:30:00,0,0.0
ZN-03,Meeting Room A,meeting_room,12,2026-08-05 02:45:00,1,8.3
ZN-03,Meeting Room A,meeting_room,12,2026-08-05 03:00:00,0,0.0
ZN-03,Meeting Room A,meeting_room,12,2026-08-05 03:15:00,2,16.7
ZN-03,Meeting Room A,meeting_room,12,2026-08-05 03:30:00,0,0.0
ZN-03,Meeting Room A,meeting_room,12,2026-08-05 03:45:00,0,0.0
ZN-03,Meeting Room A,meeting_room,12,2026-08-05 04:00:00,4,33.3
ZN-03,Meeting Room A,meeting_room,12,2026-08-05 04:15:00,1,8.3
ZN-03,Meeting Room A,meeting_room,12,2026-08-05 04:30:00,0,0.0
ZN-03,Meeting Room A,meeting_room,12,2026-08-05 04:45:00,0,0.0
ZN-03,Meeting Room A,meeting_room,12,2026-08-05 05:00:00,3,25.0
ZN-03,Meeting Room A,meeting_room,12,2026-08-05 05:15:00,0,0.0
ZN-03,Meeting Room A,meeting_room,12,2026-08-05 05:30:00,3,25.0
ZN-03,Meeting Room A,meeting_room,12,2026-08-05 05:45:00,5,41.7
ZN-03,Meeting Room A,meeting_room,12,2026-08-05 06:00:00,12,100.0
ZN-03,Meeting Room A,meeting_room,12,2026-08-05 06:15:00,12,100.0
ZN-03,Meeting Room A,meeting_room,12,2026-08-05 06:30:00,11,91.7
ZN-03,Meeting Room A,meeting_room,12,2026-08-05 06:45:00,12,100.0
ZN-03,Meeting Room A,meeting_room,12,2026-08-05 07:00:00,11,91.7
ZN-03,Meeting Room A,meeting_room,12,2026-08-05 07:15:00,10,83.3
ZN-03,Meeting Room A,meeting_room,12,2026-08-05 07:30:00,12,100.0
ZN-03,Meeting Room A,meeting_room,12,2026-08-05 07:45:00,12,100.0
ZN-03,Meeting Room A,meeting_room,12,2026-08-05 08:00:00,7,58.3
ZN-03,Meeting Room A,meeting_room,12,2026-08-05 08:15:00,8,66.7
ZN-03,Meeting Room A,meeting_room,12,2026-08-05 08:30:00,12,100.0
ZN-03,Meeting Room A,meeting_room,12,2026-08-05 08:45:00,11,91.7
ZN-03,Meeting Room A,meeting_room,12,2026-08-05 09:00:00,12,100.0
ZN-03,Meeting Room A,meeting_room,12,2026-08-05 09:15:00,9,75.0
ZN-03,Meeting Room A,meeting_room,12,2026-08-05 09:30:00,12,100.0
ZN-03,Meeting Room A,meeting_room,12,2026-08-05 09:45:00,6,50.0
ZN-03,Meeting Room A,meeting_room,12,2026-08-05 10:00:00,10,83.3
ZN-03,Meeting Room A,meeting_room,12,2026-08-05 10:15:00,6,50.0
ZN-03,Meeting Room A,meeting_room,12,2026-08-05 10:30:00,3,25.0
ZN-03,Meeting Room A,meeting_room,12,2026-08-05 10:45:00,6,50.0
ZN-03,Meeting Room A,meeting_room,12,2026-08-05 11:00:00,9,75.0
ZN-03,Meeting Room A,meeting_room,12,2026-08-05 11:15:00,9,75.0
ZN-03,Meeting Room A,meeting_room,12,2026-08-05 11:30:00,9,75.0
ZN-03,Meeting Room A,meeting_room,12,2026-08-05 11:45:00,12,100.0
ZN-03,Meeting Room A,meeting_room,12,2026-08-05 12:00:00,5,41.7
ZN-03,Meeting Room A,meeting_room,12,2026-08-05 12:15:00,8,66.7
ZN-03,Meeting Room A,meeting_room,12,2026-08-05 12:30:00,11,91.7
ZN-03,Meeting Room A,meeting_room,12,2026-08-05 12:45:00,6,50.0
ZN-03,Meeting Room A,meeting_room,12,2026-08-05 13:00:00,5,41.7
ZN-03,Meeting Room A,meeting_room,12,2026-08-05 13:15:00,11,91.7
ZN-03,Meeting Room A,meeting_room,12,2026-08-05 13:30:00,5,41.7
ZN-03,Meeting Room A,meeting_room,12,2026-08-05 13:45:00,5,41.7
ZN-03,Meeting Room A,meeting_room,12,2026-08-05 14:00:00,12,100.0
ZN-03,Meeting Room A,meeting_room,12,2026-08-05 14:15:00,11,91.7
ZN-03,Meeting Room A,meeting_room,12,2026-08-05 14:30:00,12,100.0
ZN-03,Meeting Room A,meeting_room,12,2026-08-05 14:45:00,9,75.0
ZN-03,Meeting Room A,meeting_room,12,2026-08-05 15:00:00,11,91.7
ZN-03,Meeting Room A,meeting_room,12,2026-08-05 15:15:00,4,33.3
ZN-03,Meeting Room A,meeting_room,12,2026-08-05 15:30:00,1,8.3
ZN-03,Meeting Room A,meeting_room,12,2026-08-05 15:45:00,7,58.3
ZN-03,Meeting Room A,meeting_room,12,2026-08-05 16:00:00,7,58.3
ZN-03,Meeting Room A,meeting_room,12,2026-08-05 16:15:00,0,0.0
ZN-03,Meeting Room A,meeting_room,12,2026-08-05 16:30:00,0,0.0
ZN-03,Meeting Room A,meeting_room,12,2026-08-05 16:45:00,0,0.0
ZN-03,Meeting Room A,meeting_room,12,2026-08-05 17:00:00,1,8.3
ZN-03,Meeting Room A,meeting_room,12,2026-08-05 17:15:00,0,0.0
ZN-03,Meeting Room A,meeting_room,12,2026-08-05 17:30:00,0,0.0
ZN-03,Meeting Room A,meeting_room,12,2026-08-05 17:45:00,4,33.3
ZN-03,Meeting Room A,meeting_room,12,2026-08-05 18:00:00,1,8.3
ZN-03,Meeting Room A,meeting_room,12,2026-08-05 18:15:00,0,0.0
ZN-03,Meeting Room A,meeting_room,12,2026-08-05 18:30:00,0,0.0
ZN-03,Meeting Room A,meeting_room,12,2026-08-05 18:45:00,0,0.0
ZN-03,Meeting Room A,meeting_room,12,2026-08-05 19:00:00,3,25.0
ZN-03,Meeting Room A,meeting_room,12,2026-08-05 19:15:00,3,25.0
ZN-03,Meeting Room A,meeting_room,12,2026-08-05 19:30:00,0,0.0
ZN-03,Meeting Room A,meeting_room,12,2026-08-05 19:45:00,4,33.3
ZN-03,Meeting Room A,meeting_room,12,2026-08-05 20:00:00,2,16.7
ZN-03,Meeting Room A,meeting_room,12,2026-08-05 20:15:00,3,25.0
ZN-03,Meeting Room A,meeting_room,12,2026-08-05 20:30:00,2,16.7
ZN-03,Meeting Room A,meeting_room,12,2026-08-05 20:45:00,0,0.0
ZN-03,Meeting Room A,meeting_room,12,2026-08-05 21:00:00,0,0.0
ZN-03,Meeting Room A,meeting_room,12,2026-08-05 21:15:00,4,33.3
ZN-03,Meeting Room A,meeting_room,12,2026-08-05 21:30:00,0,0.0
ZN-03,Meeting Room A,meeting_room,12,2026-08-05 21:45:00,2,16.7
ZN-03,Meeting Room A,meeting_room,12,2026-08-05 22:00:00,3,25.0
ZN-03,Meeting Room A,meeting_room,12,2026-08-05 22:15:00,0,0.0
ZN-03,Meeting Room A,meeting_room,12,2026-08-05 22:30:00,3,25.0
ZN-03,Meeting Room A,meeting_room,12,2026-08-05 22:45:00,3,25.0
ZN-03,Meeting Room A,meeting_room,12,2026-08-05 23:00:00,6,50.0
ZN-03,Meeting Room A,meeting_room,12,2026-08-05 23:15:00,1,8.3
ZN-03,Meeting Room A,meeting_room,12,2026-08-05 23:30:00,0,0.0
ZN-03,Meeting Room A,meeting_room,12,2026-08-05 23:45:00,0,0.0
ZN-03,Meeting Room A,meeting_room,12,2026-08-06 00:00:00,0,0.0
ZN-03,Meeting Room A,meeting_room,12,2026-08-06 00:15:00,1,8.3
ZN-03,Meeting Room A,meeting_room,12,2026-08-06 00:30:00,0,0.0
ZN-03,Meeting Room A,meeting_room,12,2026-08-06 00:45:00,0,0.0
ZN-03,Meeting Room A,meeting_room,12,2026-08-06 01:00:00,2,16.7
ZN-03,Meeting Room A,meeting_room,12,2026-08-06 01:15:00,1,8.3
ZN-03,Meeting Room A,meeting_room,12,2026-08-06 01:30:00,0,0.0
ZN-03,Meeting Room A,meeting_room,12,2026-08-06 01:45:00,3,25.0
ZN-03,Meeting Room A,meeting_room,12,2026-08-06 02:00:00,1,8.3
ZN-03,Meeting Room A,meeting_room,12,2026-08-06 02:15:00,0,0.0
ZN-03,Meeting Room A,meeting_room,12,2026-08-06 02:30:00,0,0.0
ZN-03,Meeting Room A,meeting_room,12,2026-08-06 02:45:00,4,33.3
ZN-03,Meeting Room A,meeting_room,12,2026-08-06 03:00:00,0,0.0
ZN-03,Meeting Room A,meeting_room,12,2026-08-06 03:15:00,0,0.0
ZN-03,Meeting Room A,meeting_room,12,2026-08-06 03:30:00,2,16.7
ZN-03,Meeting Room A,meeting_room,12,2026-08-06 03:45:00,3,25.0
ZN-03,Meeting Room A,meeting_room,12,2026-08-06 04:00:00,0,0.0
ZN-03,Meeting Room A,meeting_room,12,2026-08-06 04:15:00,0,0.0
ZN-03,Meeting Room A,meeting_room,12,2026-08-06 04:30:00,0,0.0
ZN-03,Meeting Room A,meeting_room,12,2026-08-06 04:45:00,0,0.0
ZN-03,Meeting Room A,meeting_room,12,2026-08-06 05:00:00,4,33.3
ZN-03,Meeting Room A,meeting_room,12,2026-08-06 05:15:00,2,16.7
ZN-03,Meeting Room A,meeting_room,12,2026-08-06 05:30:00,0,0.0
ZN-03,Meeting Room A,meeting_room,12,2026-08-06 05:45:00,0,0.0
ZN-03,Meeting Room A,meeting_room,12,2026-08-06 06:00:00,9,75.0
ZN-03,Meeting Room A,meeting_room,12,2026-08-06 06:15:00,12,100.0
ZN-03,Meeting Room A,meeting_room,12,2026-08-06 06:30:00,12,100.0
ZN-03,Meeting Room A,meeting_room,12,2026-08-06 06:45:00,11,91.7
ZN-03,Meeting Room A,meeting_room,12,2026-08-06 07:00:00,4,33.3
ZN-03,Meeting Room A,meeting_room,12,2026-08-06 07:15:00,12,100.0
ZN-03,Meeting Room A,meeting_room,12,2026-08-06 07:30:00,10,83.3
ZN-03,Meeting Room A,meeting_room,12,2026-08-06 07:45:00,12,100.0
ZN-03,Meeting Room A,meeting_room,12,2026-08-06 08:00:00,10,83.3
ZN-03,Meeting Room A,meeting_room,12,2026-08-06 08:15:00,12,100.0
ZN-03,Meeting Room A,meeting_room,12,2026-08-06 08:30:00,12,100.0
ZN-03,Meeting Room A,meeting_room,12,2026-08-06 08:45:00,9,75.0
ZN-03,Meeting Room A,meeting_room,12,2026-08-06 09:00:00,8,66.7
ZN-03,Meeting Room A,meeting_room,12,2026-08-06 09:15:00,9,75.0
ZN-03,Meeting Room A,meeting_room,12,2026-08-06 09:30:00,12,100.0
ZN-03,Meeting Room A,meeting_room,12,2026-08-06 09:45:00,12,100.0
ZN-03,Meeting Room A,meeting_room,12,2026-08-06 10:00:00,11,91.7
ZN-03,Meeting Room A,meeting_room,12,2026-08-06 10:15:00,5,41.7
ZN-03,Meeting Room A,meeting_room,12,2026-08-06 10:30:00,9,75.0
ZN-03,Meeting Room A,meeting_room,12,2026-08-06 10:45:00,3,25.0
ZN-03,Meeting Room A,meeting_room,12,2026-08-06 11:00:00,12,100.0
ZN-03,Meeting Room A,meeting_room,12,2026-08-06 11:15:00,9,75.0
ZN-03,Meeting Room A,meeting_room,12,2026-08-06 11:30:00,12,100.0
ZN-03,Meeting Room A,meeting_room,12,2026-08-06 11:45:00,9,75.0
ZN-03,Meeting Room A,meeting_room,12,2026-08-06 12:00:00,9,75.0
ZN-03,Meeting Room A,meeting_room,12,2026-08-06 12:15:00,11,91.7
ZN-03,Meeting Room A,meeting_room,12,2026-08-06 12:30:00,9,75.0
ZN-03,Meeting Room A,meeting_room,12,2026-08-06 12:45:00,9,75.0
ZN-03,Meeting Room A,meeting_room,12,2026-08-06 13:00:00,10,83.3
ZN-03,Meeting Room A,meeting_room,12,2026-08-06 13:15:00,6,50.0
ZN-03,Meeting Room A,meeting_room,12,2026-08-06 13:30:00,11,91.7
ZN-03,Meeting Room A,meeting_room,12,2026-08-06 13:45:00,9,75.0
ZN-03,Meeting Room A,meeting_room,12,2026-08-06 14:00:00,11,91.7
ZN-03,Meeting Room A,meeting_room,12,2026-08-06 14:15:00,11,91.7
ZN-03,Meeting Room A,meeting_room,12,2026-08-06 14:30:00,11,91.7
ZN-03,Meeting Room A,meeting_room,12,2026-08-06 14:45:00,12,100.0
ZN-03,Meeting Room A,meeting_room,12,2026-08-06 15:00:00,8,66.7
ZN-03,Meeting Room A,meeting_room,12,2026-08-06 15:15:00,8,66.7
ZN-03,Meeting Room A,meeting_room,12,2026-08-06 15:30:00,4,33.3
ZN-03,Meeting Room A,meeting_room,12,2026-08-06 15:45:00,3,25.0
ZN-03,Meeting Room A,meeting_room,12,2026-08-06 16:00:00,2,16.7
ZN-03,Meeting Room A,meeting_room,12,2026-08-06 16:15:00,2,16.7
ZN-03,Meeting Room A,meeting_room,12,2026-08-06 16:30:00,1,8.3
ZN-03,Meeting Room A,meeting_room,12,2026-08-06 16:45:00,0,0.0
ZN-03,Meeting Room A,meeting_room,12,2026-08-06 17:00:00,1,8.3
ZN-03,Meeting Room A,meeting_room,12,2026-08-06 17:15:00,0,0.0
ZN-03,Meeting Room A,meeting_room,12,2026-08-06 17:30:00,0,0.0
ZN-03,Meeting Room A,meeting_room,12,2026-08-06 17:45:00,0,0.0
ZN-03,Meeting Room A,meeting_room,12,2026-08-06 18:00:00,0,0.0
ZN-03,Meeting Room A,meeting_room,12,2026-08-06 18:15:00,0,0.0
ZN-03,Meeting Room A,meeting_room,12,2026-08-06 18:30:00,5,41.7
ZN-03,Meeting Room A,meeting_room,12,2026-08-06 18:45:00,3,25.0
ZN-03,Meeting Room A,meeting_room,12,2026-08-06 19:00:00,0,0.0
ZN-03,Meeting Room A,meeting_room,12,2026-08-06 19:15:00,0,0.0
ZN-03,Meeting Room A,meeting_room,12,2026-08-06 19:30:00,0,0.0
ZN-03,Meeting Room A,meeting_room,12,2026-08-06 19:45:00,4,33.3
ZN-03,Meeting Room A,meeting_room,12,2026-08-06 20:00:00,0,0.0
ZN-03,Meeting Room A,meeting_room,12,2026-08-06 20:15:00,3,25.0
ZN-03,Meeting Room A,meeting_room,12,2026-08-06 20:30:00,0,0.0
ZN-03,Meeting Room A,meeting_room,12,2026-08-06 20:45:00,0,0.0
ZN-03,Meeting Room A,meeting_room,12,2026-08-06 21:00:00,0,0.0
ZN-03,Meeting Room A,meeting_room,12,2026-08-06 21:15:00,2,16.7
ZN-03,Meeting Room A,meeting_room,12,2026-08-06 21:30:00,4,33.3
ZN-03,Meeting Room A,meeting_room,12,2026-08-06 21:45:00,2,16.7
ZN-03,Meeting Room A,meeting_room,12,2026-08-06 22:00:00,0,0.0
ZN-03,Meeting Room A,meeting_room,12,2026-08-06 22:15:00,0,0.0
ZN-03,Meeting Room A,meeting_room,12,2026-08-06 22:30:00,0,0.0
ZN-03,Meeting Room A,meeting_room,12,2026-08-06 22:45:00,1,8.3
ZN-03,Meeting Room A,meeting_room,12,2026-08-06 23:00:00,0,0.0
ZN-03,Meeting Room A,meeting_room,12,2026-08-06 23:15:00,1,8.3
ZN-03,Meeting Room A,meeting_room,12,2026-08-06 23:30:00,0,0.0
ZN-03,Meeting Room A,meeting_room,12,2026-08-06 23:45:00,0,0.0
ZN-03,Meeting Room A,meeting_room,12,2026-08-07 00:00:00,0,0.0
ZN-03,Meeting Room A,meeting_room,12,2026-08-07 00:15:00,4,33.3
ZN-03,Meeting Room A,meeting_room,12,2026-08-07 00:30:00,0,0.0
ZN-03,Meeting Room A,meeting_room,12,2026-08-07 00:45:00,0,0.0
ZN-03,Meeting Room A,meeting_room,12,2026-08-07 01:00:00,0,0.0
ZN-03,Meeting Room A,meeting_room,12,2026-08-07 01:15:00,0,0.0
ZN-03,Meeting Room A,meeting_room,12,2026-08-07 01:30:00,0,0.0
ZN-03,Meeting Room A,meeting_room,12,2026-08-07 01:45:00,0,0.0
ZN-03,Meeting Room A,meeting_room,12,2026-08-07 02:00:00,1,8.3
ZN-03,Meeting Room A,meeting_room,12,2026-08-07 02:15:00,3,25.0
ZN-03,Meeting Room A,meeting_room,12,2026-08-07 02:30:00,0,0.0
ZN-03,Meeting Room A,meeting_room,12,2026-08-07 02:45:00,3,25.0
ZN-03,Meeting Room A,meeting_room,12,2026-08-07 03:00:00,0,0.0
ZN-03,Meeting Room A,meeting_room,12,2026-08-07 03:15:00,4,33.3
ZN-03,Meeting Room A,meeting_room,12,2026-08-07 03:30:00,2,16.7
ZN-03,Meeting Room A,meeting_room,12,2026-08-07 03:45:00,1,8.3
ZN-03,Meeting Room A,meeting_room,12,2026-08-07 04:00:00,0,0.0
ZN-03,Meeting Room A,meeting_room,12,2026-08-07 04:15:00,0,0.0
ZN-03,Meeting Room A,meeting_room,12,2026-08-07 04:30:00,0,0.0
ZN-03,Meeting Room A,meeting_room,12,2026-08-07 04:45:00,0,0.0
ZN-03,Meeting Room A,meeting_room,12,2026-08-07 05:00:00,0,0.0
ZN-03,Meeting Room A,meeting_room,12,2026-08-07 05:15:00,2,16.7
ZN-03,Meeting Room A,meeting_room,12,2026-08-07 05:30:00,1,8.3
ZN-03,Meeting Room A,meeting_room,12,2026-08-07 05:45:00,4,33.3
ZN-03,Meeting Room A,meeting_room,12,2026-08-07 06:00:00,12,100.0
ZN-03,Meeting Room A,meeting_room,12,2026-08-07 06:15:00,11,91.7
ZN-03,Meeting Room A,meeting_room,12,2026-08-07 06:30:00,10,83.3
ZN-03,Meeting Room A,meeting_room,12,2026-08-07 06:45:00,12,100.0
ZN-03,Meeting Room A,meeting_room,12,2026-08-07 07:00:00,10,83.3
ZN-03,Meeting Room A,meeting_room,12,2026-08-07 07:15:00,10,83.3
ZN-03,Meeting Room A,meeting_room,12,2026-08-07 07:30:00,12,100.0
ZN-03,Meeting Room A,meeting_room,12,2026-08-07 07:45:00,10,83.3
ZN-03,Meeting Room A,meeting_room,12,2026-08-07 08:00:00,11,91.7
ZN-03,Meeting Room A,meeting_room,12,2026-08-07 08:15:00,7,58.3
ZN-03,Meeting Room A,meeting_room,12,2026-08-07 08:30:00,11,91.7
ZN-03,Meeting Room A,meeting_room,12,2026-08-07 08:45:00,12,100.0
ZN-03,Meeting Room A,meeting_room,12,2026-08-07 09:00:00,12,100.0
ZN-03,Meeting Room A,meeting_room,12,2026-08-07 09:15:00,12,100.0
ZN-03,Meeting Room A,meeting_room,12,2026-08-07 09:30:00,8,66.7
ZN-03,Meeting Room A,meeting_room,12,2026-08-07 09:45:00,11,91.7
ZN-03,Meeting Room A,meeting_room,12,2026-08-07 10:00:00,4,33.3
ZN-03,Meeting Room A,meeting_room,12,2026-08-07 10:15:00,3,25.0
ZN-03,Meeting Room A,meeting_room,12,2026-08-07 10:30:00,3,25.0
ZN-03,Meeting Room A,meeting_room,12,2026-08-07 10:45:00,9,75.0
ZN-03,Meeting Room A,meeting_room,12,2026-08-07 11:00:00,12,100.0
ZN-03,Meeting Room A,meeting_room,12,2026-08-07 11:15:00,8,66.7
ZN-03,Meeting Room A,meeting_room,12,2026-08-07 11:30:00,5,41.7
ZN-03,Meeting Room A,meeting_room,12,2026-08-07 11:45:00,11,91.7
ZN-03,Meeting Room A,meeting_room,12,2026-08-07 12:00:00,3,25.0
ZN-03,Meeting Room A,meeting_room,12,2026-08-07 12:15:00,3,25.0
ZN-03,Meeting Room A,meeting_room,12,2026-08-07 12:30:00,8,66.7
ZN-03,Meeting Room A,meeting_room,12,2026-08-07 12:45:00,8,66.7
ZN-03,Meeting Room A,meeting_room,12,2026-08-07 13:00:00,4,33.3
ZN-03,Meeting Room A,meeting_room,12,2026-08-07 13:15:00,7,58.3
ZN-03,Meeting Room A,meeting_room,12,2026-08-07 13:30:00,10,83.3
ZN-03,Meeting Room A,meeting_room,12,2026-08-07 13:45:00,10,83.3
ZN-03,Meeting Room A,meeting_room,12,2026-08-07 14:00:00,12,100.0
ZN-03,Meeting Room A,meeting_room,12,2026-08-07 14:15:00,12,100.0
ZN-03,Meeting Room A,meeting_room,12,2026-08-07 14:30:00,12,100.0
ZN-03,Meeting Room A,meeting_room,12,2026-08-07 14:45:00,12,100.0
ZN-03,Meeting Room A,meeting_room,12,2026-08-07 15:00:00,11,91.7
ZN-03,Meeting Room A,meeting_room,12,2026-08-07 15:15:00,6,50.0
ZN-03,Meeting Room A,meeting_room,12,2026-08-07 15:30:00,3,25.0
ZN-03,Meeting Room A,meeting_room,12,2026-08-07 15:45:00,11,91.7
ZN-03,Meeting Room A,meeting_room,12,2026-08-07 16:00:00,3,25.0
ZN-03,Meeting Room A,meeting_room,12,2026-08-07 16:15:00,1,8.3
ZN-03,Meeting Room A,meeting_room,12,2026-08-07 16:30:00,0,0.0
ZN-03,Meeting Room A,meeting_room,12,2026-08-07 16:45:00,4,33.3
ZN-03,Meeting Room A,meeting_room,12,2026-08-07 17:00:00,1,8.3
ZN-03,Meeting Room A,meeting_room,12,2026-08-07 17:15:00,0,0.0
ZN-03,Meeting Room A,meeting_room,12,2026-08-07 17:30:00,0,0.0
ZN-03,Meeting Room A,meeting_room,12,2026-08-07 17:45:00,0,0.0
ZN-03,Meeting Room A,meeting_room,12,2026-08-07 18:00:00,0,0.0
ZN-03,Meeting Room A,meeting_room,12,2026-08-07 18:15:00,0,0.0
ZN-03,Meeting Room A,meeting_room,12,2026-08-07 18:30:00,0,0.0
ZN-03,Meeting Room A,meeting_room,12,2026-08-07 18:45:00,0,0.0
ZN-03,Meeting Room A,meeting_room,12,2026-08-07 19:00:00,1,8.3
ZN-03,Meeting Room A,meeting_room,12,2026-08-07 19:15:00,4,33.3
ZN-03,Meeting Room A,meeting_room,12,2026-08-07 19:30:00,2,16.7
ZN-03,Meeting Room A,meeting_room,12,2026-08-07 19:45:00,1,8.3
ZN-03,Meeting Room A,meeting_room,12,2026-08-07 20:00:00,6,50.0
ZN-03,Meeting Room A,meeting_room,12,2026-08-07 20:15:00,0,0.0
ZN-03,Meeting Room A,meeting_room,12,2026-08-07 20:30:00,2,16.7
ZN-03,Meeting Room A,meeting_room,12,2026-08-07 20:45:00,0,0.0
ZN-03,Meeting Room A,meeting_room,12,2026-08-07 21:00:00,0,0.0
ZN-03,Meeting Room A,meeting_room,12,2026-08-07 21:15:00,0,0.0
ZN-03,Meeting Room A,meeting_room,12,2026-08-07 21:30:00,0,0.0
ZN-03,Meeting Room A,meeting_room,12,2026-08-07 21:45:00,0,0.0
ZN-03,Meeting Room A,meeting_room,12,2026-08-07 22:00:00,0,0.0
ZN-03,Meeting Room A,meeting_room,12,2026-08-07 22:15:00,0,0.0
ZN-03,Meeting Room A,meeting_room,12,2026-08-07 22:30:00,0,0.0
ZN-03,Meeting Room A,meeting_room,12,2026-08-07 22:45:00,2,16.7
ZN-03,Meeting Room A,meeting_room,12,2026-08-07 23:00:00,0,0.0
ZN-03,Meeting Room A,meeting_room,12,2026-08-07 23:15:00,2,16.7
ZN-03,Meeting Room A,meeting_room,12,2026-08-07 23:30:00,0,0.0
ZN-03,Meeting Room A,meeting_room,12,2026-08-07 23:45:00,0,0.0
ZN-03,Meeting Room A,meeting_room,12,2026-08-08 00:00:00,0,0.0
ZN-03,Meeting Room A,meeting_room,12,2026-08-08 00:15:00,0,0.0
ZN-03,Meeting Room A,meeting_room,12,2026-08-08 00:30:00,0,0.0
ZN-03,Meeting Room A,meeting_room,12,2026-08-08 00:45:00,1,8.3
ZN-03,Meeting Room A,meeting_room,12,2026-08-08 01:00:00,0,0.0
ZN-03,Meeting Room A,meeting_room,12,2026-08-08 01:15:00,5,41.7
ZN-03,Meeting Room A,meeting_room,12,2026-08-08 01:30:00,4,33.3
ZN-03,Meeting Room A,meeting_room,12,2026-08-08 01:45:00,0,0.0
ZN-03,Meeting Room A,meeting_room,12,2026-08-08 02:00:00,3,25.0
ZN-03,Meeting Room A,meeting_room,12,2026-08-08 02:15:00,1,8.3
ZN-03,Meeting Room A,meeting_room,12,2026-08-08 02:30:00,0,0.0
ZN-03,Meeting Room A,meeting_room,12,2026-08-08 02:45:00,4,33.3
ZN-03,Meeting Room A,meeting_room,12,2026-08-08 03:00:00,0,0.0
ZN-03,Meeting Room A,meeting_room,12,2026-08-08 03:15:00,0,0.0
ZN-03,Meeting Room A,meeting_room,12,2026-08-08 03:30:00,0,0.0
ZN-03,Meeting Room A,meeting_room,12,2026-08-08 03:45:00,2,16.7
ZN-03,Meeting Room A,meeting_room,12,2026-08-08 04:00:00,0,0.0
ZN-03,Meeting Room A,meeting_room,12,2026-08-08 04:15:00,0,0.0
ZN-03,Meeting Room A,meeting_room,12,2026-08-08 04:30:00,0,0.0
ZN-03,Meeting Room A,meeting_room,12,2026-08-08 04:45:00,0,0.0
ZN-03,Meeting Room A,meeting_room,12,2026-08-08 05:00:00,2,16.7
ZN-03,Meeting Room A,meeting_room,12,2026-08-08 05:15:00,3,25.0
ZN-03,Meeting Room A,meeting_room,12,2026-08-08 05:30:00,0,0.0
ZN-03,Meeting Room A,meeting_room,12,2026-08-08 05:45:00,3,25.0
ZN-03,Meeting Room A,meeting_room,12,2026-08-08 06:00:00,0,0.0
ZN-03,Meeting Room A,meeting_room,12,2026-08-08 06:15:00,1,8.3
ZN-03,Meeting Room A,meeting_room,12,2026-08-08 06:30:00,1,8.3
ZN-03,Meeting Room A,meeting_room,12,2026-08-08 06:45:00,0,0.0
ZN-03,Meeting Room A,meeting_room,12,2026-08-08 07:00:00,3,25.0
ZN-03,Meeting Room A,meeting_room,12,2026-08-08 07:15:00,0,0.0
ZN-03,Meeting Room A,meeting_room,12,2026-08-08 07:30:00,0,0.0
ZN-03,Meeting Room A,meeting_room,12,2026-08-08 07:45:00,0,0.0
ZN-03,Meeting Room A,meeting_room,12,2026-08-08 08:00:00,6,50.0
ZN-03,Meeting Room A,meeting_room,12,2026-08-08 08:15:00,5,41.7
ZN-03,Meeting Room A,meeting_room,12,2026-08-08 08:30:00,0,0.0
ZN-03,Meeting Room A,meeting_room,12,2026-08-08 08:45:00,1,8.3
ZN-03,Meeting Room A,meeting_room,12,2026-08-08 09:00:00,2,16.7
ZN-03,Meeting Room A,meeting_room,12,2026-08-08 09:15:00,0,0.0
ZN-03,Meeting Room A,meeting_room,12,2026-08-08 09:30:00,0,0.0
ZN-03,Meeting Room A,meeting_room,12,2026-08-08 09:45:00,0,0.0
ZN-03,Meeting Room A,meeting_room,12,2026-08-08 10:00:00,0,0.0
ZN-03,Meeting Room A,meeting_room,12,2026-08-08 10:15:00,0,0.0
ZN-03,Meeting Room A,meeting_room,12,2026-08-08 10:30:00,0,0.0
ZN-03,Meeting Room A,meeting_room,12,2026-08-08 10:45:00,0,0.0
ZN-03,Meeting Room A,meeting_room,12,2026-08-08 11:00:00,0,0.0
ZN-03,Meeting Room A,meeting_room,12,2026-08-08 11:15:00,2,16.7
ZN-03,Meeting Room A,meeting_room,12,2026-08-08 11:30:00,2,16.7
ZN-03,Meeting Room A,meeting_room,12,2026-08-08 11:45:00,0,0.0
ZN-03,Meeting Room A,meeting_room,12,2026-08-08 12:00:00,0,0.0
ZN-03,Meeting Room A,meeting_room,12,2026-08-08 12:15:00,2,16.7
ZN-03,Meeting Room A,meeting_room,12,2026-08-08 12:30:00,1,8.3
ZN-03,Meeting Room A,meeting_room,12,2026-08-08 12:45:00,3,25.0
ZN-03,Meeting Room A,meeting_room,12,2026-08-08 13:00:00,0,0.0
ZN-03,Meeting Room A,meeting_room,12,2026-08-08 13:15:00,2,16.7
ZN-03,Meeting Room A,meeting_room,12,2026-08-08 13:30:00,2,16.7
ZN-03,Meeting Room A,meeting_room,12,2026-08-08 13:45:00,0,0.0
ZN-03,Meeting Room A,meeting_room,12,2026-08-08 14:00:00,0,0.0
ZN-03,Meeting Room A,meeting_room,12,2026-08-08 14:15:00,2,16.7
ZN-03,Meeting Room A,meeting_room,12,2026-08-08 14:30:00,0,0.0
ZN-03,Meeting Room A,meeting_room,12,2026-08-08 14:45:00,1,8.3
ZN-03,Meeting Room A,meeting_room,12,2026-08-08 15:00:00,1,8.3
ZN-03,Meeting Room A,meeting_room,12,2026-08-08 15:15:00,2,16.7
ZN-03,Meeting Room A,meeting_room,12,2026-08-08 15:30:00,3,25.0
ZN-03,Meeting Room A,meeting_room,12,2026-08-08 15:45:00,0,0.0
ZN-03,Meeting Room A,meeting_room,12,2026-08-08 16:00:00,0,0.0
ZN-03,Meeting Room A,meeting_room,12,2026-08-08 16:15:00,0,0.0
ZN-03,Meeting Room A,meeting_room,12,2026-08-08 16:30:00,3,25.0
ZN-03,Meeting Room A,meeting_room,12,2026-08-08 16:45:00,0,0.0
ZN-03,Meeting Room A,meeting_room,12,2026-08-08 17:00:00,0,0.0
ZN-03,Meeting Room A,meeting_room,12,2026-08-08 17:15:00,0,0.0
ZN-03,Meeting Room A,meeting_room,12,2026-08-08 17:30:00,2,16.7
ZN-03,Meeting Room A,meeting_room,12,2026-08-08 17:45:00,0,0.0
ZN-03,Meeting Room A,meeting_room,12,2026-08-08 18:00:00,0,0.0
ZN-03,Meeting Room A,meeting_room,12,2026-08-08 18:15:00,0,0.0
ZN-03,Meeting Room A,meeting_room,12,2026-08-08 18:30:00,1,8.3
ZN-03,Meeting Room A,meeting_room,12,2026-08-08 18:45:00,0,0.0
ZN-03,Meeting Room A,meeting_room,12,2026-08-08 19:00:00,3,25.0
ZN-03,Meeting Room A,meeting_room,12,2026-08-08 19:15:00,0,0.0
ZN-03,Meeting Room A,meeting_room,12,2026-08-08 19:30:00,1,8.3
ZN-03,Meeting Room A,meeting_room,12,2026-08-08 19:45:00,2,16.7
ZN-03,Meeting Room A,meeting_room,12,2026-08-08 20:00:00,0,0.0
ZN-03,Meeting Room A,meeting_room,12,2026-08-08 20:15:00,1,8.3
ZN-03,Meeting Room A,meeting_room,12,2026-08-08 20:30:00,0,0.0
ZN-03,Meeting Room A,meeting_room,12,2026-08-08 20:45:00,0,0.0
ZN-03,Meeting Room A,meeting_room,12,2026-08-08 21:00:00,0,0.0
ZN-03,Meeting Room A,meeting_room,12,2026-08-08 21:15:00,3,25.0
ZN-03,Meeting Room A,meeting_room,12,2026-08-08 21:30:00,0,0.0
ZN-03,Meeting Room A,meeting_room,12,2026-08-08 21:45:00,0,0.0
ZN-03,Meeting Room A,meeting_room,12,2026-08-08 22:00:00,5,41.7
ZN-03,Meeting Room A,meeting_room,12,2026-08-08 22:15:00,0,0.0
ZN-03,Meeting Room A,meeting_room,12,2026-08-08 22:30:00,1,8.3
ZN-03,Meeting Room A,meeting_room,12,2026-08-08 22:45:00,5,41.7
ZN-03,Meeting Room A,meeting_room,12,2026-08-08 23:00:00,0,0.0
ZN-03,Meeting Room A,meeting_room,12,2026-08-08 23:15:00,7,58.3
ZN-03,Meeting Room A,meeting_room,12,2026-08-08 23:30:00,0,0.0
ZN-03,Meeting Room A,meeting_room,12,2026-08-08 23:45:00,2,16.7
ZN-03,Meeting Room A,meeting_room,12,2026-08-09 00:00:00,0,0.0
ZN-03,Meeting Room A,meeting_room,12,2026-08-09 00:15:00,0,0.0
ZN-03,Meeting Room A,meeting_room,12,2026-08-09 00:30:00,2,16.7
ZN-03,Meeting Room A,meeting_room,12,2026-08-09 00:45:00,1,8.3
ZN-03,Meeting Room A,meeting_room,12,2026-08-09 01:00:00,0,0.0
ZN-03,Meeting Room A,meeting_room,12,2026-08-09 01:15:00,1,8.3
ZN-03,Meeting Room A,meeting_room,12,2026-08-09 01:30:00,2,16.7
ZN-03,Meeting Room A,meeting_room,12,2026-08-09 01:45:00,3,25.0
ZN-03,Meeting Room A,meeting_room,12,2026-08-09 02:00:00,3,25.0
ZN-03,Meeting Room A,meeting_room,12,2026-08-09 02:15:00,2,16.7
ZN-03,Meeting Room A,meeting_room,12,2026-08-09 02:30:00,4,33.3
ZN-03,Meeting Room A,meeting_room,12,2026-08-09 02:45:00,0,0.0
ZN-03,Meeting Room A,meeting_room,12,2026-08-09 03:00:00,0,0.0
ZN-03,Meeting Room A,meeting_room,12,2026-08-09 03:15:00,1,8.3
ZN-03,Meeting Room A,meeting_room,12,2026-08-09 03:30:00,2,16.7
ZN-03,Meeting Room A,meeting_room,12,2026-08-09 03:45:00,2,16.7
ZN-03,Meeting Room A,meeting_room,12,2026-08-09 04:00:00,0,0.0
ZN-03,Meeting Room A,meeting_room,12,2026-08-09 04:15:00,1,8.3
ZN-03,Meeting Room A,meeting_room,12,2026-08-09 04:30:00,2,16.7
ZN-03,Meeting Room A,meeting_room,12,2026-08-09 04:45:00,0,0.0
ZN-03,Meeting Room A,meeting_room,12,2026-08-09 05:00:00,1,8.3
ZN-03,Meeting Room A,meeting_room,12,2026-08-09 05:15:00,1,8.3
ZN-03,Meeting Room A,meeting_room,12,2026-08-09 05:30:00,0,0.0
ZN-03,Meeting Room A,meeting_room,12,2026-08-09 05:45:00,5,41.7
ZN-03,Meeting Room A,meeting_room,12,2026-08-09 06:00:00,0,0.0
ZN-03,Meeting Room A,meeting_room,12,2026-08-09 06:15:00,0,0.0
ZN-03,Meeting Room A,meeting_room,12,2026-08-09 06:30:00,3,25.0
ZN-03,Meeting Room A,meeting_room,12,2026-08-09 06:45:00,0,0.0
ZN-03,Meeting Room A,meeting_room,12,2026-08-09 07:00:00,3,25.0
ZN-03,Meeting Room A,meeting_room,12,2026-08-09 07:15:00,0,0.0
ZN-03,Meeting Room A,meeting_room,12,2026-08-09 07:30:00,2,16.7
ZN-03,Meeting Room A,meeting_room,12,2026-08-09 07:45:00,0,0.0
ZN-03,Meeting Room A,meeting_room,12,2026-08-09 08:00:00,0,0.0
ZN-03,Meeting Room A,meeting_room,12,2026-08-09 08:15:00,0,0.0
ZN-03,Meeting Room A,meeting_room,12,2026-08-09 08:30:00,0,0.0
ZN-03,Meeting Room A,meeting_room,12,2026-08-09 08:45:00,0,0.0
ZN-03,Meeting Room A,meeting_room,12,2026-08-09 09:00:00,2,16.7
ZN-03,Meeting Room A,meeting_room,12,2026-08-09 09:15:00,6,50.0
ZN-03,Meeting Room A,meeting_room,12,2026-08-09 09:30:00,0,0.0
ZN-03,Meeting Room A,meeting_room,12,2026-08-09 09:45:00,0,0.0
ZN-03,Meeting Room A,meeting_room,12,2026-08-09 10:00:00,2,16.7
ZN-03,Meeting Room A,meeting_room,12,2026-08-09 10:15:00,0,0.0
ZN-03,Meeting Room A,meeting_room,12,2026-08-09 10:30:00,2,16.7
ZN-03,Meeting Room A,meeting_room,12,2026-08-09 10:45:00,0,0.0
ZN-03,Meeting Room A,meeting_room,12,2026-08-09 11:00:00,1,8.3
ZN-03,Meeting Room A,meeting_room,12,2026-08-09 11:15:00,0,0.0
ZN-03,Meeting Room A,meeting_room,12,2026-08-09 11:30:00,3,25.0
ZN-03,Meeting Room A,meeting_room,12,2026-08-09 11:45:00,0,0.0
ZN-03,Meeting Room A,meeting_room,12,2026-08-09 12:00:00,1,8.3
ZN-03,Meeting Room A,meeting_room,12,2026-08-09 12:15:00,0,0.0
ZN-03,Meeting Room A,meeting_room,12,2026-08-09 12:30:00,0,0.0
ZN-03,Meeting Room A,meeting_room,12,2026-08-09 12:45:00,4,33.3
ZN-03,Meeting Room A,meeting_room,12,2026-08-09 13:00:00,0,0.0
ZN-03,Meeting Room A,meeting_room,12,2026-08-09 13:15:00,2,16.7
ZN-03,Meeting Room A,meeting_room,12,2026-08-09 13:30:00,6,50.0
ZN-03,Meeting Room A,meeting_room,12,2026-08-09 13:45:00,1,8.3
ZN-03,Meeting Room A,meeting_room,12,2026-08-09 14:00:00,0,0.0
ZN-03,Meeting Room A,meeting_room,12,2026-08-09 14:15:00,0,0.0
ZN-03,Meeting Room A,meeting_room,12,2026-08-09 14:30:00,0,0.0
ZN-03,Meeting Room A,meeting_room,12,2026-08-09 14:45:00,1,8.3
ZN-03,Meeting Room A,meeting_room,12,2026-08-09 15:00:00,0,0.0
ZN-03,Meeting Room A,meeting_room,12,2026-08-09 15:15:00,0,0.0
ZN-03,Meeting Room A,meeting_room,12,2026-08-09 15:30:00,0,0.0
ZN-03,Meeting Room A,meeting_room,12,2026-08-09 15:45:00,2,16.7
ZN-03,Meeting Room A,meeting_room,12,2026-08-09 16:00:00,0,0.0
ZN-03,Meeting Room A,meeting_room,12,2026-08-09 16:15:00,0,0.0
ZN-03,Meeting Room A,meeting_room,12,2026-08-09 16:30:00,0,0.0
ZN-03,Meeting Room A,meeting_room,12,2026-08-09 16:45:00,0,0.0
ZN-03,Meeting Room A,meeting_room,12,2026-08-09 17:00:00,0,0.0
ZN-03,Meeting Room A,meeting_room,12,2026-08-09 17:15:00,0,0.0
ZN-03,Meeting Room A,meeting_room,12,2026-08-09 17:30:00,3,25.0
ZN-03,Meeting Room A,meeting_room,12,2026-08-09 17:45:00,0,0.0
ZN-03,Meeting Room A,meeting_room,12,2026-08-09 18:00:00,0,0.0
ZN-03,Meeting Room A,meeting_room,12,2026-08-09 18:15:00,0,0.0
ZN-03,Meeting Room A,meeting_room,12,2026-08-09 18:30:00,1,8.3
ZN-03,Meeting Room A,meeting_room,12,2026-08-09 18:45:00,0,0.0
ZN-03,Meeting Room A,meeting_room,12,2026-08-09 19:00:00,0,0.0
ZN-03,Meeting Room A,meeting_room,12,2026-08-09 19:15:00,3,25.0
ZN-03,Meeting Room A,meeting_room,12,2026-08-09 19:30:00,0,0.0
ZN-03,Meeting Room A,meeting_room,12,2026-08-09 19:45:00,3,25.0
ZN-03,Meeting Room A,meeting_room,12,2026-08-09 20:00:00,0,0.0
ZN-03,Meeting Room A,meeting_room,12,2026-08-09 20:15:00,0,0.0
ZN-03,Meeting Room A,meeting_room,12,2026-08-09 20:30:00,3,25.0
ZN-03,Meeting Room A,meeting_room,12,2026-08-09 20:45:00,0,0.0
ZN-03,Meeting Room A,meeting_room,12,2026-08-09 21:00:00,1,8.3
ZN-03,Meeting Room A,meeting_room,12,2026-08-09 21:15:00,0,0.0
ZN-03,Meeting Room A,meeting_room,12,2026-08-09 21:30:00,0,0.0
ZN-03,Meeting Room A,meeting_room,12,2026-08-09 21:45:00,0,0.0
ZN-03,Meeting Room A,meeting_room,12,2026-08-09 22:00:00,0,0.0
ZN-03,Meeting Room A,meeting_room,12,2026-08-09 22:15:00,0,0.0
ZN-03,Meeting Room A,meeting_room,12,2026-08-09 22:30:00,0,0.0
ZN-03,Meeting Room A,meeting_room,12,2026-08-09 22:45:00,2,16.7
ZN-03,Meeting Room A,meeting_room,12,2026-08-09 23:00:00,2,16.7
ZN-03,Meeting Room A,meeting_room,12,2026-08-09 23:15:00,0,0.0
ZN-03,Meeting Room A,meeting_room,12,2026-08-09 23:30:00,1,8.3
ZN-03,Meeting Room A,meeting_room,12,2026-08-09 23:45:00,0,0.0
ZN-03,Meeting Room A,meeting_room,12,2026-08-10 00:00:00,0,0.0
ZN-03,Meeting Room A,meeting_room,12,2026-08-10 00:15:00,1,8.3
ZN-03,Meeting Room A,meeting_room,12,2026-08-10 00:30:00,2,16.7
ZN-03,Meeting Room A,meeting_room,12,2026-08-10 00:45:00,0,0.0
ZN-03,Meeting Room A,meeting_room,12,2026-08-10 01:00:00,0,0.0
ZN-03,Meeting Room A,meeting_room,12,2026-08-10 01:15:00,0,0.0
ZN-03,Meeting Room A,meeting_room,12,2026-08-10 01:30:00,1,8.3
ZN-03,Meeting Room A,meeting_room,12,2026-08-10 01:45:00,0,0.0
ZN-03,Meeting Room A,meeting_room,12,2026-08-10 02:00:00,0,0.0
ZN-03,Meeting Room A,meeting_room,12,2026-08-10 02:15:00,0,0.0
ZN-03,Meeting Room A,meeting_room,12,2026-08-10 02:30:00,0,0.0
ZN-03,Meeting Room A,meeting_room,12,2026-08-10 02:45:00,1,8.3
ZN-03,Meeting Room A,meeting_room,12,2026-08-10 03:00:00,1,8.3
ZN-03,Meeting Room A,meeting_room,12,2026-08-10 03:15:00,0,0.0
ZN-03,Meeting Room A,meeting_room,12,2026-08-10 03:30:00,0,0.0
ZN-03,Meeting Room A,meeting_room,12,2026-08-10 03:45:00,1,8.3
ZN-03,Meeting Room A,meeting_room,12,2026-08-10 04:00:00,0,0.0
ZN-03,Meeting Room A,meeting_room,12,2026-08-10 04:15:00,0,0.0
ZN-03,Meeting Room A,meeting_room,12,2026-08-10 04:30:00,0,0.0
ZN-03,Meeting Room A,meeting_room,12,2026-08-10 04:45:00,0,0.0
ZN-03,Meeting Room A,meeting_room,12,2026-08-10 05:00:00,4,33.3
ZN-03,Meeting Room A,meeting_room,12,2026-08-10 05:15:00,2,16.7
ZN-03,Meeting Room A,meeting_room,12,2026-08-10 05:30:00,0,0.0
ZN-03,Meeting Room A,meeting_room,12,2026-08-10 05:45:00,6,50.0
ZN-03,Meeting Room A,meeting_room,12,2026-08-10 06:00:00,12,100.0
ZN-03,Meeting Room A,meeting_room,12,2026-08-10 06:15:00,12,100.0
ZN-03,Meeting Room A,meeting_room,12,2026-08-10 06:30:00,10,83.3
ZN-03,Meeting Room A,meeting_room,12,2026-08-10 06:45:00,12,100.0
ZN-03,Meeting Room A,meeting_room,12,2026-08-10 07:00:00,6,50.0
ZN-03,Meeting Room A,meeting_room,12,2026-08-10 07:15:00,10,83.3
ZN-03,Meeting Room A,meeting_room,12,2026-08-10 07:30:00,12,100.0
ZN-03,Meeting Room A,meeting_room,12,2026-08-10 07:45:00,12,100.0
ZN-03,Meeting Room A,meeting_room,12,2026-08-10 08:00:00,10,83.3
ZN-03,Meeting Room A,meeting_room,12,2026-08-10 08:15:00,9,75.0
ZN-03,Meeting Room A,meeting_room,12,2026-08-10 08:30:00,12,100.0
ZN-03,Meeting Room A,meeting_room,12,2026-08-10 08:45:00,4,33.3
ZN-03,Meeting Room A,meeting_room,12,2026-08-10 09:00:00,8,66.7
ZN-03,Meeting Room A,meeting_room,12,2026-08-10 09:15:00,11,91.7
ZN-03,Meeting Room A,meeting_room,12,2026-08-10 09:30:00,10,83.3
ZN-03,Meeting Room A,meeting_room,12,2026-08-10 09:45:00,3,25.0
ZN-03,Meeting Room A,meeting_room,12,2026-08-10 10:00:00,7,58.3
ZN-04,Meeting Room B,meeting_room,8,2026-07-20 10:00:00,8,100.0
ZN-04,Meeting Room B,meeting_room,8,2026-07-20 10:15:00,1,12.5
ZN-04,Meeting Room B,meeting_room,8,2026-07-20 10:30:00,1,12.5
ZN-04,Meeting Room B,meeting_room,8,2026-07-20 10:45:00,3,37.5
ZN-04,Meeting Room B,meeting_room,8,2026-07-20 11:00:00,4,50.0
ZN-04,Meeting Room B,meeting_room,8,2026-07-20 11:15:00,8,100.0
ZN-04,Meeting Room B,meeting_room,8,2026-07-20 11:30:00,6,75.0
ZN-04,Meeting Room B,meeting_room,8,2026-07-20 11:45:00,6,75.0
ZN-04,Meeting Room B,meeting_room,8,2026-07-20 12:00:00,7,87.5
ZN-04,Meeting Room B,meeting_room,8,2026-07-20 12:15:00,7,87.5
ZN-04,Meeting Room B,meeting_room,8,2026-07-20 12:30:00,7,87.5
ZN-04,Meeting Room B,meeting_room,8,2026-07-20 12:45:00,5,62.5
ZN-04,Meeting Room B,meeting_room,8,2026-07-20 13:00:00,8,100.0
ZN-04,Meeting Room B,meeting_room,8,2026-07-20 13:15:00,5,62.5
ZN-04,Meeting Room B,meeting_room,8,2026-07-20 13:30:00,7,87.5
ZN-04,Meeting Room B,meeting_room,8,2026-07-20 13:45:00,7,87.5
ZN-04,Meeting Room B,meeting_room,8,2026-07-20 14:00:00,8,100.0
ZN-04,Meeting Room B,meeting_room,8,2026-07-20 14:15:00,8,100.0
ZN-04,Meeting Room B,meeting_room,8,2026-07-20 14:30:00,8,100.0
ZN-04,Meeting Room B,meeting_room,8,2026-07-20 14:45:00,7,87.5
ZN-04,Meeting Room B,meeting_room,8,2026-07-20 15:00:00,8,100.0
ZN-04,Meeting Room B,meeting_room,8,2026-07-20 15:15:00,2,25.0
ZN-04,Meeting Room B,meeting_room,8,2026-07-20 15:30:00,2,25.0
ZN-04,Meeting Room B,meeting_room,8,2026-07-20 15:45:00,5,62.5
ZN-04,Meeting Room B,meeting_room,8,2026-07-20 16:00:00,1,12.5
ZN-04,Meeting Room B,meeting_room,8,2026-07-20 16:15:00,0,0.0
ZN-04,Meeting Room B,meeting_room,8,2026-07-20 16:30:00,0,0.0
ZN-04,Meeting Room B,meeting_room,8,2026-07-20 16:45:00,0,0.0
ZN-04,Meeting Room B,meeting_room,8,2026-07-20 17:00:00,0,0.0
ZN-04,Meeting Room B,meeting_room,8,2026-07-20 17:15:00,0,0.0
ZN-04,Meeting Room B,meeting_room,8,2026-07-20 17:30:00,0,0.0
ZN-04,Meeting Room B,meeting_room,8,2026-07-20 17:45:00,0,0.0
ZN-04,Meeting Room B,meeting_room,8,2026-07-20 18:00:00,0,0.0
ZN-04,Meeting Room B,meeting_room,8,2026-07-20 18:15:00,1,12.5
ZN-04,Meeting Room B,meeting_room,8,2026-07-20 18:30:00,2,25.0
ZN-04,Meeting Room B,meeting_room,8,2026-07-20 18:45:00,0,0.0
ZN-04,Meeting Room B,meeting_room,8,2026-07-20 19:00:00,1,12.5
ZN-04,Meeting Room B,meeting_room,8,2026-07-20 19:15:00,0,0.0
ZN-04,Meeting Room B,meeting_room,8,2026-07-20 19:30:00,1,12.5
ZN-04,Meeting Room B,meeting_room,8,2026-07-20 19:45:00,0,0.0
ZN-04,Meeting Room B,meeting_room,8,2026-07-20 20:00:00,0,0.0
ZN-04,Meeting Room B,meeting_room,8,2026-07-20 20:15:00,1,12.5
ZN-04,Meeting Room B,meeting_room,8,2026-07-20 20:30:00,0,0.0
ZN-04,Meeting Room B,meeting_room,8,2026-07-20 20:45:00,2,25.0
ZN-04,Meeting Room B,meeting_room,8,2026-07-20 21:00:00,0,0.0
ZN-04,Meeting Room B,meeting_room,8,2026-07-20 21:15:00,1,12.5
ZN-04,Meeting Room B,meeting_room,8,2026-07-20 21:30:00,0,0.0
ZN-04,Meeting Room B,meeting_room,8,2026-07-20 21:45:00,0,0.0
ZN-04,Meeting Room B,meeting_room,8,2026-07-20 22:00:00,0,0.0
ZN-04,Meeting Room B,meeting_room,8,2026-07-20 22:15:00,0,0.0
ZN-04,Meeting Room B,meeting_room,8,2026-07-20 22:30:00,0,0.0
ZN-04,Meeting Room B,meeting_room,8,2026-07-20 22:45:00,0,0.0
ZN-04,Meeting Room B,meeting_room,8,2026-07-20 23:00:00,0,0.0
ZN-04,Meeting Room B,meeting_room,8,2026-07-20 23:15:00,1,12.5
ZN-04,Meeting Room B,meeting_room,8,2026-07-20 23:30:00,0,0.0
ZN-04,Meeting Room B,meeting_room,8,2026-07-20 23:45:00,2,25.0
ZN-04,Meeting Room B,meeting_room,8,2026-07-21 00:00:00,1,12.5
ZN-04,Meeting Room B,meeting_room,8,2026-07-21 00:15:00,1,12.5
ZN-04,Meeting Room B,meeting_room,8,2026-07-21 00:30:00,0,0.0
ZN-04,Meeting Room B,meeting_room,8,2026-07-21 00:45:00,1,12.5
ZN-04,Meeting Room B,meeting_room,8,2026-07-21 01:00:00,0,0.0
ZN-04,Meeting Room B,meeting_room,8,2026-07-21 01:15:00,0,0.0
ZN-04,Meeting Room B,meeting_room,8,2026-07-21 01:30:00,0,0.0
ZN-04,Meeting Room B,meeting_room,8,2026-07-21 01:45:00,4,50.0
ZN-04,Meeting Room B,meeting_room,8,2026-07-21 02:00:00,0,0.0
ZN-04,Meeting Room B,meeting_room,8,2026-07-21 02:15:00,0,0.0
ZN-04,Meeting Room B,meeting_room,8,2026-07-21 02:30:00,2,25.0
ZN-04,Meeting Room B,meeting_room,8,2026-07-21 02:45:00,0,0.0
ZN-04,Meeting Room B,meeting_room,8,2026-07-21 03:00:00,2,25.0
ZN-04,Meeting Room B,meeting_room,8,2026-07-21 03:15:00,1,12.5
ZN-04,Meeting Room B,meeting_room,8,2026-07-21 03:30:00,0,0.0
ZN-04,Meeting Room B,meeting_room,8,2026-07-21 03:45:00,0,0.0
ZN-04,Meeting Room B,meeting_room,8,2026-07-21 04:00:00,0,0.0
ZN-04,Meeting Room B,meeting_room,8,2026-07-21 04:15:00,1,12.5
ZN-04,Meeting Room B,meeting_room,8,2026-07-21 04:30:00,0,0.0
ZN-04,Meeting Room B,meeting_room,8,2026-07-21 04:45:00,1,12.5
ZN-04,Meeting Room B,meeting_room,8,2026-07-21 05:00:00,0,0.0
ZN-04,Meeting Room B,meeting_room,8,2026-07-21 05:15:00,0,0.0
ZN-04,Meeting Room B,meeting_room,8,2026-07-21 05:30:00,0,0.0
ZN-04,Meeting Room B,meeting_room,8,2026-07-21 05:45:00,2,25.0
ZN-04,Meeting Room B,meeting_room,8,2026-07-21 06:00:00,7,87.5
ZN-04,Meeting Room B,meeting_room,8,2026-07-21 06:15:00,8,100.0
ZN-04,Meeting Room B,meeting_room,8,2026-07-21 06:30:00,8,100.0
ZN-04,Meeting Room B,meeting_room,8,2026-07-21 06:45:00,8,100.0
ZN-04,Meeting Room B,meeting_room,8,2026-07-21 07:00:00,8,100.0
ZN-04,Meeting Room B,meeting_room,8,2026-07-21 07:15:00,6,75.0
ZN-04,Meeting Room B,meeting_room,8,2026-07-21 07:30:00,8,100.0
ZN-04,Meeting Room B,meeting_room,8,2026-07-21 07:45:00,8,100.0
ZN-04,Meeting Room B,meeting_room,8,2026-07-21 08:00:00,6,75.0
ZN-04,Meeting Room B,meeting_room,8,2026-07-21 08:15:00,5,62.5
ZN-04,Meeting Room B,meeting_room,8,2026-07-21 08:30:00,5,62.5
ZN-04,Meeting Room B,meeting_room,8,2026-07-21 08:45:00,7,87.5
ZN-04,Meeting Room B,meeting_room,8,2026-07-21 09:00:00,6,75.0
ZN-04,Meeting Room B,meeting_room,8,2026-07-21 09:15:00,5,62.5
ZN-04,Meeting Room B,meeting_room,8,2026-07-21 09:30:00,8,100.0
ZN-04,Meeting Room B,meeting_room,8,2026-07-21 09:45:00,5,62.5
ZN-04,Meeting Room B,meeting_room,8,2026-07-21 10:00:00,5,62.5
ZN-04,Meeting Room B,meeting_room,8,2026-07-21 10:15:00,7,87.5
ZN-04,Meeting Room B,meeting_room,8,2026-07-21 10:30:00,2,25.0
ZN-04,Meeting Room B,meeting_room,8,2026-07-21 10:45:00,2,25.0
ZN-04,Meeting Room B,meeting_room,8,2026-07-21 11:00:00,8,100.0
ZN-04,Meeting Room B,meeting_room,8,2026-07-21 11:15:00,8,100.0
ZN-04,Meeting Room B,meeting_room,8,2026-07-21 11:30:00,7,87.5
ZN-04,Meeting Room B,meeting_room,8,2026-07-21 11:45:00,4,50.0
ZN-04,Meeting Room B,meeting_room,8,2026-07-21 12:00:00,5,62.5
ZN-04,Meeting Room B,meeting_room,8,2026-07-21 12:15:00,6,75.0
ZN-04,Meeting Room B,meeting_room,8,2026-07-21 12:30:00,8,100.0
ZN-04,Meeting Room B,meeting_room,8,2026-07-21 12:45:00,6,75.0
ZN-04,Meeting Room B,meeting_room,8,2026-07-21 13:00:00,6,75.0
ZN-04,Meeting Room B,meeting_room,8,2026-07-21 13:15:00,7,87.5
ZN-04,Meeting Room B,meeting_room,8,2026-07-21 13:30:00,7,87.5
ZN-04,Meeting Room B,meeting_room,8,2026-07-21 13:45:00,8,100.0
ZN-04,Meeting Room B,meeting_room,8,2026-07-21 14:00:00,7,87.5
ZN-04,Meeting Room B,meeting_room,8,2026-07-21 14:15:00,8,100.0
ZN-04,Meeting Room B,meeting_room,8,2026-07-21 14:30:00,8,100.0
ZN-04,Meeting Room B,meeting_room,8,2026-07-21 14:45:00,8,100.0
ZN-04,Meeting Room B,meeting_room,8,2026-07-21 15:00:00,6,75.0
ZN-04,Meeting Room B,meeting_room,8,2026-07-21 15:15:00,7,87.5
ZN-04,Meeting Room B,meeting_room,8,2026-07-21 15:30:00,0,0.0
ZN-04,Meeting Room B,meeting_room,8,2026-07-21 15:45:00,0,0.0
ZN-04,Meeting Room B,meeting_room,8,2026-07-21 16:00:00,4,50.0
ZN-04,Meeting Room B,meeting_room,8,2026-07-21 16:15:00,0,0.0
ZN-04,Meeting Room B,meeting_room,8,2026-07-21 16:30:00,2,25.0
ZN-04,Meeting Room B,meeting_room,8,2026-07-21 16:45:00,0,0.0
ZN-04,Meeting Room B,meeting_room,8,2026-07-21 17:00:00,0,0.0
ZN-04,Meeting Room B,meeting_room,8,2026-07-21 17:15:00,0,0.0
ZN-04,Meeting Room B,meeting_room,8,2026-07-21 17:30:00,0,0.0
ZN-04,Meeting Room B,meeting_room,8,2026-07-21 17:45:00,3,37.5
ZN-04,Meeting Room B,meeting_room,8,2026-07-21 18:00:00,0,0.0
ZN-04,Meeting Room B,meeting_room,8,2026-07-21 18:15:00,0,0.0
ZN-04,Meeting Room B,meeting_room,8,2026-07-21 18:30:00,3,37.5
ZN-04,Meeting Room B,meeting_room,8,2026-07-21 18:45:00,1,12.5
ZN-04,Meeting Room B,meeting_room,8,2026-07-21 19:00:00,1,12.5
ZN-04,Meeting Room B,meeting_room,8,2026-07-21 19:15:00,0,0.0
ZN-04,Meeting Room B,meeting_room,8,2026-07-21 19:30:00,1,12.5
ZN-04,Meeting Room B,meeting_room,8,2026-07-21 19:45:00,1,12.5
ZN-04,Meeting Room B,meeting_room,8,2026-07-21 20:00:00,0,0.0
ZN-04,Meeting Room B,meeting_room,8,2026-07-21 20:15:00,0,0.0
ZN-04,Meeting Room B,meeting_room,8,2026-07-21 20:30:00,1,12.5
ZN-04,Meeting Room B,meeting_room,8,2026-07-21 20:45:00,0,0.0
ZN-04,Meeting Room B,meeting_room,8,2026-07-21 21:00:00,0,0.0
ZN-04,Meeting Room B,meeting_room,8,2026-07-21 21:15:00,0,0.0
ZN-04,Meeting Room B,meeting_room,8,2026-07-21 21:30:00,0,0.0
ZN-04,Meeting Room B,meeting_room,8,2026-07-21 21:45:00,2,25.0
ZN-04,Meeting Room B,meeting_room,8,2026-07-21 22:00:00,0,0.0
ZN-04,Meeting Room B,meeting_room,8,2026-07-21 22:15:00,1,12.5
ZN-04,Meeting Room B,meeting_room,8,2026-07-21 22:30:00,2,25.0
ZN-04,Meeting Room B,meeting_room,8,2026-07-21 22:45:00,0,0.0
ZN-04,Meeting Room B,meeting_room,8,2026-07-21 23:00:00,0,0.0
ZN-04,Meeting Room B,meeting_room,8,2026-07-21 23:15:00,0,0.0
ZN-04,Meeting Room B,meeting_room,8,2026-07-21 23:30:00,0,0.0
ZN-04,Meeting Room B,meeting_room,8,2026-07-21 23:45:00,4,50.0
ZN-04,Meeting Room B,meeting_room,8,2026-07-22 00:00:00,3,37.5
ZN-04,Meeting Room B,meeting_room,8,2026-07-22 00:15:00,0,0.0
ZN-04,Meeting Room B,meeting_room,8,2026-07-22 00:30:00,1,12.5
ZN-04,Meeting Room B,meeting_room,8,2026-07-22 00:45:00,0,0.0
ZN-04,Meeting Room B,meeting_room,8,2026-07-22 01:00:00,0,0.0
ZN-04,Meeting Room B,meeting_room,8,2026-07-22 01:15:00,1,12.5
ZN-04,Meeting Room B,meeting_room,8,2026-07-22 01:30:00,1,12.5
ZN-04,Meeting Room B,meeting_room,8,2026-07-22 01:45:00,0,0.0
ZN-04,Meeting Room B,meeting_room,8,2026-07-22 02:00:00,5,62.5
ZN-04,Meeting Room B,meeting_room,8,2026-07-22 02:15:00,2,25.0
ZN-04,Meeting Room B,meeting_room,8,2026-07-22 02:30:00,1,12.5
ZN-04,Meeting Room B,meeting_room,8,2026-07-22 02:45:00,0,0.0
ZN-04,Meeting Room B,meeting_room,8,2026-07-22 03:00:00,0,0.0
ZN-04,Meeting Room B,meeting_room,8,2026-07-22 03:15:00,0,0.0
ZN-04,Meeting Room B,meeting_room,8,2026-07-22 03:30:00,0,0.0
ZN-04,Meeting Room B,meeting_room,8,2026-07-22 03:45:00,0,0.0
ZN-04,Meeting Room B,meeting_room,8,2026-07-22 04:00:00,2,25.0
ZN-04,Meeting Room B,meeting_room,8,2026-07-22 04:15:00,0,0.0
ZN-04,Meeting Room B,meeting_room,8,2026-07-22 04:30:00,0,0.0
ZN-04,Meeting Room B,meeting_room,8,2026-07-22 04:45:00,0,0.0
ZN-04,Meeting Room B,meeting_room,8,2026-07-22 05:00:00,0,0.0
ZN-04,Meeting Room B,meeting_room,8,2026-07-22 05:15:00,0,0.0
ZN-04,Meeting Room B,meeting_room,8,2026-07-22 05:30:00,0,0.0
ZN-04,Meeting Room B,meeting_room,8,2026-07-22 05:45:00,2,25.0
ZN-04,Meeting Room B,meeting_room,8,2026-07-22 06:00:00,7,87.5
ZN-04,Meeting Room B,meeting_room,8,2026-07-22 06:15:00,2,25.0
ZN-04,Meeting Room B,meeting_room,8,2026-07-22 06:30:00,8,100.0
ZN-04,Meeting Room B,meeting_room,8,2026-07-22 06:45:00,8,100.0
ZN-04,Meeting Room B,meeting_room,8,2026-07-22 07:00:00,8,100.0
ZN-04,Meeting Room B,meeting_room,8,2026-07-22 07:15:00,6,75.0
ZN-04,Meeting Room B,meeting_room,8,2026-07-22 07:30:00,7,87.5
ZN-04,Meeting Room B,meeting_room,8,2026-07-22 07:45:00,8,100.0
ZN-04,Meeting Room B,meeting_room,8,2026-07-22 08:00:00,6,75.0
ZN-04,Meeting Room B,meeting_room,8,2026-07-22 08:15:00,7,87.5
ZN-04,Meeting Room B,meeting_room,8,2026-07-22 08:30:00,8,100.0
ZN-04,Meeting Room B,meeting_room,8,2026-07-22 08:45:00,6,75.0
ZN-04,Meeting Room B,meeting_room,8,2026-07-22 09:00:00,8,100.0
ZN-04,Meeting Room B,meeting_room,8,2026-07-22 09:15:00,5,62.5
ZN-04,Meeting Room B,meeting_room,8,2026-07-22 09:30:00,8,100.0
ZN-04,Meeting Room B,meeting_room,8,2026-07-22 09:45:00,7,87.5
ZN-04,Meeting Room B,meeting_room,8,2026-07-22 10:00:00,3,37.5
ZN-04,Meeting Room B,meeting_room,8,2026-07-22 10:15:00,3,37.5
ZN-04,Meeting Room B,meeting_room,8,2026-07-22 10:30:00,2,25.0
ZN-04,Meeting Room B,meeting_room,8,2026-07-22 10:45:00,1,12.5
ZN-04,Meeting Room B,meeting_room,8,2026-07-22 11:00:00,6,75.0
ZN-04,Meeting Room B,meeting_room,8,2026-07-22 11:15:00,8,100.0
ZN-04,Meeting Room B,meeting_room,8,2026-07-22 11:30:00,8,100.0
ZN-04,Meeting Room B,meeting_room,8,2026-07-22 11:45:00,6,75.0
ZN-04,Meeting Room B,meeting_room,8,2026-07-22 12:00:00,6,75.0
ZN-04,Meeting Room B,meeting_room,8,2026-07-22 12:15:00,5,62.5
ZN-04,Meeting Room B,meeting_room,8,2026-07-22 12:30:00,5,62.5
ZN-04,Meeting Room B,meeting_room,8,2026-07-22 12:45:00,3,37.5
ZN-04,Meeting Room B,meeting_room,8,2026-07-22 13:00:00,8,100.0
ZN-04,Meeting Room B,meeting_room,8,2026-07-22 13:15:00,7,87.5
ZN-04,Meeting Room B,meeting_room,8,2026-07-22 13:30:00,8,100.0
ZN-04,Meeting Room B,meeting_room,8,2026-07-22 13:45:00,8,100.0
ZN-04,Meeting Room B,meeting_room,8,2026-07-22 14:00:00,8,100.0
ZN-04,Meeting Room B,meeting_room,8,2026-07-22 14:15:00,8,100.0
ZN-04,Meeting Room B,meeting_room,8,2026-07-22 14:30:00,8,100.0
ZN-04,Meeting Room B,meeting_room,8,2026-07-22 14:45:00,5,62.5
ZN-04,Meeting Room B,meeting_room,8,2026-07-22 15:00:00,8,100.0
ZN-04,Meeting Room B,meeting_room,8,2026-07-22 15:15:00,3,37.5
ZN-04,Meeting Room B,meeting_room,8,2026-07-22 15:30:00,0,0.0
ZN-04,Meeting Room B,meeting_room,8,2026-07-22 15:45:00,5,62.5
ZN-04,Meeting Room B,meeting_room,8,2026-07-22 16:00:00,4,50.0
ZN-04,Meeting Room B,meeting_room,8,2026-07-22 16:15:00,0,0.0
ZN-04,Meeting Room B,meeting_room,8,2026-07-22 16:30:00,0,0.0
ZN-04,Meeting Room B,meeting_room,8,2026-07-22 16:45:00,0,0.0
ZN-04,Meeting Room B,meeting_room,8,2026-07-22 17:00:00,0,0.0
ZN-04,Meeting Room B,meeting_room,8,2026-07-22 17:15:00,0,0.0
ZN-04,Meeting Room B,meeting_room,8,2026-07-22 17:30:00,0,0.0
ZN-04,Meeting Room B,meeting_room,8,2026-07-22 17:45:00,1,12.5
ZN-04,Meeting Room B,meeting_room,8,2026-07-22 18:00:00,7,87.5
ZN-04,Meeting Room B,meeting_room,8,2026-07-22 18:15:00,0,0.0
ZN-04,Meeting Room B,meeting_room,8,2026-07-22 18:30:00,1,12.5
ZN-04,Meeting Room B,meeting_room,8,2026-07-22 18:45:00,1,12.5
ZN-04,Meeting Room B,meeting_room,8,2026-07-22 19:00:00,2,25.0
ZN-04,Meeting Room B,meeting_room,8,2026-07-22 19:15:00,1,12.5
ZN-04,Meeting Room B,meeting_room,8,2026-07-22 19:30:00,1,12.5
ZN-04,Meeting Room B,meeting_room,8,2026-07-22 19:45:00,1,12.5
ZN-04,Meeting Room B,meeting_room,8,2026-07-22 20:00:00,0,0.0
ZN-04,Meeting Room B,meeting_room,8,2026-07-22 20:15:00,0,0.0
ZN-04,Meeting Room B,meeting_room,8,2026-07-22 20:30:00,1,12.5
ZN-04,Meeting Room B,meeting_room,8,2026-07-22 20:45:00,0,0.0
ZN-04,Meeting Room B,meeting_room,8,2026-07-22 21:00:00,0,0.0
ZN-04,Meeting Room B,meeting_room,8,2026-07-22 21:15:00,0,0.0
ZN-04,Meeting Room B,meeting_room,8,2026-07-22 21:30:00,0,0.0
ZN-04,Meeting Room B,meeting_room,8,2026-07-22 21:45:00,1,12.5
ZN-04,Meeting Room B,meeting_room,8,2026-07-22 22:00:00,0,0.0
ZN-04,Meeting Room B,meeting_room,8,2026-07-22 22:15:00,2,25.0
ZN-04,Meeting Room B,meeting_room,8,2026-07-22 22:30:00,0,0.0
ZN-04,Meeting Room B,meeting_room,8,2026-07-22 22:45:00,0,0.0
ZN-04,Meeting Room B,meeting_room,8,2026-07-22 23:00:00,0,0.0
ZN-04,Meeting Room B,meeting_room,8,2026-07-22 23:15:00,1,12.5
ZN-04,Meeting Room B,meeting_room,8,2026-07-22 23:30:00,0,0.0
ZN-04,Meeting Room B,meeting_room,8,2026-07-22 23:45:00,1,12.5
ZN-04,Meeting Room B,meeting_room,8,2026-07-23 00:00:00,0,0.0
ZN-04,Meeting Room B,meeting_room,8,2026-07-23 00:15:00,0,0.0
ZN-04,Meeting Room B,meeting_room,8,2026-07-23 00:30:00,1,12.5
ZN-04,Meeting Room B,meeting_room,8,2026-07-23 00:45:00,0,0.0
ZN-04,Meeting Room B,meeting_room,8,2026-07-23 01:00:00,1,12.5
ZN-04,Meeting Room B,meeting_room,8,2026-07-23 01:15:00,3,37.5
ZN-04,Meeting Room B,meeting_room,8,2026-07-23 01:30:00,0,0.0
ZN-04,Meeting Room B,meeting_room,8,2026-07-23 01:45:00,0,0.0
ZN-04,Meeting Room B,meeting_room,8,2026-07-23 02:00:00,0,0.0
ZN-04,Meeting Room B,meeting_room,8,2026-07-23 02:15:00,2,25.0
ZN-04,Meeting Room B,meeting_room,8,2026-07-23 02:30:00,2,25.0
ZN-04,Meeting Room B,meeting_room,8,2026-07-23 02:45:00,0,0.0
ZN-04,Meeting Room B,meeting_room,8,2026-07-23 03:00:00,1,12.5
ZN-04,Meeting Room B,meeting_room,8,2026-07-23 03:15:00,2,25.0
ZN-04,Meeting Room B,meeting_room,8,2026-07-23 03:30:00,1,12.5
ZN-04,Meeting Room B,meeting_room,8,2026-07-23 03:45:00,1,12.5
ZN-04,Meeting Room B,meeting_room,8,2026-07-23 04:00:00,0,0.0
ZN-04,Meeting Room B,meeting_room,8,2026-07-23 04:15:00,1,12.5
ZN-04,Meeting Room B,meeting_room,8,2026-07-23 04:30:00,0,0.0
ZN-04,Meeting Room B,meeting_room,8,2026-07-23 04:45:00,3,37.5
ZN-04,Meeting Room B,meeting_room,8,2026-07-23 05:00:00,1,12.5
ZN-04,Meeting Room B,meeting_room,8,2026-07-23 05:15:00,0,0.0
ZN-04,Meeting Room B,meeting_room,8,2026-07-23 05:30:00,0,0.0
ZN-04,Meeting Room B,meeting_room,8,2026-07-23 05:45:00,4,50.0
ZN-04,Meeting Room B,meeting_room,8,2026-07-23 06:00:00,6,75.0
ZN-04,Meeting Room B,meeting_room,8,2026-07-23 06:15:00,8,100.0
ZN-04,Meeting Room B,meeting_room,8,2026-07-23 06:30:00,8,100.0
ZN-04,Meeting Room B,meeting_room,8,2026-07-23 06:45:00,6,75.0
ZN-04,Meeting Room B,meeting_room,8,2026-07-23 07:00:00,8,100.0
ZN-04,Meeting Room B,meeting_room,8,2026-07-23 07:15:00,5,62.5
ZN-04,Meeting Room B,meeting_room,8,2026-07-23 07:30:00,7,87.5
ZN-04,Meeting Room B,meeting_room,8,2026-07-23 07:45:00,8,100.0
ZN-04,Meeting Room B,meeting_room,8,2026-07-23 08:00:00,7,87.5
ZN-04,Meeting Room B,meeting_room,8,2026-07-23 08:15:00,7,87.5
ZN-04,Meeting Room B,meeting_room,8,2026-07-23 08:30:00,4,50.0
ZN-04,Meeting Room B,meeting_room,8,2026-07-23 08:45:00,8,100.0
ZN-04,Meeting Room B,meeting_room,8,2026-07-23 09:00:00,4,50.0
ZN-04,Meeting Room B,meeting_room,8,2026-07-23 09:15:00,8,100.0
ZN-04,Meeting Room B,meeting_room,8,2026-07-23 09:30:00,5,62.5
ZN-04,Meeting Room B,meeting_room,8,2026-07-23 09:45:00,4,50.0
ZN-04,Meeting Room B,meeting_room,8,2026-07-23 10:00:00,6,75.0
ZN-04,Meeting Room B,meeting_room,8,2026-07-23 10:15:00,5,62.5
ZN-04,Meeting Room B,meeting_room,8,2026-07-23 10:30:00,3,37.5
ZN-04,Meeting Room B,meeting_room,8,2026-07-23 10:45:00,4,50.0
ZN-04,Meeting Room B,meeting_room,8,2026-07-23 11:00:00,6,75.0
ZN-04,Meeting Room B,meeting_room,8,2026-07-23 11:15:00,6,75.0
ZN-04,Meeting Room B,meeting_room,8,2026-07-23 11:30:00,7,87.5
ZN-04,Meeting Room B,meeting_room,8,2026-07-23 11:45:00,6,75.0
ZN-04,Meeting Room B,meeting_room,8,2026-07-23 12:00:00,5,62.5
ZN-04,Meeting Room B,meeting_room,8,2026-07-23 12:15:00,4,50.0
ZN-04,Meeting Room B,meeting_room,8,2026-07-23 12:30:00,5,62.5
ZN-04,Meeting Room B,meeting_room,8,2026-07-23 12:45:00,5,62.5
ZN-04,Meeting Room B,meeting_room,8,2026-07-23 13:00:00,6,75.0
ZN-04,Meeting Room B,meeting_room,8,2026-07-23 13:15:00,4,50.0
ZN-04,Meeting Room B,meeting_room,8,2026-07-23 13:30:00,7,87.5
ZN-04,Meeting Room B,meeting_room,8,2026-07-23 13:45:00,8,100.0
ZN-04,Meeting Room B,meeting_room,8,2026-07-23 14:00:00,8,100.0
ZN-04,Meeting Room B,meeting_room,8,2026-07-23 14:15:00,5,62.5
ZN-04,Meeting Room B,meeting_room,8,2026-07-23 14:30:00,8,100.0
ZN-04,Meeting Room B,meeting_room,8,2026-07-23 14:45:00,8,100.0
ZN-04,Meeting Room B,meeting_room,8,2026-07-23 15:00:00,8,100.0
ZN-04,Meeting Room B,meeting_room,8,2026-07-23 15:15:00,2,25.0
ZN-04,Meeting Room B,meeting_room,8,2026-07-23 15:30:00,4,50.0
ZN-04,Meeting Room B,meeting_room,8,2026-07-23 15:45:00,4,50.0
ZN-04,Meeting Room B,meeting_room,8,2026-07-23 16:00:00,0,0.0
ZN-04,Meeting Room B,meeting_room,8,2026-07-23 16:15:00,0,0.0
ZN-04,Meeting Room B,meeting_room,8,2026-07-23 16:30:00,0,0.0
ZN-04,Meeting Room B,meeting_room,8,2026-07-23 16:45:00,0,0.0
ZN-04,Meeting Room B,meeting_room,8,2026-07-23 17:00:00,1,12.5
ZN-04,Meeting Room B,meeting_room,8,2026-07-23 17:15:00,1,12.5
ZN-04,Meeting Room B,meeting_room,8,2026-07-23 17:30:00,0,0.0
ZN-04,Meeting Room B,meeting_room,8,2026-07-23 17:45:00,0,0.0
ZN-04,Meeting Room B,meeting_room,8,2026-07-23 18:00:00,0,0.0
ZN-04,Meeting Room B,meeting_room,8,2026-07-23 18:15:00,3,37.5
ZN-04,Meeting Room B,meeting_room,8,2026-07-23 18:30:00,0,0.0
ZN-04,Meeting Room B,meeting_room,8,2026-07-23 18:45:00,0,0.0
ZN-04,Meeting Room B,meeting_room,8,2026-07-23 19:00:00,1,12.5
ZN-04,Meeting Room B,meeting_room,8,2026-07-23 19:15:00,0,0.0
ZN-04,Meeting Room B,meeting_room,8,2026-07-23 19:30:00,0,0.0
ZN-04,Meeting Room B,meeting_room,8,2026-07-23 19:45:00,0,0.0
ZN-04,Meeting Room B,meeting_room,8,2026-07-23 20:00:00,2,25.0
ZN-04,Meeting Room B,meeting_room,8,2026-07-23 20:15:00,3,37.5
ZN-04,Meeting Room B,meeting_room,8,2026-07-23 20:30:00,0,0.0
ZN-04,Meeting Room B,meeting_room,8,2026-07-23 20:45:00,0,0.0
ZN-04,Meeting Room B,meeting_room,8,2026-07-23 21:00:00,0,0.0
ZN-04,Meeting Room B,meeting_room,8,2026-07-23 21:15:00,1,12.5
ZN-04,Meeting Room B,meeting_room,8,2026-07-23 21:30:00,3,37.5
ZN-04,Meeting Room B,meeting_room,8,2026-07-23 21:45:00,2,25.0
ZN-04,Meeting Room B,meeting_room,8,2026-07-23 22:00:00,0,0.0
ZN-04,Meeting Room B,meeting_room,8,2026-07-23 22:15:00,1,12.5
ZN-04,Meeting Room B,meeting_room,8,2026-07-23 22:30:00,0,0.0
ZN-04,Meeting Room B,meeting_room,8,2026-07-23 22:45:00,1,12.5
ZN-04,Meeting Room B,meeting_room,8,2026-07-23 23:00:00,1,12.5
ZN-04,Meeting Room B,meeting_room,8,2026-07-23 23:15:00,2,25.0
ZN-04,Meeting Room B,meeting_room,8,2026-07-23 23:30:00,2,25.0
ZN-04,Meeting Room B,meeting_room,8,2026-07-23 23:45:00,1,12.5
ZN-04,Meeting Room B,meeting_room,8,2026-07-24 00:00:00,2,25.0
ZN-04,Meeting Room B,meeting_room,8,2026-07-24 00:15:00,0,0.0
ZN-04,Meeting Room B,meeting_room,8,2026-07-24 00:30:00,2,25.0
ZN-04,Meeting Room B,meeting_room,8,2026-07-24 00:45:00,0,0.0
ZN-04,Meeting Room B,meeting_room,8,2026-07-24 01:00:00,2,25.0
ZN-04,Meeting Room B,meeting_room,8,2026-07-24 01:15:00,0,0.0
ZN-04,Meeting Room B,meeting_room,8,2026-07-24 01:30:00,1,12.5
ZN-04,Meeting Room B,meeting_room,8,2026-07-24 01:45:00,1,12.5
ZN-04,Meeting Room B,meeting_room,8,2026-07-24 02:00:00,0,0.0
ZN-04,Meeting Room B,meeting_room,8,2026-07-24 02:15:00,1,12.5
ZN-04,Meeting Room B,meeting_room,8,2026-07-24 02:30:00,1,12.5
ZN-04,Meeting Room B,meeting_room,8,2026-07-24 02:45:00,2,25.0
ZN-04,Meeting Room B,meeting_room,8,2026-07-24 03:00:00,1,12.5
ZN-04,Meeting Room B,meeting_room,8,2026-07-24 03:15:00,0,0.0
ZN-04,Meeting Room B,meeting_room,8,2026-07-24 03:30:00,0,0.0
ZN-04,Meeting Room B,meeting_room,8,2026-07-24 03:45:00,0,0.0
ZN-04,Meeting Room B,meeting_room,8,2026-07-24 04:00:00,0,0.0
ZN-04,Meeting Room B,meeting_room,8,2026-07-24 04:15:00,2,25.0
ZN-04,Meeting Room B,meeting_room,8,2026-07-24 04:30:00,0,0.0
ZN-04,Meeting Room B,meeting_room,8,2026-07-24 04:45:00,0,0.0
ZN-04,Meeting Room B,meeting_room,8,2026-07-24 05:00:00,0,0.0
ZN-04,Meeting Room B,meeting_room,8,2026-07-24 05:15:00,0,0.0
ZN-04,Meeting Room B,meeting_room,8,2026-07-24 05:30:00,4,50.0
ZN-04,Meeting Room B,meeting_room,8,2026-07-24 05:45:00,2,25.0
ZN-04,Meeting Room B,meeting_room,8,2026-07-24 06:00:00,8,100.0
ZN-04,Meeting Room B,meeting_room,8,2026-07-24 06:15:00,7,87.5
ZN-04,Meeting Room B,meeting_room,8,2026-07-24 06:30:00,6,75.0
ZN-04,Meeting Room B,meeting_room,8,2026-07-24 06:45:00,6,75.0
ZN-04,Meeting Room B,meeting_room,8,2026-07-24 07:00:00,8,100.0
ZN-04,Meeting Room B,meeting_room,8,2026-07-24 07:15:00,8,100.0
ZN-04,Meeting Room B,meeting_room,8,2026-07-24 07:30:00,8,100.0
ZN-04,Meeting Room B,meeting_room,8,2026-07-24 07:45:00,8,100.0
ZN-04,Meeting Room B,meeting_room,8,2026-07-24 08:00:00,7,87.5
ZN-04,Meeting Room B,meeting_room,8,2026-07-24 08:15:00,6,75.0
ZN-04,Meeting Room B,meeting_room,8,2026-07-24 08:30:00,7,87.5
ZN-04,Meeting Room B,meeting_room,8,2026-07-24 08:45:00,6,75.0
ZN-04,Meeting Room B,meeting_room,8,2026-07-24 09:00:00,8,100.0
ZN-04,Meeting Room B,meeting_room,8,2026-07-24 09:15:00,3,37.5
ZN-04,Meeting Room B,meeting_room,8,2026-07-24 09:30:00,7,87.5
ZN-04,Meeting Room B,meeting_room,8,2026-07-24 09:45:00,4,50.0
ZN-04,Meeting Room B,meeting_room,8,2026-07-24 10:00:00,8,100.0
ZN-04,Meeting Room B,meeting_room,8,2026-07-24 10:15:00,5,62.5
ZN-04,Meeting Room B,meeting_room,8,2026-07-24 10:30:00,2,25.0
ZN-04,Meeting Room B,meeting_room,8,2026-07-24 10:45:00,5,62.5
ZN-04,Meeting Room B,meeting_room,8,2026-07-24 11:00:00,2,25.0
ZN-04,Meeting Room B,meeting_room,8,2026-07-24 11:15:00,6,75.0
ZN-04,Meeting Room B,meeting_room,8,2026-07-24 11:30:00,8,100.0
ZN-04,Meeting Room B,meeting_room,8,2026-07-24 11:45:00,6,75.0
ZN-04,Meeting Room B,meeting_room,8,2026-07-24 12:00:00,4,50.0
ZN-04,Meeting Room B,meeting_room,8,2026-07-24 12:15:00,6,75.0
ZN-04,Meeting Room B,meeting_room,8,2026-07-24 12:30:00,6,75.0
ZN-04,Meeting Room B,meeting_room,8,2026-07-24 12:45:00,7,87.5
ZN-04,Meeting Room B,meeting_room,8,2026-07-24 13:00:00,7,87.5
ZN-04,Meeting Room B,meeting_room,8,2026-07-24 13:15:00,5,62.5
ZN-04,Meeting Room B,meeting_room,8,2026-07-24 13:30:00,7,87.5
ZN-04,Meeting Room B,meeting_room,8,2026-07-24 13:45:00,8,100.0
ZN-04,Meeting Room B,meeting_room,8,2026-07-24 14:00:00,5,62.5
ZN-04,Meeting Room B,meeting_room,8,2026-07-24 14:15:00,8,100.0
ZN-04,Meeting Room B,meeting_room,8,2026-07-24 14:30:00,8,100.0
ZN-04,Meeting Room B,meeting_room,8,2026-07-24 14:45:00,8,100.0
ZN-04,Meeting Room B,meeting_room,8,2026-07-24 15:00:00,7,87.5
ZN-04,Meeting Room B,meeting_room,8,2026-07-24 15:15:00,6,75.0
ZN-04,Meeting Room B,meeting_room,8,2026-07-24 15:30:00,5,62.5
ZN-04,Meeting Room B,meeting_room,8,2026-07-24 15:45:00,0,0.0
ZN-04,Meeting Room B,meeting_room,8,2026-07-24 16:00:00,2,25.0
ZN-04,Meeting Room B,meeting_room,8,2026-07-24 16:15:00,2,25.0
ZN-04,Meeting Room B,meeting_room,8,2026-07-24 16:30:00,2,25.0
ZN-04,Meeting Room B,meeting_room,8,2026-07-24 16:45:00,1,12.5
ZN-04,Meeting Room B,meeting_room,8,2026-07-24 17:00:00,1,12.5
ZN-04,Meeting Room B,meeting_room,8,2026-07-24 17:15:00,0,0.0
ZN-04,Meeting Room B,meeting_room,8,2026-07-24 17:30:00,0,0.0
ZN-04,Meeting Room B,meeting_room,8,2026-07-24 17:45:00,0,0.0
ZN-04,Meeting Room B,meeting_room,8,2026-07-24 18:00:00,1,12.5
ZN-04,Meeting Room B,meeting_room,8,2026-07-24 18:15:00,2,25.0
ZN-04,Meeting Room B,meeting_room,8,2026-07-24 18:30:00,1,12.5
ZN-04,Meeting Room B,meeting_room,8,2026-07-24 18:45:00,0,0.0
ZN-04,Meeting Room B,meeting_room,8,2026-07-24 19:00:00,0,0.0
ZN-04,Meeting Room B,meeting_room,8,2026-07-24 19:15:00,0,0.0
ZN-04,Meeting Room B,meeting_room,8,2026-07-24 19:30:00,0,0.0
ZN-04,Meeting Room B,meeting_room,8,2026-07-24 19:45:00,0,0.0
ZN-04,Meeting Room B,meeting_room,8,2026-07-24 20:00:00,0,0.0
ZN-04,Meeting Room B,meeting_room,8,2026-07-24 20:15:00,0,0.0
ZN-04,Meeting Room B,meeting_room,8,2026-07-24 20:30:00,0,0.0
ZN-04,Meeting Room B,meeting_room,8,2026-07-24 20:45:00,2,25.0
ZN-04,Meeting Room B,meeting_room,8,2026-07-24 21:00:00,1,12.5
ZN-04,Meeting Room B,meeting_room,8,2026-07-24 21:15:00,3,37.5
ZN-04,Meeting Room B,meeting_room,8,2026-07-24 21:30:00,0,0.0
ZN-04,Meeting Room B,meeting_room,8,2026-07-24 21:45:00,0,0.0
ZN-04,Meeting Room B,meeting_room,8,2026-07-24 22:00:00,0,0.0
ZN-04,Meeting Room B,meeting_room,8,2026-07-24 22:15:00,3,37.5
ZN-04,Meeting Room B,meeting_room,8,2026-07-24 22:30:00,0,0.0
ZN-04,Meeting Room B,meeting_room,8,2026-07-24 22:45:00,0,0.0
ZN-04,Meeting Room B,meeting_room,8,2026-07-24 23:00:00,0,0.0
ZN-04,Meeting Room B,meeting_room,8,2026-07-24 23:15:00,1,12.5
ZN-04,Meeting Room B,meeting_room,8,2026-07-24 23:30:00,1,12.5
ZN-04,Meeting Room B,meeting_room,8,2026-07-24 23:45:00,0,0.0
ZN-04,Meeting Room B,meeting_room,8,2026-07-25 00:00:00,0,0.0
ZN-04,Meeting Room B,meeting_room,8,2026-07-25 00:15:00,2,25.0
ZN-04,Meeting Room B,meeting_room,8,2026-07-25 00:30:00,1,12.5
ZN-04,Meeting Room B,meeting_room,8,2026-07-25 00:45:00,0,0.0
ZN-04,Meeting Room B,meeting_room,8,2026-07-25 01:00:00,0,0.0
ZN-04,Meeting Room B,meeting_room,8,2026-07-25 01:15:00,0,0.0
ZN-04,Meeting Room B,meeting_room,8,2026-07-25 01:30:00,2,25.0
ZN-04,Meeting Room B,meeting_room,8,2026-07-25 01:45:00,2,25.0
ZN-04,Meeting Room B,meeting_room,8,2026-07-25 02:00:00,0,0.0
ZN-04,Meeting Room B,meeting_room,8,2026-07-25 02:15:00,2,25.0
ZN-04,Meeting Room B,meeting_room,8,2026-07-25 02:30:00,0,0.0
ZN-04,Meeting Room B,meeting_room,8,2026-07-25 02:45:00,3,37.5
ZN-04,Meeting Room B,meeting_room,8,2026-07-25 03:00:00,0,0.0
ZN-04,Meeting Room B,meeting_room,8,2026-07-25 03:15:00,1,12.5
ZN-04,Meeting Room B,meeting_room,8,2026-07-25 03:30:00,0,0.0
ZN-04,Meeting Room B,meeting_room,8,2026-07-25 03:45:00,0,0.0
ZN-04,Meeting Room B,meeting_room,8,2026-07-25 04:00:00,0,0.0
ZN-04,Meeting Room B,meeting_room,8,2026-07-25 04:15:00,1,12.5
ZN-04,Meeting Room B,meeting_room,8,2026-07-25 04:30:00,1,12.5
ZN-04,Meeting Room B,meeting_room,8,2026-07-25 04:45:00,1,12.5
ZN-04,Meeting Room B,meeting_room,8,2026-07-25 05:00:00,0,0.0
ZN-04,Meeting Room B,meeting_room,8,2026-07-25 05:15:00,0,0.0
ZN-04,Meeting Room B,meeting_room,8,2026-07-25 05:30:00,0,0.0
ZN-04,Meeting Room B,meeting_room,8,2026-07-25 05:45:00,1,12.5
ZN-04,Meeting Room B,meeting_room,8,2026-07-25 06:00:00,3,37.5
ZN-04,Meeting Room B,meeting_room,8,2026-07-25 06:15:00,0,0.0
ZN-04,Meeting Room B,meeting_room,8,2026-07-25 06:30:00,3,37.5
ZN-04,Meeting Room B,meeting_room,8,2026-07-25 06:45:00,0,0.0
ZN-04,Meeting Room B,meeting_room,8,2026-07-25 07:00:00,0,0.0
ZN-04,Meeting Room B,meeting_room,8,2026-07-25 07:15:00,1,12.5
ZN-04,Meeting Room B,meeting_room,8,2026-07-25 07:30:00,0,0.0
ZN-04,Meeting Room B,meeting_room,8,2026-07-25 07:45:00,0,0.0
ZN-04,Meeting Room B,meeting_room,8,2026-07-25 08:00:00,0,0.0
ZN-04,Meeting Room B,meeting_room,8,2026-07-25 08:15:00,1,12.5
ZN-04,Meeting Room B,meeting_room,8,2026-07-25 08:30:00,1,12.5
ZN-04,Meeting Room B,meeting_room,8,2026-07-25 08:45:00,2,25.0
ZN-04,Meeting Room B,meeting_room,8,2026-07-25 09:00:00,1,12.5
ZN-04,Meeting Room B,meeting_room,8,2026-07-25 09:15:00,1,12.5
ZN-04,Meeting Room B,meeting_room,8,2026-07-25 09:30:00,3,37.5
ZN-04,Meeting Room B,meeting_room,8,2026-07-25 09:45:00,0,0.0
ZN-04,Meeting Room B,meeting_room,8,2026-07-25 10:00:00,0,0.0
ZN-04,Meeting Room B,meeting_room,8,2026-07-25 10:15:00,0,0.0
ZN-04,Meeting Room B,meeting_room,8,2026-07-25 10:30:00,0,0.0
ZN-04,Meeting Room B,meeting_room,8,2026-07-25 10:45:00,1,12.5
ZN-04,Meeting Room B,meeting_room,8,2026-07-25 11:00:00,1,12.5
ZN-04,Meeting Room B,meeting_room,8,2026-07-25 11:15:00,0,0.0
ZN-04,Meeting Room B,meeting_room,8,2026-07-25 11:30:00,1,12.5
ZN-04,Meeting Room B,meeting_room,8,2026-07-25 11:45:00,0,0.0
ZN-04,Meeting Room B,meeting_room,8,2026-07-25 12:00:00,0,0.0
ZN-04,Meeting Room B,meeting_room,8,2026-07-25 12:15:00,0,0.0
ZN-04,Meeting Room B,meeting_room,8,2026-07-25 12:30:00,0,0.0
ZN-04,Meeting Room B,meeting_room,8,2026-07-25 12:45:00,0,0.0
ZN-04,Meeting Room B,meeting_room,8,2026-07-25 13:00:00,0,0.0
ZN-04,Meeting Room B,meeting_room,8,2026-07-25 13:15:00,0,0.0
ZN-04,Meeting Room B,meeting_room,8,2026-07-25 13:30:00,0,0.0
ZN-04,Meeting Room B,meeting_room,8,2026-07-25 13:45:00,1,12.5
ZN-04,Meeting Room B,meeting_room,8,2026-07-25 14:00:00,2,25.0
ZN-04,Meeting Room B,meeting_room,8,2026-07-25 14:15:00,0,0.0
ZN-04,Meeting Room B,meeting_room,8,2026-07-25 14:30:00,0,0.0
ZN-04,Meeting Room B,meeting_room,8,2026-07-25 14:45:00,0,0.0
ZN-04,Meeting Room B,meeting_room,8,2026-07-25 15:00:00,1,12.5
ZN-04,Meeting Room B,meeting_room,8,2026-07-25 15:15:00,0,0.0
ZN-04,Meeting Room B,meeting_room,8,2026-07-25 15:30:00,0,0.0
ZN-04,Meeting Room B,meeting_room,8,2026-07-25 15:45:00,2,25.0
ZN-04,Meeting Room B,meeting_room,8,2026-07-25 16:00:00,0,0.0
ZN-04,Meeting Room B,meeting_room,8,2026-07-25 16:15:00,0,0.0
ZN-04,Meeting Room B,meeting_room,8,2026-07-25 16:30:00,3,37.5
ZN-04,Meeting Room B,meeting_room,8,2026-07-25 16:45:00,2,25.0
ZN-04,Meeting Room B,meeting_room,8,2026-07-25 17:00:00,0,0.0
ZN-04,Meeting Room B,meeting_room,8,2026-07-25 17:15:00,1,12.5
ZN-04,Meeting Room B,meeting_room,8,2026-07-25 17:30:00,0,0.0
ZN-04,Meeting Room B,meeting_room,8,2026-07-25 17:45:00,0,0.0
ZN-04,Meeting Room B,meeting_room,8,2026-07-25 18:00:00,0,0.0
ZN-04,Meeting Room B,meeting_room,8,2026-07-25 18:15:00,1,12.5
ZN-04,Meeting Room B,meeting_room,8,2026-07-25 18:30:00,0,0.0
ZN-04,Meeting Room B,meeting_room,8,2026-07-25 18:45:00,0,0.0
ZN-04,Meeting Room B,meeting_room,8,2026-07-25 19:00:00,0,0.0
ZN-04,Meeting Room B,meeting_room,8,2026-07-25 19:15:00,0,0.0
ZN-04,Meeting Room B,meeting_room,8,2026-07-25 19:30:00,1,12.5
ZN-04,Meeting Room B,meeting_room,8,2026-07-25 19:45:00,0,0.0
ZN-04,Meeting Room B,meeting_room,8,2026-07-25 20:00:00,0,0.0
ZN-04,Meeting Room B,meeting_room,8,2026-07-25 20:15:00,1,12.5
ZN-04,Meeting Room B,meeting_room,8,2026-07-25 20:30:00,0,0.0
ZN-04,Meeting Room B,meeting_room,8,2026-07-25 20:45:00,1,12.5
ZN-04,Meeting Room B,meeting_room,8,2026-07-25 21:00:00,3,37.5
ZN-04,Meeting Room B,meeting_room,8,2026-07-25 21:15:00,4,50.0
ZN-04,Meeting Room B,meeting_room,8,2026-07-25 21:30:00,0,0.0
ZN-04,Meeting Room B,meeting_room,8,2026-07-25 21:45:00,0,0.0
ZN-04,Meeting Room B,meeting_room,8,2026-07-25 22:00:00,1,12.5
ZN-04,Meeting Room B,meeting_room,8,2026-07-25 22:15:00,4,50.0
ZN-04,Meeting Room B,meeting_room,8,2026-07-25 22:30:00,1,12.5
ZN-04,Meeting Room B,meeting_room,8,2026-07-25 22:45:00,0,0.0
ZN-04,Meeting Room B,meeting_room,8,2026-07-25 23:00:00,2,25.0
ZN-04,Meeting Room B,meeting_room,8,2026-07-25 23:15:00,0,0.0
ZN-04,Meeting Room B,meeting_room,8,2026-07-25 23:30:00,1,12.5
ZN-04,Meeting Room B,meeting_room,8,2026-07-25 23:45:00,1,12.5
ZN-04,Meeting Room B,meeting_room,8,2026-07-26 00:00:00,0,0.0
ZN-04,Meeting Room B,meeting_room,8,2026-07-26 00:15:00,5,62.5
ZN-04,Meeting Room B,meeting_room,8,2026-07-26 00:30:00,0,0.0
ZN-04,Meeting Room B,meeting_room,8,2026-07-26 00:45:00,1,12.5
ZN-04,Meeting Room B,meeting_room,8,2026-07-26 01:00:00,1,12.5
ZN-04,Meeting Room B,meeting_room,8,2026-07-26 01:15:00,0,0.0
ZN-04,Meeting Room B,meeting_room,8,2026-07-26 01:30:00,0,0.0
ZN-04,Meeting Room B,meeting_room,8,2026-07-26 01:45:00,0,0.0
ZN-04,Meeting Room B,meeting_room,8,2026-07-26 02:00:00,0,0.0
ZN-04,Meeting Room B,meeting_room,8,2026-07-26 02:15:00,0,0.0
ZN-04,Meeting Room B,meeting_room,8,2026-07-26 02:30:00,2,25.0
ZN-04,Meeting Room B,meeting_room,8,2026-07-26 02:45:00,2,25.0
ZN-04,Meeting Room B,meeting_room,8,2026-07-26 03:00:00,0,0.0
ZN-04,Meeting Room B,meeting_room,8,2026-07-26 03:15:00,0,0.0
ZN-04,Meeting Room B,meeting_room,8,2026-07-26 03:30:00,2,25.0
ZN-04,Meeting Room B,meeting_room,8,2026-07-26 03:45:00,0,0.0
ZN-04,Meeting Room B,meeting_room,8,2026-07-26 04:00:00,0,0.0
ZN-04,Meeting Room B,meeting_room,8,2026-07-26 04:15:00,0,0.0
ZN-04,Meeting Room B,meeting_room,8,2026-07-26 04:30:00,0,0.0
ZN-04,Meeting Room B,meeting_room,8,2026-07-26 04:45:00,3,37.5
ZN-04,Meeting Room B,meeting_room,8,2026-07-26 05:00:00,0,0.0
ZN-04,Meeting Room B,meeting_room,8,2026-07-26 05:15:00,0,0.0
ZN-04,Meeting Room B,meeting_room,8,2026-07-26 05:30:00,0,0.0
ZN-04,Meeting Room B,meeting_room,8,2026-07-26 05:45:00,0,0.0
ZN-04,Meeting Room B,meeting_room,8,2026-07-26 06:00:00,1,12.5
ZN-04,Meeting Room B,meeting_room,8,2026-07-26 06:15:00,0,0.0
ZN-04,Meeting Room B,meeting_room,8,2026-07-26 06:30:00,1,12.5
ZN-04,Meeting Room B,meeting_room,8,2026-07-26 06:45:00,0,0.0
ZN-04,Meeting Room B,meeting_room,8,2026-07-26 07:00:00,0,0.0
ZN-04,Meeting Room B,meeting_room,8,2026-07-26 07:15:00,0,0.0
ZN-04,Meeting Room B,meeting_room,8,2026-07-26 07:30:00,0,0.0
ZN-04,Meeting Room B,meeting_room,8,2026-07-26 07:45:00,0,0.0
ZN-04,Meeting Room B,meeting_room,8,2026-07-26 08:00:00,0,0.0
ZN-04,Meeting Room B,meeting_room,8,2026-07-26 08:15:00,0,0.0
ZN-04,Meeting Room B,meeting_room,8,2026-07-26 08:30:00,3,37.5
ZN-04,Meeting Room B,meeting_room,8,2026-07-26 08:45:00,0,0.0
ZN-04,Meeting Room B,meeting_room,8,2026-07-26 09:00:00,1,12.5
ZN-04,Meeting Room B,meeting_room,8,2026-07-26 09:15:00,0,0.0
ZN-04,Meeting Room B,meeting_room,8,2026-07-26 09:30:00,0,0.0
ZN-04,Meeting Room B,meeting_room,8,2026-07-26 09:45:00,0,0.0
ZN-04,Meeting Room B,meeting_room,8,2026-07-26 10:00:00,1,12.5
ZN-04,Meeting Room B,meeting_room,8,2026-07-26 10:15:00,0,0.0
ZN-04,Meeting Room B,meeting_room,8,2026-07-26 10:30:00,0,0.0
ZN-04,Meeting Room B,meeting_room,8,2026-07-26 10:45:00,0,0.0
ZN-04,Meeting Room B,meeting_room,8,2026-07-26 11:00:00,0,0.0
ZN-04,Meeting Room B,meeting_room,8,2026-07-26 11:15:00,2,25.0
ZN-04,Meeting Room B,meeting_room,8,2026-07-26 11:30:00,1,12.5
ZN-04,Meeting Room B,meeting_room,8,2026-07-26 11:45:00,1,12.5
ZN-04,Meeting Room B,meeting_room,8,2026-07-26 12:00:00,3,37.5
ZN-04,Meeting Room B,meeting_room,8,2026-07-26 12:15:00,3,37.5
ZN-04,Meeting Room B,meeting_room,8,2026-07-26 12:30:00,0,0.0
ZN-04,Meeting Room B,meeting_room,8,2026-07-26 12:45:00,2,25.0
ZN-04,Meeting Room B,meeting_room,8,2026-07-26 13:00:00,1,12.5
ZN-04,Meeting Room B,meeting_room,8,2026-07-26 13:15:00,2,25.0
ZN-04,Meeting Room B,meeting_room,8,2026-07-26 13:30:00,1,12.5
ZN-04,Meeting Room B,meeting_room,8,2026-07-26 13:45:00,0,0.0
ZN-04,Meeting Room B,meeting_room,8,2026-07-26 14:00:00,2,25.0
ZN-04,Meeting Room B,meeting_room,8,2026-07-26 14:15:00,0,0.0
ZN-04,Meeting Room B,meeting_room,8,2026-07-26 14:30:00,0,0.0
ZN-04,Meeting Room B,meeting_room,8,2026-07-26 14:45:00,1,12.5
ZN-04,Meeting Room B,meeting_room,8,2026-07-26 15:00:00,0,0.0
ZN-04,Meeting Room B,meeting_room,8,2026-07-26 15:15:00,0,0.0
ZN-04,Meeting Room B,meeting_room,8,2026-07-26 15:30:00,0,0.0
ZN-04,Meeting Room B,meeting_room,8,2026-07-26 15:45:00,0,0.0
ZN-04,Meeting Room B,meeting_room,8,2026-07-26 16:00:00,0,0.0
ZN-04,Meeting Room B,meeting_room,8,2026-07-26 16:15:00,0,0.0
ZN-04,Meeting Room B,meeting_room,8,2026-07-26 16:30:00,0,0.0
ZN-04,Meeting Room B,meeting_room,8,2026-07-26 16:45:00,0,0.0
ZN-04,Meeting Room B,meeting_room,8,2026-07-26 17:00:00,0,0.0
ZN-04,Meeting Room B,meeting_room,8,2026-07-26 17:15:00,2,25.0
ZN-04,Meeting Room B,meeting_room,8,2026-07-26 17:30:00,1,12.5
ZN-04,Meeting Room B,meeting_room,8,2026-07-26 17:45:00,1,12.5
ZN-04,Meeting Room B,meeting_room,8,2026-07-26 18:00:00,0,0.0
ZN-04,Meeting Room B,meeting_room,8,2026-07-26 18:15:00,0,0.0
ZN-04,Meeting Room B,meeting_room,8,2026-07-26 18:30:00,0,0.0
ZN-04,Meeting Room B,meeting_room,8,2026-07-26 18:45:00,0,0.0
ZN-04,Meeting Room B,meeting_room,8,2026-07-26 19:00:00,0,0.0
ZN-04,Meeting Room B,meeting_room,8,2026-07-26 19:15:00,0,0.0
ZN-04,Meeting Room B,meeting_room,8,2026-07-26 19:30:00,0,0.0
ZN-04,Meeting Room B,meeting_room,8,2026-07-26 19:45:00,0,0.0
ZN-04,Meeting Room B,meeting_room,8,2026-07-26 20:00:00,1,12.5
ZN-04,Meeting Room B,meeting_room,8,2026-07-26 20:15:00,1,12.5
ZN-04,Meeting Room B,meeting_room,8,2026-07-26 20:30:00,0,0.0
ZN-04,Meeting Room B,meeting_room,8,2026-07-26 20:45:00,0,0.0
ZN-04,Meeting Room B,meeting_room,8,2026-07-26 21:00:00,1,12.5
ZN-04,Meeting Room B,meeting_room,8,2026-07-26 21:15:00,0,0.0
ZN-04,Meeting Room B,meeting_room,8,2026-07-26 21:30:00,0,0.0
ZN-04,Meeting Room B,meeting_room,8,2026-07-26 21:45:00,1,12.5
ZN-04,Meeting Room B,meeting_room,8,2026-07-26 22:00:00,2,25.0
ZN-04,Meeting Room B,meeting_room,8,2026-07-26 22:15:00,1,12.5
ZN-04,Meeting Room B,meeting_room,8,2026-07-26 22:30:00,1,12.5
ZN-04,Meeting Room B,meeting_room,8,2026-07-26 22:45:00,3,37.5
ZN-04,Meeting Room B,meeting_room,8,2026-07-26 23:00:00,1,12.5
ZN-04,Meeting Room B,meeting_room,8,2026-07-26 23:15:00,0,0.0
ZN-04,Meeting Room B,meeting_room,8,2026-07-26 23:30:00,1,12.5
ZN-04,Meeting Room B,meeting_room,8,2026-07-26 23:45:00,0,0.0
ZN-04,Meeting Room B,meeting_room,8,2026-07-27 00:00:00,2,25.0
ZN-04,Meeting Room B,meeting_room,8,2026-07-27 00:15:00,0,0.0
ZN-04,Meeting Room B,meeting_room,8,2026-07-27 00:30:00,1,12.5
ZN-04,Meeting Room B,meeting_room,8,2026-07-27 00:45:00,0,0.0
ZN-04,Meeting Room B,meeting_room,8,2026-07-27 01:00:00,3,37.5
ZN-04,Meeting Room B,meeting_room,8,2026-07-27 01:15:00,0,0.0
ZN-04,Meeting Room B,meeting_room,8,2026-07-27 01:30:00,0,0.0
ZN-04,Meeting Room B,meeting_room,8,2026-07-27 01:45:00,2,25.0
ZN-04,Meeting Room B,meeting_room,8,2026-07-27 02:00:00,1,12.5
ZN-04,Meeting Room B,meeting_room,8,2026-07-27 02:15:00,0,0.0
ZN-04,Meeting Room B,meeting_room,8,2026-07-27 02:30:00,2,25.0
ZN-04,Meeting Room B,meeting_room,8,2026-07-27 02:45:00,0,0.0
ZN-04,Meeting Room B,meeting_room,8,2026-07-27 03:00:00,0,0.0
ZN-04,Meeting Room B,meeting_room,8,2026-07-27 03:15:00,0,0.0
ZN-04,Meeting Room B,meeting_room,8,2026-07-27 03:30:00,0,0.0
ZN-04,Meeting Room B,meeting_room,8,2026-07-27 03:45:00,0,0.0
ZN-04,Meeting Room B,meeting_room,8,2026-07-27 04:00:00,0,0.0
ZN-04,Meeting Room B,meeting_room,8,2026-07-27 04:15:00,0,0.0
ZN-04,Meeting Room B,meeting_room,8,2026-07-27 04:30:00,2,25.0
ZN-04,Meeting Room B,meeting_room,8,2026-07-27 04:45:00,0,0.0
ZN-04,Meeting Room B,meeting_room,8,2026-07-27 05:00:00,2,25.0
ZN-04,Meeting Room B,meeting_room,8,2026-07-27 05:15:00,1,12.5
ZN-04,Meeting Room B,meeting_room,8,2026-07-27 05:30:00,1,12.5
ZN-04,Meeting Room B,meeting_room,8,2026-07-27 05:45:00,3,37.5
ZN-04,Meeting Room B,meeting_room,8,2026-07-27 06:00:00,8,100.0
ZN-04,Meeting Room B,meeting_room,8,2026-07-27 06:15:00,7,87.5
ZN-04,Meeting Room B,meeting_room,8,2026-07-27 06:30:00,8,100.0
ZN-04,Meeting Room B,meeting_room,8,2026-07-27 06:45:00,7,87.5
ZN-04,Meeting Room B,meeting_room,8,2026-07-27 07:00:00,8,100.0
ZN-04,Meeting Room B,meeting_room,8,2026-07-27 07:15:00,4,50.0
ZN-04,Meeting Room B,meeting_room,8,2026-07-27 07:30:00,7,87.5
ZN-04,Meeting Room B,meeting_room,8,2026-07-27 07:45:00,6,75.0
ZN-04,Meeting Room B,meeting_room,8,2026-07-27 08:00:00,8,100.0
ZN-04,Meeting Room B,meeting_room,8,2026-07-27 08:15:00,6,75.0
ZN-04,Meeting Room B,meeting_room,8,2026-07-27 08:30:00,8,100.0
ZN-04,Meeting Room B,meeting_room,8,2026-07-27 08:45:00,8,100.0
ZN-04,Meeting Room B,meeting_room,8,2026-07-27 09:00:00,6,75.0
ZN-04,Meeting Room B,meeting_room,8,2026-07-27 09:15:00,5,62.5
ZN-04,Meeting Room B,meeting_room,8,2026-07-27 09:30:00,8,100.0
ZN-04,Meeting Room B,meeting_room,8,2026-07-27 09:45:00,4,50.0
ZN-04,Meeting Room B,meeting_room,8,2026-07-27 10:00:00,4,50.0
ZN-04,Meeting Room B,meeting_room,8,2026-07-27 10:15:00,7,87.5
ZN-04,Meeting Room B,meeting_room,8,2026-07-27 10:30:00,6,75.0
ZN-04,Meeting Room B,meeting_room,8,2026-07-27 10:45:00,6,75.0
ZN-04,Meeting Room B,meeting_room,8,2026-07-27 11:00:00,6,75.0
ZN-04,Meeting Room B,meeting_room,8,2026-07-27 11:15:00,7,87.5
ZN-04,Meeting Room B,meeting_room,8,2026-07-27 11:30:00,5,62.5
ZN-04,Meeting Room B,meeting_room,8,2026-07-27 11:45:00,6,75.0
ZN-04,Meeting Room B,meeting_room,8,2026-07-27 12:00:00,4,50.0
ZN-04,Meeting Room B,meeting_room,8,2026-07-27 12:15:00,8,100.0
ZN-04,Meeting Room B,meeting_room,8,2026-07-27 12:30:00,8,100.0
ZN-04,Meeting Room B,meeting_room,8,2026-07-27 12:45:00,6,75.0
ZN-04,Meeting Room B,meeting_room,8,2026-07-27 13:00:00,4,50.0
ZN-04,Meeting Room B,meeting_room,8,2026-07-27 13:15:00,6,75.0
ZN-04,Meeting Room B,meeting_room,8,2026-07-27 13:30:00,8,100.0
ZN-04,Meeting Room B,meeting_room,8,2026-07-27 13:45:00,8,100.0
ZN-04,Meeting Room B,meeting_room,8,2026-07-27 14:00:00,7,87.5
ZN-04,Meeting Room B,meeting_room,8,2026-07-27 14:15:00,7,87.5
ZN-04,Meeting Room B,meeting_room,8,2026-07-27 14:30:00,7,87.5
ZN-04,Meeting Room B,meeting_room,8,2026-07-27 14:45:00,6,75.0
ZN-04,Meeting Room B,meeting_room,8,2026-07-27 15:00:00,5,62.5
ZN-04,Meeting Room B,meeting_room,8,2026-07-27 15:15:00,1,12.5
ZN-04,Meeting Room B,meeting_room,8,2026-07-27 15:30:00,3,37.5
ZN-04,Meeting Room B,meeting_room,8,2026-07-27 15:45:00,1,12.5
ZN-04,Meeting Room B,meeting_room,8,2026-07-27 16:00:00,4,50.0
ZN-04,Meeting Room B,meeting_room,8,2026-07-27 16:15:00,3,37.5
ZN-04,Meeting Room B,meeting_room,8,2026-07-27 16:30:00,2,25.0
ZN-04,Meeting Room B,meeting_room,8,2026-07-27 16:45:00,0,0.0
ZN-04,Meeting Room B,meeting_room,8,2026-07-27 17:00:00,1,12.5
ZN-04,Meeting Room B,meeting_room,8,2026-07-27 17:15:00,3,37.5
ZN-04,Meeting Room B,meeting_room,8,2026-07-27 17:30:00,0,0.0
ZN-04,Meeting Room B,meeting_room,8,2026-07-27 17:45:00,0,0.0
ZN-04,Meeting Room B,meeting_room,8,2026-07-27 18:00:00,1,12.5
ZN-04,Meeting Room B,meeting_room,8,2026-07-27 18:15:00,0,0.0
ZN-04,Meeting Room B,meeting_room,8,2026-07-27 18:30:00,1,12.5
ZN-04,Meeting Room B,meeting_room,8,2026-07-27 18:45:00,0,0.0
ZN-04,Meeting Room B,meeting_room,8,2026-07-27 19:00:00,1,12.5
ZN-04,Meeting Room B,meeting_room,8,2026-07-27 19:15:00,0,0.0
ZN-04,Meeting Room B,meeting_room,8,2026-07-27 19:30:00,0,0.0
ZN-04,Meeting Room B,meeting_room,8,2026-07-27 19:45:00,2,25.0
ZN-04,Meeting Room B,meeting_room,8,2026-07-27 20:00:00,1,12.5
ZN-04,Meeting Room B,meeting_room,8,2026-07-27 20:15:00,0,0.0
ZN-04,Meeting Room B,meeting_room,8,2026-07-27 20:30:00,0,0.0
ZN-04,Meeting Room B,meeting_room,8,2026-07-27 20:45:00,1,12.5
ZN-04,Meeting Room B,meeting_room,8,2026-07-27 21:00:00,1,12.5
ZN-04,Meeting Room B,meeting_room,8,2026-07-27 21:15:00,0,0.0
ZN-04,Meeting Room B,meeting_room,8,2026-07-27 21:30:00,0,0.0
ZN-04,Meeting Room B,meeting_room,8,2026-07-27 21:45:00,0,0.0
ZN-04,Meeting Room B,meeting_room,8,2026-07-27 22:00:00,2,25.0
ZN-04,Meeting Room B,meeting_room,8,2026-07-27 22:15:00,0,0.0
ZN-04,Meeting Room B,meeting_room,8,2026-07-27 22:30:00,0,0.0
ZN-04,Meeting Room B,meeting_room,8,2026-07-27 22:45:00,1,12.5
ZN-04,Meeting Room B,meeting_room,8,2026-07-27 23:00:00,0,0.0
ZN-04,Meeting Room B,meeting_room,8,2026-07-27 23:15:00,0,0.0
ZN-04,Meeting Room B,meeting_room,8,2026-07-27 23:30:00,0,0.0
ZN-04,Meeting Room B,meeting_room,8,2026-07-27 23:45:00,2,25.0
ZN-04,Meeting Room B,meeting_room,8,2026-07-28 00:00:00,2,25.0
ZN-04,Meeting Room B,meeting_room,8,2026-07-28 00:15:00,0,0.0
ZN-04,Meeting Room B,meeting_room,8,2026-07-28 00:30:00,0,0.0
ZN-04,Meeting Room B,meeting_room,8,2026-07-28 00:45:00,1,12.5
ZN-04,Meeting Room B,meeting_room,8,2026-07-28 01:00:00,0,0.0
ZN-04,Meeting Room B,meeting_room,8,2026-07-28 01:15:00,0,0.0
ZN-04,Meeting Room B,meeting_room,8,2026-07-28 01:30:00,3,37.5
ZN-04,Meeting Room B,meeting_room,8,2026-07-28 01:45:00,0,0.0
ZN-04,Meeting Room B,meeting_room,8,2026-07-28 02:00:00,2,25.0
ZN-04,Meeting Room B,meeting_room,8,2026-07-28 02:15:00,3,37.5
ZN-04,Meeting Room B,meeting_room,8,2026-07-28 02:30:00,0,0.0
ZN-04,Meeting Room B,meeting_room,8,2026-07-28 02:45:00,1,12.5
ZN-04,Meeting Room B,meeting_room,8,2026-07-28 03:00:00,2,25.0
ZN-04,Meeting Room B,meeting_room,8,2026-07-28 03:15:00,3,37.5
ZN-04,Meeting Room B,meeting_room,8,2026-07-28 03:30:00,0,0.0
ZN-04,Meeting Room B,meeting_room,8,2026-07-28 03:45:00,0,0.0
ZN-04,Meeting Room B,meeting_room,8,2026-07-28 04:00:00,0,0.0
ZN-04,Meeting Room B,meeting_room,8,2026-07-28 04:15:00,0,0.0
ZN-04,Meeting Room B,meeting_room,8,2026-07-28 04:30:00,0,0.0
ZN-04,Meeting Room B,meeting_room,8,2026-07-28 04:45:00,0,0.0
ZN-04,Meeting Room B,meeting_room,8,2026-07-28 05:00:00,1,12.5
ZN-04,Meeting Room B,meeting_room,8,2026-07-28 05:15:00,1,12.5
ZN-04,Meeting Room B,meeting_room,8,2026-07-28 05:30:00,2,25.0
ZN-04,Meeting Room B,meeting_room,8,2026-07-28 05:45:00,3,37.5
ZN-04,Meeting Room B,meeting_room,8,2026-07-28 06:00:00,7,87.5
ZN-04,Meeting Room B,meeting_room,8,2026-07-28 06:15:00,8,100.0
ZN-04,Meeting Room B,meeting_room,8,2026-07-28 06:30:00,8,100.0
ZN-04,Meeting Room B,meeting_room,8,2026-07-28 06:45:00,6,75.0
ZN-04,Meeting Room B,meeting_room,8,2026-07-28 07:00:00,7,87.5
ZN-04,Meeting Room B,meeting_room,8,2026-07-28 07:15:00,8,100.0
ZN-04,Meeting Room B,meeting_room,8,2026-07-28 07:30:00,8,100.0
ZN-04,Meeting Room B,meeting_room,8,2026-07-28 07:45:00,7,87.5
ZN-04,Meeting Room B,meeting_room,8,2026-07-28 08:00:00,8,100.0
ZN-04,Meeting Room B,meeting_room,8,2026-07-28 08:15:00,7,87.5
ZN-04,Meeting Room B,meeting_room,8,2026-07-28 08:30:00,7,87.5
ZN-04,Meeting Room B,meeting_room,8,2026-07-28 08:45:00,7,87.5
ZN-04,Meeting Room B,meeting_room,8,2026-07-28 09:00:00,8,100.0
ZN-04,Meeting Room B,meeting_room,8,2026-07-28 09:15:00,5,62.5
ZN-04,Meeting Room B,meeting_room,8,2026-07-28 09:30:00,8,100.0
ZN-04,Meeting Room B,meeting_room,8,2026-07-28 09:45:00,5,62.5
ZN-04,Meeting Room B,meeting_room,8,2026-07-28 10:00:00,4,50.0
ZN-04,Meeting Room B,meeting_room,8,2026-07-28 10:15:00,5,62.5
ZN-04,Meeting Room B,meeting_room,8,2026-07-28 10:30:00,1,12.5
ZN-04,Meeting Room B,meeting_room,8,2026-07-28 10:45:00,3,37.5
ZN-04,Meeting Room B,meeting_room,8,2026-07-28 11:00:00,5,62.5
ZN-04,Meeting Room B,meeting_room,8,2026-07-28 11:15:00,8,100.0
ZN-04,Meeting Room B,meeting_room,8,2026-07-28 11:30:00,6,75.0
ZN-04,Meeting Room B,meeting_room,8,2026-07-28 11:45:00,6,75.0
ZN-04,Meeting Room B,meeting_room,8,2026-07-28 12:00:00,5,62.5
ZN-04,Meeting Room B,meeting_room,8,2026-07-28 12:15:00,4,50.0
ZN-04,Meeting Room B,meeting_room,8,2026-07-28 12:30:00,4,50.0
ZN-04,Meeting Room B,meeting_room,8,2026-07-28 12:45:00,8,100.0
ZN-04,Meeting Room B,meeting_room,8,2026-07-28 13:00:00,8,100.0
ZN-04,Meeting Room B,meeting_room,8,2026-07-28 13:15:00,5,62.5
ZN-04,Meeting Room B,meeting_room,8,2026-07-28 13:30:00,8,100.0
ZN-04,Meeting Room B,meeting_room,8,2026-07-28 13:45:00,8,100.0
ZN-04,Meeting Room B,meeting_room,8,2026-07-28 14:00:00,8,100.0
ZN-04,Meeting Room B,meeting_room,8,2026-07-28 14:15:00,7,87.5
ZN-04,Meeting Room B,meeting_room,8,2026-07-28 14:30:00,8,100.0
ZN-04,Meeting Room B,meeting_room,8,2026-07-28 14:45:00,8,100.0
ZN-04,Meeting Room B,meeting_room,8,2026-07-28 15:00:00,7,87.5
ZN-04,Meeting Room B,meeting_room,8,2026-07-28 15:15:00,3,37.5
ZN-04,Meeting Room B,meeting_room,8,2026-07-28 15:30:00,7,87.5
ZN-04,Meeting Room B,meeting_room,8,2026-07-28 15:45:00,1,12.5
ZN-04,Meeting Room B,meeting_room,8,2026-07-28 16:00:00,0,0.0
ZN-04,Meeting Room B,meeting_room,8,2026-07-28 16:15:00,2,25.0
ZN-04,Meeting Room B,meeting_room,8,2026-07-28 16:30:00,0,0.0
ZN-04,Meeting Room B,meeting_room,8,2026-07-28 16:45:00,0,0.0
ZN-04,Meeting Room B,meeting_room,8,2026-07-28 17:00:00,0,0.0
ZN-04,Meeting Room B,meeting_room,8,2026-07-28 17:15:00,0,0.0
ZN-04,Meeting Room B,meeting_room,8,2026-07-28 17:30:00,0,0.0
ZN-04,Meeting Room B,meeting_room,8,2026-07-28 17:45:00,0,0.0
ZN-04,Meeting Room B,meeting_room,8,2026-07-28 18:00:00,2,25.0
ZN-04,Meeting Room B,meeting_room,8,2026-07-28 18:15:00,0,0.0
ZN-04,Meeting Room B,meeting_room,8,2026-07-28 18:30:00,0,0.0
ZN-04,Meeting Room B,meeting_room,8,2026-07-28 18:45:00,3,37.5
ZN-04,Meeting Room B,meeting_room,8,2026-07-28 19:00:00,0,0.0
ZN-04,Meeting Room B,meeting_room,8,2026-07-28 19:15:00,0,0.0
ZN-04,Meeting Room B,meeting_room,8,2026-07-28 19:30:00,0,0.0
ZN-04,Meeting Room B,meeting_room,8,2026-07-28 19:45:00,0,0.0
ZN-04,Meeting Room B,meeting_room,8,2026-07-28 20:00:00,0,0.0
ZN-04,Meeting Room B,meeting_room,8,2026-07-28 20:15:00,2,25.0
ZN-04,Meeting Room B,meeting_room,8,2026-07-28 20:30:00,1,12.5
ZN-04,Meeting Room B,meeting_room,8,2026-07-28 20:45:00,0,0.0
ZN-04,Meeting Room B,meeting_room,8,2026-07-28 21:00:00,0,0.0
ZN-04,Meeting Room B,meeting_room,8,2026-07-28 21:15:00,0,0.0
ZN-04,Meeting Room B,meeting_room,8,2026-07-28 21:30:00,1,12.5
ZN-04,Meeting Room B,meeting_room,8,2026-07-28 21:45:00,1,12.5
ZN-04,Meeting Room B,meeting_room,8,2026-07-28 22:00:00,0,0.0
ZN-04,Meeting Room B,meeting_room,8,2026-07-28 22:15:00,0,0.0
ZN-04,Meeting Room B,meeting_room,8,2026-07-28 22:30:00,0,0.0
ZN-04,Meeting Room B,meeting_room,8,2026-07-28 22:45:00,0,0.0
ZN-04,Meeting Room B,meeting_room,8,2026-07-28 23:00:00,0,0.0
ZN-04,Meeting Room B,meeting_room,8,2026-07-28 23:15:00,0,0.0
ZN-04,Meeting Room B,meeting_room,8,2026-07-28 23:30:00,0,0.0
ZN-04,Meeting Room B,meeting_room,8,2026-07-28 23:45:00,0,0.0
ZN-04,Meeting Room B,meeting_room,8,2026-07-29 00:00:00,0,0.0
ZN-04,Meeting Room B,meeting_room,8,2026-07-29 00:15:00,0,0.0
ZN-04,Meeting Room B,meeting_room,8,2026-07-29 00:30:00,0,0.0
ZN-04,Meeting Room B,meeting_room,8,2026-07-29 00:45:00,0,0.0
ZN-04,Meeting Room B,meeting_room,8,2026-07-29 01:00:00,0,0.0
ZN-04,Meeting Room B,meeting_room,8,2026-07-29 01:15:00,2,25.0
ZN-04,Meeting Room B,meeting_room,8,2026-07-29 01:30:00,0,0.0
ZN-04,Meeting Room B,meeting_room,8,2026-07-29 01:45:00,1,12.5
ZN-04,Meeting Room B,meeting_room,8,2026-07-29 02:00:00,0,0.0
ZN-04,Meeting Room B,meeting_room,8,2026-07-29 02:15:00,0,0.0
ZN-04,Meeting Room B,meeting_room,8,2026-07-29 02:30:00,0,0.0
ZN-04,Meeting Room B,meeting_room,8,2026-07-29 02:45:00,0,0.0
ZN-04,Meeting Room B,meeting_room,8,2026-07-29 03:00:00,0,0.0
ZN-04,Meeting Room B,meeting_room,8,2026-07-29 03:15:00,0,0.0
ZN-04,Meeting Room B,meeting_room,8,2026-07-29 03:30:00,0,0.0
ZN-04,Meeting Room B,meeting_room,8,2026-07-29 03:45:00,0,0.0
ZN-04,Meeting Room B,meeting_room,8,2026-07-29 04:00:00,0,0.0
ZN-04,Meeting Room B,meeting_room,8,2026-07-29 04:15:00,0,0.0
ZN-04,Meeting Room B,meeting_room,8,2026-07-29 04:30:00,0,0.0
ZN-04,Meeting Room B,meeting_room,8,2026-07-29 04:45:00,0,0.0
ZN-04,Meeting Room B,meeting_room,8,2026-07-29 05:00:00,2,25.0
ZN-04,Meeting Room B,meeting_room,8,2026-07-29 05:15:00,1,12.5
ZN-04,Meeting Room B,meeting_room,8,2026-07-29 05:30:00,2,25.0
ZN-04,Meeting Room B,meeting_room,8,2026-07-29 05:45:00,4,50.0
ZN-04,Meeting Room B,meeting_room,8,2026-07-29 06:00:00,8,100.0
ZN-04,Meeting Room B,meeting_room,8,2026-07-29 06:15:00,7,87.5
ZN-04,Meeting Room B,meeting_room,8,2026-07-29 06:30:00,8,100.0
ZN-04,Meeting Room B,meeting_room,8,2026-07-29 06:45:00,8,100.0
ZN-04,Meeting Room B,meeting_room,8,2026-07-29 07:00:00,8,100.0
ZN-04,Meeting Room B,meeting_room,8,2026-07-29 07:15:00,8,100.0
ZN-04,Meeting Room B,meeting_room,8,2026-07-29 07:30:00,7,87.5
ZN-04,Meeting Room B,meeting_room,8,2026-07-29 07:45:00,3,37.5
ZN-04,Meeting Room B,meeting_room,8,2026-07-29 08:00:00,7,87.5
ZN-04,Meeting Room B,meeting_room,8,2026-07-29 08:15:00,6,75.0
ZN-04,Meeting Room B,meeting_room,8,2026-07-29 08:30:00,5,62.5
ZN-04,Meeting Room B,meeting_room,8,2026-07-29 08:45:00,4,50.0
ZN-04,Meeting Room B,meeting_room,8,2026-07-29 09:00:00,6,75.0
ZN-04,Meeting Room B,meeting_room,8,2026-07-29 09:15:00,8,100.0
ZN-04,Meeting Room B,meeting_room,8,2026-07-29 09:30:00,7,87.5
ZN-04,Meeting Room B,meeting_room,8,2026-07-29 09:45:00,4,50.0
ZN-04,Meeting Room B,meeting_room,8,2026-07-29 10:00:00,5,62.5
ZN-04,Meeting Room B,meeting_room,8,2026-07-29 10:15:00,6,75.0
ZN-04,Meeting Room B,meeting_room,8,2026-07-29 10:30:00,1,12.5
ZN-04,Meeting Room B,meeting_room,8,2026-07-29 10:45:00,2,25.0
ZN-04,Meeting Room B,meeting_room,8,2026-07-29 11:00:00,8,100.0
ZN-04,Meeting Room B,meeting_room,8,2026-07-29 11:15:00,8,100.0
ZN-04,Meeting Room B,meeting_room,8,2026-07-29 11:30:00,5,62.5
ZN-04,Meeting Room B,meeting_room,8,2026-07-29 11:45:00,3,37.5
ZN-04,Meeting Room B,meeting_room,8,2026-07-29 12:00:00,5,62.5
ZN-04,Meeting Room B,meeting_room,8,2026-07-29 12:15:00,6,75.0
ZN-04,Meeting Room B,meeting_room,8,2026-07-29 12:30:00,8,100.0
ZN-04,Meeting Room B,meeting_room,8,2026-07-29 12:45:00,7,87.5
ZN-04,Meeting Room B,meeting_room,8,2026-07-29 13:00:00,7,87.5
ZN-04,Meeting Room B,meeting_room,8,2026-07-29 13:15:00,6,75.0
ZN-04,Meeting Room B,meeting_room,8,2026-07-29 13:30:00,6,75.0
ZN-04,Meeting Room B,meeting_room,8,2026-07-29 13:45:00,7,87.5
ZN-04,Meeting Room B,meeting_room,8,2026-07-29 14:00:00,6,75.0
ZN-04,Meeting Room B,meeting_room,8,2026-07-29 14:15:00,8,100.0
ZN-04,Meeting Room B,meeting_room,8,2026-07-29 14:30:00,8,100.0
ZN-04,Meeting Room B,meeting_room,8,2026-07-29 14:45:00,8,100.0
ZN-04,Meeting Room B,meeting_room,8,2026-07-29 15:00:00,6,75.0
ZN-04,Meeting Room B,meeting_room,8,2026-07-29 15:15:00,1,12.5
ZN-04,Meeting Room B,meeting_room,8,2026-07-29 15:30:00,0,0.0
ZN-04,Meeting Room B,meeting_room,8,2026-07-29 15:45:00,4,50.0
ZN-04,Meeting Room B,meeting_room,8,2026-07-29 16:00:00,3,37.5
ZN-04,Meeting Room B,meeting_room,8,2026-07-29 16:15:00,2,25.0
ZN-04,Meeting Room B,meeting_room,8,2026-07-29 16:30:00,1,12.5
ZN-04,Meeting Room B,meeting_room,8,2026-07-29 16:45:00,0,0.0
ZN-04,Meeting Room B,meeting_room,8,2026-07-29 17:00:00,1,12.5
ZN-04,Meeting Room B,meeting_room,8,2026-07-29 17:15:00,0,0.0
ZN-04,Meeting Room B,meeting_room,8,2026-07-29 17:30:00,1,12.5
ZN-04,Meeting Room B,meeting_room,8,2026-07-29 17:45:00,2,25.0
ZN-04,Meeting Room B,meeting_room,8,2026-07-29 18:00:00,0,0.0
ZN-04,Meeting Room B,meeting_room,8,2026-07-29 18:15:00,2,25.0
ZN-04,Meeting Room B,meeting_room,8,2026-07-29 18:30:00,0,0.0
ZN-04,Meeting Room B,meeting_room,8,2026-07-29 18:45:00,0,0.0
ZN-04,Meeting Room B,meeting_room,8,2026-07-29 19:00:00,3,37.5
ZN-04,Meeting Room B,meeting_room,8,2026-07-29 19:15:00,0,0.0
ZN-04,Meeting Room B,meeting_room,8,2026-07-29 19:30:00,2,25.0
ZN-04,Meeting Room B,meeting_room,8,2026-07-29 19:45:00,0,0.0
ZN-04,Meeting Room B,meeting_room,8,2026-07-29 20:00:00,0,0.0
ZN-04,Meeting Room B,meeting_room,8,2026-07-29 20:15:00,3,37.5
ZN-04,Meeting Room B,meeting_room,8,2026-07-29 20:30:00,1,12.5
ZN-04,Meeting Room B,meeting_room,8,2026-07-29 20:45:00,1,12.5
ZN-04,Meeting Room B,meeting_room,8,2026-07-29 21:00:00,0,0.0
ZN-04,Meeting Room B,meeting_room,8,2026-07-29 21:15:00,1,12.5
ZN-04,Meeting Room B,meeting_room,8,2026-07-29 21:30:00,1,12.5
ZN-04,Meeting Room B,meeting_room,8,2026-07-29 21:45:00,0,0.0
ZN-04,Meeting Room B,meeting_room,8,2026-07-29 22:00:00,0,0.0
ZN-04,Meeting Room B,meeting_room,8,2026-07-29 22:15:00,0,0.0
ZN-04,Meeting Room B,meeting_room,8,2026-07-29 22:30:00,1,12.5
ZN-04,Meeting Room B,meeting_room,8,2026-07-29 22:45:00,0,0.0
ZN-04,Meeting Room B,meeting_room,8,2026-07-29 23:00:00,0,0.0
ZN-04,Meeting Room B,meeting_room,8,2026-07-29 23:15:00,0,0.0
ZN-04,Meeting Room B,meeting_room,8,2026-07-29 23:30:00,0,0.0
ZN-04,Meeting Room B,meeting_room,8,2026-07-29 23:45:00,0,0.0
ZN-04,Meeting Room B,meeting_room,8,2026-07-30 00:00:00,0,0.0
ZN-04,Meeting Room B,meeting_room,8,2026-07-30 00:15:00,1,12.5
ZN-04,Meeting Room B,meeting_room,8,2026-07-30 00:30:00,0,0.0
ZN-04,Meeting Room B,meeting_room,8,2026-07-30 00:45:00,1,12.5
ZN-04,Meeting Room B,meeting_room,8,2026-07-30 01:00:00,0,0.0
ZN-04,Meeting Room B,meeting_room,8,2026-07-30 01:15:00,0,0.0
ZN-04,Meeting Room B,meeting_room,8,2026-07-30 01:30:00,2,25.0
ZN-04,Meeting Room B,meeting_room,8,2026-07-30 01:45:00,0,0.0
ZN-04,Meeting Room B,meeting_room,8,2026-07-30 02:00:00,1,12.5
ZN-04,Meeting Room B,meeting_room,8,2026-07-30 02:15:00,0,0.0
ZN-04,Meeting Room B,meeting_room,8,2026-07-30 02:30:00,0,0.0
ZN-04,Meeting Room B,meeting_room,8,2026-07-30 02:45:00,0,0.0
ZN-04,Meeting Room B,meeting_room,8,2026-07-30 03:00:00,0,0.0
ZN-04,Meeting Room B,meeting_room,8,2026-07-30 03:15:00,0,0.0
ZN-04,Meeting Room B,meeting_room,8,2026-07-30 03:30:00,0,0.0
ZN-04,Meeting Room B,meeting_room,8,2026-07-30 03:45:00,0,0.0
ZN-04,Meeting Room B,meeting_room,8,2026-07-30 04:00:00,1,12.5
ZN-04,Meeting Room B,meeting_room,8,2026-07-30 04:15:00,1,12.5
ZN-04,Meeting Room B,meeting_room,8,2026-07-30 04:30:00,4,50.0
ZN-04,Meeting Room B,meeting_room,8,2026-07-30 04:45:00,0,0.0
ZN-04,Meeting Room B,meeting_room,8,2026-07-30 05:00:00,0,0.0
ZN-04,Meeting Room B,meeting_room,8,2026-07-30 05:15:00,3,37.5
ZN-04,Meeting Room B,meeting_room,8,2026-07-30 05:30:00,0,0.0
ZN-04,Meeting Room B,meeting_room,8,2026-07-30 05:45:00,3,37.5
ZN-04,Meeting Room B,meeting_room,8,2026-07-30 06:00:00,8,100.0
ZN-04,Meeting Room B,meeting_room,8,2026-07-30 06:15:00,7,87.5
ZN-04,Meeting Room B,meeting_room,8,2026-07-30 06:30:00,8,100.0
ZN-04,Meeting Room B,meeting_room,8,2026-07-30 06:45:00,8,100.0
ZN-04,Meeting Room B,meeting_room,8,2026-07-30 07:00:00,8,100.0
ZN-04,Meeting Room B,meeting_room,8,2026-07-30 07:15:00,8,100.0
ZN-04,Meeting Room B,meeting_room,8,2026-07-30 07:30:00,8,100.0
ZN-04,Meeting Room B,meeting_room,8,2026-07-30 07:45:00,5,62.5
ZN-04,Meeting Room B,meeting_room,8,2026-07-30 08:00:00,5,62.5
ZN-04,Meeting Room B,meeting_room,8,2026-07-30 08:15:00,8,100.0
ZN-04,Meeting Room B,meeting_room,8,2026-07-30 08:30:00,5,62.5
ZN-04,Meeting Room B,meeting_room,8,2026-07-30 08:45:00,6,75.0
ZN-04,Meeting Room B,meeting_room,8,2026-07-30 09:00:00,8,100.0
ZN-04,Meeting Room B,meeting_room,8,2026-07-30 09:15:00,6,75.0
ZN-04,Meeting Room B,meeting_room,8,2026-07-30 09:30:00,8,100.0
ZN-04,Meeting Room B,meeting_room,8,2026-07-30 09:45:00,7,87.5
ZN-04,Meeting Room B,meeting_room,8,2026-07-30 10:00:00,8,100.0
ZN-04,Meeting Room B,meeting_room,8,2026-07-30 10:15:00,5,62.5
ZN-04,Meeting Room B,meeting_room,8,2026-07-30 10:30:00,0,0.0
ZN-04,Meeting Room B,meeting_room,8,2026-07-30 10:45:00,0,0.0
ZN-04,Meeting Room B,meeting_room,8,2026-07-30 11:00:00,8,100.0
ZN-04,Meeting Room B,meeting_room,8,2026-07-30 11:15:00,6,75.0
ZN-04,Meeting Room B,meeting_room,8,2026-07-30 11:30:00,8,100.0
ZN-04,Meeting Room B,meeting_room,8,2026-07-30 11:45:00,7,87.5
ZN-04,Meeting Room B,meeting_room,8,2026-07-30 12:00:00,7,87.5
ZN-04,Meeting Room B,meeting_room,8,2026-07-30 12:15:00,4,50.0
ZN-04,Meeting Room B,meeting_room,8,2026-07-30 12:30:00,6,75.0
ZN-04,Meeting Room B,meeting_room,8,2026-07-30 12:45:00,8,100.0
ZN-04,Meeting Room B,meeting_room,8,2026-07-30 13:00:00,7,87.5
ZN-04,Meeting Room B,meeting_room,8,2026-07-30 13:15:00,6,75.0
ZN-04,Meeting Room B,meeting_room,8,2026-07-30 13:30:00,8,100.0
ZN-04,Meeting Room B,meeting_room,8,2026-07-30 13:45:00,7,87.5
ZN-04,Meeting Room B,meeting_room,8,2026-07-30 14:00:00,5,62.5
ZN-04,Meeting Room B,meeting_room,8,2026-07-30 14:15:00,6,75.0
ZN-04,Meeting Room B,meeting_room,8,2026-07-30 14:30:00,5,62.5
ZN-04,Meeting Room B,meeting_room,8,2026-07-30 14:45:00,7,87.5
ZN-04,Meeting Room B,meeting_room,8,2026-07-30 15:00:00,6,75.0
ZN-04,Meeting Room B,meeting_room,8,2026-07-30 15:15:00,0,0.0
ZN-04,Meeting Room B,meeting_room,8,2026-07-30 15:30:00,2,25.0
ZN-04,Meeting Room B,meeting_room,8,2026-07-30 15:45:00,4,50.0
ZN-04,Meeting Room B,meeting_room,8,2026-07-30 16:00:00,0,0.0
ZN-04,Meeting Room B,meeting_room,8,2026-07-30 16:15:00,4,50.0
ZN-04,Meeting Room B,meeting_room,8,2026-07-30 16:30:00,0,0.0
ZN-04,Meeting Room B,meeting_room,8,2026-07-30 16:45:00,2,25.0
ZN-04,Meeting Room B,meeting_room,8,2026-07-30 17:00:00,0,0.0
ZN-04,Meeting Room B,meeting_room,8,2026-07-30 17:15:00,0,0.0
ZN-04,Meeting Room B,meeting_room,8,2026-07-30 17:30:00,0,0.0
ZN-04,Meeting Room B,meeting_room,8,2026-07-30 17:45:00,0,0.0
ZN-04,Meeting Room B,meeting_room,8,2026-07-30 18:00:00,0,0.0
ZN-04,Meeting Room B,meeting_room,8,2026-07-30 18:15:00,0,0.0
ZN-04,Meeting Room B,meeting_room,8,2026-07-30 18:30:00,2,25.0
ZN-04,Meeting Room B,meeting_room,8,2026-07-30 18:45:00,0,0.0
ZN-04,Meeting Room B,meeting_room,8,2026-07-30 19:00:00,2,25.0
ZN-04,Meeting Room B,meeting_room,8,2026-07-30 19:15:00,1,12.5
ZN-04,Meeting Room B,meeting_room,8,2026-07-30 19:30:00,0,0.0
ZN-04,Meeting Room B,meeting_room,8,2026-07-30 19:45:00,0,0.0
ZN-04,Meeting Room B,meeting_room,8,2026-07-30 20:00:00,0,0.0
ZN-04,Meeting Room B,meeting_room,8,2026-07-30 20:15:00,0,0.0
ZN-04,Meeting Room B,meeting_room,8,2026-07-30 20:30:00,2,25.0
ZN-04,Meeting Room B,meeting_room,8,2026-07-30 20:45:00,1,12.5
ZN-04,Meeting Room B,meeting_room,8,2026-07-30 21:00:00,0,0.0
ZN-04,Meeting Room B,meeting_room,8,2026-07-30 21:15:00,1,12.5
ZN-04,Meeting Room B,meeting_room,8,2026-07-30 21:30:00,0,0.0
ZN-04,Meeting Room B,meeting_room,8,2026-07-30 21:45:00,0,0.0
ZN-04,Meeting Room B,meeting_room,8,2026-07-30 22:00:00,0,0.0
ZN-04,Meeting Room B,meeting_room,8,2026-07-30 22:15:00,2,25.0
ZN-04,Meeting Room B,meeting_room,8,2026-07-30 22:30:00,0,0.0
ZN-04,Meeting Room B,meeting_room,8,2026-07-30 22:45:00,1,12.5
ZN-04,Meeting Room B,meeting_room,8,2026-07-30 23:00:00,1,12.5
ZN-04,Meeting Room B,meeting_room,8,2026-07-30 23:15:00,1,12.5
ZN-04,Meeting Room B,meeting_room,8,2026-07-30 23:30:00,0,0.0
ZN-04,Meeting Room B,meeting_room,8,2026-07-30 23:45:00,0,0.0
ZN-04,Meeting Room B,meeting_room,8,2026-07-31 00:00:00,1,12.5
ZN-04,Meeting Room B,meeting_room,8,2026-07-31 00:15:00,1,12.5
ZN-04,Meeting Room B,meeting_room,8,2026-07-31 00:30:00,5,62.5
ZN-04,Meeting Room B,meeting_room,8,2026-07-31 00:45:00,0,0.0
ZN-04,Meeting Room B,meeting_room,8,2026-07-31 01:00:00,2,25.0
ZN-04,Meeting Room B,meeting_room,8,2026-07-31 01:15:00,0,0.0
ZN-04,Meeting Room B,meeting_room,8,2026-07-31 01:30:00,0,0.0
ZN-04,Meeting Room B,meeting_room,8,2026-07-31 01:45:00,2,25.0
ZN-04,Meeting Room B,meeting_room,8,2026-07-31 02:00:00,1,12.5
ZN-04,Meeting Room B,meeting_room,8,2026-07-31 02:15:00,0,0.0
ZN-04,Meeting Room B,meeting_room,8,2026-07-31 02:30:00,2,25.0
ZN-04,Meeting Room B,meeting_room,8,2026-07-31 02:45:00,0,0.0
ZN-04,Meeting Room B,meeting_room,8,2026-07-31 03:00:00,1,12.5
ZN-04,Meeting Room B,meeting_room,8,2026-07-31 03:15:00,0,0.0
ZN-04,Meeting Room B,meeting_room,8,2026-07-31 03:30:00,2,25.0
ZN-04,Meeting Room B,meeting_room,8,2026-07-31 03:45:00,0,0.0
ZN-04,Meeting Room B,meeting_room,8,2026-07-31 04:00:00,0,0.0
ZN-04,Meeting Room B,meeting_room,8,2026-07-31 04:15:00,0,0.0
ZN-04,Meeting Room B,meeting_room,8,2026-07-31 04:30:00,0,0.0
ZN-04,Meeting Room B,meeting_room,8,2026-07-31 04:45:00,0,0.0
ZN-04,Meeting Room B,meeting_room,8,2026-07-31 05:00:00,0,0.0
ZN-04,Meeting Room B,meeting_room,8,2026-07-31 05:15:00,1,12.5
ZN-04,Meeting Room B,meeting_room,8,2026-07-31 05:30:00,2,25.0
ZN-04,Meeting Room B,meeting_room,8,2026-07-31 05:45:00,3,37.5
ZN-04,Meeting Room B,meeting_room,8,2026-07-31 06:00:00,8,100.0
ZN-04,Meeting Room B,meeting_room,8,2026-07-31 06:15:00,6,75.0
ZN-04,Meeting Room B,meeting_room,8,2026-07-31 06:30:00,6,75.0
ZN-04,Meeting Room B,meeting_room,8,2026-07-31 06:45:00,7,87.5
ZN-04,Meeting Room B,meeting_room,8,2026-07-31 07:00:00,7,87.5
ZN-04,Meeting Room B,meeting_room,8,2026-07-31 07:15:00,7,87.5
ZN-04,Meeting Room B,meeting_room,8,2026-07-31 07:30:00,8,100.0
ZN-04,Meeting Room B,meeting_room,8,2026-07-31 07:45:00,5,62.5
ZN-04,Meeting Room B,meeting_room,8,2026-07-31 08:00:00,8,100.0
ZN-04,Meeting Room B,meeting_room,8,2026-07-31 08:15:00,8,100.0
ZN-04,Meeting Room B,meeting_room,8,2026-07-31 08:30:00,7,87.5
ZN-04,Meeting Room B,meeting_room,8,2026-07-31 08:45:00,6,75.0
ZN-04,Meeting Room B,meeting_room,8,2026-07-31 09:00:00,7,87.5
ZN-04,Meeting Room B,meeting_room,8,2026-07-31 09:15:00,7,87.5
ZN-04,Meeting Room B,meeting_room,8,2026-07-31 09:30:00,8,100.0
ZN-04,Meeting Room B,meeting_room,8,2026-07-31 09:45:00,7,87.5
ZN-04,Meeting Room B,meeting_room,8,2026-07-31 10:00:00,5,62.5
ZN-04,Meeting Room B,meeting_room,8,2026-07-31 10:15:00,5,62.5
ZN-04,Meeting Room B,meeting_room,8,2026-07-31 10:30:00,3,37.5
ZN-04,Meeting Room B,meeting_room,8,2026-07-31 10:45:00,2,25.0
ZN-04,Meeting Room B,meeting_room,8,2026-07-31 11:00:00,7,87.5
ZN-04,Meeting Room B,meeting_room,8,2026-07-31 11:15:00,8,100.0
ZN-04,Meeting Room B,meeting_room,8,2026-07-31 11:30:00,8,100.0
ZN-04,Meeting Room B,meeting_room,8,2026-07-31 11:45:00,7,87.5
ZN-04,Meeting Room B,meeting_room,8,2026-07-31 12:00:00,4,50.0
ZN-04,Meeting Room B,meeting_room,8,2026-07-31 12:15:00,7,87.5
ZN-04,Meeting Room B,meeting_room,8,2026-07-31 12:30:00,4,50.0
ZN-04,Meeting Room B,meeting_room,8,2026-07-31 12:45:00,6,75.0
ZN-04,Meeting Room B,meeting_room,8,2026-07-31 13:00:00,5,62.5
ZN-04,Meeting Room B,meeting_room,8,2026-07-31 13:15:00,6,75.0
ZN-04,Meeting Room B,meeting_room,8,2026-07-31 13:30:00,8,100.0
ZN-04,Meeting Room B,meeting_room,8,2026-07-31 13:45:00,7,87.5
ZN-04,Meeting Room B,meeting_room,8,2026-07-31 14:00:00,7,87.5
ZN-04,Meeting Room B,meeting_room,8,2026-07-31 14:15:00,8,100.0
ZN-04,Meeting Room B,meeting_room,8,2026-07-31 14:30:00,7,87.5
ZN-04,Meeting Room B,meeting_room,8,2026-07-31 14:45:00,7,87.5
ZN-04,Meeting Room B,meeting_room,8,2026-07-31 15:00:00,7,87.5
ZN-04,Meeting Room B,meeting_room,8,2026-07-31 15:15:00,5,62.5
ZN-04,Meeting Room B,meeting_room,8,2026-07-31 15:30:00,6,75.0
ZN-04,Meeting Room B,meeting_room,8,2026-07-31 15:45:00,4,50.0
ZN-04,Meeting Room B,meeting_room,8,2026-07-31 16:00:00,0,0.0
ZN-04,Meeting Room B,meeting_room,8,2026-07-31 16:15:00,2,25.0
ZN-04,Meeting Room B,meeting_room,8,2026-07-31 16:30:00,1,12.5
ZN-04,Meeting Room B,meeting_room,8,2026-07-31 16:45:00,0,0.0
ZN-04,Meeting Room B,meeting_room,8,2026-07-31 17:00:00,0,0.0
ZN-04,Meeting Room B,meeting_room,8,2026-07-31 17:15:00,1,12.5
ZN-04,Meeting Room B,meeting_room,8,2026-07-31 17:30:00,0,0.0
ZN-04,Meeting Room B,meeting_room,8,2026-07-31 17:45:00,0,0.0
ZN-04,Meeting Room B,meeting_room,8,2026-07-31 18:00:00,0,0.0
ZN-04,Meeting Room B,meeting_room,8,2026-07-31 18:15:00,4,50.0
ZN-04,Meeting Room B,meeting_room,8,2026-07-31 18:30:00,0,0.0
ZN-04,Meeting Room B,meeting_room,8,2026-07-31 18:45:00,0,0.0
ZN-04,Meeting Room B,meeting_room,8,2026-07-31 19:00:00,1,12.5
ZN-04,Meeting Room B,meeting_room,8,2026-07-31 19:15:00,0,0.0
ZN-04,Meeting Room B,meeting_room,8,2026-07-31 19:30:00,3,37.5
ZN-04,Meeting Room B,meeting_room,8,2026-07-31 19:45:00,0,0.0
ZN-04,Meeting Room B,meeting_room,8,2026-07-31 20:00:00,2,25.0
ZN-04,Meeting Room B,meeting_room,8,2026-07-31 20:15:00,0,0.0
ZN-04,Meeting Room B,meeting_room,8,2026-07-31 20:30:00,0,0.0
ZN-04,Meeting Room B,meeting_room,8,2026-07-31 20:45:00,0,0.0
ZN-04,Meeting Room B,meeting_room,8,2026-07-31 21:00:00,0,0.0
ZN-04,Meeting Room B,meeting_room,8,2026-07-31 21:15:00,0,0.0
ZN-04,Meeting Room B,meeting_room,8,2026-07-31 21:30:00,0,0.0
ZN-04,Meeting Room B,meeting_room,8,2026-07-31 21:45:00,1,12.5
ZN-04,Meeting Room B,meeting_room,8,2026-07-31 22:00:00,0,0.0
ZN-04,Meeting Room B,meeting_room,8,2026-07-31 22:15:00,0,0.0
ZN-04,Meeting Room B,meeting_room,8,2026-07-31 22:30:00,1,12.5
ZN-04,Meeting Room B,meeting_room,8,2026-07-31 22:45:00,0,0.0
ZN-04,Meeting Room B,meeting_room,8,2026-07-31 23:00:00,0,0.0
ZN-04,Meeting Room B,meeting_room,8,2026-07-31 23:15:00,2,25.0
ZN-04,Meeting Room B,meeting_room,8,2026-07-31 23:30:00,3,37.5
ZN-04,Meeting Room B,meeting_room,8,2026-07-31 23:45:00,0,0.0
ZN-04,Meeting Room B,meeting_room,8,2026-08-01 00:00:00,0,0.0
ZN-04,Meeting Room B,meeting_room,8,2026-08-01 00:15:00,0,0.0
ZN-04,Meeting Room B,meeting_room,8,2026-08-01 00:30:00,2,25.0
ZN-04,Meeting Room B,meeting_room,8,2026-08-01 00:45:00,0,0.0
ZN-04,Meeting Room B,meeting_room,8,2026-08-01 01:00:00,0,0.0
ZN-04,Meeting Room B,meeting_room,8,2026-08-01 01:15:00,0,0.0
ZN-04,Meeting Room B,meeting_room,8,2026-08-01 01:30:00,2,25.0
ZN-04,Meeting Room B,meeting_room,8,2026-08-01 01:45:00,0,0.0
ZN-04,Meeting Room B,meeting_room,8,2026-08-01 02:00:00,0,0.0
ZN-04,Meeting Room B,meeting_room,8,2026-08-01 02:15:00,2,25.0
ZN-04,Meeting Room B,meeting_room,8,2026-08-01 02:30:00,2,25.0
ZN-04,Meeting Room B,meeting_room,8,2026-08-01 02:45:00,0,0.0
ZN-04,Meeting Room B,meeting_room,8,2026-08-01 03:00:00,1,12.5
ZN-04,Meeting Room B,meeting_room,8,2026-08-01 03:15:00,1,12.5
ZN-04,Meeting Room B,meeting_room,8,2026-08-01 03:30:00,0,0.0
ZN-04,Meeting Room B,meeting_room,8,2026-08-01 03:45:00,1,12.5
ZN-04,Meeting Room B,meeting_room,8,2026-08-01 04:00:00,0,0.0
ZN-04,Meeting Room B,meeting_room,8,2026-08-01 04:15:00,1,12.5
ZN-04,Meeting Room B,meeting_room,8,2026-08-01 04:30:00,0,0.0
ZN-04,Meeting Room B,meeting_room,8,2026-08-01 04:45:00,0,0.0
ZN-04,Meeting Room B,meeting_room,8,2026-08-01 05:00:00,1,12.5
ZN-04,Meeting Room B,meeting_room,8,2026-08-01 05:15:00,0,0.0
ZN-04,Meeting Room B,meeting_room,8,2026-08-01 05:30:00,0,0.0
ZN-04,Meeting Room B,meeting_room,8,2026-08-01 05:45:00,0,0.0
ZN-04,Meeting Room B,meeting_room,8,2026-08-01 06:00:00,3,37.5
ZN-04,Meeting Room B,meeting_room,8,2026-08-01 06:15:00,0,0.0
ZN-04,Meeting Room B,meeting_room,8,2026-08-01 06:30:00,1,12.5
ZN-04,Meeting Room B,meeting_room,8,2026-08-01 06:45:00,1,12.5
ZN-04,Meeting Room B,meeting_room,8,2026-08-01 07:00:00,0,0.0
ZN-04,Meeting Room B,meeting_room,8,2026-08-01 07:15:00,0,0.0
ZN-04,Meeting Room B,meeting_room,8,2026-08-01 07:30:00,1,12.5
ZN-04,Meeting Room B,meeting_room,8,2026-08-01 07:45:00,0,0.0
ZN-04,Meeting Room B,meeting_room,8,2026-08-01 08:00:00,4,50.0
ZN-04,Meeting Room B,meeting_room,8,2026-08-01 08:15:00,0,0.0
ZN-04,Meeting Room B,meeting_room,8,2026-08-01 08:30:00,0,0.0
ZN-04,Meeting Room B,meeting_room,8,2026-08-01 08:45:00,1,12.5
ZN-04,Meeting Room B,meeting_room,8,2026-08-01 09:00:00,0,0.0
ZN-04,Meeting Room B,meeting_room,8,2026-08-01 09:15:00,1,12.5
ZN-04,Meeting Room B,meeting_room,8,2026-08-01 09:30:00,0,0.0
ZN-04,Meeting Room B,meeting_room,8,2026-08-01 09:45:00,0,0.0
ZN-04,Meeting Room B,meeting_room,8,2026-08-01 10:00:00,0,0.0
ZN-04,Meeting Room B,meeting_room,8,2026-08-01 10:15:00,2,25.0
ZN-04,Meeting Room B,meeting_room,8,2026-08-01 10:30:00,0,0.0
ZN-04,Meeting Room B,meeting_room,8,2026-08-01 10:45:00,0,0.0
ZN-04,Meeting Room B,meeting_room,8,2026-08-01 11:00:00,0,0.0
ZN-04,Meeting Room B,meeting_room,8,2026-08-01 11:15:00,1,12.5
ZN-04,Meeting Room B,meeting_room,8,2026-08-01 11:30:00,0,0.0
ZN-04,Meeting Room B,meeting_room,8,2026-08-01 11:45:00,0,0.0
ZN-04,Meeting Room B,meeting_room,8,2026-08-01 12:00:00,0,0.0
ZN-04,Meeting Room B,meeting_room,8,2026-08-01 12:15:00,0,0.0
ZN-04,Meeting Room B,meeting_room,8,2026-08-01 12:30:00,0,0.0
ZN-04,Meeting Room B,meeting_room,8,2026-08-01 12:45:00,0,0.0
ZN-04,Meeting Room B,meeting_room,8,2026-08-01 13:00:00,1,12.5
ZN-04,Meeting Room B,meeting_room,8,2026-08-01 13:15:00,1,12.5
ZN-04,Meeting Room B,meeting_room,8,2026-08-01 13:30:00,1,12.5
ZN-04,Meeting Room B,meeting_room,8,2026-08-01 13:45:00,2,25.0
ZN-04,Meeting Room B,meeting_room,8,2026-08-01 14:00:00,1,12.5
ZN-04,Meeting Room B,meeting_room,8,2026-08-01 14:15:00,3,37.5
ZN-04,Meeting Room B,meeting_room,8,2026-08-01 14:30:00,0,0.0
ZN-04,Meeting Room B,meeting_room,8,2026-08-01 14:45:00,0,0.0
ZN-04,Meeting Room B,meeting_room,8,2026-08-01 15:00:00,0,0.0
ZN-04,Meeting Room B,meeting_room,8,2026-08-01 15:15:00,2,25.0
ZN-04,Meeting Room B,meeting_room,8,2026-08-01 15:30:00,0,0.0
ZN-04,Meeting Room B,meeting_room,8,2026-08-01 15:45:00,0,0.0
ZN-04,Meeting Room B,meeting_room,8,2026-08-01 16:00:00,0,0.0
ZN-04,Meeting Room B,meeting_room,8,2026-08-01 16:15:00,0,0.0
ZN-04,Meeting Room B,meeting_room,8,2026-08-01 16:30:00,2,25.0
ZN-04,Meeting Room B,meeting_room,8,2026-08-01 16:45:00,0,0.0
ZN-04,Meeting Room B,meeting_room,8,2026-08-01 17:00:00,2,25.0
ZN-04,Meeting Room B,meeting_room,8,2026-08-01 17:15:00,0,0.0
ZN-04,Meeting Room B,meeting_room,8,2026-08-01 17:30:00,1,12.5
ZN-04,Meeting Room B,meeting_room,8,2026-08-01 17:45:00,0,0.0
ZN-04,Meeting Room B,meeting_room,8,2026-08-01 18:00:00,0,0.0
ZN-04,Meeting Room B,meeting_room,8,2026-08-01 18:15:00,2,25.0
ZN-04,Meeting Room B,meeting_room,8,2026-08-01 18:30:00,0,0.0
ZN-04,Meeting Room B,meeting_room,8,2026-08-01 18:45:00,0,0.0
ZN-04,Meeting Room B,meeting_room,8,2026-08-01 19:00:00,0,0.0
ZN-04,Meeting Room B,meeting_room,8,2026-08-01 19:15:00,0,0.0
ZN-04,Meeting Room B,meeting_room,8,2026-08-01 19:30:00,2,25.0
ZN-04,Meeting Room B,meeting_room,8,2026-08-01 19:45:00,4,50.0
ZN-04,Meeting Room B,meeting_room,8,2026-08-01 20:00:00,0,0.0
ZN-04,Meeting Room B,meeting_room,8,2026-08-01 20:15:00,0,0.0
ZN-04,Meeting Room B,meeting_room,8,2026-08-01 20:30:00,0,0.0
ZN-04,Meeting Room B,meeting_room,8,2026-08-01 20:45:00,2,25.0
ZN-04,Meeting Room B,meeting_room,8,2026-08-01 21:00:00,0,0.0
ZN-04,Meeting Room B,meeting_room,8,2026-08-01 21:15:00,0,0.0
ZN-04,Meeting Room B,meeting_room,8,2026-08-01 21:30:00,0,0.0
ZN-04,Meeting Room B,meeting_room,8,2026-08-01 21:45:00,1,12.5
ZN-04,Meeting Room B,meeting_room,8,2026-08-01 22:00:00,4,50.0
ZN-04,Meeting Room B,meeting_room,8,2026-08-01 22:15:00,0,0.0
ZN-04,Meeting Room B,meeting_room,8,2026-08-01 22:30:00,0,0.0
ZN-04,Meeting Room B,meeting_room,8,2026-08-01 22:45:00,1,12.5
ZN-04,Meeting Room B,meeting_room,8,2026-08-01 23:00:00,1,12.5
ZN-04,Meeting Room B,meeting_room,8,2026-08-01 23:15:00,3,37.5
ZN-04,Meeting Room B,meeting_room,8,2026-08-01 23:30:00,0,0.0
ZN-04,Meeting Room B,meeting_room,8,2026-08-01 23:45:00,0,0.0
ZN-04,Meeting Room B,meeting_room,8,2026-08-02 00:00:00,1,12.5
ZN-04,Meeting Room B,meeting_room,8,2026-08-02 00:15:00,0,0.0
ZN-04,Meeting Room B,meeting_room,8,2026-08-02 00:30:00,0,0.0
ZN-04,Meeting Room B,meeting_room,8,2026-08-02 00:45:00,2,25.0
ZN-04,Meeting Room B,meeting_room,8,2026-08-02 01:00:00,0,0.0
ZN-04,Meeting Room B,meeting_room,8,2026-08-02 01:15:00,0,0.0
ZN-04,Meeting Room B,meeting_room,8,2026-08-02 01:30:00,0,0.0
ZN-04,Meeting Room B,meeting_room,8,2026-08-02 01:45:00,0,0.0
ZN-04,Meeting Room B,meeting_room,8,2026-08-02 02:00:00,1,12.5
ZN-04,Meeting Room B,meeting_room,8,2026-08-02 02:15:00,3,37.5
ZN-04,Meeting Room B,meeting_room,8,2026-08-02 02:30:00,0,0.0
ZN-04,Meeting Room B,meeting_room,8,2026-08-02 02:45:00,0,0.0
ZN-04,Meeting Room B,meeting_room,8,2026-08-02 03:00:00,1,12.5
ZN-04,Meeting Room B,meeting_room,8,2026-08-02 03:15:00,0,0.0
ZN-04,Meeting Room B,meeting_room,8,2026-08-02 03:30:00,0,0.0
ZN-04,Meeting Room B,meeting_room,8,2026-08-02 03:45:00,1,12.5
ZN-04,Meeting Room B,meeting_room,8,2026-08-02 04:00:00,0,0.0
ZN-04,Meeting Room B,meeting_room,8,2026-08-02 04:15:00,0,0.0
ZN-04,Meeting Room B,meeting_room,8,2026-08-02 04:30:00,2,25.0
ZN-04,Meeting Room B,meeting_room,8,2026-08-02 04:45:00,0,0.0
ZN-04,Meeting Room B,meeting_room,8,2026-08-02 05:00:00,0,0.0
ZN-04,Meeting Room B,meeting_room,8,2026-08-02 05:15:00,0,0.0
ZN-04,Meeting Room B,meeting_room,8,2026-08-02 05:30:00,0,0.0
ZN-04,Meeting Room B,meeting_room,8,2026-08-02 05:45:00,1,12.5
ZN-04,Meeting Room B,meeting_room,8,2026-08-02 06:00:00,0,0.0
ZN-04,Meeting Room B,meeting_room,8,2026-08-02 06:15:00,5,62.5
ZN-04,Meeting Room B,meeting_room,8,2026-08-02 06:30:00,0,0.0
ZN-04,Meeting Room B,meeting_room,8,2026-08-02 06:45:00,0,0.0
ZN-04,Meeting Room B,meeting_room,8,2026-08-02 07:00:00,0,0.0
ZN-04,Meeting Room B,meeting_room,8,2026-08-02 07:15:00,1,12.5
ZN-04,Meeting Room B,meeting_room,8,2026-08-02 07:30:00,0,0.0
ZN-04,Meeting Room B,meeting_room,8,2026-08-02 07:45:00,0,0.0
ZN-04,Meeting Room B,meeting_room,8,2026-08-02 08:00:00,0,0.0
ZN-04,Meeting Room B,meeting_room,8,2026-08-02 08:15:00,0,0.0
ZN-04,Meeting Room B,meeting_room,8,2026-08-02 08:30:00,0,0.0
ZN-04,Meeting Room B,meeting_room,8,2026-08-02 08:45:00,0,0.0
ZN-04,Meeting Room B,meeting_room,8,2026-08-02 09:00:00,0,0.0
ZN-04,Meeting Room B,meeting_room,8,2026-08-02 09:15:00,0,0.0
ZN-04,Meeting Room B,meeting_room,8,2026-08-02 09:30:00,2,25.0
ZN-04,Meeting Room B,meeting_room,8,2026-08-02 09:45:00,0,0.0
ZN-04,Meeting Room B,meeting_room,8,2026-08-02 10:00:00,0,0.0
ZN-04,Meeting Room B,meeting_room,8,2026-08-02 10:15:00,0,0.0
ZN-04,Meeting Room B,meeting_room,8,2026-08-02 10:30:00,1,12.5
ZN-04,Meeting Room B,meeting_room,8,2026-08-02 10:45:00,0,0.0
ZN-04,Meeting Room B,meeting_room,8,2026-08-02 11:00:00,0,0.0
ZN-04,Meeting Room B,meeting_room,8,2026-08-02 11:15:00,0,0.0
ZN-04,Meeting Room B,meeting_room,8,2026-08-02 11:30:00,1,12.5
ZN-04,Meeting Room B,meeting_room,8,2026-08-02 11:45:00,3,37.5
ZN-04,Meeting Room B,meeting_room,8,2026-08-02 12:00:00,0,0.0
ZN-04,Meeting Room B,meeting_room,8,2026-08-02 12:15:00,3,37.5
ZN-04,Meeting Room B,meeting_room,8,2026-08-02 12:30:00,1,12.5
ZN-04,Meeting Room B,meeting_room,8,2026-08-02 12:45:00,2,25.0
ZN-04,Meeting Room B,meeting_room,8,2026-08-02 13:00:00,0,0.0
ZN-04,Meeting Room B,meeting_room,8,2026-08-02 13:15:00,0,0.0
ZN-04,Meeting Room B,meeting_room,8,2026-08-02 13:30:00,3,37.5
ZN-04,Meeting Room B,meeting_room,8,2026-08-02 13:45:00,0,0.0
ZN-04,Meeting Room B,meeting_room,8,2026-08-02 14:00:00,4,50.0
ZN-04,Meeting Room B,meeting_room,8,2026-08-02 14:15:00,0,0.0
ZN-04,Meeting Room B,meeting_room,8,2026-08-02 14:30:00,0,0.0
ZN-04,Meeting Room B,meeting_room,8,2026-08-02 14:45:00,0,0.0
ZN-04,Meeting Room B,meeting_room,8,2026-08-02 15:00:00,0,0.0
ZN-04,Meeting Room B,meeting_room,8,2026-08-02 15:15:00,0,0.0
ZN-04,Meeting Room B,meeting_room,8,2026-08-02 15:30:00,0,0.0
ZN-04,Meeting Room B,meeting_room,8,2026-08-02 15:45:00,1,12.5
ZN-04,Meeting Room B,meeting_room,8,2026-08-02 16:00:00,0,0.0
ZN-04,Meeting Room B,meeting_room,8,2026-08-02 16:15:00,2,25.0
ZN-04,Meeting Room B,meeting_room,8,2026-08-02 16:30:00,0,0.0
ZN-04,Meeting Room B,meeting_room,8,2026-08-02 16:45:00,0,0.0
ZN-04,Meeting Room B,meeting_room,8,2026-08-02 17:00:00,0,0.0
ZN-04,Meeting Room B,meeting_room,8,2026-08-02 17:15:00,0,0.0
ZN-04,Meeting Room B,meeting_room,8,2026-08-02 17:30:00,0,0.0
ZN-04,Meeting Room B,meeting_room,8,2026-08-02 17:45:00,0,0.0
ZN-04,Meeting Room B,meeting_room,8,2026-08-02 18:00:00,0,0.0
ZN-04,Meeting Room B,meeting_room,8,2026-08-02 18:15:00,0,0.0
ZN-04,Meeting Room B,meeting_room,8,2026-08-02 18:30:00,2,25.0
ZN-04,Meeting Room B,meeting_room,8,2026-08-02 18:45:00,0,0.0
ZN-04,Meeting Room B,meeting_room,8,2026-08-02 19:00:00,0,0.0
ZN-04,Meeting Room B,meeting_room,8,2026-08-02 19:15:00,0,0.0
ZN-04,Meeting Room B,meeting_room,8,2026-08-02 19:30:00,0,0.0
ZN-04,Meeting Room B,meeting_room,8,2026-08-02 19:45:00,1,12.5
ZN-04,Meeting Room B,meeting_room,8,2026-08-02 20:00:00,0,0.0
ZN-04,Meeting Room B,meeting_room,8,2026-08-02 20:15:00,0,0.0
ZN-04,Meeting Room B,meeting_room,8,2026-08-02 20:30:00,0,0.0
ZN-04,Meeting Room B,meeting_room,8,2026-08-02 20:45:00,0,0.0
ZN-04,Meeting Room B,meeting_room,8,2026-08-02 21:00:00,2,25.0
ZN-04,Meeting Room B,meeting_room,8,2026-08-02 21:15:00,0,0.0
ZN-04,Meeting Room B,meeting_room,8,2026-08-02 21:30:00,0,0.0
ZN-04,Meeting Room B,meeting_room,8,2026-08-02 21:45:00,2,25.0
ZN-04,Meeting Room B,meeting_room,8,2026-08-02 22:00:00,0,0.0
ZN-04,Meeting Room B,meeting_room,8,2026-08-02 22:15:00,2,25.0
ZN-04,Meeting Room B,meeting_room,8,2026-08-02 22:30:00,0,0.0
ZN-04,Meeting Room B,meeting_room,8,2026-08-02 22:45:00,1,12.5
ZN-04,Meeting Room B,meeting_room,8,2026-08-02 23:00:00,0,0.0
ZN-04,Meeting Room B,meeting_room,8,2026-08-02 23:15:00,0,0.0
ZN-04,Meeting Room B,meeting_room,8,2026-08-02 23:30:00,4,50.0
ZN-04,Meeting Room B,meeting_room,8,2026-08-02 23:45:00,1,12.5
ZN-04,Meeting Room B,meeting_room,8,2026-08-03 00:00:00,0,0.0
ZN-04,Meeting Room B,meeting_room,8,2026-08-03 00:15:00,1,12.5
ZN-04,Meeting Room B,meeting_room,8,2026-08-03 00:30:00,0,0.0
ZN-04,Meeting Room B,meeting_room,8,2026-08-03 00:45:00,2,25.0
ZN-04,Meeting Room B,meeting_room,8,2026-08-03 01:00:00,0,0.0
ZN-04,Meeting Room B,meeting_room,8,2026-08-03 01:15:00,0,0.0
ZN-04,Meeting Room B,meeting_room,8,2026-08-03 01:30:00,0,0.0
ZN-04,Meeting Room B,meeting_room,8,2026-08-03 01:45:00,0,0.0
ZN-04,Meeting Room B,meeting_room,8,2026-08-03 02:00:00,0,0.0
ZN-04,Meeting Room B,meeting_room,8,2026-08-03 02:15:00,1,12.5
ZN-04,Meeting Room B,meeting_room,8,2026-08-03 02:30:00,0,0.0
ZN-04,Meeting Room B,meeting_room,8,2026-08-03 02:45:00,0,0.0
ZN-04,Meeting Room B,meeting_room,8,2026-08-03 03:00:00,1,12.5
ZN-04,Meeting Room B,meeting_room,8,2026-08-03 03:15:00,2,25.0
ZN-04,Meeting Room B,meeting_room,8,2026-08-03 03:30:00,0,0.0
ZN-04,Meeting Room B,meeting_room,8,2026-08-03 03:45:00,0,0.0
ZN-04,Meeting Room B,meeting_room,8,2026-08-03 04:00:00,1,12.5
ZN-04,Meeting Room B,meeting_room,8,2026-08-03 04:15:00,0,0.0
ZN-04,Meeting Room B,meeting_room,8,2026-08-03 04:30:00,2,25.0
ZN-04,Meeting Room B,meeting_room,8,2026-08-03 04:45:00,1,12.5
ZN-04,Meeting Room B,meeting_room,8,2026-08-03 05:00:00,0,0.0
ZN-04,Meeting Room B,meeting_room,8,2026-08-03 05:15:00,0,0.0
ZN-04,Meeting Room B,meeting_room,8,2026-08-03 05:30:00,0,0.0
ZN-04,Meeting Room B,meeting_room,8,2026-08-03 05:45:00,1,12.5
ZN-04,Meeting Room B,meeting_room,8,2026-08-03 06:00:00,3,37.5
ZN-04,Meeting Room B,meeting_room,8,2026-08-03 06:15:00,8,100.0
ZN-04,Meeting Room B,meeting_room,8,2026-08-03 06:30:00,8,100.0
ZN-04,Meeting Room B,meeting_room,8,2026-08-03 06:45:00,8,100.0
ZN-04,Meeting Room B,meeting_room,8,2026-08-03 07:00:00,8,100.0
ZN-04,Meeting Room B,meeting_room,8,2026-08-03 07:15:00,8,100.0
ZN-04,Meeting Room B,meeting_room,8,2026-08-03 07:30:00,8,100.0
ZN-04,Meeting Room B,meeting_room,8,2026-08-03 07:45:00,8,100.0
ZN-04,Meeting Room B,meeting_room,8,2026-08-03 08:00:00,6,75.0
ZN-04,Meeting Room B,meeting_room,8,2026-08-03 08:15:00,8,100.0
ZN-04,Meeting Room B,meeting_room,8,2026-08-03 08:30:00,7,87.5
ZN-04,Meeting Room B,meeting_room,8,2026-08-03 08:45:00,7,87.5
ZN-04,Meeting Room B,meeting_room,8,2026-08-03 09:00:00,5,62.5
ZN-04,Meeting Room B,meeting_room,8,2026-08-03 09:15:00,8,100.0
ZN-04,Meeting Room B,meeting_room,8,2026-08-03 09:30:00,2,25.0
ZN-04,Meeting Room B,meeting_room,8,2026-08-03 09:45:00,7,87.5
ZN-04,Meeting Room B,meeting_room,8,2026-08-03 10:00:00,5,62.5
ZN-04,Meeting Room B,meeting_room,8,2026-08-03 10:15:00,6,75.0
ZN-04,Meeting Room B,meeting_room,8,2026-08-03 10:30:00,1,12.5
ZN-04,Meeting Room B,meeting_room,8,2026-08-03 10:45:00,1,12.5
ZN-04,Meeting Room B,meeting_room,8,2026-08-03 11:00:00,6,75.0
ZN-04,Meeting Room B,meeting_room,8,2026-08-03 11:15:00,5,62.5
ZN-04,Meeting Room B,meeting_room,8,2026-08-03 11:30:00,8,100.0
ZN-04,Meeting Room B,meeting_room,8,2026-08-03 11:45:00,6,75.0
ZN-04,Meeting Room B,meeting_room,8,2026-08-03 12:00:00,5,62.5
ZN-04,Meeting Room B,meeting_room,8,2026-08-03 12:15:00,8,100.0
ZN-04,Meeting Room B,meeting_room,8,2026-08-03 12:30:00,6,75.0
ZN-04,Meeting Room B,meeting_room,8,2026-08-03 12:45:00,8,100.0
ZN-04,Meeting Room B,meeting_room,8,2026-08-03 13:00:00,6,75.0
ZN-04,Meeting Room B,meeting_room,8,2026-08-03 13:15:00,8,100.0
ZN-04,Meeting Room B,meeting_room,8,2026-08-03 13:30:00,6,75.0
ZN-04,Meeting Room B,meeting_room,8,2026-08-03 13:45:00,8,100.0
ZN-04,Meeting Room B,meeting_room,8,2026-08-03 14:00:00,8,100.0
ZN-04,Meeting Room B,meeting_room,8,2026-08-03 14:15:00,6,75.0
ZN-04,Meeting Room B,meeting_room,8,2026-08-03 14:30:00,8,100.0
ZN-04,Meeting Room B,meeting_room,8,2026-08-03 14:45:00,6,75.0
ZN-04,Meeting Room B,meeting_room,8,2026-08-03 15:00:00,5,62.5
ZN-04,Meeting Room B,meeting_room,8,2026-08-03 15:15:00,2,25.0
ZN-04,Meeting Room B,meeting_room,8,2026-08-03 15:30:00,5,62.5
ZN-04,Meeting Room B,meeting_room,8,2026-08-03 15:45:00,4,50.0
ZN-04,Meeting Room B,meeting_room,8,2026-08-03 16:00:00,0,0.0
ZN-04,Meeting Room B,meeting_room,8,2026-08-03 16:15:00,1,12.5
ZN-04,Meeting Room B,meeting_room,8,2026-08-03 16:30:00,0,0.0
ZN-04,Meeting Room B,meeting_room,8,2026-08-03 16:45:00,0,0.0
ZN-04,Meeting Room B,meeting_room,8,2026-08-03 17:00:00,0,0.0
ZN-04,Meeting Room B,meeting_room,8,2026-08-03 17:15:00,0,0.0
ZN-04,Meeting Room B,meeting_room,8,2026-08-03 17:30:00,0,0.0
ZN-04,Meeting Room B,meeting_room,8,2026-08-03 17:45:00,0,0.0
ZN-04,Meeting Room B,meeting_room,8,2026-08-03 18:00:00,2,25.0
ZN-04,Meeting Room B,meeting_room,8,2026-08-03 18:15:00,0,0.0
ZN-04,Meeting Room B,meeting_room,8,2026-08-03 18:30:00,3,37.5
ZN-04,Meeting Room B,meeting_room,8,2026-08-03 18:45:00,2,25.0
ZN-04,Meeting Room B,meeting_room,8,2026-08-03 19:00:00,0,0.0
ZN-04,Meeting Room B,meeting_room,8,2026-08-03 19:15:00,0,0.0
ZN-04,Meeting Room B,meeting_room,8,2026-08-03 19:30:00,2,25.0
ZN-04,Meeting Room B,meeting_room,8,2026-08-03 19:45:00,0,0.0
ZN-04,Meeting Room B,meeting_room,8,2026-08-03 20:00:00,1,12.5
ZN-04,Meeting Room B,meeting_room,8,2026-08-03 20:15:00,0,0.0
ZN-04,Meeting Room B,meeting_room,8,2026-08-03 20:30:00,0,0.0
ZN-04,Meeting Room B,meeting_room,8,2026-08-03 20:45:00,1,12.5
ZN-04,Meeting Room B,meeting_room,8,2026-08-03 21:00:00,0,0.0
ZN-04,Meeting Room B,meeting_room,8,2026-08-03 21:15:00,2,25.0
ZN-04,Meeting Room B,meeting_room,8,2026-08-03 21:30:00,0,0.0
ZN-04,Meeting Room B,meeting_room,8,2026-08-03 21:45:00,1,12.5
ZN-04,Meeting Room B,meeting_room,8,2026-08-03 22:00:00,0,0.0
ZN-04,Meeting Room B,meeting_room,8,2026-08-03 22:15:00,3,37.5
ZN-04,Meeting Room B,meeting_room,8,2026-08-03 22:30:00,2,25.0
ZN-04,Meeting Room B,meeting_room,8,2026-08-03 22:45:00,2,25.0
ZN-04,Meeting Room B,meeting_room,8,2026-08-03 23:00:00,2,25.0
ZN-04,Meeting Room B,meeting_room,8,2026-08-03 23:15:00,0,0.0
ZN-04,Meeting Room B,meeting_room,8,2026-08-03 23:30:00,0,0.0
ZN-04,Meeting Room B,meeting_room,8,2026-08-03 23:45:00,1,12.5
ZN-04,Meeting Room B,meeting_room,8,2026-08-04 00:00:00,1,12.5
ZN-04,Meeting Room B,meeting_room,8,2026-08-04 00:15:00,2,25.0
ZN-04,Meeting Room B,meeting_room,8,2026-08-04 00:30:00,0,0.0
ZN-04,Meeting Room B,meeting_room,8,2026-08-04 00:45:00,1,12.5
ZN-04,Meeting Room B,meeting_room,8,2026-08-04 01:00:00,2,25.0
ZN-04,Meeting Room B,meeting_room,8,2026-08-04 01:15:00,4,50.0
ZN-04,Meeting Room B,meeting_room,8,2026-08-04 01:30:00,3,37.5
ZN-04,Meeting Room B,meeting_room,8,2026-08-04 01:45:00,0,0.0
ZN-04,Meeting Room B,meeting_room,8,2026-08-04 02:00:00,1,12.5
ZN-04,Meeting Room B,meeting_room,8,2026-08-04 02:15:00,0,0.0
ZN-04,Meeting Room B,meeting_room,8,2026-08-04 02:30:00,0,0.0
ZN-04,Meeting Room B,meeting_room,8,2026-08-04 02:45:00,1,12.5
ZN-04,Meeting Room B,meeting_room,8,2026-08-04 03:00:00,0,0.0
ZN-04,Meeting Room B,meeting_room,8,2026-08-04 03:15:00,0,0.0
ZN-04,Meeting Room B,meeting_room,8,2026-08-04 03:30:00,1,12.5
ZN-04,Meeting Room B,meeting_room,8,2026-08-04 03:45:00,2,25.0
ZN-04,Meeting Room B,meeting_room,8,2026-08-04 04:00:00,1,12.5
ZN-04,Meeting Room B,meeting_room,8,2026-08-04 04:15:00,0,0.0
ZN-04,Meeting Room B,meeting_room,8,2026-08-04 04:30:00,0,0.0
ZN-04,Meeting Room B,meeting_room,8,2026-08-04 04:45:00,0,0.0
ZN-04,Meeting Room B,meeting_room,8,2026-08-04 05:00:00,4,50.0
ZN-04,Meeting Room B,meeting_room,8,2026-08-04 05:15:00,0,0.0
ZN-04,Meeting Room B,meeting_room,8,2026-08-04 05:30:00,0,0.0
ZN-04,Meeting Room B,meeting_room,8,2026-08-04 05:45:00,3,37.5
ZN-04,Meeting Room B,meeting_room,8,2026-08-04 06:00:00,8,100.0
ZN-04,Meeting Room B,meeting_room,8,2026-08-04 06:15:00,6,75.0
ZN-04,Meeting Room B,meeting_room,8,2026-08-04 06:30:00,8,100.0
ZN-04,Meeting Room B,meeting_room,8,2026-08-04 06:45:00,6,75.0
ZN-04,Meeting Room B,meeting_room,8,2026-08-04 07:00:00,8,100.0
ZN-04,Meeting Room B,meeting_room,8,2026-08-04 07:15:00,6,75.0
ZN-04,Meeting Room B,meeting_room,8,2026-08-04 07:30:00,7,87.5
ZN-04,Meeting Room B,meeting_room,8,2026-08-04 07:45:00,8,100.0
ZN-04,Meeting Room B,meeting_room,8,2026-08-04 08:00:00,5,62.5
ZN-04,Meeting Room B,meeting_room,8,2026-08-04 08:15:00,8,100.0
ZN-04,Meeting Room B,meeting_room,8,2026-08-04 08:30:00,8,100.0
ZN-04,Meeting Room B,meeting_room,8,2026-08-04 08:45:00,6,75.0
ZN-04,Meeting Room B,meeting_room,8,2026-08-04 09:00:00,8,100.0
ZN-04,Meeting Room B,meeting_room,8,2026-08-04 09:15:00,8,100.0
ZN-04,Meeting Room B,meeting_room,8,2026-08-04 09:30:00,7,87.5
ZN-04,Meeting Room B,meeting_room,8,2026-08-04 09:45:00,5,62.5
ZN-04,Meeting Room B,meeting_room,8,2026-08-04 10:00:00,5,62.5
ZN-04,Meeting Room B,meeting_room,8,2026-08-04 10:15:00,6,75.0
ZN-04,Meeting Room B,meeting_room,8,2026-08-04 10:30:00,1,12.5
ZN-04,Meeting Room B,meeting_room,8,2026-08-04 10:45:00,3,37.5
ZN-04,Meeting Room B,meeting_room,8,2026-08-04 11:00:00,5,62.5
ZN-04,Meeting Room B,meeting_room,8,2026-08-04 11:15:00,8,100.0
ZN-04,Meeting Room B,meeting_room,8,2026-08-04 11:30:00,8,100.0
ZN-04,Meeting Room B,meeting_room,8,2026-08-04 11:45:00,8,100.0
ZN-04,Meeting Room B,meeting_room,8,2026-08-04 12:00:00,7,87.5
ZN-04,Meeting Room B,meeting_room,8,2026-08-04 12:15:00,6,75.0
ZN-04,Meeting Room B,meeting_room,8,2026-08-04 12:30:00,6,75.0
ZN-04,Meeting Room B,meeting_room,8,2026-08-04 12:45:00,6,75.0
ZN-04,Meeting Room B,meeting_room,8,2026-08-04 13:00:00,5,62.5
ZN-04,Meeting Room B,meeting_room,8,2026-08-04 13:15:00,6,75.0
ZN-04,Meeting Room B,meeting_room,8,2026-08-04 13:30:00,8,100.0
ZN-04,Meeting Room B,meeting_room,8,2026-08-04 13:45:00,6,75.0
ZN-04,Meeting Room B,meeting_room,8,2026-08-04 14:00:00,7,87.5
ZN-04,Meeting Room B,meeting_room,8,2026-08-04 14:15:00,8,100.0
ZN-04,Meeting Room B,meeting_room,8,2026-08-04 14:30:00,7,87.5
ZN-04,Meeting Room B,meeting_room,8,2026-08-04 14:45:00,6,75.0
ZN-04,Meeting Room B,meeting_room,8,2026-08-04 15:00:00,6,75.0
ZN-04,Meeting Room B,meeting_room,8,2026-08-04 15:15:00,3,37.5
ZN-04,Meeting Room B,meeting_room,8,2026-08-04 15:30:00,1,12.5
ZN-04,Meeting Room B,meeting_room,8,2026-08-04 15:45:00,1,12.5
ZN-04,Meeting Room B,meeting_room,8,2026-08-04 16:00:00,1,12.5
ZN-04,Meeting Room B,meeting_room,8,2026-08-04 16:15:00,0,0.0
ZN-04,Meeting Room B,meeting_room,8,2026-08-04 16:30:00,3,37.5
ZN-04,Meeting Room B,meeting_room,8,2026-08-04 16:45:00,3,37.5
ZN-04,Meeting Room B,meeting_room,8,2026-08-04 17:00:00,0,0.0
ZN-04,Meeting Room B,meeting_room,8,2026-08-04 17:15:00,0,0.0
ZN-04,Meeting Room B,meeting_room,8,2026-08-04 17:30:00,2,25.0
ZN-04,Meeting Room B,meeting_room,8,2026-08-04 17:45:00,0,0.0
ZN-04,Meeting Room B,meeting_room,8,2026-08-04 18:00:00,0,0.0
ZN-04,Meeting Room B,meeting_room,8,2026-08-04 18:15:00,2,25.0
ZN-04,Meeting Room B,meeting_room,8,2026-08-04 18:30:00,0,0.0
ZN-04,Meeting Room B,meeting_room,8,2026-08-04 18:45:00,2,25.0
ZN-04,Meeting Room B,meeting_room,8,2026-08-04 19:00:00,2,25.0
ZN-04,Meeting Room B,meeting_room,8,2026-08-04 19:15:00,1,12.5
ZN-04,Meeting Room B,meeting_room,8,2026-08-04 19:30:00,2,25.0
ZN-04,Meeting Room B,meeting_room,8,2026-08-04 19:45:00,0,0.0
ZN-04,Meeting Room B,meeting_room,8,2026-08-04 20:00:00,3,37.5
ZN-04,Meeting Room B,meeting_room,8,2026-08-04 20:15:00,2,25.0
ZN-04,Meeting Room B,meeting_room,8,2026-08-04 20:30:00,1,12.5
ZN-04,Meeting Room B,meeting_room,8,2026-08-04 20:45:00,0,0.0
ZN-04,Meeting Room B,meeting_room,8,2026-08-04 21:00:00,4,50.0
ZN-04,Meeting Room B,meeting_room,8,2026-08-04 21:15:00,0,0.0
ZN-04,Meeting Room B,meeting_room,8,2026-08-04 21:30:00,1,12.5
ZN-04,Meeting Room B,meeting_room,8,2026-08-04 21:45:00,1,12.5
ZN-04,Meeting Room B,meeting_room,8,2026-08-04 22:00:00,0,0.0
ZN-04,Meeting Room B,meeting_room,8,2026-08-04 22:15:00,1,12.5
ZN-04,Meeting Room B,meeting_room,8,2026-08-04 22:30:00,0,0.0
ZN-04,Meeting Room B,meeting_room,8,2026-08-04 22:45:00,0,0.0
ZN-04,Meeting Room B,meeting_room,8,2026-08-04 23:00:00,0,0.0
ZN-04,Meeting Room B,meeting_room,8,2026-08-04 23:15:00,0,0.0
ZN-04,Meeting Room B,meeting_room,8,2026-08-04 23:30:00,0,0.0
ZN-04,Meeting Room B,meeting_room,8,2026-08-04 23:45:00,0,0.0
ZN-04,Meeting Room B,meeting_room,8,2026-08-05 00:00:00,1,12.5
ZN-04,Meeting Room B,meeting_room,8,2026-08-05 00:15:00,0,0.0
ZN-04,Meeting Room B,meeting_room,8,2026-08-05 00:30:00,0,0.0
ZN-04,Meeting Room B,meeting_room,8,2026-08-05 00:45:00,0,0.0
ZN-04,Meeting Room B,meeting_room,8,2026-08-05 01:00:00,0,0.0
ZN-04,Meeting Room B,meeting_room,8,2026-08-05 01:15:00,0,0.0
ZN-04,Meeting Room B,meeting_room,8,2026-08-05 01:30:00,0,0.0
ZN-04,Meeting Room B,meeting_room,8,2026-08-05 01:45:00,0,0.0
ZN-04,Meeting Room B,meeting_room,8,2026-08-05 02:00:00,0,0.0
ZN-04,Meeting Room B,meeting_room,8,2026-08-05 02:15:00,2,25.0
ZN-04,Meeting Room B,meeting_room,8,2026-08-05 02:30:00,0,0.0
ZN-04,Meeting Room B,meeting_room,8,2026-08-05 02:45:00,2,25.0
ZN-04,Meeting Room B,meeting_room,8,2026-08-05 03:00:00,0,0.0
ZN-04,Meeting Room B,meeting_room,8,2026-08-05 03:15:00,0,0.0
ZN-04,Meeting Room B,meeting_room,8,2026-08-05 03:30:00,0,0.0
ZN-04,Meeting Room B,meeting_room,8,2026-08-05 03:45:00,0,0.0
ZN-04,Meeting Room B,meeting_room,8,2026-08-05 04:00:00,1,12.5
ZN-04,Meeting Room B,meeting_room,8,2026-08-05 04:15:00,4,50.0
ZN-04,Meeting Room B,meeting_room,8,2026-08-05 04:30:00,0,0.0
ZN-04,Meeting Room B,meeting_room,8,2026-08-05 04:45:00,2,25.0
ZN-04,Meeting Room B,meeting_room,8,2026-08-05 05:00:00,1,12.5
ZN-04,Meeting Room B,meeting_room,8,2026-08-05 05:15:00,0,0.0
ZN-04,Meeting Room B,meeting_room,8,2026-08-05 05:30:00,2,25.0
ZN-04,Meeting Room B,meeting_room,8,2026-08-05 05:45:00,5,62.5
ZN-04,Meeting Room B,meeting_room,8,2026-08-05 06:00:00,3,37.5
ZN-04,Meeting Room B,meeting_room,8,2026-08-05 06:15:00,8,100.0
ZN-04,Meeting Room B,meeting_room,8,2026-08-05 06:30:00,6,75.0
ZN-04,Meeting Room B,meeting_room,8,2026-08-05 06:45:00,8,100.0
ZN-04,Meeting Room B,meeting_room,8,2026-08-05 07:00:00,7,87.5
ZN-04,Meeting Room B,meeting_room,8,2026-08-05 07:15:00,7,87.5
ZN-04,Meeting Room B,meeting_room,8,2026-08-05 07:30:00,7,87.5
ZN-04,Meeting Room B,meeting_room,8,2026-08-05 07:45:00,8,100.0
ZN-04,Meeting Room B,meeting_room,8,2026-08-05 08:00:00,7,87.5
ZN-04,Meeting Room B,meeting_room,8,2026-08-05 08:15:00,6,75.0
ZN-04,Meeting Room B,meeting_room,8,2026-08-05 08:30:00,5,62.5
ZN-04,Meeting Room B,meeting_room,8,2026-08-05 08:45:00,8,100.0
ZN-04,Meeting Room B,meeting_room,8,2026-08-05 09:00:00,3,37.5
ZN-04,Meeting Room B,meeting_room,8,2026-08-05 09:15:00,8,100.0
ZN-04,Meeting Room B,meeting_room,8,2026-08-05 09:30:00,4,50.0
ZN-04,Meeting Room B,meeting_room,8,2026-08-05 09:45:00,4,50.0
ZN-04,Meeting Room B,meeting_room,8,2026-08-05 10:00:00,4,50.0
ZN-04,Meeting Room B,meeting_room,8,2026-08-05 10:15:00,2,25.0
ZN-04,Meeting Room B,meeting_room,8,2026-08-05 10:30:00,0,0.0
ZN-04,Meeting Room B,meeting_room,8,2026-08-05 10:45:00,0,0.0
ZN-04,Meeting Room B,meeting_room,8,2026-08-05 11:00:00,8,100.0
ZN-04,Meeting Room B,meeting_room,8,2026-08-05 11:15:00,6,75.0
ZN-04,Meeting Room B,meeting_room,8,2026-08-05 11:30:00,8,100.0
ZN-04,Meeting Room B,meeting_room,8,2026-08-05 11:45:00,8,100.0
ZN-04,Meeting Room B,meeting_room,8,2026-08-05 12:00:00,3,37.5
ZN-04,Meeting Room B,meeting_room,8,2026-08-05 12:15:00,6,75.0
ZN-04,Meeting Room B,meeting_room,8,2026-08-05 12:30:00,5,62.5
ZN-04,Meeting Room B,meeting_room,8,2026-08-05 12:45:00,4,50.0
ZN-04,Meeting Room B,meeting_room,8,2026-08-05 13:00:00,8,100.0
ZN-04,Meeting Room B,meeting_room,8,2026-08-05 13:15:00,7,87.5
ZN-04,Meeting Room B,meeting_room,8,2026-08-05 13:30:00,7,87.5
ZN-04,Meeting Room B,meeting_room,8,2026-08-05 13:45:00,6,75.0
ZN-04,Meeting Room B,meeting_room,8,2026-08-05 14:00:00,6,75.0
ZN-04,Meeting Room B,meeting_room,8,2026-08-05 14:15:00,8,100.0
ZN-04,Meeting Room B,meeting_room,8,2026-08-05 14:30:00,7,87.5
ZN-04,Meeting Room B,meeting_room,8,2026-08-05 14:45:00,7,87.5
ZN-04,Meeting Room B,meeting_room,8,2026-08-05 15:00:00,5,62.5
ZN-04,Meeting Room B,meeting_room,8,2026-08-05 15:15:00,6,75.0
ZN-04,Meeting Room B,meeting_room,8,2026-08-05 15:30:00,3,37.5
ZN-04,Meeting Room B,meeting_room,8,2026-08-05 15:45:00,2,25.0
ZN-04,Meeting Room B,meeting_room,8,2026-08-05 16:00:00,2,25.0
ZN-04,Meeting Room B,meeting_room,8,2026-08-05 16:15:00,1,12.5
ZN-04,Meeting Room B,meeting_room,8,2026-08-05 16:30:00,0,0.0
ZN-04,Meeting Room B,meeting_room,8,2026-08-05 16:45:00,0,0.0
ZN-04,Meeting Room B,meeting_room,8,2026-08-05 17:00:00,0,0.0
ZN-04,Meeting Room B,meeting_room,8,2026-08-05 17:15:00,0,0.0
ZN-04,Meeting Room B,meeting_room,8,2026-08-05 17:30:00,0,0.0
ZN-04,Meeting Room B,meeting_room,8,2026-08-05 17:45:00,1,12.5
ZN-04,Meeting Room B,meeting_room,8,2026-08-05 18:00:00,0,0.0
ZN-04,Meeting Room B,meeting_room,8,2026-08-05 18:15:00,2,25.0
ZN-04,Meeting Room B,meeting_room,8,2026-08-05 18:30:00,0,0.0
ZN-04,Meeting Room B,meeting_room,8,2026-08-05 18:45:00,0,0.0
ZN-04,Meeting Room B,meeting_room,8,2026-08-05 19:00:00,0,0.0
ZN-04,Meeting Room B,meeting_room,8,2026-08-05 19:15:00,0,0.0
ZN-04,Meeting Room B,meeting_room,8,2026-08-05 19:30:00,1,12.5
ZN-04,Meeting Room B,meeting_room,8,2026-08-05 19:45:00,3,37.5
ZN-04,Meeting Room B,meeting_room,8,2026-08-05 20:00:00,2,25.0
ZN-04,Meeting Room B,meeting_room,8,2026-08-05 20:15:00,0,0.0
ZN-04,Meeting Room B,meeting_room,8,2026-08-05 20:30:00,3,37.5
ZN-04,Meeting Room B,meeting_room,8,2026-08-05 20:45:00,0,0.0
ZN-04,Meeting Room B,meeting_room,8,2026-08-05 21:00:00,0,0.0
ZN-04,Meeting Room B,meeting_room,8,2026-08-05 21:15:00,0,0.0
ZN-04,Meeting Room B,meeting_room,8,2026-08-05 21:30:00,0,0.0
ZN-04,Meeting Room B,meeting_room,8,2026-08-05 21:45:00,0,0.0
ZN-04,Meeting Room B,meeting_room,8,2026-08-05 22:00:00,3,37.5
ZN-04,Meeting Room B,meeting_room,8,2026-08-05 22:15:00,4,50.0
ZN-04,Meeting Room B,meeting_room,8,2026-08-05 22:30:00,1,12.5
ZN-04,Meeting Room B,meeting_room,8,2026-08-05 22:45:00,2,25.0
ZN-04,Meeting Room B,meeting_room,8,2026-08-05 23:00:00,0,0.0
ZN-04,Meeting Room B,meeting_room,8,2026-08-05 23:15:00,2,25.0
ZN-04,Meeting Room B,meeting_room,8,2026-08-05 23:30:00,0,0.0
ZN-04,Meeting Room B,meeting_room,8,2026-08-05 23:45:00,3,37.5
ZN-04,Meeting Room B,meeting_room,8,2026-08-06 00:00:00,0,0.0
ZN-04,Meeting Room B,meeting_room,8,2026-08-06 00:15:00,0,0.0
ZN-04,Meeting Room B,meeting_room,8,2026-08-06 00:30:00,0,0.0
ZN-04,Meeting Room B,meeting_room,8,2026-08-06 00:45:00,0,0.0
ZN-04,Meeting Room B,meeting_room,8,2026-08-06 01:00:00,0,0.0
ZN-04,Meeting Room B,meeting_room,8,2026-08-06 01:15:00,0,0.0
ZN-04,Meeting Room B,meeting_room,8,2026-08-06 01:30:00,3,37.5
ZN-04,Meeting Room B,meeting_room,8,2026-08-06 01:45:00,2,25.0
ZN-04,Meeting Room B,meeting_room,8,2026-08-06 02:00:00,0,0.0
ZN-04,Meeting Room B,meeting_room,8,2026-08-06 02:15:00,0,0.0
ZN-04,Meeting Room B,meeting_room,8,2026-08-06 02:30:00,2,25.0
ZN-04,Meeting Room B,meeting_room,8,2026-08-06 02:45:00,1,12.5
ZN-04,Meeting Room B,meeting_room,8,2026-08-06 03:00:00,0,0.0
ZN-04,Meeting Room B,meeting_room,8,2026-08-06 03:15:00,0,0.0
ZN-04,Meeting Room B,meeting_room,8,2026-08-06 03:30:00,0,0.0
ZN-04,Meeting Room B,meeting_room,8,2026-08-06 03:45:00,3,37.5
ZN-04,Meeting Room B,meeting_room,8,2026-08-06 04:00:00,0,0.0
ZN-04,Meeting Room B,meeting_room,8,2026-08-06 04:15:00,1,12.5
ZN-04,Meeting Room B,meeting_room,8,2026-08-06 04:30:00,2,25.0
ZN-04,Meeting Room B,meeting_room,8,2026-08-06 04:45:00,0,0.0
ZN-04,Meeting Room B,meeting_room,8,2026-08-06 05:00:00,0,0.0
ZN-04,Meeting Room B,meeting_room,8,2026-08-06 05:15:00,1,12.5
ZN-04,Meeting Room B,meeting_room,8,2026-08-06 05:30:00,2,25.0
ZN-04,Meeting Room B,meeting_room,8,2026-08-06 05:45:00,3,37.5
ZN-04,Meeting Room B,meeting_room,8,2026-08-06 06:00:00,7,87.5
ZN-04,Meeting Room B,meeting_room,8,2026-08-06 06:15:00,8,100.0
ZN-04,Meeting Room B,meeting_room,8,2026-08-06 06:30:00,8,100.0
ZN-04,Meeting Room B,meeting_room,8,2026-08-06 06:45:00,6,75.0
ZN-04,Meeting Room B,meeting_room,8,2026-08-06 07:00:00,8,100.0
ZN-04,Meeting Room B,meeting_room,8,2026-08-06 07:15:00,8,100.0
ZN-04,Meeting Room B,meeting_room,8,2026-08-06 07:30:00,8,100.0
ZN-04,Meeting Room B,meeting_room,8,2026-08-06 07:45:00,8,100.0
ZN-04,Meeting Room B,meeting_room,8,2026-08-06 08:00:00,5,62.5
ZN-04,Meeting Room B,meeting_room,8,2026-08-06 08:15:00,8,100.0
ZN-04,Meeting Room B,meeting_room,8,2026-08-06 08:30:00,8,100.0
ZN-04,Meeting Room B,meeting_room,8,2026-08-06 08:45:00,7,87.5
ZN-04,Meeting Room B,meeting_room,8,2026-08-06 09:00:00,6,75.0
ZN-04,Meeting Room B,meeting_room,8,2026-08-06 09:15:00,8,100.0
ZN-04,Meeting Room B,meeting_room,8,2026-08-06 09:30:00,5,62.5
ZN-04,Meeting Room B,meeting_room,8,2026-08-06 09:45:00,8,100.0
ZN-04,Meeting Room B,meeting_room,8,2026-08-06 10:00:00,6,75.0
ZN-04,Meeting Room B,meeting_room,8,2026-08-06 10:15:00,6,75.0
ZN-04,Meeting Room B,meeting_room,8,2026-08-06 10:30:00,1,12.5
ZN-04,Meeting Room B,meeting_room,8,2026-08-06 10:45:00,0,0.0
ZN-04,Meeting Room B,meeting_room,8,2026-08-06 11:00:00,7,87.5
ZN-04,Meeting Room B,meeting_room,8,2026-08-06 11:15:00,2,25.0
ZN-04,Meeting Room B,meeting_room,8,2026-08-06 11:30:00,5,62.5
ZN-04,Meeting Room B,meeting_room,8,2026-08-06 11:45:00,4,50.0
ZN-04,Meeting Room B,meeting_room,8,2026-08-06 12:00:00,4,50.0
ZN-04,Meeting Room B,meeting_room,8,2026-08-06 12:15:00,5,62.5
ZN-04,Meeting Room B,meeting_room,8,2026-08-06 12:30:00,7,87.5
ZN-04,Meeting Room B,meeting_room,8,2026-08-06 12:45:00,6,75.0
ZN-04,Meeting Room B,meeting_room,8,2026-08-06 13:00:00,6,75.0
ZN-04,Meeting Room B,meeting_room,8,2026-08-06 13:15:00,6,75.0
ZN-04,Meeting Room B,meeting_room,8,2026-08-06 13:30:00,6,75.0
ZN-04,Meeting Room B,meeting_room,8,2026-08-06 13:45:00,8,100.0
ZN-04,Meeting Room B,meeting_room,8,2026-08-06 14:00:00,7,87.5
ZN-04,Meeting Room B,meeting_room,8,2026-08-06 14:15:00,8,100.0
ZN-04,Meeting Room B,meeting_room,8,2026-08-06 14:30:00,7,87.5
ZN-04,Meeting Room B,meeting_room,8,2026-08-06 14:45:00,8,100.0
ZN-04,Meeting Room B,meeting_room,8,2026-08-06 15:00:00,4,50.0
ZN-04,Meeting Room B,meeting_room,8,2026-08-06 15:15:00,2,25.0
ZN-04,Meeting Room B,meeting_room,8,2026-08-06 15:30:00,3,37.5
ZN-04,Meeting Room B,meeting_room,8,2026-08-06 15:45:00,4,50.0
ZN-04,Meeting Room B,meeting_room,8,2026-08-06 16:00:00,6,75.0
ZN-04,Meeting Room B,meeting_room,8,2026-08-06 16:15:00,2,25.0
ZN-04,Meeting Room B,meeting_room,8,2026-08-06 16:30:00,1,12.5
ZN-04,Meeting Room B,meeting_room,8,2026-08-06 16:45:00,2,25.0
ZN-04,Meeting Room B,meeting_room,8,2026-08-06 17:00:00,0,0.0
ZN-04,Meeting Room B,meeting_room,8,2026-08-06 17:15:00,0,0.0
ZN-04,Meeting Room B,meeting_room,8,2026-08-06 17:30:00,0,0.0
ZN-04,Meeting Room B,meeting_room,8,2026-08-06 17:45:00,1,12.5
ZN-04,Meeting Room B,meeting_room,8,2026-08-06 18:00:00,2,25.0
ZN-04,Meeting Room B,meeting_room,8,2026-08-06 18:15:00,0,0.0
ZN-04,Meeting Room B,meeting_room,8,2026-08-06 18:30:00,1,12.5
ZN-04,Meeting Room B,meeting_room,8,2026-08-06 18:45:00,3,37.5
ZN-04,Meeting Room B,meeting_room,8,2026-08-06 19:00:00,0,0.0
ZN-04,Meeting Room B,meeting_room,8,2026-08-06 19:15:00,0,0.0
ZN-04,Meeting Room B,meeting_room,8,2026-08-06 19:30:00,1,12.5
ZN-04,Meeting Room B,meeting_room,8,2026-08-06 19:45:00,0,0.0
ZN-04,Meeting Room B,meeting_room,8,2026-08-06 20:00:00,0,0.0
ZN-04,Meeting Room B,meeting_room,8,2026-08-06 20:15:00,4,50.0
ZN-04,Meeting Room B,meeting_room,8,2026-08-06 20:30:00,0,0.0
ZN-04,Meeting Room B,meeting_room,8,2026-08-06 20:45:00,0,0.0
ZN-04,Meeting Room B,meeting_room,8,2026-08-06 21:00:00,0,0.0
ZN-04,Meeting Room B,meeting_room,8,2026-08-06 21:15:00,0,0.0
ZN-04,Meeting Room B,meeting_room,8,2026-08-06 21:30:00,1,12.5
ZN-04,Meeting Room B,meeting_room,8,2026-08-06 21:45:00,2,25.0
ZN-04,Meeting Room B,meeting_room,8,2026-08-06 22:00:00,0,0.0
ZN-04,Meeting Room B,meeting_room,8,2026-08-06 22:15:00,0,0.0
ZN-04,Meeting Room B,meeting_room,8,2026-08-06 22:30:00,0,0.0
ZN-04,Meeting Room B,meeting_room,8,2026-08-06 22:45:00,0,0.0
ZN-04,Meeting Room B,meeting_room,8,2026-08-06 23:00:00,1,12.5
ZN-04,Meeting Room B,meeting_room,8,2026-08-06 23:15:00,0,0.0
ZN-04,Meeting Room B,meeting_room,8,2026-08-06 23:30:00,0,0.0
ZN-04,Meeting Room B,meeting_room,8,2026-08-06 23:45:00,0,0.0
ZN-04,Meeting Room B,meeting_room,8,2026-08-07 00:00:00,0,0.0
ZN-04,Meeting Room B,meeting_room,8,2026-08-07 00:15:00,2,25.0
ZN-04,Meeting Room B,meeting_room,8,2026-08-07 00:30:00,0,0.0
ZN-04,Meeting Room B,meeting_room,8,2026-08-07 00:45:00,0,0.0
ZN-04,Meeting Room B,meeting_room,8,2026-08-07 01:00:00,1,12.5
ZN-04,Meeting Room B,meeting_room,8,2026-08-07 01:15:00,0,0.0
ZN-04,Meeting Room B,meeting_room,8,2026-08-07 01:30:00,2,25.0
ZN-04,Meeting Room B,meeting_room,8,2026-08-07 01:45:00,2,25.0
ZN-04,Meeting Room B,meeting_room,8,2026-08-07 02:00:00,1,12.5
ZN-04,Meeting Room B,meeting_room,8,2026-08-07 02:15:00,0,0.0
ZN-04,Meeting Room B,meeting_room,8,2026-08-07 02:30:00,0,0.0
ZN-04,Meeting Room B,meeting_room,8,2026-08-07 02:45:00,0,0.0
ZN-04,Meeting Room B,meeting_room,8,2026-08-07 03:00:00,0,0.0
ZN-04,Meeting Room B,meeting_room,8,2026-08-07 03:15:00,0,0.0
ZN-04,Meeting Room B,meeting_room,8,2026-08-07 03:30:00,1,12.5
ZN-04,Meeting Room B,meeting_room,8,2026-08-07 03:45:00,0,0.0
ZN-04,Meeting Room B,meeting_room,8,2026-08-07 04:00:00,1,12.5
ZN-04,Meeting Room B,meeting_room,8,2026-08-07 04:15:00,0,0.0
ZN-04,Meeting Room B,meeting_room,8,2026-08-07 04:30:00,0,0.0
ZN-04,Meeting Room B,meeting_room,8,2026-08-07 04:45:00,1,12.5
ZN-04,Meeting Room B,meeting_room,8,2026-08-07 05:00:00,0,0.0
ZN-04,Meeting Room B,meeting_room,8,2026-08-07 05:15:00,0,0.0
ZN-04,Meeting Room B,meeting_room,8,2026-08-07 05:30:00,3,37.5
ZN-04,Meeting Room B,meeting_room,8,2026-08-07 05:45:00,5,62.5
ZN-04,Meeting Room B,meeting_room,8,2026-08-07 06:00:00,5,62.5
ZN-04,Meeting Room B,meeting_room,8,2026-08-07 06:15:00,8,100.0
ZN-04,Meeting Room B,meeting_room,8,2026-08-07 06:30:00,8,100.0
ZN-04,Meeting Room B,meeting_room,8,2026-08-07 06:45:00,8,100.0
ZN-04,Meeting Room B,meeting_room,8,2026-08-07 07:00:00,8,100.0
ZN-04,Meeting Room B,meeting_room,8,2026-08-07 07:15:00,7,87.5
ZN-04,Meeting Room B,meeting_room,8,2026-08-07 07:30:00,8,100.0
ZN-04,Meeting Room B,meeting_room,8,2026-08-07 07:45:00,8,100.0
ZN-04,Meeting Room B,meeting_room,8,2026-08-07 08:00:00,8,100.0
ZN-04,Meeting Room B,meeting_room,8,2026-08-07 08:15:00,5,62.5
ZN-04,Meeting Room B,meeting_room,8,2026-08-07 08:30:00,6,75.0
ZN-04,Meeting Room B,meeting_room,8,2026-08-07 08:45:00,7,87.5
ZN-04,Meeting Room B,meeting_room,8,2026-08-07 09:00:00,8,100.0
ZN-04,Meeting Room B,meeting_room,8,2026-08-07 09:15:00,8,100.0
ZN-04,Meeting Room B,meeting_room,8,2026-08-07 09:30:00,7,87.5
ZN-04,Meeting Room B,meeting_room,8,2026-08-07 09:45:00,6,75.0
ZN-04,Meeting Room B,meeting_room,8,2026-08-07 10:00:00,6,75.0
ZN-04,Meeting Room B,meeting_room,8,2026-08-07 10:15:00,6,75.0
ZN-04,Meeting Room B,meeting_room,8,2026-08-07 10:30:00,2,25.0
ZN-04,Meeting Room B,meeting_room,8,2026-08-07 10:45:00,2,25.0
ZN-04,Meeting Room B,meeting_room,8,2026-08-07 11:00:00,8,100.0
ZN-04,Meeting Room B,meeting_room,8,2026-08-07 11:15:00,3,37.5
ZN-04,Meeting Room B,meeting_room,8,2026-08-07 11:30:00,5,62.5
ZN-04,Meeting Room B,meeting_room,8,2026-08-07 11:45:00,7,87.5
ZN-04,Meeting Room B,meeting_room,8,2026-08-07 12:00:00,8,100.0
ZN-04,Meeting Room B,meeting_room,8,2026-08-07 12:15:00,7,87.5
ZN-04,Meeting Room B,meeting_room,8,2026-08-07 12:30:00,8,100.0
ZN-04,Meeting Room B,meeting_room,8,2026-08-07 12:45:00,8,100.0
ZN-04,Meeting Room B,meeting_room,8,2026-08-07 13:00:00,7,87.5
ZN-04,Meeting Room B,meeting_room,8,2026-08-07 13:15:00,7,87.5
ZN-04,Meeting Room B,meeting_room,8,2026-08-07 13:30:00,8,100.0
ZN-04,Meeting Room B,meeting_room,8,2026-08-07 13:45:00,4,50.0
ZN-04,Meeting Room B,meeting_room,8,2026-08-07 14:00:00,8,100.0
ZN-04,Meeting Room B,meeting_room,8,2026-08-07 14:15:00,8,100.0
ZN-04,Meeting Room B,meeting_room,8,2026-08-07 14:30:00,8,100.0
ZN-04,Meeting Room B,meeting_room,8,2026-08-07 14:45:00,8,100.0
ZN-04,Meeting Room B,meeting_room,8,2026-08-07 15:00:00,7,87.5
ZN-04,Meeting Room B,meeting_room,8,2026-08-07 15:15:00,3,37.5
ZN-04,Meeting Room B,meeting_room,8,2026-08-07 15:30:00,6,75.0
ZN-04,Meeting Room B,meeting_room,8,2026-08-07 15:45:00,1,12.5
ZN-04,Meeting Room B,meeting_room,8,2026-08-07 16:00:00,2,25.0
ZN-04,Meeting Room B,meeting_room,8,2026-08-07 16:15:00,0,0.0
ZN-04,Meeting Room B,meeting_room,8,2026-08-07 16:30:00,0,0.0
ZN-04,Meeting Room B,meeting_room,8,2026-08-07 16:45:00,0,0.0
ZN-04,Meeting Room B,meeting_room,8,2026-08-07 17:00:00,2,25.0
ZN-04,Meeting Room B,meeting_room,8,2026-08-07 17:15:00,0,0.0
ZN-04,Meeting Room B,meeting_room,8,2026-08-07 17:30:00,2,25.0
ZN-04,Meeting Room B,meeting_room,8,2026-08-07 17:45:00,0,0.0
ZN-04,Meeting Room B,meeting_room,8,2026-08-07 18:00:00,0,0.0
ZN-04,Meeting Room B,meeting_room,8,2026-08-07 18:15:00,0,0.0
ZN-04,Meeting Room B,meeting_room,8,2026-08-07 18:30:00,0,0.0
ZN-04,Meeting Room B,meeting_room,8,2026-08-07 18:45:00,0,0.0
ZN-04,Meeting Room B,meeting_room,8,2026-08-07 19:00:00,0,0.0
ZN-04,Meeting Room B,meeting_room,8,2026-08-07 19:15:00,0,0.0
ZN-04,Meeting Room B,meeting_room,8,2026-08-07 19:30:00,0,0.0
ZN-04,Meeting Room B,meeting_room,8,2026-08-07 19:45:00,0,0.0
ZN-04,Meeting Room B,meeting_room,8,2026-08-07 20:00:00,0,0.0
ZN-04,Meeting Room B,meeting_room,8,2026-08-07 20:15:00,3,37.5
ZN-04,Meeting Room B,meeting_room,8,2026-08-07 20:30:00,0,0.0
ZN-04,Meeting Room B,meeting_room,8,2026-08-07 20:45:00,0,0.0
ZN-04,Meeting Room B,meeting_room,8,2026-08-07 21:00:00,0,0.0
ZN-04,Meeting Room B,meeting_room,8,2026-08-07 21:15:00,0,0.0
ZN-04,Meeting Room B,meeting_room,8,2026-08-07 21:30:00,1,12.5
ZN-04,Meeting Room B,meeting_room,8,2026-08-07 21:45:00,2,25.0
ZN-04,Meeting Room B,meeting_room,8,2026-08-07 22:00:00,1,12.5
ZN-04,Meeting Room B,meeting_room,8,2026-08-07 22:15:00,0,0.0
ZN-04,Meeting Room B,meeting_room,8,2026-08-07 22:30:00,0,0.0
ZN-04,Meeting Room B,meeting_room,8,2026-08-07 22:45:00,2,25.0
ZN-04,Meeting Room B,meeting_room,8,2026-08-07 23:00:00,0,0.0
ZN-04,Meeting Room B,meeting_room,8,2026-08-07 23:15:00,4,50.0
ZN-04,Meeting Room B,meeting_room,8,2026-08-07 23:30:00,0,0.0
ZN-04,Meeting Room B,meeting_room,8,2026-08-07 23:45:00,0,0.0
ZN-04,Meeting Room B,meeting_room,8,2026-08-08 00:00:00,2,25.0
ZN-04,Meeting Room B,meeting_room,8,2026-08-08 00:15:00,0,0.0
ZN-04,Meeting Room B,meeting_room,8,2026-08-08 00:30:00,0,0.0
ZN-04,Meeting Room B,meeting_room,8,2026-08-08 00:45:00,3,37.5
ZN-04,Meeting Room B,meeting_room,8,2026-08-08 01:00:00,0,0.0
ZN-04,Meeting Room B,meeting_room,8,2026-08-08 01:15:00,0,0.0
ZN-04,Meeting Room B,meeting_room,8,2026-08-08 01:30:00,2,25.0
ZN-04,Meeting Room B,meeting_room,8,2026-08-08 01:45:00,0,0.0
ZN-04,Meeting Room B,meeting_room,8,2026-08-08 02:00:00,1,12.5
ZN-04,Meeting Room B,meeting_room,8,2026-08-08 02:15:00,0,0.0
ZN-04,Meeting Room B,meeting_room,8,2026-08-08 02:30:00,2,25.0
ZN-04,Meeting Room B,meeting_room,8,2026-08-08 02:45:00,0,0.0
ZN-04,Meeting Room B,meeting_room,8,2026-08-08 03:00:00,0,0.0
ZN-04,Meeting Room B,meeting_room,8,2026-08-08 03:15:00,0,0.0
ZN-04,Meeting Room B,meeting_room,8,2026-08-08 03:30:00,0,0.0
ZN-04,Meeting Room B,meeting_room,8,2026-08-08 03:45:00,1,12.5
ZN-04,Meeting Room B,meeting_room,8,2026-08-08 04:00:00,0,0.0
ZN-04,Meeting Room B,meeting_room,8,2026-08-08 04:15:00,1,12.5
ZN-04,Meeting Room B,meeting_room,8,2026-08-08 04:30:00,0,0.0
ZN-04,Meeting Room B,meeting_room,8,2026-08-08 04:45:00,2,25.0
ZN-04,Meeting Room B,meeting_room,8,2026-08-08 05:00:00,0,0.0
ZN-04,Meeting Room B,meeting_room,8,2026-08-08 05:15:00,0,0.0
ZN-04,Meeting Room B,meeting_room,8,2026-08-08 05:30:00,0,0.0
ZN-04,Meeting Room B,meeting_room,8,2026-08-08 05:45:00,0,0.0
ZN-04,Meeting Room B,meeting_room,8,2026-08-08 06:00:00,1,12.5
ZN-04,Meeting Room B,meeting_room,8,2026-08-08 06:15:00,0,0.0
ZN-04,Meeting Room B,meeting_room,8,2026-08-08 06:30:00,1,12.5
ZN-04,Meeting Room B,meeting_room,8,2026-08-08 06:45:00,1,12.5
ZN-04,Meeting Room B,meeting_room,8,2026-08-08 07:00:00,0,0.0
ZN-04,Meeting Room B,meeting_room,8,2026-08-08 07:15:00,5,62.5
ZN-04,Meeting Room B,meeting_room,8,2026-08-08 07:30:00,1,12.5
ZN-04,Meeting Room B,meeting_room,8,2026-08-08 07:45:00,2,25.0
ZN-04,Meeting Room B,meeting_room,8,2026-08-08 08:00:00,0,0.0
ZN-04,Meeting Room B,meeting_room,8,2026-08-08 08:15:00,0,0.0
ZN-04,Meeting Room B,meeting_room,8,2026-08-08 08:30:00,0,0.0
ZN-04,Meeting Room B,meeting_room,8,2026-08-08 08:45:00,0,0.0
ZN-04,Meeting Room B,meeting_room,8,2026-08-08 09:00:00,0,0.0
ZN-04,Meeting Room B,meeting_room,8,2026-08-08 09:15:00,0,0.0
ZN-04,Meeting Room B,meeting_room,8,2026-08-08 09:30:00,1,12.5
ZN-04,Meeting Room B,meeting_room,8,2026-08-08 09:45:00,2,25.0
ZN-04,Meeting Room B,meeting_room,8,2026-08-08 10:00:00,2,25.0
ZN-04,Meeting Room B,meeting_room,8,2026-08-08 10:15:00,0,0.0
ZN-04,Meeting Room B,meeting_room,8,2026-08-08 10:30:00,1,12.5
ZN-04,Meeting Room B,meeting_room,8,2026-08-08 10:45:00,0,0.0
ZN-04,Meeting Room B,meeting_room,8,2026-08-08 11:00:00,0,0.0
ZN-04,Meeting Room B,meeting_room,8,2026-08-08 11:15:00,1,12.5
ZN-04,Meeting Room B,meeting_room,8,2026-08-08 11:30:00,0,0.0
ZN-04,Meeting Room B,meeting_room,8,2026-08-08 11:45:00,0,0.0
ZN-04,Meeting Room B,meeting_room,8,2026-08-08 12:00:00,0,0.0
ZN-04,Meeting Room B,meeting_room,8,2026-08-08 12:15:00,0,0.0
ZN-04,Meeting Room B,meeting_room,8,2026-08-08 12:30:00,0,0.0
ZN-04,Meeting Room B,meeting_room,8,2026-08-08 12:45:00,0,0.0
ZN-04,Meeting Room B,meeting_room,8,2026-08-08 13:00:00,0,0.0
ZN-04,Meeting Room B,meeting_room,8,2026-08-08 13:15:00,1,12.5
ZN-04,Meeting Room B,meeting_room,8,2026-08-08 13:30:00,0,0.0
ZN-04,Meeting Room B,meeting_room,8,2026-08-08 13:45:00,0,0.0
ZN-04,Meeting Room B,meeting_room,8,2026-08-08 14:00:00,0,0.0
ZN-04,Meeting Room B,meeting_room,8,2026-08-08 14:15:00,1,12.5
ZN-04,Meeting Room B,meeting_room,8,2026-08-08 14:30:00,2,25.0
ZN-04,Meeting Room B,meeting_room,8,2026-08-08 14:45:00,4,50.0
ZN-04,Meeting Room B,meeting_room,8,2026-08-08 15:00:00,0,0.0
ZN-04,Meeting Room B,meeting_room,8,2026-08-08 15:15:00,3,37.5
ZN-04,Meeting Room B,meeting_room,8,2026-08-08 15:30:00,1,12.5
ZN-04,Meeting Room B,meeting_room,8,2026-08-08 15:45:00,1,12.5
ZN-04,Meeting Room B,meeting_room,8,2026-08-08 16:00:00,3,37.5
ZN-04,Meeting Room B,meeting_room,8,2026-08-08 16:15:00,0,0.0
ZN-04,Meeting Room B,meeting_room,8,2026-08-08 16:30:00,0,0.0
ZN-04,Meeting Room B,meeting_room,8,2026-08-08 16:45:00,0,0.0
ZN-04,Meeting Room B,meeting_room,8,2026-08-08 17:00:00,0,0.0
ZN-04,Meeting Room B,meeting_room,8,2026-08-08 17:15:00,0,0.0
ZN-04,Meeting Room B,meeting_room,8,2026-08-08 17:30:00,1,12.5
ZN-04,Meeting Room B,meeting_room,8,2026-08-08 17:45:00,2,25.0
ZN-04,Meeting Room B,meeting_room,8,2026-08-08 18:00:00,1,12.5
ZN-04,Meeting Room B,meeting_room,8,2026-08-08 18:15:00,0,0.0
ZN-04,Meeting Room B,meeting_room,8,2026-08-08 18:30:00,0,0.0
ZN-04,Meeting Room B,meeting_room,8,2026-08-08 18:45:00,1,12.5
ZN-04,Meeting Room B,meeting_room,8,2026-08-08 19:00:00,0,0.0
ZN-04,Meeting Room B,meeting_room,8,2026-08-08 19:15:00,0,0.0
ZN-04,Meeting Room B,meeting_room,8,2026-08-08 19:30:00,0,0.0
ZN-04,Meeting Room B,meeting_room,8,2026-08-08 19:45:00,0,0.0
ZN-04,Meeting Room B,meeting_room,8,2026-08-08 20:00:00,1,12.5
ZN-04,Meeting Room B,meeting_room,8,2026-08-08 20:15:00,0,0.0
ZN-04,Meeting Room B,meeting_room,8,2026-08-08 20:30:00,0,0.0
ZN-04,Meeting Room B,meeting_room,8,2026-08-08 20:45:00,2,25.0
ZN-04,Meeting Room B,meeting_room,8,2026-08-08 21:00:00,1,12.5
ZN-04,Meeting Room B,meeting_room,8,2026-08-08 21:15:00,1,12.5
ZN-04,Meeting Room B,meeting_room,8,2026-08-08 21:30:00,1,12.5
ZN-04,Meeting Room B,meeting_room,8,2026-08-08 21:45:00,0,0.0
ZN-04,Meeting Room B,meeting_room,8,2026-08-08 22:00:00,0,0.0
ZN-04,Meeting Room B,meeting_room,8,2026-08-08 22:15:00,2,25.0
ZN-04,Meeting Room B,meeting_room,8,2026-08-08 22:30:00,4,50.0
ZN-04,Meeting Room B,meeting_room,8,2026-08-08 22:45:00,1,12.5
ZN-04,Meeting Room B,meeting_room,8,2026-08-08 23:00:00,0,0.0
ZN-04,Meeting Room B,meeting_room,8,2026-08-08 23:15:00,0,0.0
ZN-04,Meeting Room B,meeting_room,8,2026-08-08 23:30:00,1,12.5
ZN-04,Meeting Room B,meeting_room,8,2026-08-08 23:45:00,2,25.0
ZN-04,Meeting Room B,meeting_room,8,2026-08-09 00:00:00,0,0.0
ZN-04,Meeting Room B,meeting_room,8,2026-08-09 00:15:00,0,0.0
ZN-04,Meeting Room B,meeting_room,8,2026-08-09 00:30:00,0,0.0
ZN-04,Meeting Room B,meeting_room,8,2026-08-09 00:45:00,0,0.0
ZN-04,Meeting Room B,meeting_room,8,2026-08-09 01:00:00,0,0.0
ZN-04,Meeting Room B,meeting_room,8,2026-08-09 01:15:00,2,25.0
ZN-04,Meeting Room B,meeting_room,8,2026-08-09 01:30:00,0,0.0
ZN-04,Meeting Room B,meeting_room,8,2026-08-09 01:45:00,1,12.5
ZN-04,Meeting Room B,meeting_room,8,2026-08-09 02:00:00,1,12.5
ZN-04,Meeting Room B,meeting_room,8,2026-08-09 02:15:00,0,0.0
ZN-04,Meeting Room B,meeting_room,8,2026-08-09 02:30:00,0,0.0
ZN-04,Meeting Room B,meeting_room,8,2026-08-09 02:45:00,1,12.5
ZN-04,Meeting Room B,meeting_room,8,2026-08-09 03:00:00,0,0.0
ZN-04,Meeting Room B,meeting_room,8,2026-08-09 03:15:00,0,0.0
ZN-04,Meeting Room B,meeting_room,8,2026-08-09 03:30:00,0,0.0
ZN-04,Meeting Room B,meeting_room,8,2026-08-09 03:45:00,4,50.0
ZN-04,Meeting Room B,meeting_room,8,2026-08-09 04:00:00,0,0.0
ZN-04,Meeting Room B,meeting_room,8,2026-08-09 04:15:00,0,0.0
ZN-04,Meeting Room B,meeting_room,8,2026-08-09 04:30:00,1,12.5
ZN-04,Meeting Room B,meeting_room,8,2026-08-09 04:45:00,0,0.0
ZN-04,Meeting Room B,meeting_room,8,2026-08-09 05:00:00,1,12.5
ZN-04,Meeting Room B,meeting_room,8,2026-08-09 05:15:00,0,0.0
ZN-04,Meeting Room B,meeting_room,8,2026-08-09 05:30:00,0,0.0
ZN-04,Meeting Room B,meeting_room,8,2026-08-09 05:45:00,0,0.0
ZN-04,Meeting Room B,meeting_room,8,2026-08-09 06:00:00,0,0.0
ZN-04,Meeting Room B,meeting_room,8,2026-08-09 06:15:00,1,12.5
ZN-04,Meeting Room B,meeting_room,8,2026-08-09 06:30:00,1,12.5
ZN-04,Meeting Room B,meeting_room,8,2026-08-09 06:45:00,0,0.0
ZN-04,Meeting Room B,meeting_room,8,2026-08-09 07:00:00,0,0.0
ZN-04,Meeting Room B,meeting_room,8,2026-08-09 07:15:00,0,0.0
ZN-04,Meeting Room B,meeting_room,8,2026-08-09 07:30:00,0,0.0
ZN-04,Meeting Room B,meeting_room,8,2026-08-09 07:45:00,0,0.0
ZN-04,Meeting Room B,meeting_room,8,2026-08-09 08:00:00,0,0.0
ZN-04,Meeting Room B,meeting_room,8,2026-08-09 08:15:00,0,0.0
ZN-04,Meeting Room B,meeting_room,8,2026-08-09 08:30:00,0,0.0
ZN-04,Meeting Room B,meeting_room,8,2026-08-09 08:45:00,0,0.0
ZN-04,Meeting Room B,meeting_room,8,2026-08-09 09:00:00,1,12.5
ZN-04,Meeting Room B,meeting_room,8,2026-08-09 09:15:00,2,25.0
ZN-04,Meeting Room B,meeting_room,8,2026-08-09 09:30:00,0,0.0
ZN-04,Meeting Room B,meeting_room,8,2026-08-09 09:45:00,1,12.5
ZN-04,Meeting Room B,meeting_room,8,2026-08-09 10:00:00,0,0.0
ZN-04,Meeting Room B,meeting_room,8,2026-08-09 10:15:00,0,0.0
ZN-04,Meeting Room B,meeting_room,8,2026-08-09 10:30:00,1,12.5
ZN-04,Meeting Room B,meeting_room,8,2026-08-09 10:45:00,0,0.0
ZN-04,Meeting Room B,meeting_room,8,2026-08-09 11:00:00,0,0.0
ZN-04,Meeting Room B,meeting_room,8,2026-08-09 11:15:00,0,0.0
ZN-04,Meeting Room B,meeting_room,8,2026-08-09 11:30:00,0,0.0
ZN-04,Meeting Room B,meeting_room,8,2026-08-09 11:45:00,0,0.0
ZN-04,Meeting Room B,meeting_room,8,2026-08-09 12:00:00,3,37.5
ZN-04,Meeting Room B,meeting_room,8,2026-08-09 12:15:00,0,0.0
ZN-04,Meeting Room B,meeting_room,8,2026-08-09 12:30:00,0,0.0
ZN-04,Meeting Room B,meeting_room,8,2026-08-09 12:45:00,0,0.0
ZN-04,Meeting Room B,meeting_room,8,2026-08-09 13:00:00,0,0.0
ZN-04,Meeting Room B,meeting_room,8,2026-08-09 13:15:00,0,0.0
ZN-04,Meeting Room B,meeting_room,8,2026-08-09 13:30:00,1,12.5
ZN-04,Meeting Room B,meeting_room,8,2026-08-09 13:45:00,2,25.0
ZN-04,Meeting Room B,meeting_room,8,2026-08-09 14:00:00,3,37.5
ZN-04,Meeting Room B,meeting_room,8,2026-08-09 14:15:00,0,0.0
ZN-04,Meeting Room B,meeting_room,8,2026-08-09 14:30:00,2,25.0
ZN-04,Meeting Room B,meeting_room,8,2026-08-09 14:45:00,0,0.0
ZN-04,Meeting Room B,meeting_room,8,2026-08-09 15:00:00,2,25.0
ZN-04,Meeting Room B,meeting_room,8,2026-08-09 15:15:00,0,0.0
ZN-04,Meeting Room B,meeting_room,8,2026-08-09 15:30:00,2,25.0
ZN-04,Meeting Room B,meeting_room,8,2026-08-09 15:45:00,0,0.0
ZN-04,Meeting Room B,meeting_room,8,2026-08-09 16:00:00,0,0.0
ZN-04,Meeting Room B,meeting_room,8,2026-08-09 16:15:00,0,0.0
ZN-04,Meeting Room B,meeting_room,8,2026-08-09 16:30:00,1,12.5
ZN-04,Meeting Room B,meeting_room,8,2026-08-09 16:45:00,0,0.0
ZN-04,Meeting Room B,meeting_room,8,2026-08-09 17:00:00,0,0.0
ZN-04,Meeting Room B,meeting_room,8,2026-08-09 17:15:00,0,0.0
ZN-04,Meeting Room B,meeting_room,8,2026-08-09 17:30:00,0,0.0
ZN-04,Meeting Room B,meeting_room,8,2026-08-09 17:45:00,2,25.0
ZN-04,Meeting Room B,meeting_room,8,2026-08-09 18:00:00,3,37.5
ZN-04,Meeting Room B,meeting_room,8,2026-08-09 18:15:00,0,0.0
ZN-04,Meeting Room B,meeting_room,8,2026-08-09 18:30:00,1,12.5
ZN-04,Meeting Room B,meeting_room,8,2026-08-09 18:45:00,0,0.0
ZN-04,Meeting Room B,meeting_room,8,2026-08-09 19:00:00,0,0.0
ZN-04,Meeting Room B,meeting_room,8,2026-08-09 19:15:00,1,12.5
ZN-04,Meeting Room B,meeting_room,8,2026-08-09 19:30:00,3,37.5
ZN-04,Meeting Room B,meeting_room,8,2026-08-09 19:45:00,0,0.0
ZN-04,Meeting Room B,meeting_room,8,2026-08-09 20:00:00,0,0.0
ZN-04,Meeting Room B,meeting_room,8,2026-08-09 20:15:00,0,0.0
ZN-04,Meeting Room B,meeting_room,8,2026-08-09 20:30:00,2,25.0
ZN-04,Meeting Room B,meeting_room,8,2026-08-09 20:45:00,0,0.0
ZN-04,Meeting Room B,meeting_room,8,2026-08-09 21:00:00,0,0.0
ZN-04,Meeting Room B,meeting_room,8,2026-08-09 21:15:00,2,25.0
ZN-04,Meeting Room B,meeting_room,8,2026-08-09 21:30:00,0,0.0
ZN-04,Meeting Room B,meeting_room,8,2026-08-09 21:45:00,0,0.0
ZN-04,Meeting Room B,meeting_room,8,2026-08-09 22:00:00,0,0.0
ZN-04,Meeting Room B,meeting_room,8,2026-08-09 22:15:00,2,25.0
ZN-04,Meeting Room B,meeting_room,8,2026-08-09 22:30:00,0,0.0
ZN-04,Meeting Room B,meeting_room,8,2026-08-09 22:45:00,1,12.5
ZN-04,Meeting Room B,meeting_room,8,2026-08-09 23:00:00,3,37.5
ZN-04,Meeting Room B,meeting_room,8,2026-08-09 23:15:00,0,0.0
ZN-04,Meeting Room B,meeting_room,8,2026-08-09 23:30:00,2,25.0
ZN-04,Meeting Room B,meeting_room,8,2026-08-09 23:45:00,3,37.5
ZN-04,Meeting Room B,meeting_room,8,2026-08-10 00:00:00,0,0.0
ZN-04,Meeting Room B,meeting_room,8,2026-08-10 00:15:00,0,0.0
ZN-04,Meeting Room B,meeting_room,8,2026-08-10 00:30:00,1,12.5
ZN-04,Meeting Room B,meeting_room,8,2026-08-10 00:45:00,2,25.0
ZN-04,Meeting Room B,meeting_room,8,2026-08-10 01:00:00,0,0.0
ZN-04,Meeting Room B,meeting_room,8,2026-08-10 01:15:00,2,25.0
ZN-04,Meeting Room B,meeting_room,8,2026-08-10 01:30:00,0,0.0
ZN-04,Meeting Room B,meeting_room,8,2026-08-10 01:45:00,0,0.0
ZN-04,Meeting Room B,meeting_room,8,2026-08-10 02:00:00,0,0.0
ZN-04,Meeting Room B,meeting_room,8,2026-08-10 02:15:00,0,0.0
ZN-04,Meeting Room B,meeting_room,8,2026-08-10 02:30:00,0,0.0
ZN-04,Meeting Room B,meeting_room,8,2026-08-10 02:45:00,0,0.0
ZN-04,Meeting Room B,meeting_room,8,2026-08-10 03:00:00,0,0.0
ZN-04,Meeting Room B,meeting_room,8,2026-08-10 03:15:00,0,0.0
ZN-04,Meeting Room B,meeting_room,8,2026-08-10 03:30:00,0,0.0
ZN-04,Meeting Room B,meeting_room,8,2026-08-10 03:45:00,0,0.0
ZN-04,Meeting Room B,meeting_room,8,2026-08-10 04:00:00,4,50.0
ZN-04,Meeting Room B,meeting_room,8,2026-08-10 04:15:00,1,12.5
ZN-04,Meeting Room B,meeting_room,8,2026-08-10 04:30:00,0,0.0
ZN-04,Meeting Room B,meeting_room,8,2026-08-10 04:45:00,2,25.0
ZN-04,Meeting Room B,meeting_room,8,2026-08-10 05:00:00,1,12.5
ZN-04,Meeting Room B,meeting_room,8,2026-08-10 05:15:00,0,0.0
ZN-04,Meeting Room B,meeting_room,8,2026-08-10 05:30:00,2,25.0
ZN-04,Meeting Room B,meeting_room,8,2026-08-10 05:45:00,6,75.0
ZN-04,Meeting Room B,meeting_room,8,2026-08-10 06:00:00,8,100.0
ZN-04,Meeting Room B,meeting_room,8,2026-08-10 06:15:00,7,87.5
ZN-04,Meeting Room B,meeting_room,8,2026-08-10 06:30:00,6,75.0
ZN-04,Meeting Room B,meeting_room,8,2026-08-10 06:45:00,8,100.0
ZN-04,Meeting Room B,meeting_room,8,2026-08-10 07:00:00,8,100.0
ZN-04,Meeting Room B,meeting_room,8,2026-08-10 07:15:00,8,100.0
ZN-04,Meeting Room B,meeting_room,8,2026-08-10 07:30:00,7,87.5
ZN-04,Meeting Room B,meeting_room,8,2026-08-10 07:45:00,8,100.0
ZN-04,Meeting Room B,meeting_room,8,2026-08-10 08:00:00,8,100.0
ZN-04,Meeting Room B,meeting_room,8,2026-08-10 08:15:00,8,100.0
ZN-04,Meeting Room B,meeting_room,8,2026-08-10 08:30:00,5,62.5
ZN-04,Meeting Room B,meeting_room,8,2026-08-10 08:45:00,8,100.0
ZN-04,Meeting Room B,meeting_room,8,2026-08-10 09:00:00,8,100.0
ZN-04,Meeting Room B,meeting_room,8,2026-08-10 09:15:00,7,87.5
ZN-04,Meeting Room B,meeting_room,8,2026-08-10 09:30:00,8,100.0
ZN-04,Meeting Room B,meeting_room,8,2026-08-10 09:45:00,7,87.5
ZN-04,Meeting Room B,meeting_room,8,2026-08-10 10:00:00,6,75.0
ZN-05,Cafeteria,common_area,60,2026-07-20 10:00:00,45,75.0
ZN-05,Cafeteria,common_area,60,2026-07-20 10:15:00,35,58.3
ZN-05,Cafeteria,common_area,60,2026-07-20 10:30:00,8,13.3
ZN-05,Cafeteria,common_area,60,2026-07-20 10:45:00,29,48.3
ZN-05,Cafeteria,common_area,60,2026-07-20 11:00:00,56,93.3
ZN-05,Cafeteria,common_area,60,2026-07-20 11:15:00,51,85.0
ZN-05,Cafeteria,common_area,60,2026-07-20 11:30:00,59,98.3
ZN-05,Cafeteria,common_area,60,2026-07-20 11:45:00,54,90.0
ZN-05,Cafeteria,common_area,60,2026-07-20 12:00:00,52,86.7
ZN-05,Cafeteria,common_area,60,2026-07-20 12:15:00,46,76.7
ZN-05,Cafeteria,common_area,60,2026-07-20 12:30:00,57,95.0
ZN-05,Cafeteria,common_area,60,2026-07-20 12:45:00,43,71.7
ZN-05,Cafeteria,common_area,60,2026-07-20 13:00:00,60,100.0
ZN-05,Cafeteria,common_area,60,2026-07-20 13:15:00,60,100.0
ZN-05,Cafeteria,common_area,60,2026-07-20 13:30:00,60,100.0
ZN-05,Cafeteria,common_area,60,2026-07-20 13:45:00,41,68.3
ZN-05,Cafeteria,common_area,60,2026-07-20 14:00:00,60,100.0
ZN-05,Cafeteria,common_area,60,2026-07-20 14:15:00,50,83.3
ZN-05,Cafeteria,common_area,60,2026-07-20 14:30:00,55,91.7
ZN-05,Cafeteria,common_area,60,2026-07-20 14:45:00,58,96.7
ZN-05,Cafeteria,common_area,60,2026-07-20 15:00:00,43,71.7
ZN-05,Cafeteria,common_area,60,2026-07-20 15:15:00,30,50.0
ZN-05,Cafeteria,common_area,60,2026-07-20 15:30:00,18,30.0
ZN-05,Cafeteria,common_area,60,2026-07-20 15:45:00,29,48.3
ZN-05,Cafeteria,common_area,60,2026-07-20 16:00:00,20,33.3
ZN-05,Cafeteria,common_area,60,2026-07-20 16:15:00,0,0.0
ZN-05,Cafeteria,common_area,60,2026-07-20 16:30:00,0,0.0
ZN-05,Cafeteria,common_area,60,2026-07-20 16:45:00,0,0.0
ZN-05,Cafeteria,common_area,60,2026-07-20 17:00:00,1,1.7
ZN-05,Cafeteria,common_area,60,2026-07-20 17:15:00,1,1.7
ZN-05,Cafeteria,common_area,60,2026-07-20 17:30:00,6,10.0
ZN-05,Cafeteria,common_area,60,2026-07-20 17:45:00,2,3.3
ZN-05,Cafeteria,common_area,60,2026-07-20 18:00:00,0,0.0
ZN-05,Cafeteria,common_area,60,2026-07-20 18:15:00,10,16.7
ZN-05,Cafeteria,common_area,60,2026-07-20 18:30:00,2,3.3
ZN-05,Cafeteria,common_area,60,2026-07-20 18:45:00,0,0.0
ZN-05,Cafeteria,common_area,60,2026-07-20 19:00:00,0,0.0
ZN-05,Cafeteria,common_area,60,2026-07-20 19:15:00,7,11.7
ZN-05,Cafeteria,common_area,60,2026-07-20 19:30:00,5,8.3
ZN-05,Cafeteria,common_area,60,2026-07-20 19:45:00,0,0.0
ZN-05,Cafeteria,common_area,60,2026-07-20 20:00:00,0,0.0
ZN-05,Cafeteria,common_area,60,2026-07-20 20:15:00,1,1.7
ZN-05,Cafeteria,common_area,60,2026-07-20 20:30:00,0,0.0
ZN-05,Cafeteria,common_area,60,2026-07-20 20:45:00,1,1.7
ZN-05,Cafeteria,common_area,60,2026-07-20 21:00:00,0,0.0
ZN-05,Cafeteria,common_area,60,2026-07-20 21:15:00,4,6.7
ZN-05,Cafeteria,common_area,60,2026-07-20 21:30:00,0,0.0
ZN-05,Cafeteria,common_area,60,2026-07-20 21:45:00,0,0.0
ZN-05,Cafeteria,common_area,60,2026-07-20 22:00:00,3,5.0
ZN-05,Cafeteria,common_area,60,2026-07-20 22:15:00,5,8.3
ZN-05,Cafeteria,common_area,60,2026-07-20 22:30:00,0,0.0
ZN-05,Cafeteria,common_area,60,2026-07-20 22:45:00,6,10.0
ZN-05,Cafeteria,common_area,60,2026-07-20 23:00:00,0,0.0
ZN-05,Cafeteria,common_area,60,2026-07-20 23:15:00,6,10.0
ZN-05,Cafeteria,common_area,60,2026-07-20 23:30:00,1,1.7
ZN-05,Cafeteria,common_area,60,2026-07-20 23:45:00,0,0.0
ZN-05,Cafeteria,common_area,60,2026-07-21 00:00:00,0,0.0
ZN-05,Cafeteria,common_area,60,2026-07-21 00:15:00,0,0.0
ZN-05,Cafeteria,common_area,60,2026-07-21 00:30:00,0,0.0
ZN-05,Cafeteria,common_area,60,2026-07-21 00:45:00,1,1.7
ZN-05,Cafeteria,common_area,60,2026-07-21 01:00:00,1,1.7
ZN-05,Cafeteria,common_area,60,2026-07-21 01:15:00,12,20.0
ZN-05,Cafeteria,common_area,60,2026-07-21 01:30:00,0,0.0
ZN-05,Cafeteria,common_area,60,2026-07-21 01:45:00,0,0.0
ZN-05,Cafeteria,common_area,60,2026-07-21 02:00:00,15,25.0
ZN-05,Cafeteria,common_area,60,2026-07-21 02:15:00,0,0.0
ZN-05,Cafeteria,common_area,60,2026-07-21 02:30:00,4,6.7
ZN-05,Cafeteria,common_area,60,2026-07-21 02:45:00,0,0.0
ZN-05,Cafeteria,common_area,60,2026-07-21 03:00:00,2,3.3
ZN-05,Cafeteria,common_area,60,2026-07-21 03:15:00,0,0.0
ZN-05,Cafeteria,common_area,60,2026-07-21 03:30:00,0,0.0
ZN-05,Cafeteria,common_area,60,2026-07-21 03:45:00,0,0.0
ZN-05,Cafeteria,common_area,60,2026-07-21 04:00:00,0,0.0
ZN-05,Cafeteria,common_area,60,2026-07-21 04:15:00,1,1.7
ZN-05,Cafeteria,common_area,60,2026-07-21 04:30:00,0,0.0
ZN-05,Cafeteria,common_area,60,2026-07-21 04:45:00,8,13.3
ZN-05,Cafeteria,common_area,60,2026-07-21 05:00:00,0,0.0
ZN-05,Cafeteria,common_area,60,2026-07-21 05:15:00,3,5.0
ZN-05,Cafeteria,common_area,60,2026-07-21 05:30:00,1,1.7
ZN-05,Cafeteria,common_area,60,2026-07-21 05:45:00,25,41.7
ZN-05,Cafeteria,common_area,60,2026-07-21 06:00:00,55,91.7
ZN-05,Cafeteria,common_area,60,2026-07-21 06:15:00,52,86.7
ZN-05,Cafeteria,common_area,60,2026-07-21 06:30:00,55,91.7
ZN-05,Cafeteria,common_area,60,2026-07-21 06:45:00,56,93.3
ZN-05,Cafeteria,common_area,60,2026-07-21 07:00:00,58,96.7
ZN-05,Cafeteria,common_area,60,2026-07-21 07:15:00,57,95.0
ZN-05,Cafeteria,common_area,60,2026-07-21 07:30:00,56,93.3
ZN-05,Cafeteria,common_area,60,2026-07-21 07:45:00,52,86.7
ZN-05,Cafeteria,common_area,60,2026-07-21 08:00:00,53,88.3
ZN-05,Cafeteria,common_area,60,2026-07-21 08:15:00,45,75.0
ZN-05,Cafeteria,common_area,60,2026-07-21 08:30:00,52,86.7
ZN-05,Cafeteria,common_area,60,2026-07-21 08:45:00,55,91.7
ZN-05,Cafeteria,common_area,60,2026-07-21 09:00:00,54,90.0
ZN-05,Cafeteria,common_area,60,2026-07-21 09:15:00,44,73.3
ZN-05,Cafeteria,common_area,60,2026-07-21 09:30:00,42,70.0
ZN-05,Cafeteria,common_area,60,2026-07-21 09:45:00,48,80.0
ZN-05,Cafeteria,common_area,60,2026-07-21 10:00:00,42,70.0
ZN-05,Cafeteria,common_area,60,2026-07-21 10:15:00,39,65.0
ZN-05,Cafeteria,common_area,60,2026-07-21 10:30:00,14,23.3
ZN-05,Cafeteria,common_area,60,2026-07-21 10:45:00,17,28.3
ZN-05,Cafeteria,common_area,60,2026-07-21 11:00:00,49,81.7
ZN-05,Cafeteria,common_area,60,2026-07-21 11:15:00,53,88.3
ZN-05,Cafeteria,common_area,60,2026-07-21 11:30:00,46,76.7
ZN-05,Cafeteria,common_area,60,2026-07-21 11:45:00,56,93.3
ZN-05,Cafeteria,common_area,60,2026-07-21 12:00:00,58,96.7
ZN-05,Cafeteria,common_area,60,2026-07-21 12:15:00,60,100.0
ZN-05,Cafeteria,common_area,60,2026-07-21 12:30:00,60,100.0
ZN-05,Cafeteria,common_area,60,2026-07-21 12:45:00,58,96.7
ZN-05,Cafeteria,common_area,60,2026-07-21 13:00:00,60,100.0
ZN-05,Cafeteria,common_area,60,2026-07-21 13:15:00,60,100.0
ZN-05,Cafeteria,common_area,60,2026-07-21 13:30:00,48,80.0
ZN-05,Cafeteria,common_area,60,2026-07-21 13:45:00,60,100.0
ZN-05,Cafeteria,common_area,60,2026-07-21 14:00:00,59,98.3
ZN-05,Cafeteria,common_area,60,2026-07-21 14:15:00,60,100.0
ZN-05,Cafeteria,common_area,60,2026-07-21 14:30:00,60,100.0
ZN-05,Cafeteria,common_area,60,2026-07-21 14:45:00,53,88.3
ZN-05,Cafeteria,common_area,60,2026-07-21 15:00:00,41,68.3
ZN-05,Cafeteria,common_area,60,2026-07-21 15:15:00,21,35.0
ZN-05,Cafeteria,common_area,60,2026-07-21 15:30:00,21,35.0
ZN-05,Cafeteria,common_area,60,2026-07-21 15:45:00,13,21.7
ZN-05,Cafeteria,common_area,60,2026-07-21 16:00:00,23,38.3
ZN-05,Cafeteria,common_area,60,2026-07-21 16:15:00,2,3.3
ZN-05,Cafeteria,common_area,60,2026-07-21 16:30:00,0,0.0
ZN-05,Cafeteria,common_area,60,2026-07-21 16:45:00,8,13.3
ZN-05,Cafeteria,common_area,60,2026-07-21 17:00:00,0,0.0
ZN-05,Cafeteria,common_area,60,2026-07-21 17:15:00,0,0.0
ZN-05,Cafeteria,common_area,60,2026-07-21 17:30:00,1,1.7
ZN-05,Cafeteria,common_area,60,2026-07-21 17:45:00,5,8.3
ZN-05,Cafeteria,common_area,60,2026-07-21 18:00:00,4,6.7
ZN-05,Cafeteria,common_area,60,2026-07-21 18:15:00,0,0.0
ZN-05,Cafeteria,common_area,60,2026-07-21 18:30:00,1,1.7
ZN-05,Cafeteria,common_area,60,2026-07-21 18:45:00,5,8.3
ZN-05,Cafeteria,common_area,60,2026-07-21 19:00:00,3,5.0
ZN-05,Cafeteria,common_area,60,2026-07-21 19:15:00,2,3.3
ZN-05,Cafeteria,common_area,60,2026-07-21 19:30:00,0,0.0
ZN-05,Cafeteria,common_area,60,2026-07-21 19:45:00,0,0.0
ZN-05,Cafeteria,common_area,60,2026-07-21 20:00:00,0,0.0
ZN-05,Cafeteria,common_area,60,2026-07-21 20:15:00,8,13.3
ZN-05,Cafeteria,common_area,60,2026-07-21 20:30:00,0,0.0
ZN-05,Cafeteria,common_area,60,2026-07-21 20:45:00,7,11.7
ZN-05,Cafeteria,common_area,60,2026-07-21 21:00:00,0,0.0
ZN-05,Cafeteria,common_area,60,2026-07-21 21:15:00,0,0.0
ZN-05,Cafeteria,common_area,60,2026-07-21 21:30:00,7,11.7
ZN-05,Cafeteria,common_area,60,2026-07-21 21:45:00,0,0.0
ZN-05,Cafeteria,common_area,60,2026-07-21 22:00:00,0,0.0
ZN-05,Cafeteria,common_area,60,2026-07-21 22:15:00,0,0.0
ZN-05,Cafeteria,common_area,60,2026-07-21 22:30:00,0,0.0
ZN-05,Cafeteria,common_area,60,2026-07-21 22:45:00,0,0.0
ZN-05,Cafeteria,common_area,60,2026-07-21 23:00:00,5,8.3
ZN-05,Cafeteria,common_area,60,2026-07-21 23:15:00,0,0.0
ZN-05,Cafeteria,common_area,60,2026-07-21 23:30:00,11,18.3
ZN-05,Cafeteria,common_area,60,2026-07-21 23:45:00,0,0.0
ZN-05,Cafeteria,common_area,60,2026-07-22 00:00:00,0,0.0
ZN-05,Cafeteria,common_area,60,2026-07-22 00:15:00,9,15.0
ZN-05,Cafeteria,common_area,60,2026-07-22 00:30:00,5,8.3
ZN-05,Cafeteria,common_area,60,2026-07-22 00:45:00,3,5.0
ZN-05,Cafeteria,common_area,60,2026-07-22 01:00:00,5,8.3
ZN-05,Cafeteria,common_area,60,2026-07-22 01:15:00,6,10.0
ZN-05,Cafeteria,common_area,60,2026-07-22 01:30:00,2,3.3
ZN-05,Cafeteria,common_area,60,2026-07-22 01:45:00,0,0.0
ZN-05,Cafeteria,common_area,60,2026-07-22 02:00:00,0,0.0
ZN-05,Cafeteria,common_area,60,2026-07-22 02:15:00,0,0.0
ZN-05,Cafeteria,common_area,60,2026-07-22 02:30:00,0,0.0
ZN-05,Cafeteria,common_area,60,2026-07-22 02:45:00,5,8.3
ZN-05,Cafeteria,common_area,60,2026-07-22 03:00:00,0,0.0
ZN-05,Cafeteria,common_area,60,2026-07-22 03:15:00,0,0.0
ZN-05,Cafeteria,common_area,60,2026-07-22 03:30:00,0,0.0
ZN-05,Cafeteria,common_area,60,2026-07-22 03:45:00,0,0.0
ZN-05,Cafeteria,common_area,60,2026-07-22 04:00:00,12,20.0
ZN-05,Cafeteria,common_area,60,2026-07-22 04:15:00,0,0.0
ZN-05,Cafeteria,common_area,60,2026-07-22 04:30:00,5,8.3
ZN-05,Cafeteria,common_area,60,2026-07-22 04:45:00,1,1.7
ZN-05,Cafeteria,common_area,60,2026-07-22 05:00:00,17,28.3
ZN-05,Cafeteria,common_area,60,2026-07-22 05:15:00,3,5.0
ZN-05,Cafeteria,common_area,60,2026-07-22 05:30:00,0,0.0
ZN-05,Cafeteria,common_area,60,2026-07-22 05:45:00,19,31.7
ZN-05,Cafeteria,common_area,60,2026-07-22 06:00:00,49,81.7
ZN-05,Cafeteria,common_area,60,2026-07-22 06:15:00,59,98.3
ZN-05,Cafeteria,common_area,60,2026-07-22 06:30:00,54,90.0
ZN-05,Cafeteria,common_area,60,2026-07-22 06:45:00,57,95.0
ZN-05,Cafeteria,common_area,60,2026-07-22 07:00:00,58,96.7
ZN-05,Cafeteria,common_area,60,2026-07-22 07:15:00,60,100.0
ZN-05,Cafeteria,common_area,60,2026-07-22 07:30:00,60,100.0
ZN-05,Cafeteria,common_area,60,2026-07-22 07:45:00,60,100.0
ZN-05,Cafeteria,common_area,60,2026-07-22 08:00:00,40,66.7
ZN-05,Cafeteria,common_area,60,2026-07-22 08:15:00,52,86.7
ZN-05,Cafeteria,common_area,60,2026-07-22 08:30:00,58,96.7
ZN-05,Cafeteria,common_area,60,2026-07-22 08:45:00,50,83.3
ZN-05,Cafeteria,common_area,60,2026-07-22 09:00:00,48,80.0
ZN-05,Cafeteria,common_area,60,2026-07-22 09:15:00,58,96.7
ZN-05,Cafeteria,common_area,60,2026-07-22 09:30:00,57,95.0
ZN-05,Cafeteria,common_area,60,2026-07-22 09:45:00,51,85.0
ZN-05,Cafeteria,common_area,60,2026-07-22 10:00:00,49,81.7
ZN-05,Cafeteria,common_area,60,2026-07-22 10:15:00,42,70.0
ZN-05,Cafeteria,common_area,60,2026-07-22 10:30:00,8,13.3
ZN-05,Cafeteria,common_area,60,2026-07-22 10:45:00,19,31.7
ZN-05,Cafeteria,common_area,60,2026-07-22 11:00:00,47,78.3
ZN-05,Cafeteria,common_area,60,2026-07-22 11:15:00,55,91.7
ZN-05,Cafeteria,common_area,60,2026-07-22 11:30:00,52,86.7
ZN-05,Cafeteria,common_area,60,2026-07-22 11:45:00,46,76.7
ZN-05,Cafeteria,common_area,60,2026-07-22 12:00:00,60,100.0
ZN-05,Cafeteria,common_area,60,2026-07-22 12:15:00,60,100.0
ZN-05,Cafeteria,common_area,60,2026-07-22 12:30:00,60,100.0
ZN-05,Cafeteria,common_area,60,2026-07-22 12:45:00,54,90.0
ZN-05,Cafeteria,common_area,60,2026-07-22 13:00:00,60,100.0
ZN-05,Cafeteria,common_area,60,2026-07-22 13:15:00,60,100.0
ZN-05,Cafeteria,common_area,60,2026-07-22 13:30:00,54,90.0
ZN-05,Cafeteria,common_area,60,2026-07-22 13:45:00,55,91.7
ZN-05,Cafeteria,common_area,60,2026-07-22 14:00:00,48,80.0
ZN-05,Cafeteria,common_area,60,2026-07-22 14:15:00,59,98.3
ZN-05,Cafeteria,common_area,60,2026-07-22 14:30:00,53,88.3
ZN-05,Cafeteria,common_area,60,2026-07-22 14:45:00,57,95.0
ZN-05,Cafeteria,common_area,60,2026-07-22 15:00:00,46,76.7
ZN-05,Cafeteria,common_area,60,2026-07-22 15:15:00,28,46.7
ZN-05,Cafeteria,common_area,60,2026-07-22 15:30:00,25,41.7
ZN-05,Cafeteria,common_area,60,2026-07-22 15:45:00,24,40.0
ZN-05,Cafeteria,common_area,60,2026-07-22 16:00:00,23,38.3
ZN-05,Cafeteria,common_area,60,2026-07-22 16:15:00,5,8.3
ZN-05,Cafeteria,common_area,60,2026-07-22 16:30:00,1,1.7
ZN-05,Cafeteria,common_area,60,2026-07-22 16:45:00,0,0.0
ZN-05,Cafeteria,common_area,60,2026-07-22 17:00:00,0,0.0
ZN-05,Cafeteria,common_area,60,2026-07-22 17:15:00,11,18.3
ZN-05,Cafeteria,common_area,60,2026-07-22 17:30:00,0,0.0
ZN-05,Cafeteria,common_area,60,2026-07-22 17:45:00,0,0.0
ZN-05,Cafeteria,common_area,60,2026-07-22 18:00:00,0,0.0
ZN-05,Cafeteria,common_area,60,2026-07-22 18:15:00,0,0.0
ZN-05,Cafeteria,common_area,60,2026-07-22 18:30:00,0,0.0
ZN-05,Cafeteria,common_area,60,2026-07-22 18:45:00,0,0.0
ZN-05,Cafeteria,common_area,60,2026-07-22 19:00:00,11,18.3
ZN-05,Cafeteria,common_area,60,2026-07-22 19:15:00,0,0.0
ZN-05,Cafeteria,common_area,60,2026-07-22 19:30:00,0,0.0
ZN-05,Cafeteria,common_area,60,2026-07-22 19:45:00,0,0.0
ZN-05,Cafeteria,common_area,60,2026-07-22 20:00:00,0,0.0
ZN-05,Cafeteria,common_area,60,2026-07-22 20:15:00,0,0.0
ZN-05,Cafeteria,common_area,60,2026-07-22 20:30:00,3,5.0
ZN-05,Cafeteria,common_area,60,2026-07-22 20:45:00,8,13.3
ZN-05,Cafeteria,common_area,60,2026-07-22 21:00:00,0,0.0
ZN-05,Cafeteria,common_area,60,2026-07-22 21:15:00,0,0.0
ZN-05,Cafeteria,common_area,60,2026-07-22 21:30:00,0,0.0
ZN-05,Cafeteria,common_area,60,2026-07-22 21:45:00,0,0.0
ZN-05,Cafeteria,common_area,60,2026-07-22 22:00:00,2,3.3
ZN-05,Cafeteria,common_area,60,2026-07-22 22:15:00,0,0.0
ZN-05,Cafeteria,common_area,60,2026-07-22 22:30:00,6,10.0
ZN-05,Cafeteria,common_area,60,2026-07-22 22:45:00,3,5.0
ZN-05,Cafeteria,common_area,60,2026-07-22 23:00:00,11,18.3
ZN-05,Cafeteria,common_area,60,2026-07-22 23:15:00,1,1.7
ZN-05,Cafeteria,common_area,60,2026-07-22 23:30:00,0,0.0
ZN-05,Cafeteria,common_area,60,2026-07-22 23:45:00,3,5.0
ZN-05,Cafeteria,common_area,60,2026-07-23 00:00:00,0,0.0
ZN-05,Cafeteria,common_area,60,2026-07-23 00:15:00,3,5.0
ZN-05,Cafeteria,common_area,60,2026-07-23 00:30:00,0,0.0
ZN-05,Cafeteria,common_area,60,2026-07-23 00:45:00,0,0.0
ZN-05,Cafeteria,common_area,60,2026-07-23 01:00:00,11,18.3
ZN-05,Cafeteria,common_area,60,2026-07-23 01:15:00,0,0.0
ZN-05,Cafeteria,common_area,60,2026-07-23 01:30:00,0,0.0
ZN-05,Cafeteria,common_area,60,2026-07-23 01:45:00,0,0.0
ZN-05,Cafeteria,common_area,60,2026-07-23 02:00:00,14,23.3
ZN-05,Cafeteria,common_area,60,2026-07-23 02:15:00,0,0.0
ZN-05,Cafeteria,common_area,60,2026-07-23 02:30:00,3,5.0
ZN-05,Cafeteria,common_area,60,2026-07-23 02:45:00,2,3.3
ZN-05,Cafeteria,common_area,60,2026-07-23 03:00:00,7,11.7
ZN-05,Cafeteria,common_area,60,2026-07-23 03:15:00,7,11.7
ZN-05,Cafeteria,common_area,60,2026-07-23 03:30:00,0,0.0
ZN-05,Cafeteria,common_area,60,2026-07-23 03:45:00,0,0.0
ZN-05,Cafeteria,common_area,60,2026-07-23 04:00:00,5,8.3
ZN-05,Cafeteria,common_area,60,2026-07-23 04:15:00,0,0.0
ZN-05,Cafeteria,common_area,60,2026-07-23 04:30:00,0,0.0
ZN-05,Cafeteria,common_area,60,2026-07-23 04:45:00,9,15.0
ZN-05,Cafeteria,common_area,60,2026-07-23 05:00:00,9,15.0
ZN-05,Cafeteria,common_area,60,2026-07-23 05:15:00,0,0.0
ZN-05,Cafeteria,common_area,60,2026-07-23 05:30:00,3,5.0
ZN-05,Cafeteria,common_area,60,2026-07-23 05:45:00,19,31.7
ZN-05,Cafeteria,common_area,60,2026-07-23 06:00:00,57,95.0
ZN-05,Cafeteria,common_area,60,2026-07-23 06:15:00,52,86.7
ZN-05,Cafeteria,common_area,60,2026-07-23 06:30:00,57,95.0
ZN-05,Cafeteria,common_area,60,2026-07-23 06:45:00,58,96.7
ZN-05,Cafeteria,common_area,60,2026-07-23 07:00:00,60,100.0
ZN-05,Cafeteria,common_area,60,2026-07-23 07:15:00,57,95.0
ZN-05,Cafeteria,common_area,60,2026-07-23 07:30:00,54,90.0
ZN-05,Cafeteria,common_area,60,2026-07-23 07:45:00,50,83.3
ZN-05,Cafeteria,common_area,60,2026-07-23 08:00:00,54,90.0
ZN-05,Cafeteria,common_area,60,2026-07-23 08:15:00,46,76.7
ZN-05,Cafeteria,common_area,60,2026-07-23 08:30:00,41,68.3
ZN-05,Cafeteria,common_area,60,2026-07-23 08:45:00,51,85.0
ZN-05,Cafeteria,common_area,60,2026-07-23 09:00:00,52,86.7
ZN-05,Cafeteria,common_area,60,2026-07-23 09:15:00,52,86.7
ZN-05,Cafeteria,common_area,60,2026-07-23 09:30:00,49,81.7
ZN-05,Cafeteria,common_area,60,2026-07-23 09:45:00,45,75.0
ZN-05,Cafeteria,common_area,60,2026-07-23 10:00:00,54,90.0
ZN-05,Cafeteria,common_area,60,2026-07-23 10:15:00,32,53.3
ZN-05,Cafeteria,common_area,60,2026-07-23 10:30:00,21,35.0
ZN-05,Cafeteria,common_area,60,2026-07-23 10:45:00,20,33.3
ZN-05,Cafeteria,common_area,60,2026-07-23 11:00:00,53,88.3
ZN-05,Cafeteria,common_area,60,2026-07-23 11:15:00,51,85.0
ZN-05,Cafeteria,common_area,60,2026-07-23 11:30:00,43,71.7
ZN-05,Cafeteria,common_area,60,2026-07-23 11:45:00,51,85.0
ZN-05,Cafeteria,common_area,60,2026-07-23 12:00:00,60,100.0
ZN-05,Cafeteria,common_area,60,2026-07-23 12:15:00,60,100.0
ZN-05,Cafeteria,common_area,60,2026-07-23 12:30:00,54,90.0
ZN-05,Cafeteria,common_area,60,2026-07-23 12:45:00,60,100.0
ZN-05,Cafeteria,common_area,60,2026-07-23 13:00:00,60,100.0
ZN-05,Cafeteria,common_area,60,2026-07-23 13:15:00,60,100.0
ZN-05,Cafeteria,common_area,60,2026-07-23 13:30:00,50,83.3
ZN-05,Cafeteria,common_area,60,2026-07-23 13:45:00,55,91.7
ZN-05,Cafeteria,common_area,60,2026-07-23 14:00:00,60,100.0
ZN-05,Cafeteria,common_area,60,2026-07-23 14:15:00,59,98.3
ZN-05,Cafeteria,common_area,60,2026-07-23 14:30:00,55,91.7
ZN-05,Cafeteria,common_area,60,2026-07-23 14:45:00,60,100.0
ZN-05,Cafeteria,common_area,60,2026-07-23 15:00:00,51,85.0
ZN-05,Cafeteria,common_area,60,2026-07-23 15:15:00,30,50.0
ZN-05,Cafeteria,common_area,60,2026-07-23 15:30:00,16,26.7
ZN-05,Cafeteria,common_area,60,2026-07-23 15:45:00,27,45.0
ZN-05,Cafeteria,common_area,60,2026-07-23 16:00:00,18,30.0
ZN-05,Cafeteria,common_area,60,2026-07-23 16:15:00,2,3.3
ZN-05,Cafeteria,common_area,60,2026-07-23 16:30:00,4,6.7
ZN-05,Cafeteria,common_area,60,2026-07-23 16:45:00,4,6.7
ZN-05,Cafeteria,common_area,60,2026-07-23 17:00:00,9,15.0
ZN-05,Cafeteria,common_area,60,2026-07-23 17:15:00,6,10.0
ZN-05,Cafeteria,common_area,60,2026-07-23 17:30:00,3,5.0
ZN-05,Cafeteria,common_area,60,2026-07-23 17:45:00,7,11.7
ZN-05,Cafeteria,common_area,60,2026-07-23 18:00:00,0,0.0
ZN-05,Cafeteria,common_area,60,2026-07-23 18:15:00,9,15.0
ZN-05,Cafeteria,common_area,60,2026-07-23 18:30:00,4,6.7
ZN-05,Cafeteria,common_area,60,2026-07-23 18:45:00,1,1.7
ZN-05,Cafeteria,common_area,60,2026-07-23 19:00:00,0,0.0
ZN-05,Cafeteria,common_area,60,2026-07-23 19:15:00,0,0.0
ZN-05,Cafeteria,common_area,60,2026-07-23 19:30:00,0,0.0
ZN-05,Cafeteria,common_area,60,2026-07-23 19:45:00,0,0.0
ZN-05,Cafeteria,common_area,60,2026-07-23 20:00:00,1,1.7
ZN-05,Cafeteria,common_area,60,2026-07-23 20:15:00,4,6.7
ZN-05,Cafeteria,common_area,60,2026-07-23 20:30:00,0,0.0
ZN-05,Cafeteria,common_area,60,2026-07-23 20:45:00,5,8.3
ZN-05,Cafeteria,common_area,60,2026-07-23 21:00:00,0,0.0
ZN-05,Cafeteria,common_area,60,2026-07-23 21:15:00,1,1.7
ZN-05,Cafeteria,common_area,60,2026-07-23 21:30:00,0,0.0
ZN-05,Cafeteria,common_area,60,2026-07-23 21:45:00,8,13.3
ZN-05,Cafeteria,common_area,60,2026-07-23 22:00:00,0,0.0
ZN-05,Cafeteria,common_area,60,2026-07-23 22:15:00,2,3.3
ZN-05,Cafeteria,common_area,60,2026-07-23 22:30:00,10,16.7
ZN-05,Cafeteria,common_area,60,2026-07-23 22:45:00,11,18.3
ZN-05,Cafeteria,common_area,60,2026-07-23 23:00:00,0,0.0
ZN-05,Cafeteria,common_area,60,2026-07-23 23:15:00,2,3.3
ZN-05,Cafeteria,common_area,60,2026-07-23 23:30:00,5,8.3
ZN-05,Cafeteria,common_area,60,2026-07-23 23:45:00,8,13.3
ZN-05,Cafeteria,common_area,60,2026-07-24 00:00:00,8,13.3
ZN-05,Cafeteria,common_area,60,2026-07-24 00:15:00,0,0.0
ZN-05,Cafeteria,common_area,60,2026-07-24 00:30:00,8,13.3
ZN-05,Cafeteria,common_area,60,2026-07-24 00:45:00,6,10.0
ZN-05,Cafeteria,common_area,60,2026-07-24 01:00:00,7,11.7
ZN-05,Cafeteria,common_area,60,2026-07-24 01:15:00,0,0.0
ZN-05,Cafeteria,common_area,60,2026-07-24 01:30:00,0,0.0
ZN-05,Cafeteria,common_area,60,2026-07-24 01:45:00,0,0.0
ZN-05,Cafeteria,common_area,60,2026-07-24 02:00:00,1,1.7
ZN-05,Cafeteria,common_area,60,2026-07-24 02:15:00,0,0.0
ZN-05,Cafeteria,common_area,60,2026-07-24 02:30:00,6,10.0
ZN-05,Cafeteria,common_area,60,2026-07-24 02:45:00,0,0.0
ZN-05,Cafeteria,common_area,60,2026-07-24 03:00:00,3,5.0
ZN-05,Cafeteria,common_area,60,2026-07-24 03:15:00,4,6.7
ZN-05,Cafeteria,common_area,60,2026-07-24 03:30:00,7,11.7
ZN-05,Cafeteria,common_area,60,2026-07-24 03:45:00,0,0.0
ZN-05,Cafeteria,common_area,60,2026-07-24 04:00:00,4,6.7
ZN-05,Cafeteria,common_area,60,2026-07-24 04:15:00,6,10.0
ZN-05,Cafeteria,common_area,60,2026-07-24 04:30:00,0,0.0
ZN-05,Cafeteria,common_area,60,2026-07-24 04:45:00,11,18.3
ZN-05,Cafeteria,common_area,60,2026-07-24 05:00:00,0,0.0
ZN-05,Cafeteria,common_area,60,2026-07-24 05:15:00,0,0.0
ZN-05,Cafeteria,common_area,60,2026-07-24 05:30:00,7,11.7
ZN-05,Cafeteria,common_area,60,2026-07-24 05:45:00,15,25.0
ZN-05,Cafeteria,common_area,60,2026-07-24 06:00:00,49,81.7
ZN-05,Cafeteria,common_area,60,2026-07-24 06:15:00,57,95.0
ZN-05,Cafeteria,common_area,60,2026-07-24 06:30:00,54,90.0
ZN-05,Cafeteria,common_area,60,2026-07-24 06:45:00,60,100.0
ZN-05,Cafeteria,common_area,60,2026-07-24 07:00:00,60,100.0
ZN-05,Cafeteria,common_area,60,2026-07-24 07:15:00,60,100.0
ZN-05,Cafeteria,common_area,60,2026-07-24 07:30:00,57,95.0
ZN-05,Cafeteria,common_area,60,2026-07-24 07:45:00,60,100.0
ZN-05,Cafeteria,common_area,60,2026-07-24 08:00:00,48,80.0
ZN-05,Cafeteria,common_area,60,2026-07-24 08:15:00,60,100.0
ZN-05,Cafeteria,common_area,60,2026-07-24 08:30:00,52,86.7
ZN-05,Cafeteria,common_area,60,2026-07-24 08:45:00,57,95.0
ZN-05,Cafeteria,common_area,60,2026-07-24 09:00:00,51,85.0
ZN-05,Cafeteria,common_area,60,2026-07-24 09:15:00,60,100.0
ZN-05,Cafeteria,common_area,60,2026-07-24 09:30:00,39,65.0
ZN-05,Cafeteria,common_area,60,2026-07-24 09:45:00,48,80.0
ZN-05,Cafeteria,common_area,60,2026-07-24 10:00:00,46,76.7
ZN-05,Cafeteria,common_area,60,2026-07-24 10:15:00,26,43.3
ZN-05,Cafeteria,common_area,60,2026-07-24 10:30:00,18,30.0
ZN-05,Cafeteria,common_area,60,2026-07-24 10:45:00,23,38.3
ZN-05,Cafeteria,common_area,60,2026-07-24 11:00:00,51,85.0
ZN-05,Cafeteria,common_area,60,2026-07-24 11:15:00,46,76.7
ZN-05,Cafeteria,common_area,60,2026-07-24 11:30:00,53,88.3
ZN-05,Cafeteria,common_area,60,2026-07-24 11:45:00,51,85.0
ZN-05,Cafeteria,common_area,60,2026-07-24 12:00:00,60,100.0
ZN-05,Cafeteria,common_area,60,2026-07-24 12:15:00,60,100.0
ZN-05,Cafeteria,common_area,60,2026-07-24 12:30:00,60,100.0
ZN-05,Cafeteria,common_area,60,2026-07-24 12:45:00,60,100.0
ZN-05,Cafeteria,common_area,60,2026-07-24 13:00:00,60,100.0
ZN-05,Cafeteria,common_area,60,2026-07-24 13:15:00,60,100.0
ZN-05,Cafeteria,common_area,60,2026-07-24 13:30:00,50,83.3
ZN-05,Cafeteria,common_area,60,2026-07-24 13:45:00,57,95.0
ZN-05,Cafeteria,common_area,60,2026-07-24 14:00:00,57,95.0
ZN-05,Cafeteria,common_area,60,2026-07-24 14:15:00,60,100.0
ZN-05,Cafeteria,common_area,60,2026-07-24 14:30:00,57,95.0
ZN-05,Cafeteria,common_area,60,2026-07-24 14:45:00,56,93.3
ZN-05,Cafeteria,common_area,60,2026-07-24 15:00:00,43,71.7
ZN-05,Cafeteria,common_area,60,2026-07-24 15:15:00,20,33.3
ZN-05,Cafeteria,common_area,60,2026-07-24 15:30:00,20,33.3
ZN-05,Cafeteria,common_area,60,2026-07-24 15:45:00,32,53.3
ZN-05,Cafeteria,common_area,60,2026-07-24 16:00:00,18,30.0
ZN-05,Cafeteria,common_area,60,2026-07-24 16:15:00,4,6.7
ZN-05,Cafeteria,common_area,60,2026-07-24 16:30:00,0,0.0
ZN-05,Cafeteria,common_area,60,2026-07-24 16:45:00,1,1.7
ZN-05,Cafeteria,common_area,60,2026-07-24 17:00:00,7,11.7
ZN-05,Cafeteria,common_area,60,2026-07-24 17:15:00,0,0.0
ZN-05,Cafeteria,common_area,60,2026-07-24 17:30:00,4,6.7
ZN-05,Cafeteria,common_area,60,2026-07-24 17:45:00,3,5.0
ZN-05,Cafeteria,common_area,60,2026-07-24 18:00:00,0,0.0
ZN-05,Cafeteria,common_area,60,2026-07-24 18:15:00,0,0.0
ZN-05,Cafeteria,common_area,60,2026-07-24 18:30:00,0,0.0
ZN-05,Cafeteria,common_area,60,2026-07-24 18:45:00,0,0.0
ZN-05,Cafeteria,common_area,60,2026-07-24 19:00:00,5,8.3
ZN-05,Cafeteria,common_area,60,2026-07-24 19:15:00,3,5.0
ZN-05,Cafeteria,common_area,60,2026-07-24 19:30:00,3,5.0
ZN-05,Cafeteria,common_area,60,2026-07-24 19:45:00,0,0.0
ZN-05,Cafeteria,common_area,60,2026-07-24 20:00:00,4,6.7
ZN-05,Cafeteria,common_area,60,2026-07-24 20:15:00,4,6.7
ZN-05,Cafeteria,common_area,60,2026-07-24 20:30:00,0,0.0
ZN-05,Cafeteria,common_area,60,2026-07-24 20:45:00,0,0.0
ZN-05,Cafeteria,common_area,60,2026-07-24 21:00:00,0,0.0
ZN-05,Cafeteria,common_area,60,2026-07-24 21:15:00,3,5.0
ZN-05,Cafeteria,common_area,60,2026-07-24 21:30:00,0,0.0
ZN-05,Cafeteria,common_area,60,2026-07-24 21:45:00,0,0.0
ZN-05,Cafeteria,common_area,60,2026-07-24 22:00:00,0,0.0
ZN-05,Cafeteria,common_area,60,2026-07-24 22:15:00,0,0.0
ZN-05,Cafeteria,common_area,60,2026-07-24 22:30:00,6,10.0
ZN-05,Cafeteria,common_area,60,2026-07-24 22:45:00,0,0.0
ZN-05,Cafeteria,common_area,60,2026-07-24 23:00:00,0,0.0
ZN-05,Cafeteria,common_area,60,2026-07-24 23:15:00,0,0.0
ZN-05,Cafeteria,common_area,60,2026-07-24 23:30:00,0,0.0
ZN-05,Cafeteria,common_area,60,2026-07-24 23:45:00,6,10.0
ZN-05,Cafeteria,common_area,60,2026-07-25 00:00:00,11,18.3
ZN-05,Cafeteria,common_area,60,2026-07-25 00:15:00,13,21.7
ZN-05,Cafeteria,common_area,60,2026-07-25 00:30:00,0,0.0
ZN-05,Cafeteria,common_area,60,2026-07-25 00:45:00,0,0.0
ZN-05,Cafeteria,common_area,60,2026-07-25 01:00:00,3,5.0
ZN-05,Cafeteria,common_area,60,2026-07-25 01:15:00,2,3.3
ZN-05,Cafeteria,common_area,60,2026-07-25 01:30:00,0,0.0
ZN-05,Cafeteria,common_area,60,2026-07-25 01:45:00,4,6.7
ZN-05,Cafeteria,common_area,60,2026-07-25 02:00:00,6,10.0
ZN-05,Cafeteria,common_area,60,2026-07-25 02:15:00,0,0.0
ZN-05,Cafeteria,common_area,60,2026-07-25 02:30:00,3,5.0
ZN-05,Cafeteria,common_area,60,2026-07-25 02:45:00,3,5.0
ZN-05,Cafeteria,common_area,60,2026-07-25 03:00:00,6,10.0
ZN-05,Cafeteria,common_area,60,2026-07-25 03:15:00,13,21.7
ZN-05,Cafeteria,common_area,60,2026-07-25 03:30:00,15,25.0
ZN-05,Cafeteria,common_area,60,2026-07-25 03:45:00,4,6.7
ZN-05,Cafeteria,common_area,60,2026-07-25 04:00:00,0,0.0
ZN-05,Cafeteria,common_area,60,2026-07-25 04:15:00,8,13.3
ZN-05,Cafeteria,common_area,60,2026-07-25 04:30:00,2,3.3
ZN-05,Cafeteria,common_area,60,2026-07-25 04:45:00,0,0.0
ZN-05,Cafeteria,common_area,60,2026-07-25 05:00:00,1,1.7
ZN-05,Cafeteria,common_area,60,2026-07-25 05:15:00,2,3.3
ZN-05,Cafeteria,common_area,60,2026-07-25 05:30:00,2,3.3
ZN-05,Cafeteria,common_area,60,2026-07-25 05:45:00,3,5.0
ZN-05,Cafeteria,common_area,60,2026-07-25 06:00:00,0,0.0
ZN-05,Cafeteria,common_area,60,2026-07-25 06:15:00,2,3.3
ZN-05,Cafeteria,common_area,60,2026-07-25 06:30:00,0,0.0
ZN-05,Cafeteria,common_area,60,2026-07-25 06:45:00,0,0.0
ZN-05,Cafeteria,common_area,60,2026-07-25 07:00:00,5,8.3
ZN-05,Cafeteria,common_area,60,2026-07-25 07:15:00,7,11.7
ZN-05,Cafeteria,common_area,60,2026-07-25 07:30:00,0,0.0
ZN-05,Cafeteria,common_area,60,2026-07-25 07:45:00,5,8.3
ZN-05,Cafeteria,common_area,60,2026-07-25 08:00:00,8,13.3
ZN-05,Cafeteria,common_area,60,2026-07-25 08:15:00,14,23.3
ZN-05,Cafeteria,common_area,60,2026-07-25 08:30:00,0,0.0
ZN-05,Cafeteria,common_area,60,2026-07-25 08:45:00,4,6.7
ZN-05,Cafeteria,common_area,60,2026-07-25 09:00:00,0,0.0
ZN-05,Cafeteria,common_area,60,2026-07-25 09:15:00,2,3.3
ZN-05,Cafeteria,common_area,60,2026-07-25 09:30:00,3,5.0
ZN-05,Cafeteria,common_area,60,2026-07-25 09:45:00,8,13.3
ZN-05,Cafeteria,common_area,60,2026-07-25 10:00:00,0,0.0
ZN-05,Cafeteria,common_area,60,2026-07-25 10:15:00,0,0.0
ZN-05,Cafeteria,common_area,60,2026-07-25 10:30:00,5,8.3
ZN-05,Cafeteria,common_area,60,2026-07-25 10:45:00,0,0.0
ZN-05,Cafeteria,common_area,60,2026-07-25 11:00:00,14,23.3
ZN-05,Cafeteria,common_area,60,2026-07-25 11:15:00,3,5.0
ZN-05,Cafeteria,common_area,60,2026-07-25 11:30:00,4,6.7
ZN-05,Cafeteria,common_area,60,2026-07-25 11:45:00,0,0.0
ZN-05,Cafeteria,common_area,60,2026-07-25 12:00:00,0,0.0
ZN-05,Cafeteria,common_area,60,2026-07-25 12:15:00,6,10.0
ZN-05,Cafeteria,common_area,60,2026-07-25 12:30:00,8,13.3
ZN-05,Cafeteria,common_area,60,2026-07-25 12:45:00,8,13.3
ZN-05,Cafeteria,common_area,60,2026-07-25 13:00:00,10,16.7
ZN-05,Cafeteria,common_area,60,2026-07-25 13:15:00,0,0.0
ZN-05,Cafeteria,common_area,60,2026-07-25 13:30:00,11,18.3
ZN-05,Cafeteria,common_area,60,2026-07-25 13:45:00,3,5.0
ZN-05,Cafeteria,common_area,60,2026-07-25 14:00:00,8,13.3
ZN-05,Cafeteria,common_area,60,2026-07-25 14:15:00,5,8.3
ZN-05,Cafeteria,common_area,60,2026-07-25 14:30:00,0,0.0
ZN-05,Cafeteria,common_area,60,2026-07-25 14:45:00,0,0.0
ZN-05,Cafeteria,common_area,60,2026-07-25 15:00:00,4,6.7
ZN-05,Cafeteria,common_area,60,2026-07-25 15:15:00,13,21.7
ZN-05,Cafeteria,common_area,60,2026-07-25 15:30:00,2,3.3
ZN-05,Cafeteria,common_area,60,2026-07-25 15:45:00,0,0.0
ZN-05,Cafeteria,common_area,60,2026-07-25 16:00:00,7,11.7
ZN-05,Cafeteria,common_area,60,2026-07-25 16:15:00,0,0.0
ZN-05,Cafeteria,common_area,60,2026-07-25 16:30:00,0,0.0
ZN-05,Cafeteria,common_area,60,2026-07-25 16:45:00,9,15.0
ZN-05,Cafeteria,common_area,60,2026-07-25 17:00:00,5,8.3
ZN-05,Cafeteria,common_area,60,2026-07-25 17:15:00,0,0.0
ZN-05,Cafeteria,common_area,60,2026-07-25 17:30:00,0,0.0
ZN-05,Cafeteria,common_area,60,2026-07-25 17:45:00,0,0.0
ZN-05,Cafeteria,common_area,60,2026-07-25 18:00:00,8,13.3
ZN-05,Cafeteria,common_area,60,2026-07-25 18:15:00,7,11.7
ZN-05,Cafeteria,common_area,60,2026-07-25 18:30:00,0,0.0
ZN-05,Cafeteria,common_area,60,2026-07-25 18:45:00,4,6.7
ZN-05,Cafeteria,common_area,60,2026-07-25 19:00:00,0,0.0
ZN-05,Cafeteria,common_area,60,2026-07-25 19:15:00,10,16.7
ZN-05,Cafeteria,common_area,60,2026-07-25 19:30:00,9,15.0
ZN-05,Cafeteria,common_area,60,2026-07-25 19:45:00,6,10.0
ZN-05,Cafeteria,common_area,60,2026-07-25 20:00:00,18,30.0
ZN-05,Cafeteria,common_area,60,2026-07-25 20:15:00,2,3.3
ZN-05,Cafeteria,common_area,60,2026-07-25 20:30:00,10,16.7
ZN-05,Cafeteria,common_area,60,2026-07-25 20:45:00,8,13.3
ZN-05,Cafeteria,common_area,60,2026-07-25 21:00:00,0,0.0
ZN-05,Cafeteria,common_area,60,2026-07-25 21:15:00,0,0.0
ZN-05,Cafeteria,common_area,60,2026-07-25 21:30:00,9,15.0
ZN-05,Cafeteria,common_area,60,2026-07-25 21:45:00,0,0.0
ZN-05,Cafeteria,common_area,60,2026-07-25 22:00:00,3,5.0
ZN-05,Cafeteria,common_area,60,2026-07-25 22:15:00,0,0.0
ZN-05,Cafeteria,common_area,60,2026-07-25 22:30:00,0,0.0
ZN-05,Cafeteria,common_area,60,2026-07-25 22:45:00,3,5.0
ZN-05,Cafeteria,common_area,60,2026-07-25 23:00:00,0,0.0
ZN-05,Cafeteria,common_area,60,2026-07-25 23:15:00,0,0.0
ZN-05,Cafeteria,common_area,60,2026-07-25 23:30:00,1,1.7
ZN-05,Cafeteria,common_area,60,2026-07-25 23:45:00,0,0.0
ZN-05,Cafeteria,common_area,60,2026-07-26 00:00:00,0,0.0
ZN-05,Cafeteria,common_area,60,2026-07-26 00:15:00,0,0.0
ZN-05,Cafeteria,common_area,60,2026-07-26 00:30:00,0,0.0
ZN-05,Cafeteria,common_area,60,2026-07-26 00:45:00,0,0.0
ZN-05,Cafeteria,common_area,60,2026-07-26 01:00:00,5,8.3
ZN-05,Cafeteria,common_area,60,2026-07-26 01:15:00,3,5.0
ZN-05,Cafeteria,common_area,60,2026-07-26 01:30:00,0,0.0
ZN-05,Cafeteria,common_area,60,2026-07-26 01:45:00,1,1.7
ZN-05,Cafeteria,common_area,60,2026-07-26 02:00:00,0,0.0
ZN-05,Cafeteria,common_area,60,2026-07-26 02:15:00,9,15.0
ZN-05,Cafeteria,common_area,60,2026-07-26 02:30:00,0,0.0
ZN-05,Cafeteria,common_area,60,2026-07-26 02:45:00,6,10.0
ZN-05,Cafeteria,common_area,60,2026-07-26 03:00:00,3,5.0
ZN-05,Cafeteria,common_area,60,2026-07-26 03:15:00,2,3.3
ZN-05,Cafeteria,common_area,60,2026-07-26 03:30:00,1,1.7
ZN-05,Cafeteria,common_area,60,2026-07-26 03:45:00,8,13.3
ZN-05,Cafeteria,common_area,60,2026-07-26 04:00:00,4,6.7
ZN-05,Cafeteria,common_area,60,2026-07-26 04:15:00,0,0.0
ZN-05,Cafeteria,common_area,60,2026-07-26 04:30:00,0,0.0
ZN-05,Cafeteria,common_area,60,2026-07-26 04:45:00,0,0.0
ZN-05,Cafeteria,common_area,60,2026-07-26 05:00:00,7,11.7
ZN-05,Cafeteria,common_area,60,2026-07-26 05:15:00,0,0.0
ZN-05,Cafeteria,common_area,60,2026-07-26 05:30:00,0,0.0
ZN-05,Cafeteria,common_area,60,2026-07-26 05:45:00,2,3.3
ZN-05,Cafeteria,common_area,60,2026-07-26 06:00:00,0,0.0
ZN-05,Cafeteria,common_area,60,2026-07-26 06:15:00,2,3.3
ZN-05,Cafeteria,common_area,60,2026-07-26 06:30:00,8,13.3
ZN-05,Cafeteria,common_area,60,2026-07-26 06:45:00,7,11.7
ZN-05,Cafeteria,common_area,60,2026-07-26 07:00:00,4,6.7
ZN-05,Cafeteria,common_area,60,2026-07-26 07:15:00,3,5.0
ZN-05,Cafeteria,common_area,60,2026-07-26 07:30:00,6,10.0
ZN-05,Cafeteria,common_area,60,2026-07-26 07:45:00,1,1.7
ZN-05,Cafeteria,common_area,60,2026-07-26 08:00:00,1,1.7
ZN-05,Cafeteria,common_area,60,2026-07-26 08:15:00,0,0.0
ZN-05,Cafeteria,common_area,60,2026-07-26 08:30:00,8,13.3
ZN-05,Cafeteria,common_area,60,2026-07-26 08:45:00,0,0.0
ZN-05,Cafeteria,common_area,60,2026-07-26 09:00:00,3,5.0
ZN-05,Cafeteria,common_area,60,2026-07-26 09:15:00,6,10.0
ZN-05,Cafeteria,common_area,60,2026-07-26 09:30:00,6,10.0
ZN-05,Cafeteria,common_area,60,2026-07-26 09:45:00,2,3.3
ZN-05,Cafeteria,common_area,60,2026-07-26 10:00:00,4,6.7
ZN-05,Cafeteria,common_area,60,2026-07-26 10:15:00,0,0.0
ZN-05,Cafeteria,common_area,60,2026-07-26 10:30:00,13,21.7
ZN-05,Cafeteria,common_area,60,2026-07-26 10:45:00,9,15.0
ZN-05,Cafeteria,common_area,60,2026-07-26 11:00:00,0,0.0
ZN-05,Cafeteria,common_area,60,2026-07-26 11:15:00,3,5.0
ZN-05,Cafeteria,common_area,60,2026-07-26 11:30:00,8,13.3
ZN-05,Cafeteria,common_area,60,2026-07-26 11:45:00,6,10.0
ZN-05,Cafeteria,common_area,60,2026-07-26 12:00:00,6,10.0
ZN-05,Cafeteria,common_area,60,2026-07-26 12:15:00,4,6.7
ZN-05,Cafeteria,common_area,60,2026-07-26 12:30:00,0,0.0
ZN-05,Cafeteria,common_area,60,2026-07-26 12:45:00,10,16.7
ZN-05,Cafeteria,common_area,60,2026-07-26 13:00:00,7,11.7
ZN-05,Cafeteria,common_area,60,2026-07-26 13:15:00,12,20.0
ZN-05,Cafeteria,common_area,60,2026-07-26 13:30:00,8,13.3
ZN-05,Cafeteria,common_area,60,2026-07-26 13:45:00,0,0.0
ZN-05,Cafeteria,common_area,60,2026-07-26 14:00:00,0,0.0
ZN-05,Cafeteria,common_area,60,2026-07-26 14:15:00,2,3.3
ZN-05,Cafeteria,common_area,60,2026-07-26 14:30:00,0,0.0
ZN-05,Cafeteria,common_area,60,2026-07-26 14:45:00,3,5.0
ZN-05,Cafeteria,common_area,60,2026-07-26 15:00:00,10,16.7
ZN-05,Cafeteria,common_area,60,2026-07-26 15:15:00,12,20.0
ZN-05,Cafeteria,common_area,60,2026-07-26 15:30:00,12,20.0
ZN-05,Cafeteria,common_area,60,2026-07-26 15:45:00,0,0.0
ZN-05,Cafeteria,common_area,60,2026-07-26 16:00:00,2,3.3
ZN-05,Cafeteria,common_area,60,2026-07-26 16:15:00,6,10.0
ZN-05,Cafeteria,common_area,60,2026-07-26 16:30:00,0,0.0
ZN-05,Cafeteria,common_area,60,2026-07-26 16:45:00,3,5.0
ZN-05,Cafeteria,common_area,60,2026-07-26 17:00:00,6,10.0
ZN-05,Cafeteria,common_area,60,2026-07-26 17:15:00,0,0.0
ZN-05,Cafeteria,common_area,60,2026-07-26 17:30:00,0,0.0
ZN-05,Cafeteria,common_area,60,2026-07-26 17:45:00,0,0.0
ZN-05,Cafeteria,common_area,60,2026-07-26 18:00:00,0,0.0
ZN-05,Cafeteria,common_area,60,2026-07-26 18:15:00,0,0.0
ZN-05,Cafeteria,common_area,60,2026-07-26 18:30:00,5,8.3
ZN-05,Cafeteria,common_area,60,2026-07-26 18:45:00,9,15.0
ZN-05,Cafeteria,common_area,60,2026-07-26 19:00:00,0,0.0
ZN-05,Cafeteria,common_area,60,2026-07-26 19:15:00,0,0.0
ZN-05,Cafeteria,common_area,60,2026-07-26 19:30:00,0,0.0
ZN-05,Cafeteria,common_area,60,2026-07-26 19:45:00,0,0.0
ZN-05,Cafeteria,common_area,60,2026-07-26 20:00:00,0,0.0
ZN-05,Cafeteria,common_area,60,2026-07-26 20:15:00,0,0.0
ZN-05,Cafeteria,common_area,60,2026-07-26 20:30:00,0,0.0
ZN-05,Cafeteria,common_area,60,2026-07-26 20:45:00,11,18.3
ZN-05,Cafeteria,common_area,60,2026-07-26 21:00:00,0,0.0
ZN-05,Cafeteria,common_area,60,2026-07-26 21:15:00,3,5.0
ZN-05,Cafeteria,common_area,60,2026-07-26 21:30:00,3,5.0
ZN-05,Cafeteria,common_area,60,2026-07-26 21:45:00,10,16.7
ZN-05,Cafeteria,common_area,60,2026-07-26 22:00:00,0,0.0
ZN-05,Cafeteria,common_area,60,2026-07-26 22:15:00,0,0.0
ZN-05,Cafeteria,common_area,60,2026-07-26 22:30:00,6,10.0
ZN-05,Cafeteria,common_area,60,2026-07-26 22:45:00,5,8.3
ZN-05,Cafeteria,common_area,60,2026-07-26 23:00:00,5,8.3
ZN-05,Cafeteria,common_area,60,2026-07-26 23:15:00,15,25.0
ZN-05,Cafeteria,common_area,60,2026-07-26 23:30:00,6,10.0
ZN-05,Cafeteria,common_area,60,2026-07-26 23:45:00,7,11.7
ZN-05,Cafeteria,common_area,60,2026-07-27 00:00:00,0,0.0
ZN-05,Cafeteria,common_area,60,2026-07-27 00:15:00,0,0.0
ZN-05,Cafeteria,common_area,60,2026-07-27 00:30:00,3,5.0
ZN-05,Cafeteria,common_area,60,2026-07-27 00:45:00,2,3.3
ZN-05,Cafeteria,common_area,60,2026-07-27 01:00:00,4,6.7
ZN-05,Cafeteria,common_area,60,2026-07-27 01:15:00,6,10.0
ZN-05,Cafeteria,common_area,60,2026-07-27 01:30:00,6,10.0
ZN-05,Cafeteria,common_area,60,2026-07-27 01:45:00,0,0.0
ZN-05,Cafeteria,common_area,60,2026-07-27 02:00:00,7,11.7
ZN-05,Cafeteria,common_area,60,2026-07-27 02:15:00,0,0.0
ZN-05,Cafeteria,common_area,60,2026-07-27 02:30:00,0,0.0
ZN-05,Cafeteria,common_area,60,2026-07-27 02:45:00,0,0.0
ZN-05,Cafeteria,common_area,60,2026-07-27 03:00:00,0,0.0
ZN-05,Cafeteria,common_area,60,2026-07-27 03:15:00,0,0.0
ZN-05,Cafeteria,common_area,60,2026-07-27 03:30:00,11,18.3
ZN-05,Cafeteria,common_area,60,2026-07-27 03:45:00,6,10.0
ZN-05,Cafeteria,common_area,60,2026-07-27 04:00:00,0,0.0
ZN-05,Cafeteria,common_area,60,2026-07-27 04:15:00,2,3.3
ZN-05,Cafeteria,common_area,60,2026-07-27 04:30:00,4,6.7
ZN-05,Cafeteria,common_area,60,2026-07-27 04:45:00,0,0.0
ZN-05,Cafeteria,common_area,60,2026-07-27 05:00:00,8,13.3
ZN-05,Cafeteria,common_area,60,2026-07-27 05:15:00,0,0.0
ZN-05,Cafeteria,common_area,60,2026-07-27 05:30:00,0,0.0
ZN-05,Cafeteria,common_area,60,2026-07-27 05:45:00,32,53.3
ZN-05,Cafeteria,common_area,60,2026-07-27 06:00:00,50,83.3
ZN-05,Cafeteria,common_area,60,2026-07-27 06:15:00,53,88.3
ZN-05,Cafeteria,common_area,60,2026-07-27 06:30:00,60,100.0
ZN-05,Cafeteria,common_area,60,2026-07-27 06:45:00,56,93.3
ZN-05,Cafeteria,common_area,60,2026-07-27 07:00:00,59,98.3
ZN-05,Cafeteria,common_area,60,2026-07-27 07:15:00,58,96.7
ZN-05,Cafeteria,common_area,60,2026-07-27 07:30:00,60,100.0
ZN-05,Cafeteria,common_area,60,2026-07-27 07:45:00,60,100.0
ZN-05,Cafeteria,common_area,60,2026-07-27 08:00:00,54,90.0
ZN-05,Cafeteria,common_area,60,2026-07-27 08:15:00,41,68.3
ZN-05,Cafeteria,common_area,60,2026-07-27 08:30:00,41,68.3
ZN-05,Cafeteria,common_area,60,2026-07-27 08:45:00,58,96.7
ZN-05,Cafeteria,common_area,60,2026-07-27 09:00:00,60,100.0
ZN-05,Cafeteria,common_area,60,2026-07-27 09:15:00,49,81.7
ZN-05,Cafeteria,common_area,60,2026-07-27 09:30:00,53,88.3
ZN-05,Cafeteria,common_area,60,2026-07-27 09:45:00,58,96.7
ZN-05,Cafeteria,common_area,60,2026-07-27 10:00:00,43,71.7
ZN-05,Cafeteria,common_area,60,2026-07-27 10:15:00,24,40.0
ZN-05,Cafeteria,common_area,60,2026-07-27 10:30:00,14,23.3
ZN-05,Cafeteria,common_area,60,2026-07-27 10:45:00,34,56.7
ZN-05,Cafeteria,common_area,60,2026-07-27 11:00:00,47,78.3
ZN-05,Cafeteria,common_area,60,2026-07-27 11:15:00,48,80.0
ZN-05,Cafeteria,common_area,60,2026-07-27 11:30:00,54,90.0
ZN-05,Cafeteria,common_area,60,2026-07-27 11:45:00,59,98.3
ZN-05,Cafeteria,common_area,60,2026-07-27 12:00:00,60,100.0
ZN-05,Cafeteria,common_area,60,2026-07-27 12:15:00,60,100.0
ZN-05,Cafeteria,common_area,60,2026-07-27 12:30:00,60,100.0
ZN-05,Cafeteria,common_area,60,2026-07-27 12:45:00,53,88.3
ZN-05,Cafeteria,common_area,60,2026-07-27 13:00:00,54,90.0
ZN-05,Cafeteria,common_area,60,2026-07-27 13:15:00,55,91.7
ZN-05,Cafeteria,common_area,60,2026-07-27 13:30:00,59,98.3
ZN-05,Cafeteria,common_area,60,2026-07-27 13:45:00,54,90.0
ZN-05,Cafeteria,common_area,60,2026-07-27 14:00:00,57,95.0
ZN-05,Cafeteria,common_area,60,2026-07-27 14:15:00,59,98.3
ZN-05,Cafeteria,common_area,60,2026-07-27 14:30:00,59,98.3
ZN-05,Cafeteria,common_area,60,2026-07-27 14:45:00,59,98.3
ZN-05,Cafeteria,common_area,60,2026-07-27 15:00:00,43,71.7
ZN-05,Cafeteria,common_area,60,2026-07-27 15:15:00,30,50.0
ZN-05,Cafeteria,common_area,60,2026-07-27 15:30:00,14,23.3
ZN-05,Cafeteria,common_area,60,2026-07-27 15:45:00,32,53.3
ZN-05,Cafeteria,common_area,60,2026-07-27 16:00:00,2,3.3
ZN-05,Cafeteria,common_area,60,2026-07-27 16:15:00,0,0.0
ZN-05,Cafeteria,common_area,60,2026-07-27 16:30:00,2,3.3
ZN-05,Cafeteria,common_area,60,2026-07-27 16:45:00,0,0.0
ZN-05,Cafeteria,common_area,60,2026-07-27 17:00:00,0,0.0
ZN-05,Cafeteria,common_area,60,2026-07-27 17:15:00,2,3.3
ZN-05,Cafeteria,common_area,60,2026-07-27 17:30:00,0,0.0
ZN-05,Cafeteria,common_area,60,2026-07-27 17:45:00,1,1.7
ZN-05,Cafeteria,common_area,60,2026-07-27 18:00:00,5,8.3
ZN-05,Cafeteria,common_area,60,2026-07-27 18:15:00,0,0.0
ZN-05,Cafeteria,common_area,60,2026-07-27 18:30:00,0,0.0
ZN-05,Cafeteria,common_area,60,2026-07-27 18:45:00,3,5.0
ZN-05,Cafeteria,common_area,60,2026-07-27 19:00:00,0,0.0
ZN-05,Cafeteria,common_area,60,2026-07-27 19:15:00,0,0.0
ZN-05,Cafeteria,common_area,60,2026-07-27 19:30:00,0,0.0
ZN-05,Cafeteria,common_area,60,2026-07-27 19:45:00,4,6.7
ZN-05,Cafeteria,common_area,60,2026-07-27 20:00:00,0,0.0
ZN-05,Cafeteria,common_area,60,2026-07-27 20:15:00,7,11.7
ZN-05,Cafeteria,common_area,60,2026-07-27 20:30:00,0,0.0
ZN-05,Cafeteria,common_area,60,2026-07-27 20:45:00,0,0.0
ZN-05,Cafeteria,common_area,60,2026-07-27 21:00:00,6,10.0
ZN-05,Cafeteria,common_area,60,2026-07-27 21:15:00,0,0.0
ZN-05,Cafeteria,common_area,60,2026-07-27 21:30:00,0,0.0
ZN-05,Cafeteria,common_area,60,2026-07-27 21:45:00,0,0.0
ZN-05,Cafeteria,common_area,60,2026-07-27 22:00:00,0,0.0
ZN-05,Cafeteria,common_area,60,2026-07-27 22:15:00,0,0.0
ZN-05,Cafeteria,common_area,60,2026-07-27 22:30:00,0,0.0
ZN-05,Cafeteria,common_area,60,2026-07-27 22:45:00,15,25.0
ZN-05,Cafeteria,common_area,60,2026-07-27 23:00:00,11,18.3
ZN-05,Cafeteria,common_area,60,2026-07-27 23:15:00,1,1.7
ZN-05,Cafeteria,common_area,60,2026-07-27 23:30:00,0,0.0
ZN-05,Cafeteria,common_area,60,2026-07-27 23:45:00,8,13.3
ZN-05,Cafeteria,common_area,60,2026-07-28 00:00:00,0,0.0
ZN-05,Cafeteria,common_area,60,2026-07-28 00:15:00,0,0.0
ZN-05,Cafeteria,common_area,60,2026-07-28 00:30:00,0,0.0
ZN-05,Cafeteria,common_area,60,2026-07-28 00:45:00,7,11.7
ZN-05,Cafeteria,common_area,60,2026-07-28 01:00:00,0,0.0
ZN-05,Cafeteria,common_area,60,2026-07-28 01:15:00,9,15.0
ZN-05,Cafeteria,common_area,60,2026-07-28 01:30:00,0,0.0
ZN-05,Cafeteria,common_area,60,2026-07-28 01:45:00,0,0.0
ZN-05,Cafeteria,common_area,60,2026-07-28 02:00:00,0,0.0
ZN-05,Cafeteria,common_area,60,2026-07-28 02:15:00,0,0.0
ZN-05,Cafeteria,common_area,60,2026-07-28 02:30:00,0,0.0
ZN-05,Cafeteria,common_area,60,2026-07-28 02:45:00,7,11.7
ZN-05,Cafeteria,common_area,60,2026-07-28 03:00:00,0,0.0
ZN-05,Cafeteria,common_area,60,2026-07-28 03:15:00,3,5.0
ZN-05,Cafeteria,common_area,60,2026-07-28 03:30:00,1,1.7
ZN-05,Cafeteria,common_area,60,2026-07-28 03:45:00,0,0.0
ZN-05,Cafeteria,common_area,60,2026-07-28 04:00:00,0,0.0
ZN-05,Cafeteria,common_area,60,2026-07-28 04:15:00,8,13.3
ZN-05,Cafeteria,common_area,60,2026-07-28 04:30:00,5,8.3
ZN-05,Cafeteria,common_area,60,2026-07-28 04:45:00,0,0.0
ZN-05,Cafeteria,common_area,60,2026-07-28 05:00:00,2,3.3
ZN-05,Cafeteria,common_area,60,2026-07-28 05:15:00,2,3.3
ZN-05,Cafeteria,common_area,60,2026-07-28 05:30:00,4,6.7
ZN-05,Cafeteria,common_area,60,2026-07-28 05:45:00,24,40.0
ZN-05,Cafeteria,common_area,60,2026-07-28 06:00:00,54,90.0
ZN-05,Cafeteria,common_area,60,2026-07-28 06:15:00,57,95.0
ZN-05,Cafeteria,common_area,60,2026-07-28 06:30:00,56,93.3
ZN-05,Cafeteria,common_area,60,2026-07-28 06:45:00,60,100.0
ZN-05,Cafeteria,common_area,60,2026-07-28 07:00:00,60,100.0
ZN-05,Cafeteria,common_area,60,2026-07-28 07:15:00,56,93.3
ZN-05,Cafeteria,common_area,60,2026-07-28 07:30:00,60,100.0
ZN-05,Cafeteria,common_area,60,2026-07-28 07:45:00,55,91.7
ZN-05,Cafeteria,common_area,60,2026-07-28 08:00:00,47,78.3
ZN-05,Cafeteria,common_area,60,2026-07-28 08:15:00,59,98.3
ZN-05,Cafeteria,common_area,60,2026-07-28 08:30:00,54,90.0
ZN-05,Cafeteria,common_area,60,2026-07-28 08:45:00,54,90.0
ZN-05,Cafeteria,common_area,60,2026-07-28 09:00:00,52,86.7
ZN-05,Cafeteria,common_area,60,2026-07-28 09:15:00,55,91.7
ZN-05,Cafeteria,common_area,60,2026-07-28 09:30:00,50,83.3
ZN-05,Cafeteria,common_area,60,2026-07-28 09:45:00,39,65.0
ZN-05,Cafeteria,common_area,60,2026-07-28 10:00:00,41,68.3
ZN-05,Cafeteria,common_area,60,2026-07-28 10:15:00,26,43.3
ZN-05,Cafeteria,common_area,60,2026-07-28 10:30:00,20,33.3
ZN-05,Cafeteria,common_area,60,2026-07-28 10:45:00,24,40.0
ZN-05,Cafeteria,common_area,60,2026-07-28 11:00:00,51,85.0
ZN-05,Cafeteria,common_area,60,2026-07-28 11:15:00,43,71.7
ZN-05,Cafeteria,common_area,60,2026-07-28 11:30:00,60,100.0
ZN-05,Cafeteria,common_area,60,2026-07-28 11:45:00,50,83.3
ZN-05,Cafeteria,common_area,60,2026-07-28 12:00:00,45,75.0
ZN-05,Cafeteria,common_area,60,2026-07-28 12:15:00,55,91.7
ZN-05,Cafeteria,common_area,60,2026-07-28 12:30:00,60,100.0
ZN-05,Cafeteria,common_area,60,2026-07-28 12:45:00,60,100.0
ZN-05,Cafeteria,common_area,60,2026-07-28 13:00:00,60,100.0
ZN-05,Cafeteria,common_area,60,2026-07-28 13:15:00,58,96.7
ZN-05,Cafeteria,common_area,60,2026-07-28 13:30:00,60,100.0
ZN-05,Cafeteria,common_area,60,2026-07-28 13:45:00,56,93.3
ZN-05,Cafeteria,common_area,60,2026-07-28 14:00:00,55,91.7
ZN-05,Cafeteria,common_area,60,2026-07-28 14:15:00,60,100.0
ZN-05,Cafeteria,common_area,60,2026-07-28 14:30:00,58,96.7
ZN-05,Cafeteria,common_area,60,2026-07-28 14:45:00,60,100.0
ZN-05,Cafeteria,common_area,60,2026-07-28 15:00:00,53,88.3
ZN-05,Cafeteria,common_area,60,2026-07-28 15:15:00,36,60.0
ZN-05,Cafeteria,common_area,60,2026-07-28 15:30:00,25,41.7
ZN-05,Cafeteria,common_area,60,2026-07-28 15:45:00,21,35.0
ZN-05,Cafeteria,common_area,60,2026-07-28 16:00:00,20,33.3
ZN-05,Cafeteria,common_area,60,2026-07-28 16:15:00,2,3.3
ZN-05,Cafeteria,common_area,60,2026-07-28 16:30:00,2,3.3
ZN-05,Cafeteria,common_area,60,2026-07-28 16:45:00,3,5.0
ZN-05,Cafeteria,common_area,60,2026-07-28 17:00:00,3,5.0
ZN-05,Cafeteria,common_area,60,2026-07-28 17:15:00,0,0.0
ZN-05,Cafeteria,common_area,60,2026-07-28 17:30:00,2,3.3
ZN-05,Cafeteria,common_area,60,2026-07-28 17:45:00,6,10.0
ZN-05,Cafeteria,common_area,60,2026-07-28 18:00:00,3,5.0
ZN-05,Cafeteria,common_area,60,2026-07-28 18:15:00,1,1.7
ZN-05,Cafeteria,common_area,60,2026-07-28 18:30:00,0,0.0
ZN-05,Cafeteria,common_area,60,2026-07-28 18:45:00,0,0.0
ZN-05,Cafeteria,common_area,60,2026-07-28 19:00:00,0,0.0
ZN-05,Cafeteria,common_area,60,2026-07-28 19:15:00,13,21.7
ZN-05,Cafeteria,common_area,60,2026-07-28 19:30:00,2,3.3
ZN-05,Cafeteria,common_area,60,2026-07-28 19:45:00,2,3.3
ZN-05,Cafeteria,common_area,60,2026-07-28 20:00:00,2,3.3
ZN-05,Cafeteria,common_area,60,2026-07-28 20:15:00,5,8.3
ZN-05,Cafeteria,common_area,60,2026-07-28 20:30:00,0,0.0
ZN-05,Cafeteria,common_area,60,2026-07-28 20:45:00,3,5.0
ZN-05,Cafeteria,common_area,60,2026-07-28 21:00:00,0,0.0
ZN-05,Cafeteria,common_area,60,2026-07-28 21:15:00,4,6.7
ZN-05,Cafeteria,common_area,60,2026-07-28 21:30:00,0,0.0
ZN-05,Cafeteria,common_area,60,2026-07-28 21:45:00,3,5.0
ZN-05,Cafeteria,common_area,60,2026-07-28 22:00:00,5,8.3
ZN-05,Cafeteria,common_area,60,2026-07-28 22:15:00,0,0.0
ZN-05,Cafeteria,common_area,60,2026-07-28 22:30:00,0,0.0
ZN-05,Cafeteria,common_area,60,2026-07-28 22:45:00,0,0.0
ZN-05,Cafeteria,common_area,60,2026-07-28 23:00:00,0,0.0
ZN-05,Cafeteria,common_area,60,2026-07-28 23:15:00,0,0.0
ZN-05,Cafeteria,common_area,60,2026-07-28 23:30:00,0,0.0
ZN-05,Cafeteria,common_area,60,2026-07-28 23:45:00,0,0.0
ZN-05,Cafeteria,common_area,60,2026-07-29 00:00:00,0,0.0
ZN-05,Cafeteria,common_area,60,2026-07-29 00:15:00,3,5.0
ZN-05,Cafeteria,common_area,60,2026-07-29 00:30:00,0,0.0
ZN-05,Cafeteria,common_area,60,2026-07-29 00:45:00,0,0.0
ZN-05,Cafeteria,common_area,60,2026-07-29 01:00:00,0,0.0
ZN-05,Cafeteria,common_area,60,2026-07-29 01:15:00,0,0.0
ZN-05,Cafeteria,common_area,60,2026-07-29 01:30:00,2,3.3
ZN-05,Cafeteria,common_area,60,2026-07-29 01:45:00,0,0.0
ZN-05,Cafeteria,common_area,60,2026-07-29 02:00:00,0,0.0
ZN-05,Cafeteria,common_area,60,2026-07-29 02:15:00,0,0.0
ZN-05,Cafeteria,common_area,60,2026-07-29 02:30:00,0,0.0
ZN-05,Cafeteria,common_area,60,2026-07-29 02:45:00,1,1.7
ZN-05,Cafeteria,common_area,60,2026-07-29 03:00:00,0,0.0
ZN-05,Cafeteria,common_area,60,2026-07-29 03:15:00,3,5.0
ZN-05,Cafeteria,common_area,60,2026-07-29 03:30:00,0,0.0
ZN-05,Cafeteria,common_area,60,2026-07-29 03:45:00,3,5.0
ZN-05,Cafeteria,common_area,60,2026-07-29 04:00:00,5,8.3
ZN-05,Cafeteria,common_area,60,2026-07-29 04:15:00,0,0.0
ZN-05,Cafeteria,common_area,60,2026-07-29 04:30:00,0,0.0
ZN-05,Cafeteria,common_area,60,2026-07-29 04:45:00,0,0.0
ZN-05,Cafeteria,common_area,60,2026-07-29 05:00:00,0,0.0
ZN-05,Cafeteria,common_area,60,2026-07-29 05:15:00,0,0.0
ZN-05,Cafeteria,common_area,60,2026-07-29 05:30:00,2,3.3
ZN-05,Cafeteria,common_area,60,2026-07-29 05:45:00,24,40.0
ZN-05,Cafeteria,common_area,60,2026-07-29 06:00:00,45,75.0
ZN-05,Cafeteria,common_area,60,2026-07-29 06:15:00,60,100.0
ZN-05,Cafeteria,common_area,60,2026-07-29 06:30:00,55,91.7
ZN-05,Cafeteria,common_area,60,2026-07-29 06:45:00,60,100.0
ZN-05,Cafeteria,common_area,60,2026-07-29 07:00:00,60,100.0
ZN-05,Cafeteria,common_area,60,2026-07-29 07:15:00,60,100.0
ZN-05,Cafeteria,common_area,60,2026-07-29 07:30:00,58,96.7
ZN-05,Cafeteria,common_area,60,2026-07-29 07:45:00,60,100.0
ZN-05,Cafeteria,common_area,60,2026-07-29 08:00:00,54,90.0
ZN-05,Cafeteria,common_area,60,2026-07-29 08:15:00,58,96.7
ZN-05,Cafeteria,common_area,60,2026-07-29 08:30:00,50,83.3
ZN-05,Cafeteria,common_area,60,2026-07-29 08:45:00,47,78.3
ZN-05,Cafeteria,common_area,60,2026-07-29 09:00:00,60,100.0
ZN-05,Cafeteria,common_area,60,2026-07-29 09:15:00,60,100.0
ZN-05,Cafeteria,common_area,60,2026-07-29 09:30:00,50,83.3
ZN-05,Cafeteria,common_area,60,2026-07-29 09:45:00,50,83.3
ZN-05,Cafeteria,common_area,60,2026-07-29 10:00:00,36,60.0
ZN-05,Cafeteria,common_area,60,2026-07-29 10:15:00,40,66.7
ZN-05,Cafeteria,common_area,60,2026-07-29 10:30:00,19,31.7
ZN-05,Cafeteria,common_area,60,2026-07-29 10:45:00,24,40.0
ZN-05,Cafeteria,common_area,60,2026-07-29 11:00:00,60,100.0
ZN-05,Cafeteria,common_area,60,2026-07-29 11:15:00,45,75.0
ZN-05,Cafeteria,common_area,60,2026-07-29 11:30:00,51,85.0
ZN-05,Cafeteria,common_area,60,2026-07-29 11:45:00,47,78.3
ZN-05,Cafeteria,common_area,60,2026-07-29 12:00:00,60,100.0
ZN-05,Cafeteria,common_area,60,2026-07-29 12:15:00,60,100.0
ZN-05,Cafeteria,common_area,60,2026-07-29 12:30:00,60,100.0
ZN-05,Cafeteria,common_area,60,2026-07-29 12:45:00,60,100.0
ZN-05,Cafeteria,common_area,60,2026-07-29 13:00:00,50,83.3
ZN-05,Cafeteria,common_area,60,2026-07-29 13:15:00,60,100.0
ZN-05,Cafeteria,common_area,60,2026-07-29 13:30:00,60,100.0
ZN-05,Cafeteria,common_area,60,2026-07-29 13:45:00,49,81.7
ZN-05,Cafeteria,common_area,60,2026-07-29 14:00:00,48,80.0
ZN-05,Cafeteria,common_area,60,2026-07-29 14:15:00,55,91.7
ZN-05,Cafeteria,common_area,60,2026-07-29 14:30:00,60,100.0
ZN-05,Cafeteria,common_area,60,2026-07-29 14:45:00,60,100.0
ZN-05,Cafeteria,common_area,60,2026-07-29 15:00:00,45,75.0
ZN-05,Cafeteria,common_area,60,2026-07-29 15:15:00,33,55.0
ZN-05,Cafeteria,common_area,60,2026-07-29 15:30:00,17,28.3
ZN-05,Cafeteria,common_area,60,2026-07-29 15:45:00,32,53.3
ZN-05,Cafeteria,common_area,60,2026-07-29 16:00:00,16,26.7
ZN-05,Cafeteria,common_area,60,2026-07-29 16:15:00,5,8.3
ZN-05,Cafeteria,common_area,60,2026-07-29 16:30:00,0,0.0
ZN-05,Cafeteria,common_area,60,2026-07-29 16:45:00,2,3.3
ZN-05,Cafeteria,common_area,60,2026-07-29 17:00:00,0,0.0
ZN-05,Cafeteria,common_area,60,2026-07-29 17:15:00,0,0.0
ZN-05,Cafeteria,common_area,60,2026-07-29 17:30:00,0,0.0
ZN-05,Cafeteria,common_area,60,2026-07-29 17:45:00,0,0.0
ZN-05,Cafeteria,common_area,60,2026-07-29 18:00:00,0,0.0
ZN-05,Cafeteria,common_area,60,2026-07-29 18:15:00,0,0.0
ZN-05,Cafeteria,common_area,60,2026-07-29 18:30:00,6,10.0
ZN-05,Cafeteria,common_area,60,2026-07-29 18:45:00,2,3.3
ZN-05,Cafeteria,common_area,60,2026-07-29 19:00:00,11,18.3
ZN-05,Cafeteria,common_area,60,2026-07-29 19:15:00,9,15.0
ZN-05,Cafeteria,common_area,60,2026-07-29 19:30:00,0,0.0
ZN-05,Cafeteria,common_area,60,2026-07-29 19:45:00,6,10.0
ZN-05,Cafeteria,common_area,60,2026-07-29 20:00:00,0,0.0
ZN-05,Cafeteria,common_area,60,2026-07-29 20:15:00,8,13.3
ZN-05,Cafeteria,common_area,60,2026-07-29 20:30:00,10,16.7
ZN-05,Cafeteria,common_area,60,2026-07-29 20:45:00,3,5.0
ZN-05,Cafeteria,common_area,60,2026-07-29 21:00:00,4,6.7
ZN-05,Cafeteria,common_area,60,2026-07-29 21:15:00,0,0.0
ZN-05,Cafeteria,common_area,60,2026-07-29 21:30:00,5,8.3
ZN-05,Cafeteria,common_area,60,2026-07-29 21:45:00,4,6.7
ZN-05,Cafeteria,common_area,60,2026-07-29 22:00:00,2,3.3
ZN-05,Cafeteria,common_area,60,2026-07-29 22:15:00,3,5.0
ZN-05,Cafeteria,common_area,60,2026-07-29 22:30:00,7,11.7
ZN-05,Cafeteria,common_area,60,2026-07-29 22:45:00,2,3.3
ZN-05,Cafeteria,common_area,60,2026-07-29 23:00:00,2,3.3
ZN-05,Cafeteria,common_area,60,2026-07-29 23:15:00,0,0.0
ZN-05,Cafeteria,common_area,60,2026-07-29 23:30:00,7,11.7
ZN-05,Cafeteria,common_area,60,2026-07-29 23:45:00,0,0.0
ZN-05,Cafeteria,common_area,60,2026-07-30 00:00:00,2,3.3
ZN-05,Cafeteria,common_area,60,2026-07-30 00:15:00,7,11.7
ZN-05,Cafeteria,common_area,60,2026-07-30 00:30:00,0,0.0
ZN-05,Cafeteria,common_area,60,2026-07-30 00:45:00,0,0.0
ZN-05,Cafeteria,common_area,60,2026-07-30 01:00:00,0,0.0
ZN-05,Cafeteria,common_area,60,2026-07-30 01:15:00,0,0.0
ZN-05,Cafeteria,common_area,60,2026-07-30 01:30:00,8,13.3
ZN-05,Cafeteria,common_area,60,2026-07-30 01:45:00,0,0.0
ZN-05,Cafeteria,common_area,60,2026-07-30 02:00:00,0,0.0
ZN-05,Cafeteria,common_area,60,2026-07-30 02:15:00,0,0.0
ZN-05,Cafeteria,common_area,60,2026-07-30 02:30:00,0,0.0
ZN-05,Cafeteria,common_area,60,2026-07-30 02:45:00,8,13.3
ZN-05,Cafeteria,common_area,60,2026-07-30 03:00:00,0,0.0
ZN-05,Cafeteria,common_area,60,2026-07-30 03:15:00,9,15.0
ZN-05,Cafeteria,common_area,60,2026-07-30 03:30:00,8,13.3
ZN-05,Cafeteria,common_area,60,2026-07-30 03:45:00,3,5.0
ZN-05,Cafeteria,common_area,60,2026-07-30 04:00:00,0,0.0
ZN-05,Cafeteria,common_area,60,2026-07-30 04:15:00,3,5.0
ZN-05,Cafeteria,common_area,60,2026-07-30 04:30:00,0,0.0
ZN-05,Cafeteria,common_area,60,2026-07-30 04:45:00,7,11.7
ZN-05,Cafeteria,common_area,60,2026-07-30 05:00:00,3,5.0
ZN-05,Cafeteria,common_area,60,2026-07-30 05:15:00,0,0.0
ZN-05,Cafeteria,common_area,60,2026-07-30 05:30:00,1,1.7
ZN-05,Cafeteria,common_area,60,2026-07-30 05:45:00,26,43.3
ZN-05,Cafeteria,common_area,60,2026-07-30 06:00:00,49,81.7
ZN-05,Cafeteria,common_area,60,2026-07-30 06:15:00,60,100.0
ZN-05,Cafeteria,common_area,60,2026-07-30 06:30:00,54,90.0
ZN-05,Cafeteria,common_area,60,2026-07-30 06:45:00,59,98.3
ZN-05,Cafeteria,common_area,60,2026-07-30 07:00:00,50,83.3
ZN-05,Cafeteria,common_area,60,2026-07-30 07:15:00,60,100.0
ZN-05,Cafeteria,common_area,60,2026-07-30 07:30:00,55,91.7
ZN-05,Cafeteria,common_area,60,2026-07-30 07:45:00,53,88.3
ZN-05,Cafeteria,common_area,60,2026-07-30 08:00:00,57,95.0
ZN-05,Cafeteria,common_area,60,2026-07-30 08:15:00,49,81.7
ZN-05,Cafeteria,common_area,60,2026-07-30 08:30:00,43,71.7
ZN-05,Cafeteria,common_area,60,2026-07-30 08:45:00,42,70.0
ZN-05,Cafeteria,common_area,60,2026-07-30 09:00:00,60,100.0
ZN-05,Cafeteria,common_area,60,2026-07-30 09:15:00,60,100.0
ZN-05,Cafeteria,common_area,60,2026-07-30 09:30:00,46,76.7
ZN-05,Cafeteria,common_area,60,2026-07-30 09:45:00,43,71.7
ZN-05,Cafeteria,common_area,60,2026-07-30 10:00:00,36,60.0
ZN-05,Cafeteria,common_area,60,2026-07-30 10:15:00,36,60.0
ZN-05,Cafeteria,common_area,60,2026-07-30 10:30:00,24,40.0
ZN-05,Cafeteria,common_area,60,2026-07-30 10:45:00,22,36.7
ZN-05,Cafeteria,common_area,60,2026-07-30 11:00:00,42,70.0
ZN-05,Cafeteria,common_area,60,2026-07-30 11:15:00,50,83.3
ZN-05,Cafeteria,common_area,60,2026-07-30 11:30:00,46,76.7
ZN-05,Cafeteria,common_area,60,2026-07-30 11:45:00,53,88.3
ZN-05,Cafeteria,common_area,60,2026-07-30 12:00:00,60,100.0
ZN-05,Cafeteria,common_area,60,2026-07-30 12:15:00,50,83.3
ZN-05,Cafeteria,common_area,60,2026-07-30 12:30:00,60,100.0
ZN-05,Cafeteria,common_area,60,2026-07-30 12:45:00,52,86.7
ZN-05,Cafeteria,common_area,60,2026-07-30 13:00:00,60,100.0
ZN-05,Cafeteria,common_area,60,2026-07-30 13:15:00,59,98.3
ZN-05,Cafeteria,common_area,60,2026-07-30 13:30:00,60,100.0
ZN-05,Cafeteria,common_area,60,2026-07-30 13:45:00,60,100.0
ZN-05,Cafeteria,common_area,60,2026-07-30 14:00:00,60,100.0
ZN-05,Cafeteria,common_area,60,2026-07-30 14:15:00,60,100.0
ZN-05,Cafeteria,common_area,60,2026-07-30 14:30:00,60,100.0
ZN-05,Cafeteria,common_area,60,2026-07-30 14:45:00,43,71.7
ZN-05,Cafeteria,common_area,60,2026-07-30 15:00:00,49,81.7
ZN-05,Cafeteria,common_area,60,2026-07-30 15:15:00,35,58.3
ZN-05,Cafeteria,common_area,60,2026-07-30 15:30:00,28,46.7
ZN-05,Cafeteria,common_area,60,2026-07-30 15:45:00,25,41.7
ZN-05,Cafeteria,common_area,60,2026-07-30 16:00:00,25,41.7
ZN-05,Cafeteria,common_area,60,2026-07-30 16:15:00,7,11.7
ZN-05,Cafeteria,common_area,60,2026-07-30 16:30:00,7,11.7
ZN-05,Cafeteria,common_area,60,2026-07-30 16:45:00,5,8.3
ZN-05,Cafeteria,common_area,60,2026-07-30 17:00:00,0,0.0
ZN-05,Cafeteria,common_area,60,2026-07-30 17:15:00,0,0.0
ZN-05,Cafeteria,common_area,60,2026-07-30 17:30:00,3,5.0
ZN-05,Cafeteria,common_area,60,2026-07-30 17:45:00,0,0.0
ZN-05,Cafeteria,common_area,60,2026-07-30 18:00:00,1,1.7
ZN-05,Cafeteria,common_area,60,2026-07-30 18:15:00,3,5.0
ZN-05,Cafeteria,common_area,60,2026-07-30 18:30:00,5,8.3
ZN-05,Cafeteria,common_area,60,2026-07-30 18:45:00,3,5.0
ZN-05,Cafeteria,common_area,60,2026-07-30 19:00:00,7,11.7
ZN-05,Cafeteria,common_area,60,2026-07-30 19:15:00,0,0.0
ZN-05,Cafeteria,common_area,60,2026-07-30 19:30:00,4,6.7
ZN-05,Cafeteria,common_area,60,2026-07-30 19:45:00,17,28.3
ZN-05,Cafeteria,common_area,60,2026-07-30 20:00:00,0,0.0
ZN-05,Cafeteria,common_area,60,2026-07-30 20:15:00,0,0.0
ZN-05,Cafeteria,common_area,60,2026-07-30 20:30:00,7,11.7
ZN-05,Cafeteria,common_area,60,2026-07-30 20:45:00,0,0.0
ZN-05,Cafeteria,common_area,60,2026-07-30 21:00:00,0,0.0
ZN-05,Cafeteria,common_area,60,2026-07-30 21:15:00,0,0.0
ZN-05,Cafeteria,common_area,60,2026-07-30 21:30:00,0,0.0
ZN-05,Cafeteria,common_area,60,2026-07-30 21:45:00,0,0.0
ZN-05,Cafeteria,common_area,60,2026-07-30 22:00:00,4,6.7
ZN-05,Cafeteria,common_area,60,2026-07-30 22:15:00,1,1.7
ZN-05,Cafeteria,common_area,60,2026-07-30 22:30:00,0,0.0
ZN-05,Cafeteria,common_area,60,2026-07-30 22:45:00,1,1.7
ZN-05,Cafeteria,common_area,60,2026-07-30 23:00:00,2,3.3
ZN-05,Cafeteria,common_area,60,2026-07-30 23:15:00,5,8.3
ZN-05,Cafeteria,common_area,60,2026-07-30 23:30:00,1,1.7
ZN-05,Cafeteria,common_area,60,2026-07-30 23:45:00,0,0.0
ZN-05,Cafeteria,common_area,60,2026-07-31 00:00:00,0,0.0
ZN-05,Cafeteria,common_area,60,2026-07-31 00:15:00,3,5.0
ZN-05,Cafeteria,common_area,60,2026-07-31 00:30:00,2,3.3
ZN-05,Cafeteria,common_area,60,2026-07-31 00:45:00,0,0.0
ZN-05,Cafeteria,common_area,60,2026-07-31 01:00:00,0,0.0
ZN-05,Cafeteria,common_area,60,2026-07-31 01:15:00,10,16.7
ZN-05,Cafeteria,common_area,60,2026-07-31 01:30:00,0,0.0
ZN-05,Cafeteria,common_area,60,2026-07-31 01:45:00,0,0.0
ZN-05,Cafeteria,common_area,60,2026-07-31 02:00:00,0,0.0
ZN-05,Cafeteria,common_area,60,2026-07-31 02:15:00,1,1.7
ZN-05,Cafeteria,common_area,60,2026-07-31 02:30:00,1,1.7
ZN-05,Cafeteria,common_area,60,2026-07-31 02:45:00,7,11.7
ZN-05,Cafeteria,common_area,60,2026-07-31 03:00:00,0,0.0
ZN-05,Cafeteria,common_area,60,2026-07-31 03:15:00,0,0.0
ZN-05,Cafeteria,common_area,60,2026-07-31 03:30:00,0,0.0
ZN-05,Cafeteria,common_area,60,2026-07-31 03:45:00,7,11.7
ZN-05,Cafeteria,common_area,60,2026-07-31 04:00:00,4,6.7
ZN-05,Cafeteria,common_area,60,2026-07-31 04:15:00,0,0.0
ZN-05,Cafeteria,common_area,60,2026-07-31 04:30:00,0,0.0
ZN-05,Cafeteria,common_area,60,2026-07-31 04:45:00,4,6.7
ZN-05,Cafeteria,common_area,60,2026-07-31 05:00:00,0,0.0
ZN-05,Cafeteria,common_area,60,2026-07-31 05:15:00,1,1.7
ZN-05,Cafeteria,common_area,60,2026-07-31 05:30:00,8,13.3
ZN-05,Cafeteria,common_area,60,2026-07-31 05:45:00,35,58.3
ZN-05,Cafeteria,common_area,60,2026-07-31 06:00:00,58,96.7
ZN-05,Cafeteria,common_area,60,2026-07-31 06:15:00,54,90.0
ZN-05,Cafeteria,common_area,60,2026-07-31 06:30:00,50,83.3
ZN-05,Cafeteria,common_area,60,2026-07-31 06:45:00,53,88.3
ZN-05,Cafeteria,common_area,60,2026-07-31 07:00:00,60,100.0
ZN-05,Cafeteria,common_area,60,2026-07-31 07:15:00,60,100.0
ZN-05,Cafeteria,common_area,60,2026-07-31 07:30:00,60,100.0
ZN-05,Cafeteria,common_area,60,2026-07-31 07:45:00,56,93.3
ZN-05,Cafeteria,common_area,60,2026-07-31 08:00:00,56,93.3
ZN-05,Cafeteria,common_area,60,2026-07-31 08:15:00,50,83.3
ZN-05,Cafeteria,common_area,60,2026-07-31 08:30:00,49,81.7
ZN-05,Cafeteria,common_area,60,2026-07-31 08:45:00,52,86.7
ZN-05,Cafeteria,common_area,60,2026-07-31 09:00:00,60,100.0
ZN-05,Cafeteria,common_area,60,2026-07-31 09:15:00,57,95.0
ZN-05,Cafeteria,common_area,60,2026-07-31 09:30:00,57,95.0
ZN-05,Cafeteria,common_area,60,2026-07-31 09:45:00,32,53.3
ZN-05,Cafeteria,common_area,60,2026-07-31 10:00:00,47,78.3
ZN-05,Cafeteria,common_area,60,2026-07-31 10:15:00,32,53.3
ZN-05,Cafeteria,common_area,60,2026-07-31 10:30:00,24,40.0
ZN-05,Cafeteria,common_area,60,2026-07-31 10:45:00,28,46.7
ZN-05,Cafeteria,common_area,60,2026-07-31 11:00:00,59,98.3
ZN-05,Cafeteria,common_area,60,2026-07-31 11:15:00,49,81.7
ZN-05,Cafeteria,common_area,60,2026-07-31 11:30:00,46,76.7
ZN-05,Cafeteria,common_area,60,2026-07-31 11:45:00,54,90.0
ZN-05,Cafeteria,common_area,60,2026-07-31 12:00:00,60,100.0
ZN-05,Cafeteria,common_area,60,2026-07-31 12:15:00,59,98.3
ZN-05,Cafeteria,common_area,60,2026-07-31 12:30:00,60,100.0
ZN-05,Cafeteria,common_area,60,2026-07-31 12:45:00,60,100.0
ZN-05,Cafeteria,common_area,60,2026-07-31 13:00:00,60,100.0
ZN-05,Cafeteria,common_area,60,2026-07-31 13:15:00,51,85.0
ZN-05,Cafeteria,common_area,60,2026-07-31 13:30:00,60,100.0
ZN-05,Cafeteria,common_area,60,2026-07-31 13:45:00,58,96.7
ZN-05,Cafeteria,common_area,60,2026-07-31 14:00:00,55,91.7
ZN-05,Cafeteria,common_area,60,2026-07-31 14:15:00,53,88.3
ZN-05,Cafeteria,common_area,60,2026-07-31 14:30:00,60,100.0
ZN-05,Cafeteria,common_area,60,2026-07-31 14:45:00,60,100.0
ZN-05,Cafeteria,common_area,60,2026-07-31 15:00:00,52,86.7
ZN-05,Cafeteria,common_area,60,2026-07-31 15:15:00,27,45.0
ZN-05,Cafeteria,common_area,60,2026-07-31 15:30:00,26,43.3
ZN-05,Cafeteria,common_area,60,2026-07-31 15:45:00,20,33.3
ZN-05,Cafeteria,common_area,60,2026-07-31 16:00:00,17,28.3
ZN-05,Cafeteria,common_area,60,2026-07-31 16:15:00,10,16.7
ZN-05,Cafeteria,common_area,60,2026-07-31 16:30:00,0,0.0
ZN-05,Cafeteria,common_area,60,2026-07-31 16:45:00,8,13.3
ZN-05,Cafeteria,common_area,60,2026-07-31 17:00:00,0,0.0
ZN-05,Cafeteria,common_area,60,2026-07-31 17:15:00,4,6.7
ZN-05,Cafeteria,common_area,60,2026-07-31 17:30:00,0,0.0
ZN-05,Cafeteria,common_area,60,2026-07-31 17:45:00,0,0.0
ZN-05,Cafeteria,common_area,60,2026-07-31 18:00:00,8,13.3
ZN-05,Cafeteria,common_area,60,2026-07-31 18:15:00,0,0.0
ZN-05,Cafeteria,common_area,60,2026-07-31 18:30:00,0,0.0
ZN-05,Cafeteria,common_area,60,2026-07-31 18:45:00,1,1.7
ZN-05,Cafeteria,common_area,60,2026-07-31 19:00:00,2,3.3
ZN-05,Cafeteria,common_area,60,2026-07-31 19:15:00,4,6.7
ZN-05,Cafeteria,common_area,60,2026-07-31 19:30:00,0,0.0
ZN-05,Cafeteria,common_area,60,2026-07-31 19:45:00,2,3.3
ZN-05,Cafeteria,common_area,60,2026-07-31 20:00:00,6,10.0
ZN-05,Cafeteria,common_area,60,2026-07-31 20:15:00,0,0.0
ZN-05,Cafeteria,common_area,60,2026-07-31 20:30:00,3,5.0
ZN-05,Cafeteria,common_area,60,2026-07-31 20:45:00,3,5.0
ZN-05,Cafeteria,common_area,60,2026-07-31 21:00:00,1,1.7
ZN-05,Cafeteria,common_area,60,2026-07-31 21:15:00,0,0.0
ZN-05,Cafeteria,common_area,60,2026-07-31 21:30:00,9,15.0
ZN-05,Cafeteria,common_area,60,2026-07-31 21:45:00,4,6.7
ZN-05,Cafeteria,common_area,60,2026-07-31 22:00:00,1,1.7
ZN-05,Cafeteria,common_area,60,2026-07-31 22:15:00,0,0.0
ZN-05,Cafeteria,common_area,60,2026-07-31 22:30:00,3,5.0
ZN-05,Cafeteria,common_area,60,2026-07-31 22:45:00,0,0.0
ZN-05,Cafeteria,common_area,60,2026-07-31 23:00:00,0,0.0
ZN-05,Cafeteria,common_area,60,2026-07-31 23:15:00,0,0.0
ZN-05,Cafeteria,common_area,60,2026-07-31 23:30:00,0,0.0
ZN-05,Cafeteria,common_area,60,2026-07-31 23:45:00,0,0.0
ZN-05,Cafeteria,common_area,60,2026-08-01 00:00:00,2,3.3
ZN-05,Cafeteria,common_area,60,2026-08-01 00:15:00,0,0.0
ZN-05,Cafeteria,common_area,60,2026-08-01 00:30:00,10,16.7
ZN-05,Cafeteria,common_area,60,2026-08-01 00:45:00,4,6.7
ZN-05,Cafeteria,common_area,60,2026-08-01 01:00:00,2,3.3
ZN-05,Cafeteria,common_area,60,2026-08-01 01:15:00,0,0.0
ZN-05,Cafeteria,common_area,60,2026-08-01 01:30:00,8,13.3
ZN-05,Cafeteria,common_area,60,2026-08-01 01:45:00,9,15.0
ZN-05,Cafeteria,common_area,60,2026-08-01 02:00:00,17,28.3
ZN-05,Cafeteria,common_area,60,2026-08-01 02:15:00,0,0.0
ZN-05,Cafeteria,common_area,60,2026-08-01 02:30:00,0,0.0
ZN-05,Cafeteria,common_area,60,2026-08-01 02:45:00,0,0.0
ZN-05,Cafeteria,common_area,60,2026-08-01 03:00:00,9,15.0
ZN-05,Cafeteria,common_area,60,2026-08-01 03:15:00,0,0.0
ZN-05,Cafeteria,common_area,60,2026-08-01 03:30:00,0,0.0
ZN-05,Cafeteria,common_area,60,2026-08-01 03:45:00,0,0.0
ZN-05,Cafeteria,common_area,60,2026-08-01 04:00:00,15,25.0
ZN-05,Cafeteria,common_area,60,2026-08-01 04:15:00,2,3.3
ZN-05,Cafeteria,common_area,60,2026-08-01 04:30:00,0,0.0
ZN-05,Cafeteria,common_area,60,2026-08-01 04:45:00,1,1.7
ZN-05,Cafeteria,common_area,60,2026-08-01 05:00:00,0,0.0
ZN-05,Cafeteria,common_area,60,2026-08-01 05:15:00,0,0.0
ZN-05,Cafeteria,common_area,60,2026-08-01 05:30:00,5,8.3
ZN-05,Cafeteria,common_area,60,2026-08-01 05:45:00,1,1.7
ZN-05,Cafeteria,common_area,60,2026-08-01 06:00:00,0,0.0
ZN-05,Cafeteria,common_area,60,2026-08-01 06:15:00,0,0.0
ZN-05,Cafeteria,common_area,60,2026-08-01 06:30:00,0,0.0
ZN-05,Cafeteria,common_area,60,2026-08-01 06:45:00,0,0.0
ZN-05,Cafeteria,common_area,60,2026-08-01 07:00:00,3,5.0
ZN-05,Cafeteria,common_area,60,2026-08-01 07:15:00,16,26.7
ZN-05,Cafeteria,common_area,60,2026-08-01 07:30:00,6,10.0
ZN-05,Cafeteria,common_area,60,2026-08-01 07:45:00,0,0.0
ZN-05,Cafeteria,common_area,60,2026-08-01 08:00:00,0,0.0
ZN-05,Cafeteria,common_area,60,2026-08-01 08:15:00,0,0.0
ZN-05,Cafeteria,common_area,60,2026-08-01 08:30:00,0,0.0
ZN-05,Cafeteria,common_area,60,2026-08-01 08:45:00,0,0.0
ZN-05,Cafeteria,common_area,60,2026-08-01 09:00:00,6,10.0
ZN-05,Cafeteria,common_area,60,2026-08-01 09:15:00,12,20.0
ZN-05,Cafeteria,common_area,60,2026-08-01 09:30:00,0,0.0
ZN-05,Cafeteria,common_area,60,2026-08-01 09:45:00,9,15.0
ZN-05,Cafeteria,common_area,60,2026-08-01 10:00:00,1,1.7
ZN-05,Cafeteria,common_area,60,2026-08-01 10:15:00,5,8.3
ZN-05,Cafeteria,common_area,60,2026-08-01 10:30:00,0,0.0
ZN-05,Cafeteria,common_area,60,2026-08-01 10:45:00,0,0.0
ZN-05,Cafeteria,common_area,60,2026-08-01 11:00:00,0,0.0
ZN-05,Cafeteria,common_area,60,2026-08-01 11:15:00,0,0.0
ZN-05,Cafeteria,common_area,60,2026-08-01 11:30:00,0,0.0
ZN-05,Cafeteria,common_area,60,2026-08-01 11:45:00,0,0.0
ZN-05,Cafeteria,common_area,60,2026-08-01 12:00:00,7,11.7
ZN-05,Cafeteria,common_area,60,2026-08-01 12:15:00,1,1.7
ZN-05,Cafeteria,common_area,60,2026-08-01 12:30:00,5,8.3
ZN-05,Cafeteria,common_area,60,2026-08-01 12:45:00,13,21.7
ZN-05,Cafeteria,common_area,60,2026-08-01 13:00:00,17,28.3
ZN-05,Cafeteria,common_area,60,2026-08-01 13:15:00,7,11.7
ZN-05,Cafeteria,common_area,60,2026-08-01 13:30:00,8,13.3
ZN-05,Cafeteria,common_area,60,2026-08-01 13:45:00,7,11.7
ZN-05,Cafeteria,common_area,60,2026-08-01 14:00:00,0,0.0
ZN-05,Cafeteria,common_area,60,2026-08-01 14:15:00,0,0.0
ZN-05,Cafeteria,common_area,60,2026-08-01 14:30:00,3,5.0
ZN-05,Cafeteria,common_area,60,2026-08-01 14:45:00,5,8.3
ZN-05,Cafeteria,common_area,60,2026-08-01 15:00:00,10,16.7
ZN-05,Cafeteria,common_area,60,2026-08-01 15:15:00,12,20.0
ZN-05,Cafeteria,common_area,60,2026-08-01 15:30:00,0,0.0
ZN-05,Cafeteria,common_area,60,2026-08-01 15:45:00,0,0.0
ZN-05,Cafeteria,common_area,60,2026-08-01 16:00:00,0,0.0
ZN-05,Cafeteria,common_area,60,2026-08-01 16:15:00,1,1.7
ZN-05,Cafeteria,common_area,60,2026-08-01 16:30:00,0,0.0
ZN-05,Cafeteria,common_area,60,2026-08-01 16:45:00,1,1.7
ZN-05,Cafeteria,common_area,60,2026-08-01 17:00:00,0,0.0
ZN-05,Cafeteria,common_area,60,2026-08-01 17:15:00,0,0.0
ZN-05,Cafeteria,common_area,60,2026-08-01 17:30:00,10,16.7
ZN-05,Cafeteria,common_area,60,2026-08-01 17:45:00,8,13.3
ZN-05,Cafeteria,common_area,60,2026-08-01 18:00:00,0,0.0
ZN-05,Cafeteria,common_area,60,2026-08-01 18:15:00,2,3.3
ZN-05,Cafeteria,common_area,60,2026-08-01 18:30:00,0,0.0
ZN-05,Cafeteria,common_area,60,2026-08-01 18:45:00,8,13.3
ZN-05,Cafeteria,common_area,60,2026-08-01 19:00:00,0,0.0
ZN-05,Cafeteria,common_area,60,2026-08-01 19:15:00,0,0.0
ZN-05,Cafeteria,common_area,60,2026-08-01 19:30:00,0,0.0
ZN-05,Cafeteria,common_area,60,2026-08-01 19:45:00,5,8.3
ZN-05,Cafeteria,common_area,60,2026-08-01 20:00:00,0,0.0
ZN-05,Cafeteria,common_area,60,2026-08-01 20:15:00,3,5.0
ZN-05,Cafeteria,common_area,60,2026-08-01 20:30:00,12,20.0
ZN-05,Cafeteria,common_area,60,2026-08-01 20:45:00,4,6.7
ZN-05,Cafeteria,common_area,60,2026-08-01 21:00:00,0,0.0
ZN-05,Cafeteria,common_area,60,2026-08-01 21:15:00,2,3.3
ZN-05,Cafeteria,common_area,60,2026-08-01 21:30:00,0,0.0
ZN-05,Cafeteria,common_area,60,2026-08-01 21:45:00,0,0.0
ZN-05,Cafeteria,common_area,60,2026-08-01 22:00:00,0,0.0
ZN-05,Cafeteria,common_area,60,2026-08-01 22:15:00,4,6.7
ZN-05,Cafeteria,common_area,60,2026-08-01 22:30:00,0,0.0
ZN-05,Cafeteria,common_area,60,2026-08-01 22:45:00,1,1.7
ZN-05,Cafeteria,common_area,60,2026-08-01 23:00:00,0,0.0
ZN-05,Cafeteria,common_area,60,2026-08-01 23:15:00,10,16.7
ZN-05,Cafeteria,common_area,60,2026-08-01 23:30:00,0,0.0
ZN-05,Cafeteria,common_area,60,2026-08-01 23:45:00,0,0.0
ZN-05,Cafeteria,common_area,60,2026-08-02 00:00:00,0,0.0
ZN-05,Cafeteria,common_area,60,2026-08-02 00:15:00,7,11.7
ZN-05,Cafeteria,common_area,60,2026-08-02 00:30:00,7,11.7
ZN-05,Cafeteria,common_area,60,2026-08-02 00:45:00,0,0.0
ZN-05,Cafeteria,common_area,60,2026-08-02 01:00:00,2,3.3
ZN-05,Cafeteria,common_area,60,2026-08-02 01:15:00,4,6.7
ZN-05,Cafeteria,common_area,60,2026-08-02 01:30:00,0,0.0
ZN-05,Cafeteria,common_area,60,2026-08-02 01:45:00,8,13.3
ZN-05,Cafeteria,common_area,60,2026-08-02 02:00:00,5,8.3
ZN-05,Cafeteria,common_area,60,2026-08-02 02:15:00,0,0.0
ZN-05,Cafeteria,common_area,60,2026-08-02 02:30:00,0,0.0
ZN-05,Cafeteria,common_area,60,2026-08-02 02:45:00,2,3.3
ZN-05,Cafeteria,common_area,60,2026-08-02 03:00:00,6,10.0
ZN-05,Cafeteria,common_area,60,2026-08-02 03:15:00,0,0.0
ZN-05,Cafeteria,common_area,60,2026-08-02 03:30:00,6,10.0
ZN-05,Cafeteria,common_area,60,2026-08-02 03:45:00,2,3.3
ZN-05,Cafeteria,common_area,60,2026-08-02 04:00:00,1,1.7
ZN-05,Cafeteria,common_area,60,2026-08-02 04:15:00,1,1.7
ZN-05,Cafeteria,common_area,60,2026-08-02 04:30:00,1,1.7
ZN-05,Cafeteria,common_area,60,2026-08-02 04:45:00,1,1.7
ZN-05,Cafeteria,common_area,60,2026-08-02 05:00:00,11,18.3
ZN-05,Cafeteria,common_area,60,2026-08-02 05:15:00,4,6.7
ZN-05,Cafeteria,common_area,60,2026-08-02 05:30:00,3,5.0
ZN-05,Cafeteria,common_area,60,2026-08-02 05:45:00,11,18.3
ZN-05,Cafeteria,common_area,60,2026-08-02 06:00:00,0,0.0
ZN-05,Cafeteria,common_area,60,2026-08-02 06:15:00,0,0.0
ZN-05,Cafeteria,common_area,60,2026-08-02 06:30:00,7,11.7
ZN-05,Cafeteria,common_area,60,2026-08-02 06:45:00,4,6.7
ZN-05,Cafeteria,common_area,60,2026-08-02 07:00:00,0,0.0
ZN-05,Cafeteria,common_area,60,2026-08-02 07:15:00,3,5.0
ZN-05,Cafeteria,common_area,60,2026-08-02 07:30:00,0,0.0
ZN-05,Cafeteria,common_area,60,2026-08-02 07:45:00,6,10.0
ZN-05,Cafeteria,common_area,60,2026-08-02 08:00:00,6,10.0
ZN-05,Cafeteria,common_area,60,2026-08-02 08:15:00,4,6.7
ZN-05,Cafeteria,common_area,60,2026-08-02 08:30:00,0,0.0
ZN-05,Cafeteria,common_area,60,2026-08-02 08:45:00,0,0.0
ZN-05,Cafeteria,common_area,60,2026-08-02 09:00:00,4,6.7
ZN-05,Cafeteria,common_area,60,2026-08-02 09:15:00,0,0.0
ZN-05,Cafeteria,common_area,60,2026-08-02 09:30:00,10,16.7
ZN-05,Cafeteria,common_area,60,2026-08-02 09:45:00,8,13.3
ZN-05,Cafeteria,common_area,60,2026-08-02 10:00:00,0,0.0
ZN-05,Cafeteria,common_area,60,2026-08-02 10:15:00,2,3.3
ZN-05,Cafeteria,common_area,60,2026-08-02 10:30:00,2,3.3
ZN-05,Cafeteria,common_area,60,2026-08-02 10:45:00,0,0.0
ZN-05,Cafeteria,common_area,60,2026-08-02 11:00:00,0,0.0
ZN-05,Cafeteria,common_area,60,2026-08-02 11:15:00,14,23.3
ZN-05,Cafeteria,common_area,60,2026-08-02 11:30:00,0,0.0
ZN-05,Cafeteria,common_area,60,2026-08-02 11:45:00,3,5.0
ZN-05,Cafeteria,common_area,60,2026-08-02 12:00:00,2,3.3
ZN-05,Cafeteria,common_area,60,2026-08-02 12:15:00,0,0.0
ZN-05,Cafeteria,common_area,60,2026-08-02 12:30:00,12,20.0
ZN-05,Cafeteria,common_area,60,2026-08-02 12:45:00,3,5.0
ZN-05,Cafeteria,common_area,60,2026-08-02 13:00:00,22,36.7
ZN-05,Cafeteria,common_area,60,2026-08-02 13:15:00,5,8.3
ZN-05,Cafeteria,common_area,60,2026-08-02 13:30:00,17,28.3
ZN-05,Cafeteria,common_area,60,2026-08-02 13:45:00,0,0.0
ZN-05,Cafeteria,common_area,60,2026-08-02 14:00:00,0,0.0
ZN-05,Cafeteria,common_area,60,2026-08-02 14:15:00,2,3.3
ZN-05,Cafeteria,common_area,60,2026-08-02 14:30:00,10,16.7
ZN-05,Cafeteria,common_area,60,2026-08-02 14:45:00,0,0.0
ZN-05,Cafeteria,common_area,60,2026-08-02 15:00:00,0,0.0
ZN-05,Cafeteria,common_area,60,2026-08-02 15:15:00,0,0.0
ZN-05,Cafeteria,common_area,60,2026-08-02 15:30:00,0,0.0
ZN-05,Cafeteria,common_area,60,2026-08-02 15:45:00,2,3.3
ZN-05,Cafeteria,common_area,60,2026-08-02 16:00:00,0,0.0
ZN-05,Cafeteria,common_area,60,2026-08-02 16:15:00,0,0.0
ZN-05,Cafeteria,common_area,60,2026-08-02 16:30:00,0,0.0
ZN-05,Cafeteria,common_area,60,2026-08-02 16:45:00,0,0.0
ZN-05,Cafeteria,common_area,60,2026-08-02 17:00:00,7,11.7
ZN-05,Cafeteria,common_area,60,2026-08-02 17:15:00,0,0.0
ZN-05,Cafeteria,common_area,60,2026-08-02 17:30:00,1,1.7
ZN-05,Cafeteria,common_area,60,2026-08-02 17:45:00,0,0.0
ZN-05,Cafeteria,common_area,60,2026-08-02 18:00:00,11,18.3
ZN-05,Cafeteria,common_area,60,2026-08-02 18:15:00,1,1.7
ZN-05,Cafeteria,common_area,60,2026-08-02 18:30:00,0,0.0
ZN-05,Cafeteria,common_area,60,2026-08-02 18:45:00,0,0.0
ZN-05,Cafeteria,common_area,60,2026-08-02 19:00:00,9,15.0
ZN-05,Cafeteria,common_area,60,2026-08-02 19:15:00,0,0.0
ZN-05,Cafeteria,common_area,60,2026-08-02 19:30:00,5,8.3
ZN-05,Cafeteria,common_area,60,2026-08-02 19:45:00,3,5.0
ZN-05,Cafeteria,common_area,60,2026-08-02 20:00:00,0,0.0
ZN-05,Cafeteria,common_area,60,2026-08-02 20:15:00,1,1.7
ZN-05,Cafeteria,common_area,60,2026-08-02 20:30:00,6,10.0
ZN-05,Cafeteria,common_area,60,2026-08-02 20:45:00,3,5.0
ZN-05,Cafeteria,common_area,60,2026-08-02 21:00:00,7,11.7
ZN-05,Cafeteria,common_area,60,2026-08-02 21:15:00,0,0.0
ZN-05,Cafeteria,common_area,60,2026-08-02 21:30:00,0,0.0
ZN-05,Cafeteria,common_area,60,2026-08-02 21:45:00,0,0.0
ZN-05,Cafeteria,common_area,60,2026-08-02 22:00:00,0,0.0
ZN-05,Cafeteria,common_area,60,2026-08-02 22:15:00,0,0.0
ZN-05,Cafeteria,common_area,60,2026-08-02 22:30:00,13,21.7
ZN-05,Cafeteria,common_area,60,2026-08-02 22:45:00,11,18.3
ZN-05,Cafeteria,common_area,60,2026-08-02 23:00:00,4,6.7
ZN-05,Cafeteria,common_area,60,2026-08-02 23:15:00,0,0.0
ZN-05,Cafeteria,common_area,60,2026-08-02 23:30:00,0,0.0
ZN-05,Cafeteria,common_area,60,2026-08-02 23:45:00,11,18.3
ZN-05,Cafeteria,common_area,60,2026-08-03 00:00:00,7,11.7
ZN-05,Cafeteria,common_area,60,2026-08-03 00:15:00,0,0.0
ZN-05,Cafeteria,common_area,60,2026-08-03 00:30:00,4,6.7
ZN-05,Cafeteria,common_area,60,2026-08-03 00:45:00,0,0.0
ZN-05,Cafeteria,common_area,60,2026-08-03 01:00:00,0,0.0
ZN-05,Cafeteria,common_area,60,2026-08-03 01:15:00,0,0.0
ZN-05,Cafeteria,common_area,60,2026-08-03 01:30:00,4,6.7
ZN-05,Cafeteria,common_area,60,2026-08-03 01:45:00,1,1.7
ZN-05,Cafeteria,common_area,60,2026-08-03 02:00:00,0,0.0
ZN-05,Cafeteria,common_area,60,2026-08-03 02:15:00,6,10.0
ZN-05,Cafeteria,common_area,60,2026-08-03 02:30:00,0,0.0
ZN-05,Cafeteria,common_area,60,2026-08-03 02:45:00,0,0.0
ZN-05,Cafeteria,common_area,60,2026-08-03 03:00:00,0,0.0
ZN-05,Cafeteria,common_area,60,2026-08-03 03:15:00,4,6.7
ZN-05,Cafeteria,common_area,60,2026-08-03 03:30:00,0,0.0
ZN-05,Cafeteria,common_area,60,2026-08-03 03:45:00,0,0.0
ZN-05,Cafeteria,common_area,60,2026-08-03 04:00:00,0,0.0
ZN-05,Cafeteria,common_area,60,2026-08-03 04:15:00,0,0.0
ZN-05,Cafeteria,common_area,60,2026-08-03 04:30:00,8,13.3
ZN-05,Cafeteria,common_area,60,2026-08-03 04:45:00,0,0.0
ZN-05,Cafeteria,common_area,60,2026-08-03 05:00:00,5,8.3
ZN-05,Cafeteria,common_area,60,2026-08-03 05:15:00,0,0.0
ZN-05,Cafeteria,common_area,60,2026-08-03 05:30:00,6,10.0
ZN-05,Cafeteria,common_area,60,2026-08-03 05:45:00,22,36.7
ZN-05,Cafeteria,common_area,60,2026-08-03 06:00:00,48,80.0
ZN-05,Cafeteria,common_area,60,2026-08-03 06:15:00,60,100.0
ZN-05,Cafeteria,common_area,60,2026-08-03 06:30:00,56,93.3
ZN-05,Cafeteria,common_area,60,2026-08-03 06:45:00,60,100.0
ZN-05,Cafeteria,common_area,60,2026-08-03 07:00:00,60,100.0
ZN-05,Cafeteria,common_area,60,2026-08-03 07:15:00,60,100.0
ZN-05,Cafeteria,common_area,60,2026-08-03 07:30:00,55,91.7
ZN-05,Cafeteria,common_area,60,2026-08-03 07:45:00,58,96.7
ZN-05,Cafeteria,common_area,60,2026-08-03 08:00:00,49,81.7
ZN-05,Cafeteria,common_area,60,2026-08-03 08:15:00,53,88.3
ZN-05,Cafeteria,common_area,60,2026-08-03 08:30:00,59,98.3
ZN-05,Cafeteria,common_area,60,2026-08-03 08:45:00,53,88.3
ZN-05,Cafeteria,common_area,60,2026-08-03 09:00:00,38,63.3
ZN-05,Cafeteria,common_area,60,2026-08-03 09:15:00,49,81.7
ZN-05,Cafeteria,common_area,60,2026-08-03 09:30:00,53,88.3
ZN-05,Cafeteria,common_area,60,2026-08-03 09:45:00,45,75.0
ZN-05,Cafeteria,common_area,60,2026-08-03 10:00:00,42,70.0
ZN-05,Cafeteria,common_area,60,2026-08-03 10:15:00,47,78.3
ZN-05,Cafeteria,common_area,60,2026-08-03 10:30:00,23,38.3
ZN-05,Cafeteria,common_area,60,2026-08-03 10:45:00,19,31.7
ZN-05,Cafeteria,common_area,60,2026-08-03 11:00:00,46,76.7
ZN-05,Cafeteria,common_area,60,2026-08-03 11:15:00,52,86.7
ZN-05,Cafeteria,common_area,60,2026-08-03 11:30:00,40,66.7
ZN-05,Cafeteria,common_area,60,2026-08-03 11:45:00,49,81.7
ZN-05,Cafeteria,common_area,60,2026-08-03 12:00:00,56,93.3
ZN-05,Cafeteria,common_area,60,2026-08-03 12:15:00,60,100.0
ZN-05,Cafeteria,common_area,60,2026-08-03 12:30:00,60,100.0
ZN-05,Cafeteria,common_area,60,2026-08-03 12:45:00,60,100.0
ZN-05,Cafeteria,common_area,60,2026-08-03 13:00:00,60,100.0
ZN-05,Cafeteria,common_area,60,2026-08-03 13:15:00,60,100.0
ZN-05,Cafeteria,common_area,60,2026-08-03 13:30:00,55,91.7
ZN-05,Cafeteria,common_area,60,2026-08-03 13:45:00,52,86.7
ZN-05,Cafeteria,common_area,60,2026-08-03 14:00:00,60,100.0
ZN-05,Cafeteria,common_area,60,2026-08-03 14:15:00,54,90.0
ZN-05,Cafeteria,common_area,60,2026-08-03 14:30:00,56,93.3
ZN-05,Cafeteria,common_area,60,2026-08-03 14:45:00,57,95.0
ZN-05,Cafeteria,common_area,60,2026-08-03 15:00:00,45,75.0
ZN-05,Cafeteria,common_area,60,2026-08-03 15:15:00,18,30.0
ZN-05,Cafeteria,common_area,60,2026-08-03 15:30:00,24,40.0
ZN-05,Cafeteria,common_area,60,2026-08-03 15:45:00,21,35.0
ZN-05,Cafeteria,common_area,60,2026-08-03 16:00:00,11,18.3
ZN-05,Cafeteria,common_area,60,2026-08-03 16:15:00,7,11.7
ZN-05,Cafeteria,common_area,60,2026-08-03 16:30:00,0,0.0
ZN-05,Cafeteria,common_area,60,2026-08-03 16:45:00,7,11.7
ZN-05,Cafeteria,common_area,60,2026-08-03 17:00:00,0,0.0
ZN-05,Cafeteria,common_area,60,2026-08-03 17:15:00,0,0.0
ZN-05,Cafeteria,common_area,60,2026-08-03 17:30:00,2,3.3
ZN-05,Cafeteria,common_area,60,2026-08-03 17:45:00,0,0.0
ZN-05,Cafeteria,common_area,60,2026-08-03 18:00:00,3,5.0
ZN-05,Cafeteria,common_area,60,2026-08-03 18:15:00,0,0.0
ZN-05,Cafeteria,common_area,60,2026-08-03 18:30:00,0,0.0
ZN-05,Cafeteria,common_area,60,2026-08-03 18:45:00,4,6.7
ZN-05,Cafeteria,common_area,60,2026-08-03 19:00:00,8,13.3
ZN-05,Cafeteria,common_area,60,2026-08-03 19:15:00,3,5.0
ZN-05,Cafeteria,common_area,60,2026-08-03 19:30:00,0,0.0
ZN-05,Cafeteria,common_area,60,2026-08-03 19:45:00,8,13.3
ZN-05,Cafeteria,common_area,60,2026-08-03 20:00:00,0,0.0
ZN-05,Cafeteria,common_area,60,2026-08-03 20:15:00,0,0.0
ZN-05,Cafeteria,common_area,60,2026-08-03 20:30:00,0,0.0
ZN-05,Cafeteria,common_area,60,2026-08-03 20:45:00,0,0.0
ZN-05,Cafeteria,common_area,60,2026-08-03 21:00:00,0,0.0
ZN-05,Cafeteria,common_area,60,2026-08-03 21:15:00,0,0.0
ZN-05,Cafeteria,common_area,60,2026-08-03 21:30:00,4,6.7
ZN-05,Cafeteria,common_area,60,2026-08-03 21:45:00,0,0.0
ZN-05,Cafeteria,common_area,60,2026-08-03 22:00:00,4,6.7
ZN-05,Cafeteria,common_area,60,2026-08-03 22:15:00,2,3.3
ZN-05,Cafeteria,common_area,60,2026-08-03 22:30:00,7,11.7
ZN-05,Cafeteria,common_area,60,2026-08-03 22:45:00,0,0.0
ZN-05,Cafeteria,common_area,60,2026-08-03 23:00:00,0,0.0
ZN-05,Cafeteria,common_area,60,2026-08-03 23:15:00,12,20.0
ZN-05,Cafeteria,common_area,60,2026-08-03 23:30:00,4,6.7
ZN-05,Cafeteria,common_area,60,2026-08-03 23:45:00,4,6.7
ZN-05,Cafeteria,common_area,60,2026-08-04 00:00:00,0,0.0
ZN-05,Cafeteria,common_area,60,2026-08-04 00:15:00,0,0.0
ZN-05,Cafeteria,common_area,60,2026-08-04 00:30:00,0,0.0
ZN-05,Cafeteria,common_area,60,2026-08-04 00:45:00,0,0.0
ZN-05,Cafeteria,common_area,60,2026-08-04 01:00:00,0,0.0
ZN-05,Cafeteria,common_area,60,2026-08-04 01:15:00,0,0.0
ZN-05,Cafeteria,common_area,60,2026-08-04 01:30:00,0,0.0
ZN-05,Cafeteria,common_area,60,2026-08-04 01:45:00,0,0.0
ZN-05,Cafeteria,common_area,60,2026-08-04 02:00:00,13,21.7
ZN-05,Cafeteria,common_area,60,2026-08-04 02:15:00,0,0.0
ZN-05,Cafeteria,common_area,60,2026-08-04 02:30:00,9,15.0
ZN-05,Cafeteria,common_area,60,2026-08-04 02:45:00,0,0.0
ZN-05,Cafeteria,common_area,60,2026-08-04 03:00:00,0,0.0
ZN-05,Cafeteria,common_area,60,2026-08-04 03:15:00,4,6.7
ZN-05,Cafeteria,common_area,60,2026-08-04 03:30:00,7,11.7
ZN-05,Cafeteria,common_area,60,2026-08-04 03:45:00,8,13.3
ZN-05,Cafeteria,common_area,60,2026-08-04 04:00:00,0,0.0
ZN-05,Cafeteria,common_area,60,2026-08-04 04:15:00,0,0.0
ZN-05,Cafeteria,common_area,60,2026-08-04 04:30:00,5,8.3
ZN-05,Cafeteria,common_area,60,2026-08-04 04:45:00,5,8.3
ZN-05,Cafeteria,common_area,60,2026-08-04 05:00:00,3,5.0
ZN-05,Cafeteria,common_area,60,2026-08-04 05:15:00,7,11.7
ZN-05,Cafeteria,common_area,60,2026-08-04 05:30:00,3,5.0
ZN-05,Cafeteria,common_area,60,2026-08-04 05:45:00,18,30.0
ZN-05,Cafeteria,common_area,60,2026-08-04 06:00:00,47,78.3
ZN-05,Cafeteria,common_area,60,2026-08-04 06:15:00,59,98.3
ZN-05,Cafeteria,common_area,60,2026-08-04 06:30:00,58,96.7
ZN-05,Cafeteria,common_area,60,2026-08-04 06:45:00,58,96.7
ZN-05,Cafeteria,common_area,60,2026-08-04 07:00:00,60,100.0
ZN-05,Cafeteria,common_area,60,2026-08-04 07:15:00,60,100.0
ZN-05,Cafeteria,common_area,60,2026-08-04 07:30:00,47,78.3
ZN-05,Cafeteria,common_area,60,2026-08-04 07:45:00,54,90.0
ZN-05,Cafeteria,common_area,60,2026-08-04 08:00:00,60,100.0
ZN-05,Cafeteria,common_area,60,2026-08-04 08:15:00,56,93.3
ZN-05,Cafeteria,common_area,60,2026-08-04 08:30:00,60,100.0
ZN-05,Cafeteria,common_area,60,2026-08-04 08:45:00,60,100.0
ZN-05,Cafeteria,common_area,60,2026-08-04 09:00:00,45,75.0
ZN-05,Cafeteria,common_area,60,2026-08-04 09:15:00,55,91.7
ZN-05,Cafeteria,common_area,60,2026-08-04 09:30:00,58,96.7
ZN-05,Cafeteria,common_area,60,2026-08-04 09:45:00,53,88.3
ZN-05,Cafeteria,common_area,60,2026-08-04 10:00:00,48,80.0
ZN-05,Cafeteria,common_area,60,2026-08-04 10:15:00,30,50.0
ZN-05,Cafeteria,common_area,60,2026-08-04 10:30:00,11,18.3
ZN-05,Cafeteria,common_area,60,2026-08-04 10:45:00,16,26.7
ZN-05,Cafeteria,common_area,60,2026-08-04 11:00:00,60,100.0
ZN-05,Cafeteria,common_area,60,2026-08-04 11:15:00,51,85.0
ZN-05,Cafeteria,common_area,60,2026-08-04 11:30:00,55,91.7
ZN-05,Cafeteria,common_area,60,2026-08-04 11:45:00,57,95.0
ZN-05,Cafeteria,common_area,60,2026-08-04 12:00:00,54,90.0
ZN-05,Cafeteria,common_area,60,2026-08-04 12:15:00,53,88.3
ZN-05,Cafeteria,common_area,60,2026-08-04 12:30:00,55,91.7
ZN-05,Cafeteria,common_area,60,2026-08-04 12:45:00,60,100.0
ZN-05,Cafeteria,common_area,60,2026-08-04 13:00:00,60,100.0
ZN-05,Cafeteria,common_area,60,2026-08-04 13:15:00,53,88.3
ZN-05,Cafeteria,common_area,60,2026-08-04 13:30:00,60,100.0
ZN-05,Cafeteria,common_area,60,2026-08-04 13:45:00,56,93.3
ZN-05,Cafeteria,common_area,60,2026-08-04 14:00:00,58,96.7
ZN-05,Cafeteria,common_area,60,2026-08-04 14:15:00,58,96.7
ZN-05,Cafeteria,common_area,60,2026-08-04 14:30:00,55,91.7
ZN-05,Cafeteria,common_area,60,2026-08-04 14:45:00,56,93.3
ZN-05,Cafeteria,common_area,60,2026-08-04 15:00:00,50,83.3
ZN-05,Cafeteria,common_area,60,2026-08-04 15:15:00,18,30.0
ZN-05,Cafeteria,common_area,60,2026-08-04 15:30:00,18,30.0
ZN-05,Cafeteria,common_area,60,2026-08-04 15:45:00,16,26.7
ZN-05,Cafeteria,common_area,60,2026-08-04 16:00:00,14,23.3
ZN-05,Cafeteria,common_area,60,2026-08-04 16:15:00,3,5.0
ZN-05,Cafeteria,common_area,60,2026-08-04 16:30:00,8,13.3
ZN-05,Cafeteria,common_area,60,2026-08-04 16:45:00,0,0.0
ZN-05,Cafeteria,common_area,60,2026-08-04 17:00:00,5,8.3
ZN-05,Cafeteria,common_area,60,2026-08-04 17:15:00,8,13.3
ZN-05,Cafeteria,common_area,60,2026-08-04 17:30:00,0,0.0
ZN-05,Cafeteria,common_area,60,2026-08-04 17:45:00,0,0.0
ZN-05,Cafeteria,common_area,60,2026-08-04 18:00:00,7,11.7
ZN-05,Cafeteria,common_area,60,2026-08-04 18:15:00,0,0.0
ZN-05,Cafeteria,common_area,60,2026-08-04 18:30:00,8,13.3
ZN-05,Cafeteria,common_area,60,2026-08-04 18:45:00,8,13.3
ZN-05,Cafeteria,common_area,60,2026-08-04 19:00:00,4,6.7
ZN-05,Cafeteria,common_area,60,2026-08-04 19:15:00,0,0.0
ZN-05,Cafeteria,common_area,60,2026-08-04 19:30:00,0,0.0
ZN-05,Cafeteria,common_area,60,2026-08-04 19:45:00,4,6.7
ZN-05,Cafeteria,common_area,60,2026-08-04 20:00:00,4,6.7
ZN-05,Cafeteria,common_area,60,2026-08-04 20:15:00,0,0.0
ZN-05,Cafeteria,common_area,60,2026-08-04 20:30:00,3,5.0
ZN-05,Cafeteria,common_area,60,2026-08-04 20:45:00,0,0.0
ZN-05,Cafeteria,common_area,60,2026-08-04 21:00:00,3,5.0
ZN-05,Cafeteria,common_area,60,2026-08-04 21:15:00,0,0.0
ZN-05,Cafeteria,common_area,60,2026-08-04 21:30:00,0,0.0
ZN-05,Cafeteria,common_area,60,2026-08-04 21:45:00,0,0.0
ZN-05,Cafeteria,common_area,60,2026-08-04 22:00:00,3,5.0
ZN-05,Cafeteria,common_area,60,2026-08-04 22:15:00,0,0.0
ZN-05,Cafeteria,common_area,60,2026-08-04 22:30:00,6,10.0
ZN-05,Cafeteria,common_area,60,2026-08-04 22:45:00,0,0.0
ZN-05,Cafeteria,common_area,60,2026-08-04 23:00:00,7,11.7
ZN-05,Cafeteria,common_area,60,2026-08-04 23:15:00,7,11.7
ZN-05,Cafeteria,common_area,60,2026-08-04 23:30:00,4,6.7
ZN-05,Cafeteria,common_area,60,2026-08-04 23:45:00,0,0.0
ZN-05,Cafeteria,common_area,60,2026-08-05 00:00:00,6,10.0
ZN-05,Cafeteria,common_area,60,2026-08-05 00:15:00,1,1.7
ZN-05,Cafeteria,common_area,60,2026-08-05 00:30:00,2,3.3
ZN-05,Cafeteria,common_area,60,2026-08-05 00:45:00,3,5.0
ZN-05,Cafeteria,common_area,60,2026-08-05 01:00:00,0,0.0
ZN-05,Cafeteria,common_area,60,2026-08-05 01:15:00,8,13.3
ZN-05,Cafeteria,common_area,60,2026-08-05 01:30:00,3,5.0
ZN-05,Cafeteria,common_area,60,2026-08-05 01:45:00,0,0.0
ZN-05,Cafeteria,common_area,60,2026-08-05 02:00:00,8,13.3
ZN-05,Cafeteria,common_area,60,2026-08-05 02:15:00,4,6.7
ZN-05,Cafeteria,common_area,60,2026-08-05 02:30:00,3,5.0
ZN-05,Cafeteria,common_area,60,2026-08-05 02:45:00,5,8.3
ZN-05,Cafeteria,common_area,60,2026-08-05 03:00:00,0,0.0
ZN-05,Cafeteria,common_area,60,2026-08-05 03:15:00,6,10.0
ZN-05,Cafeteria,common_area,60,2026-08-05 03:30:00,4,6.7
ZN-05,Cafeteria,common_area,60,2026-08-05 03:45:00,0,0.0
ZN-05,Cafeteria,common_area,60,2026-08-05 04:00:00,0,0.0
ZN-05,Cafeteria,common_area,60,2026-08-05 04:15:00,0,0.0
ZN-05,Cafeteria,common_area,60,2026-08-05 04:30:00,2,3.3
ZN-05,Cafeteria,common_area,60,2026-08-05 04:45:00,2,3.3
ZN-05,Cafeteria,common_area,60,2026-08-05 05:00:00,0,0.0
ZN-05,Cafeteria,common_area,60,2026-08-05 05:15:00,5,8.3
ZN-05,Cafeteria,common_area,60,2026-08-05 05:30:00,10,16.7
ZN-05,Cafeteria,common_area,60,2026-08-05 05:45:00,39,65.0
ZN-05,Cafeteria,common_area,60,2026-08-05 06:00:00,42,70.0
ZN-05,Cafeteria,common_area,60,2026-08-05 06:15:00,54,90.0
ZN-05,Cafeteria,common_area,60,2026-08-05 06:30:00,50,83.3
ZN-05,Cafeteria,common_area,60,2026-08-05 06:45:00,60,100.0
ZN-05,Cafeteria,common_area,60,2026-08-05 07:00:00,60,100.0
ZN-05,Cafeteria,common_area,60,2026-08-05 07:15:00,60,100.0
ZN-05,Cafeteria,common_area,60,2026-08-05 07:30:00,48,80.0
ZN-05,Cafeteria,common_area,60,2026-08-05 07:45:00,50,83.3
ZN-05,Cafeteria,common_area,60,2026-08-05 08:00:00,55,91.7
ZN-05,Cafeteria,common_area,60,2026-08-05 08:15:00,60,100.0
ZN-05,Cafeteria,common_area,60,2026-08-05 08:30:00,56,93.3
ZN-05,Cafeteria,common_area,60,2026-08-05 08:45:00,51,85.0
ZN-05,Cafeteria,common_area,60,2026-08-05 09:00:00,51,85.0
ZN-05,Cafeteria,common_area,60,2026-08-05 09:15:00,60,100.0
ZN-05,Cafeteria,common_area,60,2026-08-05 09:30:00,54,90.0
ZN-05,Cafeteria,common_area,60,2026-08-05 09:45:00,40,66.7
ZN-05,Cafeteria,common_area,60,2026-08-05 10:00:00,54,90.0
ZN-05,Cafeteria,common_area,60,2026-08-05 10:15:00,34,56.7
ZN-05,Cafeteria,common_area,60,2026-08-05 10:30:00,22,36.7
ZN-05,Cafeteria,common_area,60,2026-08-05 10:45:00,21,35.0
ZN-05,Cafeteria,common_area,60,2026-08-05 11:00:00,53,88.3
ZN-05,Cafeteria,common_area,60,2026-08-05 11:15:00,57,95.0
ZN-05,Cafeteria,common_area,60,2026-08-05 11:30:00,52,86.7
ZN-05,Cafeteria,common_area,60,2026-08-05 11:45:00,43,71.7
ZN-05,Cafeteria,common_area,60,2026-08-05 12:00:00,60,100.0
ZN-05,Cafeteria,common_area,60,2026-08-05 12:15:00,60,100.0
ZN-05,Cafeteria,common_area,60,2026-08-05 12:30:00,60,100.0
ZN-05,Cafeteria,common_area,60,2026-08-05 12:45:00,58,96.7
ZN-05,Cafeteria,common_area,60,2026-08-05 13:00:00,60,100.0
ZN-05,Cafeteria,common_area,60,2026-08-05 13:15:00,59,98.3
ZN-05,Cafeteria,common_area,60,2026-08-05 13:30:00,60,100.0
ZN-05,Cafeteria,common_area,60,2026-08-05 13:45:00,60,100.0
ZN-05,Cafeteria,common_area,60,2026-08-05 14:00:00,60,100.0
ZN-05,Cafeteria,common_area,60,2026-08-05 14:15:00,60,100.0
ZN-05,Cafeteria,common_area,60,2026-08-05 14:30:00,59,98.3
ZN-05,Cafeteria,common_area,60,2026-08-05 14:45:00,54,90.0
ZN-05,Cafeteria,common_area,60,2026-08-05 15:00:00,45,75.0
ZN-05,Cafeteria,common_area,60,2026-08-05 15:15:00,32,53.3
ZN-05,Cafeteria,common_area,60,2026-08-05 15:30:00,13,21.7
ZN-05,Cafeteria,common_area,60,2026-08-05 15:45:00,14,23.3
ZN-05,Cafeteria,common_area,60,2026-08-05 16:00:00,22,36.7
ZN-05,Cafeteria,common_area,60,2026-08-05 16:15:00,15,25.0
ZN-05,Cafeteria,common_area,60,2026-08-05 16:30:00,0,0.0
ZN-05,Cafeteria,common_area,60,2026-08-05 16:45:00,4,6.7
ZN-05,Cafeteria,common_area,60,2026-08-05 17:00:00,13,21.7
ZN-05,Cafeteria,common_area,60,2026-08-05 17:15:00,0,0.0
ZN-05,Cafeteria,common_area,60,2026-08-05 17:30:00,0,0.0
ZN-05,Cafeteria,common_area,60,2026-08-05 17:45:00,10,16.7
ZN-05,Cafeteria,common_area,60,2026-08-05 18:00:00,0,0.0
ZN-05,Cafeteria,common_area,60,2026-08-05 18:15:00,0,0.0
ZN-05,Cafeteria,common_area,60,2026-08-05 18:30:00,9,15.0
ZN-05,Cafeteria,common_area,60,2026-08-05 18:45:00,0,0.0
ZN-05,Cafeteria,common_area,60,2026-08-05 19:00:00,0,0.0
ZN-05,Cafeteria,common_area,60,2026-08-05 19:15:00,0,0.0
ZN-05,Cafeteria,common_area,60,2026-08-05 19:30:00,5,8.3
ZN-05,Cafeteria,common_area,60,2026-08-05 19:45:00,6,10.0
ZN-05,Cafeteria,common_area,60,2026-08-05 20:00:00,1,1.7
ZN-05,Cafeteria,common_area,60,2026-08-05 20:15:00,2,3.3
ZN-05,Cafeteria,common_area,60,2026-08-05 20:30:00,0,0.0
ZN-05,Cafeteria,common_area,60,2026-08-05 20:45:00,1,1.7
ZN-05,Cafeteria,common_area,60,2026-08-05 21:00:00,7,11.7
ZN-05,Cafeteria,common_area,60,2026-08-05 21:15:00,0,0.0
ZN-05,Cafeteria,common_area,60,2026-08-05 21:30:00,2,3.3
ZN-05,Cafeteria,common_area,60,2026-08-05 21:45:00,9,15.0
ZN-05,Cafeteria,common_area,60,2026-08-05 22:00:00,9,15.0
ZN-05,Cafeteria,common_area,60,2026-08-05 22:15:00,2,3.3
ZN-05,Cafeteria,common_area,60,2026-08-05 22:30:00,0,0.0
ZN-05,Cafeteria,common_area,60,2026-08-05 22:45:00,8,13.3
ZN-05,Cafeteria,common_area,60,2026-08-05 23:00:00,0,0.0
ZN-05,Cafeteria,common_area,60,2026-08-05 23:15:00,0,0.0
ZN-05,Cafeteria,common_area,60,2026-08-05 23:30:00,1,1.7
ZN-05,Cafeteria,common_area,60,2026-08-05 23:45:00,0,0.0
ZN-05,Cafeteria,common_area,60,2026-08-06 00:00:00,0,0.0
ZN-05,Cafeteria,common_area,60,2026-08-06 00:15:00,0,0.0
ZN-05,Cafeteria,common_area,60,2026-08-06 00:30:00,0,0.0
ZN-05,Cafeteria,common_area,60,2026-08-06 00:45:00,0,0.0
ZN-05,Cafeteria,common_area,60,2026-08-06 01:00:00,0,0.0
ZN-05,Cafeteria,common_area,60,2026-08-06 01:15:00,0,0.0
ZN-05,Cafeteria,common_area,60,2026-08-06 01:30:00,0,0.0
ZN-05,Cafeteria,common_area,60,2026-08-06 01:45:00,7,11.7
ZN-05,Cafeteria,common_area,60,2026-08-06 02:00:00,3,5.0
ZN-05,Cafeteria,common_area,60,2026-08-06 02:15:00,0,0.0
ZN-05,Cafeteria,common_area,60,2026-08-06 02:30:00,4,6.7
ZN-05,Cafeteria,common_area,60,2026-08-06 02:45:00,0,0.0
ZN-05,Cafeteria,common_area,60,2026-08-06 03:00:00,7,11.7
ZN-05,Cafeteria,common_area,60,2026-08-06 03:15:00,0,0.0
ZN-05,Cafeteria,common_area,60,2026-08-06 03:30:00,8,13.3
ZN-05,Cafeteria,common_area,60,2026-08-06 03:45:00,0,0.0
ZN-05,Cafeteria,common_area,60,2026-08-06 04:00:00,0,0.0
ZN-05,Cafeteria,common_area,60,2026-08-06 04:15:00,0,0.0
ZN-05,Cafeteria,common_area,60,2026-08-06 04:30:00,0,0.0
ZN-05,Cafeteria,common_area,60,2026-08-06 04:45:00,7,11.7
ZN-05,Cafeteria,common_area,60,2026-08-06 05:00:00,0,0.0
ZN-05,Cafeteria,common_area,60,2026-08-06 05:15:00,0,0.0
ZN-05,Cafeteria,common_area,60,2026-08-06 05:30:00,8,13.3
ZN-05,Cafeteria,common_area,60,2026-08-06 05:45:00,25,41.7
ZN-05,Cafeteria,common_area,60,2026-08-06 06:00:00,55,91.7
ZN-05,Cafeteria,common_area,60,2026-08-06 06:15:00,54,90.0
ZN-05,Cafeteria,common_area,60,2026-08-06 06:30:00,60,100.0
ZN-05,Cafeteria,common_area,60,2026-08-06 06:45:00,52,86.7
ZN-05,Cafeteria,common_area,60,2026-08-06 07:00:00,59,98.3
ZN-05,Cafeteria,common_area,60,2026-08-06 07:15:00,56,93.3
ZN-05,Cafeteria,common_area,60,2026-08-06 07:30:00,60,100.0
ZN-05,Cafeteria,common_area,60,2026-08-06 07:45:00,57,95.0
ZN-05,Cafeteria,common_area,60,2026-08-06 08:00:00,49,81.7
ZN-05,Cafeteria,common_area,60,2026-08-06 08:15:00,50,83.3
ZN-05,Cafeteria,common_area,60,2026-08-06 08:30:00,46,76.7
ZN-05,Cafeteria,common_area,60,2026-08-06 08:45:00,55,91.7
ZN-05,Cafeteria,common_area,60,2026-08-06 09:00:00,57,95.0
ZN-05,Cafeteria,common_area,60,2026-08-06 09:15:00,60,100.0
ZN-05,Cafeteria,common_area,60,2026-08-06 09:30:00,48,80.0
ZN-05,Cafeteria,common_area,60,2026-08-06 09:45:00,48,80.0
ZN-05,Cafeteria,common_area,60,2026-08-06 10:00:00,50,83.3
ZN-05,Cafeteria,common_area,60,2026-08-06 10:15:00,29,48.3
ZN-05,Cafeteria,common_area,60,2026-08-06 10:30:00,16,26.7
ZN-05,Cafeteria,common_area,60,2026-08-06 10:45:00,23,38.3
ZN-05,Cafeteria,common_area,60,2026-08-06 11:00:00,45,75.0
ZN-05,Cafeteria,common_area,60,2026-08-06 11:15:00,45,75.0
ZN-05,Cafeteria,common_area,60,2026-08-06 11:30:00,40,66.7
ZN-05,Cafeteria,common_area,60,2026-08-06 11:45:00,59,98.3
ZN-05,Cafeteria,common_area,60,2026-08-06 12:00:00,60,100.0
ZN-05,Cafeteria,common_area,60,2026-08-06 12:15:00,56,93.3
ZN-05,Cafeteria,common_area,60,2026-08-06 12:30:00,60,100.0
ZN-05,Cafeteria,common_area,60,2026-08-06 12:45:00,58,96.7
ZN-05,Cafeteria,common_area,60,2026-08-06 13:00:00,60,100.0
ZN-05,Cafeteria,common_area,60,2026-08-06 13:15:00,58,96.7
ZN-05,Cafeteria,common_area,60,2026-08-06 13:30:00,60,100.0
ZN-05,Cafeteria,common_area,60,2026-08-06 13:45:00,54,90.0
ZN-05,Cafeteria,common_area,60,2026-08-06 14:00:00,54,90.0
ZN-05,Cafeteria,common_area,60,2026-08-06 14:15:00,56,93.3
ZN-05,Cafeteria,common_area,60,2026-08-06 14:30:00,60,100.0
ZN-05,Cafeteria,common_area,60,2026-08-06 14:45:00,60,100.0
ZN-05,Cafeteria,common_area,60,2026-08-06 15:00:00,38,63.3
ZN-05,Cafeteria,common_area,60,2026-08-06 15:15:00,27,45.0
ZN-05,Cafeteria,common_area,60,2026-08-06 15:30:00,14,23.3
ZN-05,Cafeteria,common_area,60,2026-08-06 15:45:00,19,31.7
ZN-05,Cafeteria,common_area,60,2026-08-06 16:00:00,19,31.7
ZN-05,Cafeteria,common_area,60,2026-08-06 16:15:00,19,31.7
ZN-05,Cafeteria,common_area,60,2026-08-06 16:30:00,2,3.3
ZN-05,Cafeteria,common_area,60,2026-08-06 16:45:00,5,8.3
ZN-05,Cafeteria,common_area,60,2026-08-06 17:00:00,0,0.0
ZN-05,Cafeteria,common_area,60,2026-08-06 17:15:00,0,0.0
ZN-05,Cafeteria,common_area,60,2026-08-06 17:30:00,7,11.7
ZN-05,Cafeteria,common_area,60,2026-08-06 17:45:00,3,5.0
ZN-05,Cafeteria,common_area,60,2026-08-06 18:00:00,0,0.0
ZN-05,Cafeteria,common_area,60,2026-08-06 18:15:00,0,0.0
ZN-05,Cafeteria,common_area,60,2026-08-06 18:30:00,0,0.0
ZN-05,Cafeteria,common_area,60,2026-08-06 18:45:00,0,0.0
ZN-05,Cafeteria,common_area,60,2026-08-06 19:00:00,0,0.0
ZN-05,Cafeteria,common_area,60,2026-08-06 19:15:00,0,0.0
ZN-05,Cafeteria,common_area,60,2026-08-06 19:30:00,2,3.3
ZN-05,Cafeteria,common_area,60,2026-08-06 19:45:00,2,3.3
ZN-05,Cafeteria,common_area,60,2026-08-06 20:00:00,0,0.0
ZN-05,Cafeteria,common_area,60,2026-08-06 20:15:00,0,0.0
ZN-05,Cafeteria,common_area,60,2026-08-06 20:30:00,5,8.3
ZN-05,Cafeteria,common_area,60,2026-08-06 20:45:00,2,3.3
ZN-05,Cafeteria,common_area,60,2026-08-06 21:00:00,0,0.0
ZN-05,Cafeteria,common_area,60,2026-08-06 21:15:00,0,0.0
ZN-05,Cafeteria,common_area,60,2026-08-06 21:30:00,0,0.0
ZN-05,Cafeteria,common_area,60,2026-08-06 21:45:00,0,0.0
ZN-05,Cafeteria,common_area,60,2026-08-06 22:00:00,2,3.3
ZN-05,Cafeteria,common_area,60,2026-08-06 22:15:00,3,5.0
ZN-05,Cafeteria,common_area,60,2026-08-06 22:30:00,3,5.0
ZN-05,Cafeteria,common_area,60,2026-08-06 22:45:00,11,18.3
ZN-05,Cafeteria,common_area,60,2026-08-06 23:00:00,0,0.0
ZN-05,Cafeteria,common_area,60,2026-08-06 23:15:00,9,15.0
ZN-05,Cafeteria,common_area,60,2026-08-06 23:30:00,0,0.0
ZN-05,Cafeteria,common_area,60,2026-08-06 23:45:00,0,0.0
ZN-05,Cafeteria,common_area,60,2026-08-07 00:00:00,0,0.0
ZN-05,Cafeteria,common_area,60,2026-08-07 00:15:00,0,0.0
ZN-05,Cafeteria,common_area,60,2026-08-07 00:30:00,0,0.0
ZN-05,Cafeteria,common_area,60,2026-08-07 00:45:00,0,0.0
ZN-05,Cafeteria,common_area,60,2026-08-07 01:00:00,1,1.7
ZN-05,Cafeteria,common_area,60,2026-08-07 01:15:00,11,18.3
ZN-05,Cafeteria,common_area,60,2026-08-07 01:30:00,5,8.3
ZN-05,Cafeteria,common_area,60,2026-08-07 01:45:00,0,0.0
ZN-05,Cafeteria,common_area,60,2026-08-07 02:00:00,0,0.0
ZN-05,Cafeteria,common_area,60,2026-08-07 02:15:00,0,0.0
ZN-05,Cafeteria,common_area,60,2026-08-07 02:30:00,3,5.0
ZN-05,Cafeteria,common_area,60,2026-08-07 02:45:00,1,1.7
ZN-05,Cafeteria,common_area,60,2026-08-07 03:00:00,0,0.0
ZN-05,Cafeteria,common_area,60,2026-08-07 03:15:00,8,13.3
ZN-05,Cafeteria,common_area,60,2026-08-07 03:30:00,0,0.0
ZN-05,Cafeteria,common_area,60,2026-08-07 03:45:00,0,0.0
ZN-05,Cafeteria,common_area,60,2026-08-07 04:00:00,0,0.0
ZN-05,Cafeteria,common_area,60,2026-08-07 04:15:00,5,8.3
ZN-05,Cafeteria,common_area,60,2026-08-07 04:30:00,0,0.0
ZN-05,Cafeteria,common_area,60,2026-08-07 04:45:00,1,1.7
ZN-05,Cafeteria,common_area,60,2026-08-07 05:00:00,3,5.0
ZN-05,Cafeteria,common_area,60,2026-08-07 05:15:00,8,13.3
ZN-05,Cafeteria,common_area,60,2026-08-07 05:30:00,8,13.3
ZN-05,Cafeteria,common_area,60,2026-08-07 05:45:00,33,55.0
ZN-05,Cafeteria,common_area,60,2026-08-07 06:00:00,54,90.0
ZN-05,Cafeteria,common_area,60,2026-08-07 06:15:00,56,93.3
ZN-05,Cafeteria,common_area,60,2026-08-07 06:30:00,56,93.3
ZN-05,Cafeteria,common_area,60,2026-08-07 06:45:00,60,100.0
ZN-05,Cafeteria,common_area,60,2026-08-07 07:00:00,60,100.0
ZN-05,Cafeteria,common_area,60,2026-08-07 07:15:00,60,100.0
ZN-05,Cafeteria,common_area,60,2026-08-07 07:30:00,49,81.7
ZN-05,Cafeteria,common_area,60,2026-08-07 07:45:00,60,100.0
ZN-05,Cafeteria,common_area,60,2026-08-07 08:00:00,56,93.3
ZN-05,Cafeteria,common_area,60,2026-08-07 08:15:00,54,90.0
ZN-05,Cafeteria,common_area,60,2026-08-07 08:30:00,53,88.3
ZN-05,Cafeteria,common_area,60,2026-08-07 08:45:00,49,81.7
ZN-05,Cafeteria,common_area,60,2026-08-07 09:00:00,53,88.3
ZN-05,Cafeteria,common_area,60,2026-08-07 09:15:00,60,100.0
ZN-05,Cafeteria,common_area,60,2026-08-07 09:30:00,57,95.0
ZN-05,Cafeteria,common_area,60,2026-08-07 09:45:00,43,71.7
ZN-05,Cafeteria,common_area,60,2026-08-07 10:00:00,44,73.3
ZN-05,Cafeteria,common_area,60,2026-08-07 10:15:00,39,65.0
ZN-05,Cafeteria,common_area,60,2026-08-07 10:30:00,26,43.3
ZN-05,Cafeteria,common_area,60,2026-08-07 10:45:00,15,25.0
ZN-05,Cafeteria,common_area,60,2026-08-07 11:00:00,48,80.0
ZN-05,Cafeteria,common_area,60,2026-08-07 11:15:00,46,76.7
ZN-05,Cafeteria,common_area,60,2026-08-07 11:30:00,48,80.0
ZN-05,Cafeteria,common_area,60,2026-08-07 11:45:00,56,93.3
ZN-05,Cafeteria,common_area,60,2026-08-07 12:00:00,54,90.0
ZN-05,Cafeteria,common_area,60,2026-08-07 12:15:00,57,95.0
ZN-05,Cafeteria,common_area,60,2026-08-07 12:30:00,60,100.0
ZN-05,Cafeteria,common_area,60,2026-08-07 12:45:00,60,100.0
ZN-05,Cafeteria,common_area,60,2026-08-07 13:00:00,60,100.0
ZN-05,Cafeteria,common_area,60,2026-08-07 13:15:00,58,96.7
ZN-05,Cafeteria,common_area,60,2026-08-07 13:30:00,57,95.0
ZN-05,Cafeteria,common_area,60,2026-08-07 13:45:00,60,100.0
ZN-05,Cafeteria,common_area,60,2026-08-07 14:00:00,60,100.0
ZN-05,Cafeteria,common_area,60,2026-08-07 14:15:00,60,100.0
ZN-05,Cafeteria,common_area,60,2026-08-07 14:30:00,53,88.3
ZN-05,Cafeteria,common_area,60,2026-08-07 14:45:00,60,100.0
ZN-05,Cafeteria,common_area,60,2026-08-07 15:00:00,48,80.0
ZN-05,Cafeteria,common_area,60,2026-08-07 15:15:00,34,56.7
ZN-05,Cafeteria,common_area,60,2026-08-07 15:30:00,27,45.0
ZN-05,Cafeteria,common_area,60,2026-08-07 15:45:00,20,33.3
ZN-05,Cafeteria,common_area,60,2026-08-07 16:00:00,21,35.0
ZN-05,Cafeteria,common_area,60,2026-08-07 16:15:00,0,0.0
ZN-05,Cafeteria,common_area,60,2026-08-07 16:30:00,0,0.0
ZN-05,Cafeteria,common_area,60,2026-08-07 16:45:00,3,5.0
ZN-05,Cafeteria,common_area,60,2026-08-07 17:00:00,0,0.0
ZN-05,Cafeteria,common_area,60,2026-08-07 17:15:00,9,15.0
ZN-05,Cafeteria,common_area,60,2026-08-07 17:30:00,8,13.3
ZN-05,Cafeteria,common_area,60,2026-08-07 17:45:00,0,0.0
ZN-05,Cafeteria,common_area,60,2026-08-07 18:00:00,0,0.0
ZN-05,Cafeteria,common_area,60,2026-08-07 18:15:00,3,5.0
ZN-05,Cafeteria,common_area,60,2026-08-07 18:30:00,0,0.0
ZN-05,Cafeteria,common_area,60,2026-08-07 18:45:00,3,5.0
ZN-05,Cafeteria,common_area,60,2026-08-07 19:00:00,4,6.7
ZN-05,Cafeteria,common_area,60,2026-08-07 19:15:00,0,0.0
ZN-05,Cafeteria,common_area,60,2026-08-07 19:30:00,17,28.3
ZN-05,Cafeteria,common_area,60,2026-08-07 19:45:00,0,0.0
ZN-05,Cafeteria,common_area,60,2026-08-07 20:00:00,0,0.0
ZN-05,Cafeteria,common_area,60,2026-08-07 20:15:00,0,0.0
ZN-05,Cafeteria,common_area,60,2026-08-07 20:30:00,0,0.0
ZN-05,Cafeteria,common_area,60,2026-08-07 20:45:00,6,10.0
ZN-05,Cafeteria,common_area,60,2026-08-07 21:00:00,6,10.0
ZN-05,Cafeteria,common_area,60,2026-08-07 21:15:00,4,6.7
ZN-05,Cafeteria,common_area,60,2026-08-07 21:30:00,5,8.3
ZN-05,Cafeteria,common_area,60,2026-08-07 21:45:00,3,5.0
ZN-05,Cafeteria,common_area,60,2026-08-07 22:00:00,7,11.7
ZN-05,Cafeteria,common_area,60,2026-08-07 22:15:00,5,8.3
ZN-05,Cafeteria,common_area,60,2026-08-07 22:30:00,0,0.0
ZN-05,Cafeteria,common_area,60,2026-08-07 22:45:00,0,0.0
ZN-05,Cafeteria,common_area,60,2026-08-07 23:00:00,0,0.0
ZN-05,Cafeteria,common_area,60,2026-08-07 23:15:00,0,0.0
ZN-05,Cafeteria,common_area,60,2026-08-07 23:30:00,3,5.0
ZN-05,Cafeteria,common_area,60,2026-08-07 23:45:00,1,1.7
ZN-05,Cafeteria,common_area,60,2026-08-08 00:00:00,0,0.0
ZN-05,Cafeteria,common_area,60,2026-08-08 00:15:00,0,0.0
ZN-05,Cafeteria,common_area,60,2026-08-08 00:30:00,1,1.7
ZN-05,Cafeteria,common_area,60,2026-08-08 00:45:00,1,1.7
ZN-05,Cafeteria,common_area,60,2026-08-08 01:00:00,11,18.3
ZN-05,Cafeteria,common_area,60,2026-08-08 01:15:00,0,0.0
ZN-05,Cafeteria,common_area,60,2026-08-08 01:30:00,10,16.7
ZN-05,Cafeteria,common_area,60,2026-08-08 01:45:00,0,0.0
ZN-05,Cafeteria,common_area,60,2026-08-08 02:00:00,10,16.7
ZN-05,Cafeteria,common_area,60,2026-08-08 02:15:00,8,13.3
ZN-05,Cafeteria,common_area,60,2026-08-08 02:30:00,6,10.0
ZN-05,Cafeteria,common_area,60,2026-08-08 02:45:00,0,0.0
ZN-05,Cafeteria,common_area,60,2026-08-08 03:00:00,0,0.0
ZN-05,Cafeteria,common_area,60,2026-08-08 03:15:00,0,0.0
ZN-05,Cafeteria,common_area,60,2026-08-08 03:30:00,0,0.0
ZN-05,Cafeteria,common_area,60,2026-08-08 03:45:00,2,3.3
ZN-05,Cafeteria,common_area,60,2026-08-08 04:00:00,13,21.7
ZN-05,Cafeteria,common_area,60,2026-08-08 04:15:00,5,8.3
ZN-05,Cafeteria,common_area,60,2026-08-08 04:30:00,0,0.0
ZN-05,Cafeteria,common_area,60,2026-08-08 04:45:00,0,0.0
ZN-05,Cafeteria,common_area,60,2026-08-08 05:00:00,6,10.0
ZN-05,Cafeteria,common_area,60,2026-08-08 05:15:00,9,15.0
ZN-05,Cafeteria,common_area,60,2026-08-08 05:30:00,0,0.0
ZN-05,Cafeteria,common_area,60,2026-08-08 05:45:00,0,0.0
ZN-05,Cafeteria,common_area,60,2026-08-08 06:00:00,0,0.0
ZN-05,Cafeteria,common_area,60,2026-08-08 06:15:00,0,0.0
ZN-05,Cafeteria,common_area,60,2026-08-08 06:30:00,0,0.0
ZN-05,Cafeteria,common_area,60,2026-08-08 06:45:00,0,0.0
ZN-05,Cafeteria,common_area,60,2026-08-08 07:00:00,11,18.3
ZN-05,Cafeteria,common_area,60,2026-08-08 07:15:00,9,15.0
ZN-05,Cafeteria,common_area,60,2026-08-08 07:30:00,0,0.0
ZN-05,Cafeteria,common_area,60,2026-08-08 07:45:00,11,18.3
ZN-05,Cafeteria,common_area,60,2026-08-08 08:00:00,8,13.3
ZN-05,Cafeteria,common_area,60,2026-08-08 08:15:00,2,3.3
ZN-05,Cafeteria,common_area,60,2026-08-08 08:30:00,0,0.0
ZN-05,Cafeteria,common_area,60,2026-08-08 08:45:00,0,0.0
ZN-05,Cafeteria,common_area,60,2026-08-08 09:00:00,1,1.7
ZN-05,Cafeteria,common_area,60,2026-08-08 09:15:00,5,8.3
ZN-05,Cafeteria,common_area,60,2026-08-08 09:30:00,1,1.7
ZN-05,Cafeteria,common_area,60,2026-08-08 09:45:00,9,15.0
ZN-05,Cafeteria,common_area,60,2026-08-08 10:00:00,7,11.7
ZN-05,Cafeteria,common_area,60,2026-08-08 10:15:00,16,26.7
ZN-05,Cafeteria,common_area,60,2026-08-08 10:30:00,0,0.0
ZN-05,Cafeteria,common_area,60,2026-08-08 10:45:00,5,8.3
ZN-05,Cafeteria,common_area,60,2026-08-08 11:00:00,1,1.7
ZN-05,Cafeteria,common_area,60,2026-08-08 11:15:00,0,0.0
ZN-05,Cafeteria,common_area,60,2026-08-08 11:30:00,1,1.7
ZN-05,Cafeteria,common_area,60,2026-08-08 11:45:00,7,11.7
ZN-05,Cafeteria,common_area,60,2026-08-08 12:00:00,0,0.0
ZN-05,Cafeteria,common_area,60,2026-08-08 12:15:00,1,1.7
ZN-05,Cafeteria,common_area,60,2026-08-08 12:30:00,8,13.3
ZN-05,Cafeteria,common_area,60,2026-08-08 12:45:00,11,18.3
ZN-05,Cafeteria,common_area,60,2026-08-08 13:00:00,0,0.0
ZN-05,Cafeteria,common_area,60,2026-08-08 13:15:00,3,5.0
ZN-05,Cafeteria,common_area,60,2026-08-08 13:30:00,1,1.7
ZN-05,Cafeteria,common_area,60,2026-08-08 13:45:00,0,0.0
ZN-05,Cafeteria,common_area,60,2026-08-08 14:00:00,0,0.0
ZN-05,Cafeteria,common_area,60,2026-08-08 14:15:00,5,8.3
ZN-05,Cafeteria,common_area,60,2026-08-08 14:30:00,6,10.0
ZN-05,Cafeteria,common_area,60,2026-08-08 14:45:00,3,5.0
ZN-05,Cafeteria,common_area,60,2026-08-08 15:00:00,0,0.0
ZN-05,Cafeteria,common_area,60,2026-08-08 15:15:00,0,0.0
ZN-05,Cafeteria,common_area,60,2026-08-08 15:30:00,16,26.7
ZN-05,Cafeteria,common_area,60,2026-08-08 15:45:00,2,3.3
ZN-05,Cafeteria,common_area,60,2026-08-08 16:00:00,2,3.3
ZN-05,Cafeteria,common_area,60,2026-08-08 16:15:00,11,18.3
ZN-05,Cafeteria,common_area,60,2026-08-08 16:30:00,3,5.0
ZN-05,Cafeteria,common_area,60,2026-08-08 16:45:00,1,1.7
ZN-05,Cafeteria,common_area,60,2026-08-08 17:00:00,0,0.0
ZN-05,Cafeteria,common_area,60,2026-08-08 17:15:00,8,13.3
ZN-05,Cafeteria,common_area,60,2026-08-08 17:30:00,5,8.3
ZN-05,Cafeteria,common_area,60,2026-08-08 17:45:00,1,1.7
ZN-05,Cafeteria,common_area,60,2026-08-08 18:00:00,2,3.3
ZN-05,Cafeteria,common_area,60,2026-08-08 18:15:00,0,0.0
ZN-05,Cafeteria,common_area,60,2026-08-08 18:30:00,4,6.7
ZN-05,Cafeteria,common_area,60,2026-08-08 18:45:00,0,0.0
ZN-05,Cafeteria,common_area,60,2026-08-08 19:00:00,0,0.0
ZN-05,Cafeteria,common_area,60,2026-08-08 19:15:00,10,16.7
ZN-05,Cafeteria,common_area,60,2026-08-08 19:30:00,5,8.3
ZN-05,Cafeteria,common_area,60,2026-08-08 19:45:00,0,0.0
ZN-05,Cafeteria,common_area,60,2026-08-08 20:00:00,0,0.0
ZN-05,Cafeteria,common_area,60,2026-08-08 20:15:00,0,0.0
ZN-05,Cafeteria,common_area,60,2026-08-08 20:30:00,3,5.0
ZN-05,Cafeteria,common_area,60,2026-08-08 20:45:00,0,0.0
ZN-05,Cafeteria,common_area,60,2026-08-08 21:00:00,7,11.7
ZN-05,Cafeteria,common_area,60,2026-08-08 21:15:00,4,6.7
ZN-05,Cafeteria,common_area,60,2026-08-08 21:30:00,2,3.3
ZN-05,Cafeteria,common_area,60,2026-08-08 21:45:00,12,20.0
ZN-05,Cafeteria,common_area,60,2026-08-08 22:00:00,4,6.7
ZN-05,Cafeteria,common_area,60,2026-08-08 22:15:00,1,1.7
ZN-05,Cafeteria,common_area,60,2026-08-08 22:30:00,8,13.3
ZN-05,Cafeteria,common_area,60,2026-08-08 22:45:00,16,26.7
ZN-05,Cafeteria,common_area,60,2026-08-08 23:00:00,8,13.3
ZN-05,Cafeteria,common_area,60,2026-08-08 23:15:00,3,5.0
ZN-05,Cafeteria,common_area,60,2026-08-08 23:30:00,4,6.7
ZN-05,Cafeteria,common_area,60,2026-08-08 23:45:00,0,0.0
ZN-05,Cafeteria,common_area,60,2026-08-09 00:00:00,10,16.7
ZN-05,Cafeteria,common_area,60,2026-08-09 00:15:00,3,5.0
ZN-05,Cafeteria,common_area,60,2026-08-09 00:30:00,4,6.7
ZN-05,Cafeteria,common_area,60,2026-08-09 00:45:00,0,0.0
ZN-05,Cafeteria,common_area,60,2026-08-09 01:00:00,0,0.0
ZN-05,Cafeteria,common_area,60,2026-08-09 01:15:00,1,1.7
ZN-05,Cafeteria,common_area,60,2026-08-09 01:30:00,8,13.3
ZN-05,Cafeteria,common_area,60,2026-08-09 01:45:00,0,0.0
ZN-05,Cafeteria,common_area,60,2026-08-09 02:00:00,0,0.0
ZN-05,Cafeteria,common_area,60,2026-08-09 02:15:00,6,10.0
ZN-05,Cafeteria,common_area,60,2026-08-09 02:30:00,4,6.7
ZN-05,Cafeteria,common_area,60,2026-08-09 02:45:00,1,1.7
ZN-05,Cafeteria,common_area,60,2026-08-09 03:00:00,0,0.0
ZN-05,Cafeteria,common_area,60,2026-08-09 03:15:00,10,16.7
ZN-05,Cafeteria,common_area,60,2026-08-09 03:30:00,9,15.0
ZN-05,Cafeteria,common_area,60,2026-08-09 03:45:00,0,0.0
ZN-05,Cafeteria,common_area,60,2026-08-09 04:00:00,2,3.3
ZN-05,Cafeteria,common_area,60,2026-08-09 04:15:00,0,0.0
ZN-05,Cafeteria,common_area,60,2026-08-09 04:30:00,1,1.7
ZN-05,Cafeteria,common_area,60,2026-08-09 04:45:00,6,10.0
ZN-05,Cafeteria,common_area,60,2026-08-09 05:00:00,12,20.0
ZN-05,Cafeteria,common_area,60,2026-08-09 05:15:00,0,0.0
ZN-05,Cafeteria,common_area,60,2026-08-09 05:30:00,4,6.7
ZN-05,Cafeteria,common_area,60,2026-08-09 05:45:00,3,5.0
ZN-05,Cafeteria,common_area,60,2026-08-09 06:00:00,7,11.7
ZN-05,Cafeteria,common_area,60,2026-08-09 06:15:00,4,6.7
ZN-05,Cafeteria,common_area,60,2026-08-09 06:30:00,0,0.0
ZN-05,Cafeteria,common_area,60,2026-08-09 06:45:00,9,15.0
ZN-05,Cafeteria,common_area,60,2026-08-09 07:00:00,13,21.7
ZN-05,Cafeteria,common_area,60,2026-08-09 07:15:00,13,21.7
ZN-05,Cafeteria,common_area,60,2026-08-09 07:30:00,0,0.0
ZN-05,Cafeteria,common_area,60,2026-08-09 07:45:00,3,5.0
ZN-05,Cafeteria,common_area,60,2026-08-09 08:00:00,5,8.3
ZN-05,Cafeteria,common_area,60,2026-08-09 08:15:00,0,0.0
ZN-05,Cafeteria,common_area,60,2026-08-09 08:30:00,6,10.0
ZN-05,Cafeteria,common_area,60,2026-08-09 08:45:00,6,10.0
ZN-05,Cafeteria,common_area,60,2026-08-09 09:00:00,0,0.0
ZN-05,Cafeteria,common_area,60,2026-08-09 09:15:00,0,0.0
ZN-05,Cafeteria,common_area,60,2026-08-09 09:30:00,2,3.3
ZN-05,Cafeteria,common_area,60,2026-08-09 09:45:00,0,0.0
ZN-05,Cafeteria,common_area,60,2026-08-09 10:00:00,0,0.0
ZN-05,Cafeteria,common_area,60,2026-08-09 10:15:00,0,0.0
ZN-05,Cafeteria,common_area,60,2026-08-09 10:30:00,5,8.3
ZN-05,Cafeteria,common_area,60,2026-08-09 10:45:00,0,0.0
ZN-05,Cafeteria,common_area,60,2026-08-09 11:00:00,0,0.0
ZN-05,Cafeteria,common_area,60,2026-08-09 11:15:00,0,0.0
ZN-05,Cafeteria,common_area,60,2026-08-09 11:30:00,4,6.7
ZN-05,Cafeteria,common_area,60,2026-08-09 11:45:00,0,0.0
ZN-05,Cafeteria,common_area,60,2026-08-09 12:00:00,3,5.0
ZN-05,Cafeteria,common_area,60,2026-08-09 12:15:00,12,20.0
ZN-05,Cafeteria,common_area,60,2026-08-09 12:30:00,0,0.0
ZN-05,Cafeteria,common_area,60,2026-08-09 12:45:00,11,18.3
ZN-05,Cafeteria,common_area,60,2026-08-09 13:00:00,13,21.7
ZN-05,Cafeteria,common_area,60,2026-08-09 13:15:00,5,8.3
ZN-05,Cafeteria,common_area,60,2026-08-09 13:30:00,3,5.0
ZN-05,Cafeteria,common_area,60,2026-08-09 13:45:00,0,0.0
ZN-05,Cafeteria,common_area,60,2026-08-09 14:00:00,9,15.0
ZN-05,Cafeteria,common_area,60,2026-08-09 14:15:00,5,8.3
ZN-05,Cafeteria,common_area,60,2026-08-09 14:30:00,5,8.3
ZN-05,Cafeteria,common_area,60,2026-08-09 14:45:00,0,0.0
ZN-05,Cafeteria,common_area,60,2026-08-09 15:00:00,7,11.7
ZN-05,Cafeteria,common_area,60,2026-08-09 15:15:00,0,0.0
ZN-05,Cafeteria,common_area,60,2026-08-09 15:30:00,8,13.3
ZN-05,Cafeteria,common_area,60,2026-08-09 15:45:00,0,0.0
ZN-05,Cafeteria,common_area,60,2026-08-09 16:00:00,2,3.3
ZN-05,Cafeteria,common_area,60,2026-08-09 16:15:00,3,5.0
ZN-05,Cafeteria,common_area,60,2026-08-09 16:30:00,0,0.0
ZN-05,Cafeteria,common_area,60,2026-08-09 16:45:00,2,3.3
ZN-05,Cafeteria,common_area,60,2026-08-09 17:00:00,7,11.7
ZN-05,Cafeteria,common_area,60,2026-08-09 17:15:00,4,6.7
ZN-05,Cafeteria,common_area,60,2026-08-09 17:30:00,8,13.3
ZN-05,Cafeteria,common_area,60,2026-08-09 17:45:00,0,0.0
ZN-05,Cafeteria,common_area,60,2026-08-09 18:00:00,5,8.3
ZN-05,Cafeteria,common_area,60,2026-08-09 18:15:00,0,0.0
ZN-05,Cafeteria,common_area,60,2026-08-09 18:30:00,0,0.0
ZN-05,Cafeteria,common_area,60,2026-08-09 18:45:00,0,0.0
ZN-05,Cafeteria,common_area,60,2026-08-09 19:00:00,0,0.0
ZN-05,Cafeteria,common_area,60,2026-08-09 19:15:00,0,0.0
ZN-05,Cafeteria,common_area,60,2026-08-09 19:30:00,6,10.0
ZN-05,Cafeteria,common_area,60,2026-08-09 19:45:00,4,6.7
ZN-05,Cafeteria,common_area,60,2026-08-09 20:00:00,0,0.0
ZN-05,Cafeteria,common_area,60,2026-08-09 20:15:00,10,16.7
ZN-05,Cafeteria,common_area,60,2026-08-09 20:30:00,4,6.7
ZN-05,Cafeteria,common_area,60,2026-08-09 20:45:00,6,10.0
ZN-05,Cafeteria,common_area,60,2026-08-09 21:00:00,6,10.0
ZN-05,Cafeteria,common_area,60,2026-08-09 21:15:00,0,0.0
ZN-05,Cafeteria,common_area,60,2026-08-09 21:30:00,0,0.0
ZN-05,Cafeteria,common_area,60,2026-08-09 21:45:00,5,8.3
ZN-05,Cafeteria,common_area,60,2026-08-09 22:00:00,0,0.0
ZN-05,Cafeteria,common_area,60,2026-08-09 22:15:00,21,35.0
ZN-05,Cafeteria,common_area,60,2026-08-09 22:30:00,7,11.7
ZN-05,Cafeteria,common_area,60,2026-08-09 22:45:00,6,10.0
ZN-05,Cafeteria,common_area,60,2026-08-09 23:00:00,1,1.7
ZN-05,Cafeteria,common_area,60,2026-08-09 23:15:00,3,5.0
ZN-05,Cafeteria,common_area,60,2026-08-09 23:30:00,0,0.0
ZN-05,Cafeteria,common_area,60,2026-08-09 23:45:00,1,1.7
ZN-05,Cafeteria,common_area,60,2026-08-10 00:00:00,1,1.7
ZN-05,Cafeteria,common_area,60,2026-08-10 00:15:00,6,10.0
ZN-05,Cafeteria,common_area,60,2026-08-10 00:30:00,8,13.3
ZN-05,Cafeteria,common_area,60,2026-08-10 00:45:00,10,16.7
ZN-05,Cafeteria,common_area,60,2026-08-10 01:00:00,10,16.7
ZN-05,Cafeteria,common_area,60,2026-08-10 01:15:00,0,0.0
ZN-05,Cafeteria,common_area,60,2026-08-10 01:30:00,0,0.0
ZN-05,Cafeteria,common_area,60,2026-08-10 01:45:00,6,10.0
ZN-05,Cafeteria,common_area,60,2026-08-10 02:00:00,6,10.0
ZN-05,Cafeteria,common_area,60,2026-08-10 02:15:00,0,0.0
ZN-05,Cafeteria,common_area,60,2026-08-10 02:30:00,0,0.0
ZN-05,Cafeteria,common_area,60,2026-08-10 02:45:00,0,0.0
ZN-05,Cafeteria,common_area,60,2026-08-10 03:00:00,0,0.0
ZN-05,Cafeteria,common_area,60,2026-08-10 03:15:00,5,8.3
ZN-05,Cafeteria,common_area,60,2026-08-10 03:30:00,0,0.0
ZN-05,Cafeteria,common_area,60,2026-08-10 03:45:00,1,1.7
ZN-05,Cafeteria,common_area,60,2026-08-10 04:00:00,3,5.0
ZN-05,Cafeteria,common_area,60,2026-08-10 04:15:00,0,0.0
ZN-05,Cafeteria,common_area,60,2026-08-10 04:30:00,0,0.0
ZN-05,Cafeteria,common_area,60,2026-08-10 04:45:00,5,8.3
ZN-05,Cafeteria,common_area,60,2026-08-10 05:00:00,2,3.3
ZN-05,Cafeteria,common_area,60,2026-08-10 05:15:00,0,0.0
ZN-05,Cafeteria,common_area,60,2026-08-10 05:30:00,7,11.7
ZN-05,Cafeteria,common_area,60,2026-08-10 05:45:00,26,43.3
ZN-05,Cafeteria,common_area,60,2026-08-10 06:00:00,57,95.0
ZN-05,Cafeteria,common_area,60,2026-08-10 06:15:00,52,86.7
ZN-05,Cafeteria,common_area,60,2026-08-10 06:30:00,60,100.0
ZN-05,Cafeteria,common_area,60,2026-08-10 06:45:00,57,95.0
ZN-05,Cafeteria,common_area,60,2026-08-10 07:00:00,55,91.7
ZN-05,Cafeteria,common_area,60,2026-08-10 07:15:00,54,90.0
ZN-05,Cafeteria,common_area,60,2026-08-10 07:30:00,60,100.0
ZN-05,Cafeteria,common_area,60,2026-08-10 07:45:00,55,91.7
ZN-05,Cafeteria,common_area,60,2026-08-10 08:00:00,52,86.7
ZN-05,Cafeteria,common_area,60,2026-08-10 08:15:00,58,96.7
ZN-05,Cafeteria,common_area,60,2026-08-10 08:30:00,57,95.0
ZN-05,Cafeteria,common_area,60,2026-08-10 08:45:00,59,98.3
ZN-05,Cafeteria,common_area,60,2026-08-10 09:00:00,54,90.0
ZN-05,Cafeteria,common_area,60,2026-08-10 09:15:00,60,100.0
ZN-05,Cafeteria,common_area,60,2026-08-10 09:30:00,60,100.0
ZN-05,Cafeteria,common_area,60,2026-08-10 09:45:00,35,58.3
ZN-05,Cafeteria,common_area,60,2026-08-10 10:00:00,45,75.0
ZN-06,Lobby,common_area,30,2026-07-20 10:00:00,25,83.3
ZN-06,Lobby,common_area,30,2026-07-20 10:15:00,17,56.7
ZN-06,Lobby,common_area,30,2026-07-20 10:30:00,7,23.3
ZN-06,Lobby,common_area,30,2026-07-20 10:45:00,10,33.3
ZN-06,Lobby,common_area,30,2026-07-20 11:00:00,22,73.3
ZN-06,Lobby,common_area,30,2026-07-20 11:15:00,24,80.0
ZN-06,Lobby,common_area,30,2026-07-20 11:30:00,30,100.0
ZN-06,Lobby,common_area,30,2026-07-20 11:45:00,24,80.0
ZN-06,Lobby,common_area,30,2026-07-20 12:00:00,25,83.3
ZN-06,Lobby,common_area,30,2026-07-20 12:15:00,30,100.0
ZN-06,Lobby,common_area,30,2026-07-20 12:30:00,29,96.7
ZN-06,Lobby,common_area,30,2026-07-20 12:45:00,30,100.0
ZN-06,Lobby,common_area,30,2026-07-20 13:00:00,30,100.0
ZN-06,Lobby,common_area,30,2026-07-20 13:15:00,27,90.0
ZN-06,Lobby,common_area,30,2026-07-20 13:30:00,28,93.3
ZN-06,Lobby,common_area,30,2026-07-20 13:45:00,30,100.0
ZN-06,Lobby,common_area,30,2026-07-20 14:00:00,29,96.7
ZN-06,Lobby,common_area,30,2026-07-20 14:15:00,27,90.0
ZN-06,Lobby,common_area,30,2026-07-20 14:30:00,30,100.0
ZN-06,Lobby,common_area,30,2026-07-20 14:45:00,30,100.0
ZN-06,Lobby,common_area,30,2026-07-20 15:00:00,25,83.3
ZN-06,Lobby,common_area,30,2026-07-20 15:15:00,17,56.7
ZN-06,Lobby,common_area,30,2026-07-20 15:30:00,12,40.0
ZN-06,Lobby,common_area,30,2026-07-20 15:45:00,4,13.3
ZN-06,Lobby,common_area,30,2026-07-20 16:00:00,14,46.7
ZN-06,Lobby,common_area,30,2026-07-20 16:15:00,4,13.3
ZN-06,Lobby,common_area,30,2026-07-20 16:30:00,0,0.0
ZN-06,Lobby,common_area,30,2026-07-20 16:45:00,2,6.7
ZN-06,Lobby,common_area,30,2026-07-20 17:00:00,0,0.0
ZN-06,Lobby,common_area,30,2026-07-20 17:15:00,0,0.0
ZN-06,Lobby,common_area,30,2026-07-20 17:30:00,4,13.3
ZN-06,Lobby,common_area,30,2026-07-20 17:45:00,0,0.0
ZN-06,Lobby,common_area,30,2026-07-20 18:00:00,1,3.3
ZN-06,Lobby,common_area,30,2026-07-20 18:15:00,0,0.0
ZN-06,Lobby,common_area,30,2026-07-20 18:30:00,1,3.3
ZN-06,Lobby,common_area,30,2026-07-20 18:45:00,0,0.0
ZN-06,Lobby,common_area,30,2026-07-20 19:00:00,0,0.0
ZN-06,Lobby,common_area,30,2026-07-20 19:15:00,2,6.7
ZN-06,Lobby,common_area,30,2026-07-20 19:30:00,0,0.0
ZN-06,Lobby,common_area,30,2026-07-20 19:45:00,0,0.0
ZN-06,Lobby,common_area,30,2026-07-20 20:00:00,0,0.0
ZN-06,Lobby,common_area,30,2026-07-20 20:15:00,2,6.7
ZN-06,Lobby,common_area,30,2026-07-20 20:30:00,2,6.7
ZN-06,Lobby,common_area,30,2026-07-20 20:45:00,0,0.0
ZN-06,Lobby,common_area,30,2026-07-20 21:00:00,0,0.0
ZN-06,Lobby,common_area,30,2026-07-20 21:15:00,0,0.0
ZN-06,Lobby,common_area,30,2026-07-20 21:30:00,2,6.7
ZN-06,Lobby,common_area,30,2026-07-20 21:45:00,1,3.3
ZN-06,Lobby,common_area,30,2026-07-20 22:00:00,0,0.0
ZN-06,Lobby,common_area,30,2026-07-20 22:15:00,2,6.7
ZN-06,Lobby,common_area,30,2026-07-20 22:30:00,6,20.0
ZN-06,Lobby,common_area,30,2026-07-20 22:45:00,2,6.7
ZN-06,Lobby,common_area,30,2026-07-20 23:00:00,0,0.0
ZN-06,Lobby,common_area,30,2026-07-20 23:15:00,0,0.0
ZN-06,Lobby,common_area,30,2026-07-20 23:30:00,4,13.3
ZN-06,Lobby,common_area,30,2026-07-20 23:45:00,2,6.7
ZN-06,Lobby,common_area,30,2026-07-21 00:00:00,0,0.0
ZN-06,Lobby,common_area,30,2026-07-21 00:15:00,1,3.3
ZN-06,Lobby,common_area,30,2026-07-21 00:30:00,3,10.0
ZN-06,Lobby,common_area,30,2026-07-21 00:45:00,1,3.3
ZN-06,Lobby,common_area,30,2026-07-21 01:00:00,3,10.0
ZN-06,Lobby,common_area,30,2026-07-21 01:15:00,0,0.0
ZN-06,Lobby,common_area,30,2026-07-21 01:30:00,1,3.3
ZN-06,Lobby,common_area,30,2026-07-21 01:45:00,0,0.0
ZN-06,Lobby,common_area,30,2026-07-21 02:00:00,2,6.7
ZN-06,Lobby,common_area,30,2026-07-21 02:15:00,7,23.3
ZN-06,Lobby,common_area,30,2026-07-21 02:30:00,0,0.0
ZN-06,Lobby,common_area,30,2026-07-21 02:45:00,1,3.3
ZN-06,Lobby,common_area,30,2026-07-21 03:00:00,2,6.7
ZN-06,Lobby,common_area,30,2026-07-21 03:15:00,0,0.0
ZN-06,Lobby,common_area,30,2026-07-21 03:30:00,0,0.0
ZN-06,Lobby,common_area,30,2026-07-21 03:45:00,0,0.0
ZN-06,Lobby,common_area,30,2026-07-21 04:00:00,0,0.0
ZN-06,Lobby,common_area,30,2026-07-21 04:15:00,0,0.0
ZN-06,Lobby,common_area,30,2026-07-21 04:30:00,0,0.0
ZN-06,Lobby,common_area,30,2026-07-21 04:45:00,0,0.0
ZN-06,Lobby,common_area,30,2026-07-21 05:00:00,0,0.0
ZN-06,Lobby,common_area,30,2026-07-21 05:15:00,4,13.3
ZN-06,Lobby,common_area,30,2026-07-21 05:30:00,0,0.0
ZN-06,Lobby,common_area,30,2026-07-21 05:45:00,11,36.7
ZN-06,Lobby,common_area,30,2026-07-21 06:00:00,25,83.3
ZN-06,Lobby,common_area,30,2026-07-21 06:15:00,22,73.3
ZN-06,Lobby,common_area,30,2026-07-21 06:30:00,30,100.0
ZN-06,Lobby,common_area,30,2026-07-21 06:45:00,30,100.0
ZN-06,Lobby,common_area,30,2026-07-21 07:00:00,30,100.0
ZN-06,Lobby,common_area,30,2026-07-21 07:15:00,30,100.0
ZN-06,Lobby,common_area,30,2026-07-21 07:30:00,30,100.0
ZN-06,Lobby,common_area,30,2026-07-21 07:45:00,29,96.7
ZN-06,Lobby,common_area,30,2026-07-21 08:00:00,25,83.3
ZN-06,Lobby,common_area,30,2026-07-21 08:15:00,30,100.0
ZN-06,Lobby,common_area,30,2026-07-21 08:30:00,25,83.3
ZN-06,Lobby,common_area,30,2026-07-21 08:45:00,30,100.0
ZN-06,Lobby,common_area,30,2026-07-21 09:00:00,25,83.3
ZN-06,Lobby,common_area,30,2026-07-21 09:15:00,30,100.0
ZN-06,Lobby,common_area,30,2026-07-21 09:30:00,29,96.7
ZN-06,Lobby,common_area,30,2026-07-21 09:45:00,22,73.3
ZN-06,Lobby,common_area,30,2026-07-21 10:00:00,25,83.3
ZN-06,Lobby,common_area,30,2026-07-21 10:15:00,17,56.7
ZN-06,Lobby,common_area,30,2026-07-21 10:30:00,10,33.3
ZN-06,Lobby,common_area,30,2026-07-21 10:45:00,11,36.7
ZN-06,Lobby,common_area,30,2026-07-21 11:00:00,24,80.0
ZN-06,Lobby,common_area,30,2026-07-21 11:15:00,23,76.7
ZN-06,Lobby,common_area,30,2026-07-21 11:30:00,26,86.7
ZN-06,Lobby,common_area,30,2026-07-21 11:45:00,30,100.0
ZN-06,Lobby,common_area,30,2026-07-21 12:00:00,30,100.0
ZN-06,Lobby,common_area,30,2026-07-21 12:15:00,28,93.3
ZN-06,Lobby,common_area,30,2026-07-21 12:30:00,30,100.0
ZN-06,Lobby,common_area,30,2026-07-21 12:45:00,30,100.0
ZN-06,Lobby,common_area,30,2026-07-21 13:00:00,24,80.0
ZN-06,Lobby,common_area,30,2026-07-21 13:15:00,29,96.7
ZN-06,Lobby,common_area,30,2026-07-21 13:30:00,30,100.0
ZN-06,Lobby,common_area,30,2026-07-21 13:45:00,29,96.7
ZN-06,Lobby,common_area,30,2026-07-21 14:00:00,27,90.0
ZN-06,Lobby,common_area,30,2026-07-21 14:15:00,30,100.0
ZN-06,Lobby,common_area,30,2026-07-21 14:30:00,30,100.0
ZN-06,Lobby,common_area,30,2026-07-21 14:45:00,24,80.0
ZN-06,Lobby,common_area,30,2026-07-21 15:00:00,18,60.0
ZN-06,Lobby,common_area,30,2026-07-21 15:15:00,16,53.3
ZN-06,Lobby,common_area,30,2026-07-21 15:30:00,13,43.3
ZN-06,Lobby,common_area,30,2026-07-21 15:45:00,7,23.3
ZN-06,Lobby,common_area,30,2026-07-21 16:00:00,8,26.7
ZN-06,Lobby,common_area,30,2026-07-21 16:15:00,9,30.0
ZN-06,Lobby,common_area,30,2026-07-21 16:30:00,0,0.0
ZN-06,Lobby,common_area,30,2026-07-21 16:45:00,2,6.7
ZN-06,Lobby,common_area,30,2026-07-21 17:00:00,0,0.0
ZN-06,Lobby,common_area,30,2026-07-21 17:15:00,3,10.0
ZN-06,Lobby,common_area,30,2026-07-21 17:30:00,0,0.0
ZN-06,Lobby,common_area,30,2026-07-21 17:45:00,0,0.0
ZN-06,Lobby,common_area,30,2026-07-21 18:00:00,0,0.0
ZN-06,Lobby,common_area,30,2026-07-21 18:15:00,1,3.3
ZN-06,Lobby,common_area,30,2026-07-21 18:30:00,0,0.0
ZN-06,Lobby,common_area,30,2026-07-21 18:45:00,3,10.0
ZN-06,Lobby,common_area,30,2026-07-21 19:00:00,0,0.0
ZN-06,Lobby,common_area,30,2026-07-21 19:15:00,2,6.7
ZN-06,Lobby,common_area,30,2026-07-21 19:30:00,0,0.0
ZN-06,Lobby,common_area,30,2026-07-21 19:45:00,0,0.0
ZN-06,Lobby,common_area,30,2026-07-21 20:00:00,0,0.0
ZN-06,Lobby,common_area,30,2026-07-21 20:15:00,0,0.0
ZN-06,Lobby,common_area,30,2026-07-21 20:30:00,4,13.3
ZN-06,Lobby,common_area,30,2026-07-21 20:45:00,5,16.7
ZN-06,Lobby,common_area,30,2026-07-21 21:00:00,0,0.0
ZN-06,Lobby,common_area,30,2026-07-21 21:15:00,3,10.0
ZN-06,Lobby,common_area,30,2026-07-21 21:30:00,0,0.0
ZN-06,Lobby,common_area,30,2026-07-21 21:45:00,1,3.3
ZN-06,Lobby,common_area,30,2026-07-21 22:00:00,0,0.0
ZN-06,Lobby,common_area,30,2026-07-21 22:15:00,0,0.0
ZN-06,Lobby,common_area,30,2026-07-21 22:30:00,0,0.0
ZN-06,Lobby,common_area,30,2026-07-21 22:45:00,0,0.0
ZN-06,Lobby,common_area,30,2026-07-21 23:00:00,5,16.7
ZN-06,Lobby,common_area,30,2026-07-21 23:15:00,0,0.0
ZN-06,Lobby,common_area,30,2026-07-21 23:30:00,0,0.0
ZN-06,Lobby,common_area,30,2026-07-21 23:45:00,3,10.0
ZN-06,Lobby,common_area,30,2026-07-22 00:00:00,1,3.3
ZN-06,Lobby,common_area,30,2026-07-22 00:15:00,0,0.0
ZN-06,Lobby,common_area,30,2026-07-22 00:30:00,0,0.0
ZN-06,Lobby,common_area,30,2026-07-22 00:45:00,0,0.0
ZN-06,Lobby,common_area,30,2026-07-22 01:00:00,1,3.3
ZN-06,Lobby,common_area,30,2026-07-22 01:15:00,0,0.0
ZN-06,Lobby,common_area,30,2026-07-22 01:30:00,4,13.3
ZN-06,Lobby,common_area,30,2026-07-22 01:45:00,0,0.0
ZN-06,Lobby,common_area,30,2026-07-22 02:00:00,0,0.0
ZN-06,Lobby,common_area,30,2026-07-22 02:15:00,0,0.0
ZN-06,Lobby,common_area,30,2026-07-22 02:30:00,0,0.0
ZN-06,Lobby,common_area,30,2026-07-22 02:45:00,0,0.0
ZN-06,Lobby,common_area,30,2026-07-22 03:00:00,0,0.0
ZN-06,Lobby,common_area,30,2026-07-22 03:15:00,0,0.0
ZN-06,Lobby,common_area,30,2026-07-22 03:30:00,1,3.3
ZN-06,Lobby,common_area,30,2026-07-22 03:45:00,0,0.0
ZN-06,Lobby,common_area,30,2026-07-22 04:00:00,0,0.0
ZN-06,Lobby,common_area,30,2026-07-22 04:15:00,0,0.0
ZN-06,Lobby,common_area,30,2026-07-22 04:30:00,0,0.0
ZN-06,Lobby,common_area,30,2026-07-22 04:45:00,0,0.0
ZN-06,Lobby,common_area,30,2026-07-22 05:00:00,1,3.3
ZN-06,Lobby,common_area,30,2026-07-22 05:15:00,0,0.0
ZN-06,Lobby,common_area,30,2026-07-22 05:30:00,2,6.7
ZN-06,Lobby,common_area,30,2026-07-22 05:45:00,16,53.3
ZN-06,Lobby,common_area,30,2026-07-22 06:00:00,27,90.0
ZN-06,Lobby,common_area,30,2026-07-22 06:15:00,30,100.0
ZN-06,Lobby,common_area,30,2026-07-22 06:30:00,28,93.3
ZN-06,Lobby,common_area,30,2026-07-22 06:45:00,30,100.0
ZN-06,Lobby,common_area,30,2026-07-22 07:00:00,28,93.3
ZN-06,Lobby,common_area,30,2026-07-22 07:15:00,30,100.0
ZN-06,Lobby,common_area,30,2026-07-22 07:30:00,29,96.7
ZN-06,Lobby,common_area,30,2026-07-22 07:45:00,24,80.0
ZN-06,Lobby,common_area,30,2026-07-22 08:00:00,26,86.7
ZN-06,Lobby,common_area,30,2026-07-22 08:15:00,30,100.0
ZN-06,Lobby,common_area,30,2026-07-22 08:30:00,27,90.0
ZN-06,Lobby,common_area,30,2026-07-22 08:45:00,25,83.3
ZN-06,Lobby,common_area,30,2026-07-22 09:00:00,22,73.3
ZN-06,Lobby,common_area,30,2026-07-22 09:15:00,23,76.7
ZN-06,Lobby,common_area,30,2026-07-22 09:30:00,25,83.3
ZN-06,Lobby,common_area,30,2026-07-22 09:45:00,22,73.3
ZN-06,Lobby,common_area,30,2026-07-22 10:00:00,24,80.0
ZN-06,Lobby,common_area,30,2026-07-22 10:15:00,16,53.3
ZN-06,Lobby,common_area,30,2026-07-22 10:30:00,6,20.0
ZN-06,Lobby,common_area,30,2026-07-22 10:45:00,16,53.3
ZN-06,Lobby,common_area,30,2026-07-22 11:00:00,28,93.3
ZN-06,Lobby,common_area,30,2026-07-22 11:15:00,25,83.3
ZN-06,Lobby,common_area,30,2026-07-22 11:30:00,29,96.7
ZN-06,Lobby,common_area,30,2026-07-22 11:45:00,24,80.0
ZN-06,Lobby,common_area,30,2026-07-22 12:00:00,29,96.7
ZN-06,Lobby,common_area,30,2026-07-22 12:15:00,26,86.7
ZN-06,Lobby,common_area,30,2026-07-22 12:30:00,30,100.0
ZN-06,Lobby,common_area,30,2026-07-22 12:45:00,27,90.0
ZN-06,Lobby,common_area,30,2026-07-22 13:00:00,30,100.0
ZN-06,Lobby,common_area,30,2026-07-22 13:15:00,27,90.0
ZN-06,Lobby,common_area,30,2026-07-22 13:30:00,30,100.0
ZN-06,Lobby,common_area,30,2026-07-22 13:45:00,26,86.7
ZN-06,Lobby,common_area,30,2026-07-22 14:00:00,28,93.3
ZN-06,Lobby,common_area,30,2026-07-22 14:15:00,28,93.3
ZN-06,Lobby,common_area,30,2026-07-22 14:30:00,29,96.7
ZN-06,Lobby,common_area,30,2026-07-22 14:45:00,30,100.0
ZN-06,Lobby,common_area,30,2026-07-22 15:00:00,26,86.7
ZN-06,Lobby,common_area,30,2026-07-22 15:15:00,18,60.0
ZN-06,Lobby,common_area,30,2026-07-22 15:30:00,11,36.7
ZN-06,Lobby,common_area,30,2026-07-22 15:45:00,11,36.7
ZN-06,Lobby,common_area,30,2026-07-22 16:00:00,12,40.0
ZN-06,Lobby,common_area,30,2026-07-22 16:15:00,8,26.7
ZN-06,Lobby,common_area,30,2026-07-22 16:30:00,0,0.0
ZN-06,Lobby,common_area,30,2026-07-22 16:45:00,0,0.0
ZN-06,Lobby,common_area,30,2026-07-22 17:00:00,2,6.7
ZN-06,Lobby,common_area,30,2026-07-22 17:15:00,0,0.0
ZN-06,Lobby,common_area,30,2026-07-22 17:30:00,0,0.0
ZN-06,Lobby,common_area,30,2026-07-22 17:45:00,2,6.7
ZN-06,Lobby,common_area,30,2026-07-22 18:00:00,8,26.7
ZN-06,Lobby,common_area,30,2026-07-22 18:15:00,3,10.0
ZN-06,Lobby,common_area,30,2026-07-22 18:30:00,0,0.0
ZN-06,Lobby,common_area,30,2026-07-22 18:45:00,0,0.0
ZN-06,Lobby,common_area,30,2026-07-22 19:00:00,0,0.0
ZN-06,Lobby,common_area,30,2026-07-22 19:15:00,2,6.7
ZN-06,Lobby,common_area,30,2026-07-22 19:30:00,0,0.0
ZN-06,Lobby,common_area,30,2026-07-22 19:45:00,1,3.3
ZN-06,Lobby,common_area,30,2026-07-22 20:00:00,0,0.0
ZN-06,Lobby,common_area,30,2026-07-22 20:15:00,2,6.7
ZN-06,Lobby,common_area,30,2026-07-22 20:30:00,5,16.7
ZN-06,Lobby,common_area,30,2026-07-22 20:45:00,0,0.0
ZN-06,Lobby,common_area,30,2026-07-22 21:00:00,4,13.3
ZN-06,Lobby,common_area,30,2026-07-22 21:15:00,0,0.0
ZN-06,Lobby,common_area,30,2026-07-22 21:30:00,0,0.0
ZN-06,Lobby,common_area,30,2026-07-22 21:45:00,3,10.0
ZN-06,Lobby,common_area,30,2026-07-22 22:00:00,4,13.3
ZN-06,Lobby,common_area,30,2026-07-22 22:15:00,0,0.0
ZN-06,Lobby,common_area,30,2026-07-22 22:30:00,0,0.0
ZN-06,Lobby,common_area,30,2026-07-22 22:45:00,0,0.0
ZN-06,Lobby,common_area,30,2026-07-22 23:00:00,0,0.0
ZN-06,Lobby,common_area,30,2026-07-22 23:15:00,0,0.0
ZN-06,Lobby,common_area,30,2026-07-22 23:30:00,0,0.0
ZN-06,Lobby,common_area,30,2026-07-22 23:45:00,0,0.0
ZN-06,Lobby,common_area,30,2026-07-23 00:00:00,0,0.0
ZN-06,Lobby,common_area,30,2026-07-23 00:15:00,0,0.0
ZN-06,Lobby,common_area,30,2026-07-23 00:30:00,0,0.0
ZN-06,Lobby,common_area,30,2026-07-23 00:45:00,2,6.7
ZN-06,Lobby,common_area,30,2026-07-23 01:00:00,0,0.0
ZN-06,Lobby,common_area,30,2026-07-23 01:15:00,7,23.3
ZN-06,Lobby,common_area,30,2026-07-23 01:30:00,0,0.0
ZN-06,Lobby,common_area,30,2026-07-23 01:45:00,0,0.0
ZN-06,Lobby,common_area,30,2026-07-23 02:00:00,0,0.0
ZN-06,Lobby,common_area,30,2026-07-23 02:15:00,0,0.0
ZN-06,Lobby,common_area,30,2026-07-23 02:30:00,0,0.0
ZN-06,Lobby,common_area,30,2026-07-23 02:45:00,3,10.0
ZN-06,Lobby,common_area,30,2026-07-23 03:00:00,4,13.3
ZN-06,Lobby,common_area,30,2026-07-23 03:15:00,0,0.0
ZN-06,Lobby,common_area,30,2026-07-23 03:30:00,0,0.0
ZN-06,Lobby,common_area,30,2026-07-23 03:45:00,0,0.0
ZN-06,Lobby,common_area,30,2026-07-23 04:00:00,0,0.0
ZN-06,Lobby,common_area,30,2026-07-23 04:15:00,5,16.7
ZN-06,Lobby,common_area,30,2026-07-23 04:30:00,0,0.0
ZN-06,Lobby,common_area,30,2026-07-23 04:45:00,0,0.0
ZN-06,Lobby,common_area,30,2026-07-23 05:00:00,0,0.0
ZN-06,Lobby,common_area,30,2026-07-23 05:15:00,0,0.0
ZN-06,Lobby,common_area,30,2026-07-23 05:30:00,0,0.0
ZN-06,Lobby,common_area,30,2026-07-23 05:45:00,13,43.3
ZN-06,Lobby,common_area,30,2026-07-23 06:00:00,18,60.0
ZN-06,Lobby,common_area,30,2026-07-23 06:15:00,25,83.3
ZN-06,Lobby,common_area,30,2026-07-23 06:30:00,30,100.0
ZN-06,Lobby,common_area,30,2026-07-23 06:45:00,26,86.7
ZN-06,Lobby,common_area,30,2026-07-23 07:00:00,27,90.0
ZN-06,Lobby,common_area,30,2026-07-23 07:15:00,30,100.0
ZN-06,Lobby,common_area,30,2026-07-23 07:30:00,30,100.0
ZN-06,Lobby,common_area,30,2026-07-23 07:45:00,27,90.0
ZN-06,Lobby,common_area,30,2026-07-23 08:00:00,20,66.7
ZN-06,Lobby,common_area,30,2026-07-23 08:15:00,30,100.0
ZN-06,Lobby,common_area,30,2026-07-23 08:30:00,24,80.0
ZN-06,Lobby,common_area,30,2026-07-23 08:45:00,29,96.7
ZN-06,Lobby,common_area,30,2026-07-23 09:00:00,30,100.0
ZN-06,Lobby,common_area,30,2026-07-23 09:15:00,30,100.0
ZN-06,Lobby,common_area,30,2026-07-23 09:30:00,30,100.0
ZN-06,Lobby,common_area,30,2026-07-23 09:45:00,20,66.7
ZN-06,Lobby,common_area,30,2026-07-23 10:00:00,19,63.3
ZN-06,Lobby,common_area,30,2026-07-23 10:15:00,15,50.0
ZN-06,Lobby,common_area,30,2026-07-23 10:30:00,7,23.3
ZN-06,Lobby,common_area,30,2026-07-23 10:45:00,11,36.7
ZN-06,Lobby,common_area,30,2026-07-23 11:00:00,25,83.3
ZN-06,Lobby,common_area,30,2026-07-23 11:15:00,27,90.0
ZN-06,Lobby,common_area,30,2026-07-23 11:30:00,26,86.7
ZN-06,Lobby,common_area,30,2026-07-23 11:45:00,20,66.7
ZN-06,Lobby,common_area,30,2026-07-23 12:00:00,26,86.7
ZN-06,Lobby,common_area,30,2026-07-23 12:15:00,28,93.3
ZN-06,Lobby,common_area,30,2026-07-23 12:30:00,29,96.7
ZN-06,Lobby,common_area,30,2026-07-23 12:45:00,30,100.0
ZN-06,Lobby,common_area,30,2026-07-23 13:00:00,30,100.0
ZN-06,Lobby,common_area,30,2026-07-23 13:15:00,30,100.0
ZN-06,Lobby,common_area,30,2026-07-23 13:30:00,30,100.0
ZN-06,Lobby,common_area,30,2026-07-23 13:45:00,23,76.7
ZN-06,Lobby,common_area,30,2026-07-23 14:00:00,25,83.3
ZN-06,Lobby,common_area,30,2026-07-23 14:15:00,26,86.7
ZN-06,Lobby,common_area,30,2026-07-23 14:30:00,30,100.0
ZN-06,Lobby,common_area,30,2026-07-23 14:45:00,26,86.7
ZN-06,Lobby,common_area,30,2026-07-23 15:00:00,20,66.7
ZN-06,Lobby,common_area,30,2026-07-23 15:15:00,10,33.3
ZN-06,Lobby,common_area,30,2026-07-23 15:30:00,10,33.3
ZN-06,Lobby,common_area,30,2026-07-23 15:45:00,13,43.3
ZN-06,Lobby,common_area,30,2026-07-23 16:00:00,9,30.0
ZN-06,Lobby,common_area,30,2026-07-23 16:15:00,4,13.3
ZN-06,Lobby,common_area,30,2026-07-23 16:30:00,0,0.0
ZN-06,Lobby,common_area,30,2026-07-23 16:45:00,0,0.0
ZN-06,Lobby,common_area,30,2026-07-23 17:00:00,2,6.7
ZN-06,Lobby,common_area,30,2026-07-23 17:15:00,0,0.0
ZN-06,Lobby,common_area,30,2026-07-23 17:30:00,2,6.7
ZN-06,Lobby,common_area,30,2026-07-23 17:45:00,4,13.3
ZN-06,Lobby,common_area,30,2026-07-23 18:00:00,0,0.0
ZN-06,Lobby,common_area,30,2026-07-23 18:15:00,1,3.3
ZN-06,Lobby,common_area,30,2026-07-23 18:30:00,5,16.7
ZN-06,Lobby,common_area,30,2026-07-23 18:45:00,0,0.0
ZN-06,Lobby,common_area,30,2026-07-23 19:00:00,0,0.0
ZN-06,Lobby,common_area,30,2026-07-23 19:15:00,0,0.0
ZN-06,Lobby,common_area,30,2026-07-23 19:30:00,2,6.7
ZN-06,Lobby,common_area,30,2026-07-23 19:45:00,0,0.0
ZN-06,Lobby,common_area,30,2026-07-23 20:00:00,5,16.7
ZN-06,Lobby,common_area,30,2026-07-23 20:15:00,6,20.0
ZN-06,Lobby,common_area,30,2026-07-23 20:30:00,0,0.0
ZN-06,Lobby,common_area,30,2026-07-23 20:45:00,0,0.0
ZN-06,Lobby,common_area,30,2026-07-23 21:00:00,0,0.0
ZN-06,Lobby,common_area,30,2026-07-23 21:15:00,3,10.0
ZN-06,Lobby,common_area,30,2026-07-23 21:30:00,3,10.0
ZN-06,Lobby,common_area,30,2026-07-23 21:45:00,0,0.0
ZN-06,Lobby,common_area,30,2026-07-23 22:00:00,0,0.0
ZN-06,Lobby,common_area,30,2026-07-23 22:15:00,0,0.0
ZN-06,Lobby,common_area,30,2026-07-23 22:30:00,0,0.0
ZN-06,Lobby,common_area,30,2026-07-23 22:45:00,0,0.0
ZN-06,Lobby,common_area,30,2026-07-23 23:00:00,3,10.0
ZN-06,Lobby,common_area,30,2026-07-23 23:15:00,2,6.7
ZN-06,Lobby,common_area,30,2026-07-23 23:30:00,2,6.7
ZN-06,Lobby,common_area,30,2026-07-23 23:45:00,0,0.0
ZN-06,Lobby,common_area,30,2026-07-24 00:00:00,0,0.0
ZN-06,Lobby,common_area,30,2026-07-24 00:15:00,0,0.0
ZN-06,Lobby,common_area,30,2026-07-24 00:30:00,2,6.7
ZN-06,Lobby,common_area,30,2026-07-24 00:45:00,0,0.0
ZN-06,Lobby,common_area,30,2026-07-24 01:00:00,1,3.3
ZN-06,Lobby,common_area,30,2026-07-24 01:15:00,0,0.0
ZN-06,Lobby,common_area,30,2026-07-24 01:30:00,0,0.0
ZN-06,Lobby,common_area,30,2026-07-24 01:45:00,0,0.0
ZN-06,Lobby,common_area,30,2026-07-24 02:00:00,0,0.0
ZN-06,Lobby,common_area,30,2026-07-24 02:15:00,3,10.0
ZN-06,Lobby,common_area,30,2026-07-24 02:30:00,0,0.0
ZN-06,Lobby,common_area,30,2026-07-24 02:45:00,3,10.0
ZN-06,Lobby,common_area,30,2026-07-24 03:00:00,5,16.7
ZN-06,Lobby,common_area,30,2026-07-24 03:15:00,2,6.7
ZN-06,Lobby,common_area,30,2026-07-24 03:30:00,0,0.0
ZN-06,Lobby,common_area,30,2026-07-24 03:45:00,2,6.7
ZN-06,Lobby,common_area,30,2026-07-24 04:00:00,0,0.0
ZN-06,Lobby,common_area,30,2026-07-24 04:15:00,3,10.0
ZN-06,Lobby,common_area,30,2026-07-24 04:30:00,0,0.0
ZN-06,Lobby,common_area,30,2026-07-24 04:45:00,3,10.0
ZN-06,Lobby,common_area,30,2026-07-24 05:00:00,0,0.0
ZN-06,Lobby,common_area,30,2026-07-24 05:15:00,2,6.7
ZN-06,Lobby,common_area,30,2026-07-24 05:30:00,5,16.7
ZN-06,Lobby,common_area,30,2026-07-24 05:45:00,10,33.3
ZN-06,Lobby,common_area,30,2026-07-24 06:00:00,24,80.0
ZN-06,Lobby,common_area,30,2026-07-24 06:15:00,30,100.0
ZN-06,Lobby,common_area,30,2026-07-24 06:30:00,30,100.0
ZN-06,Lobby,common_area,30,2026-07-24 06:45:00,30,100.0
ZN-06,Lobby,common_area,30,2026-07-24 07:00:00,30,100.0
ZN-06,Lobby,common_area,30,2026-07-24 07:15:00,29,96.7
ZN-06,Lobby,common_area,30,2026-07-24 07:30:00,29,96.7
ZN-06,Lobby,common_area,30,2026-07-24 07:45:00,30,100.0
ZN-06,Lobby,common_area,30,2026-07-24 08:00:00,30,100.0
ZN-06,Lobby,common_area,30,2026-07-24 08:15:00,26,86.7
ZN-06,Lobby,common_area,30,2026-07-24 08:30:00,25,83.3
ZN-06,Lobby,common_area,30,2026-07-24 08:45:00,27,90.0
ZN-06,Lobby,common_area,30,2026-07-24 09:00:00,30,100.0
ZN-06,Lobby,common_area,30,2026-07-24 09:15:00,26,86.7
ZN-06,Lobby,common_area,30,2026-07-24 09:30:00,24,80.0
ZN-06,Lobby,common_area,30,2026-07-24 09:45:00,23,76.7
ZN-06,Lobby,common_area,30,2026-07-24 10:00:00,24,80.0
ZN-06,Lobby,common_area,30,2026-07-24 10:15:00,19,63.3
ZN-06,Lobby,common_area,30,2026-07-24 10:30:00,8,26.7
ZN-06,Lobby,common_area,30,2026-07-24 10:45:00,13,43.3
ZN-06,Lobby,common_area,30,2026-07-24 11:00:00,23,76.7
ZN-06,Lobby,common_area,30,2026-07-24 11:15:00,26,86.7
ZN-06,Lobby,common_area,30,2026-07-24 11:30:00,23,76.7
ZN-06,Lobby,common_area,30,2026-07-24 11:45:00,24,80.0
ZN-06,Lobby,common_area,30,2026-07-24 12:00:00,30,100.0
ZN-06,Lobby,common_area,30,2026-07-24 12:15:00,30,100.0
ZN-06,Lobby,common_area,30,2026-07-24 12:30:00,29,96.7
ZN-06,Lobby,common_area,30,2026-07-24 12:45:00,30,100.0
ZN-06,Lobby,common_area,30,2026-07-24 13:00:00,30,100.0
ZN-06,Lobby,common_area,30,2026-07-24 13:15:00,28,93.3
ZN-06,Lobby,common_area,30,2026-07-24 13:30:00,27,90.0
ZN-06,Lobby,common_area,30,2026-07-24 13:45:00,29,96.7
ZN-06,Lobby,common_area,30,2026-07-24 14:00:00,30,100.0
ZN-06,Lobby,common_area,30,2026-07-24 14:15:00,30,100.0
ZN-06,Lobby,common_area,30,2026-07-24 14:30:00,30,100.0
ZN-06,Lobby,common_area,30,2026-07-24 14:45:00,24,80.0
ZN-06,Lobby,common_area,30,2026-07-24 15:00:00,22,73.3
ZN-06,Lobby,common_area,30,2026-07-24 15:15:00,14,46.7
ZN-06,Lobby,common_area,30,2026-07-24 15:30:00,12,40.0
ZN-06,Lobby,common_area,30,2026-07-24 15:45:00,14,46.7
ZN-06,Lobby,common_area,30,2026-07-24 16:00:00,12,40.0
ZN-06,Lobby,common_area,30,2026-07-24 16:15:00,5,16.7
ZN-06,Lobby,common_area,30,2026-07-24 16:30:00,0,0.0
ZN-06,Lobby,common_area,30,2026-07-24 16:45:00,0,0.0
ZN-06,Lobby,common_area,30,2026-07-24 17:00:00,0,0.0
ZN-06,Lobby,common_area,30,2026-07-24 17:15:00,1,3.3
ZN-06,Lobby,common_area,30,2026-07-24 17:30:00,0,0.0
ZN-06,Lobby,common_area,30,2026-07-24 17:45:00,1,3.3
ZN-06,Lobby,common_area,30,2026-07-24 18:00:00,3,10.0
ZN-06,Lobby,common_area,30,2026-07-24 18:15:00,0,0.0
ZN-06,Lobby,common_area,30,2026-07-24 18:30:00,1,3.3
ZN-06,Lobby,common_area,30,2026-07-24 18:45:00,1,3.3
ZN-06,Lobby,common_area,30,2026-07-24 19:00:00,3,10.0
ZN-06,Lobby,common_area,30,2026-07-24 19:15:00,7,23.3
ZN-06,Lobby,common_area,30,2026-07-24 19:30:00,0,0.0
ZN-06,Lobby,common_area,30,2026-07-24 19:45:00,2,6.7
ZN-06,Lobby,common_area,30,2026-07-24 20:00:00,3,10.0
ZN-06,Lobby,common_area,30,2026-07-24 20:15:00,0,0.0
ZN-06,Lobby,common_area,30,2026-07-24 20:30:00,1,3.3
ZN-06,Lobby,common_area,30,2026-07-24 20:45:00,0,0.0
ZN-06,Lobby,common_area,30,2026-07-24 21:00:00,0,0.0
ZN-06,Lobby,common_area,30,2026-07-24 21:15:00,4,13.3
ZN-06,Lobby,common_area,30,2026-07-24 21:30:00,0,0.0
ZN-06,Lobby,common_area,30,2026-07-24 21:45:00,1,3.3
ZN-06,Lobby,common_area,30,2026-07-24 22:00:00,0,0.0
ZN-06,Lobby,common_area,30,2026-07-24 22:15:00,2,6.7
ZN-06,Lobby,common_area,30,2026-07-24 22:30:00,0,0.0
ZN-06,Lobby,common_area,30,2026-07-24 22:45:00,0,0.0
ZN-06,Lobby,common_area,30,2026-07-24 23:00:00,1,3.3
ZN-06,Lobby,common_area,30,2026-07-24 23:15:00,0,0.0
ZN-06,Lobby,common_area,30,2026-07-24 23:30:00,0,0.0
ZN-06,Lobby,common_area,30,2026-07-24 23:45:00,1,3.3
ZN-06,Lobby,common_area,30,2026-07-25 00:00:00,4,13.3
ZN-06,Lobby,common_area,30,2026-07-25 00:15:00,0,0.0
ZN-06,Lobby,common_area,30,2026-07-25 00:30:00,1,3.3
ZN-06,Lobby,common_area,30,2026-07-25 00:45:00,0,0.0
ZN-06,Lobby,common_area,30,2026-07-25 01:00:00,2,6.7
ZN-06,Lobby,common_area,30,2026-07-25 01:15:00,1,3.3
ZN-06,Lobby,common_area,30,2026-07-25 01:30:00,0,0.0
ZN-06,Lobby,common_area,30,2026-07-25 01:45:00,0,0.0
ZN-06,Lobby,common_area,30,2026-07-25 02:00:00,8,26.7
ZN-06,Lobby,common_area,30,2026-07-25 02:15:00,4,13.3
ZN-06,Lobby,common_area,30,2026-07-25 02:30:00,1,3.3
ZN-06,Lobby,common_area,30,2026-07-25 02:45:00,0,0.0
ZN-06,Lobby,common_area,30,2026-07-25 03:00:00,6,20.0
ZN-06,Lobby,common_area,30,2026-07-25 03:15:00,0,0.0
ZN-06,Lobby,common_area,30,2026-07-25 03:30:00,2,6.7
ZN-06,Lobby,common_area,30,2026-07-25 03:45:00,0,0.0
ZN-06,Lobby,common_area,30,2026-07-25 04:00:00,0,0.0
ZN-06,Lobby,common_area,30,2026-07-25 04:15:00,0,0.0
ZN-06,Lobby,common_area,30,2026-07-25 04:30:00,1,3.3
ZN-06,Lobby,common_area,30,2026-07-25 04:45:00,0,0.0
ZN-06,Lobby,common_area,30,2026-07-25 05:00:00,3,10.0
ZN-06,Lobby,common_area,30,2026-07-25 05:15:00,0,0.0
ZN-06,Lobby,common_area,30,2026-07-25 05:30:00,4,13.3
ZN-06,Lobby,common_area,30,2026-07-25 05:45:00,0,0.0
ZN-06,Lobby,common_area,30,2026-07-25 06:00:00,2,6.7
ZN-06,Lobby,common_area,30,2026-07-25 06:15:00,0,0.0
ZN-06,Lobby,common_area,30,2026-07-25 06:30:00,5,16.7
ZN-06,Lobby,common_area,30,2026-07-25 06:45:00,0,0.0
ZN-06,Lobby,common_area,30,2026-07-25 07:00:00,0,0.0
ZN-06,Lobby,common_area,30,2026-07-25 07:15:00,1,3.3
ZN-06,Lobby,common_area,30,2026-07-25 07:30:00,2,6.7
ZN-06,Lobby,common_area,30,2026-07-25 07:45:00,2,6.7
ZN-06,Lobby,common_area,30,2026-07-25 08:00:00,0,0.0
ZN-06,Lobby,common_area,30,2026-07-25 08:15:00,2,6.7
ZN-06,Lobby,common_area,30,2026-07-25 08:30:00,2,6.7
ZN-06,Lobby,common_area,30,2026-07-25 08:45:00,0,0.0
ZN-06,Lobby,common_area,30,2026-07-25 09:00:00,1,3.3
ZN-06,Lobby,common_area,30,2026-07-25 09:15:00,0,0.0
ZN-06,Lobby,common_area,30,2026-07-25 09:30:00,0,0.0
ZN-06,Lobby,common_area,30,2026-07-25 09:45:00,11,36.7
ZN-06,Lobby,common_area,30,2026-07-25 10:00:00,0,0.0
ZN-06,Lobby,common_area,30,2026-07-25 10:15:00,0,0.0
ZN-06,Lobby,common_area,30,2026-07-25 10:30:00,5,16.7
ZN-06,Lobby,common_area,30,2026-07-25 10:45:00,1,3.3
ZN-06,Lobby,common_area,30,2026-07-25 11:00:00,0,0.0
ZN-06,Lobby,common_area,30,2026-07-25 11:15:00,1,3.3
ZN-06,Lobby,common_area,30,2026-07-25 11:30:00,0,0.0
ZN-06,Lobby,common_area,30,2026-07-25 11:45:00,0,0.0
ZN-06,Lobby,common_area,30,2026-07-25 12:00:00,1,3.3
ZN-06,Lobby,common_area,30,2026-07-25 12:15:00,3,10.0
ZN-06,Lobby,common_area,30,2026-07-25 12:30:00,8,26.7
ZN-06,Lobby,common_area,30,2026-07-25 12:45:00,3,10.0
ZN-06,Lobby,common_area,30,2026-07-25 13:00:00,3,10.0
ZN-06,Lobby,common_area,30,2026-07-25 13:15:00,7,23.3
ZN-06,Lobby,common_area,30,2026-07-25 13:30:00,3,10.0
ZN-06,Lobby,common_area,30,2026-07-25 13:45:00,2,6.7
ZN-06,Lobby,common_area,30,2026-07-25 14:00:00,0,0.0
ZN-06,Lobby,common_area,30,2026-07-25 14:15:00,6,20.0
ZN-06,Lobby,common_area,30,2026-07-25 14:30:00,4,13.3
ZN-06,Lobby,common_area,30,2026-07-25 14:45:00,4,13.3
ZN-06,Lobby,common_area,30,2026-07-25 15:00:00,0,0.0
ZN-06,Lobby,common_area,30,2026-07-25 15:15:00,0,0.0
ZN-06,Lobby,common_area,30,2026-07-25 15:30:00,1,3.3
ZN-06,Lobby,common_area,30,2026-07-25 15:45:00,0,0.0
ZN-06,Lobby,common_area,30,2026-07-25 16:00:00,0,0.0
ZN-06,Lobby,common_area,30,2026-07-25 16:15:00,1,3.3
ZN-06,Lobby,common_area,30,2026-07-25 16:30:00,2,6.7
ZN-06,Lobby,common_area,30,2026-07-25 16:45:00,0,0.0
ZN-06,Lobby,common_area,30,2026-07-25 17:00:00,2,6.7
ZN-06,Lobby,common_area,30,2026-07-25 17:15:00,4,13.3
ZN-06,Lobby,common_area,30,2026-07-25 17:30:00,3,10.0
ZN-06,Lobby,common_area,30,2026-07-25 17:45:00,0,0.0
ZN-06,Lobby,common_area,30,2026-07-25 18:00:00,2,6.7
ZN-06,Lobby,common_area,30,2026-07-25 18:15:00,0,0.0
ZN-06,Lobby,common_area,30,2026-07-25 18:30:00,6,20.0
ZN-06,Lobby,common_area,30,2026-07-25 18:45:00,0,0.0
ZN-06,Lobby,common_area,30,2026-07-25 19:00:00,1,3.3
ZN-06,Lobby,common_area,30,2026-07-25 19:15:00,3,10.0
ZN-06,Lobby,common_area,30,2026-07-25 19:30:00,0,0.0
ZN-06,Lobby,common_area,30,2026-07-25 19:45:00,0,0.0
ZN-06,Lobby,common_area,30,2026-07-25 20:00:00,3,10.0
ZN-06,Lobby,common_area,30,2026-07-25 20:15:00,10,33.3
ZN-06,Lobby,common_area,30,2026-07-25 20:30:00,1,3.3
ZN-06,Lobby,common_area,30,2026-07-25 20:45:00,0,0.0
ZN-06,Lobby,common_area,30,2026-07-25 21:00:00,4,13.3
ZN-06,Lobby,common_area,30,2026-07-25 21:15:00,0,0.0
ZN-06,Lobby,common_area,30,2026-07-25 21:30:00,0,0.0
ZN-06,Lobby,common_area,30,2026-07-25 21:45:00,0,0.0
ZN-06,Lobby,common_area,30,2026-07-25 22:00:00,3,10.0
ZN-06,Lobby,common_area,30,2026-07-25 22:15:00,0,0.0
ZN-06,Lobby,common_area,30,2026-07-25 22:30:00,0,0.0
ZN-06,Lobby,common_area,30,2026-07-25 22:45:00,0,0.0
ZN-06,Lobby,common_area,30,2026-07-25 23:00:00,0,0.0
ZN-06,Lobby,common_area,30,2026-07-25 23:15:00,0,0.0
ZN-06,Lobby,common_area,30,2026-07-25 23:30:00,9,30.0
ZN-06,Lobby,common_area,30,2026-07-25 23:45:00,5,16.7
ZN-06,Lobby,common_area,30,2026-07-26 00:00:00,1,3.3
ZN-06,Lobby,common_area,30,2026-07-26 00:15:00,0,0.0
ZN-06,Lobby,common_area,30,2026-07-26 00:30:00,3,10.0
ZN-06,Lobby,common_area,30,2026-07-26 00:45:00,2,6.7
ZN-06,Lobby,common_area,30,2026-07-26 01:00:00,0,0.0
ZN-06,Lobby,common_area,30,2026-07-26 01:15:00,6,20.0
ZN-06,Lobby,common_area,30,2026-07-26 01:30:00,3,10.0
ZN-06,Lobby,common_area,30,2026-07-26 01:45:00,3,10.0
ZN-06,Lobby,common_area,30,2026-07-26 02:00:00,1,3.3
ZN-06,Lobby,common_area,30,2026-07-26 02:15:00,0,0.0
ZN-06,Lobby,common_area,30,2026-07-26 02:30:00,0,0.0
ZN-06,Lobby,common_area,30,2026-07-26 02:45:00,0,0.0
ZN-06,Lobby,common_area,30,2026-07-26 03:00:00,0,0.0
ZN-06,Lobby,common_area,30,2026-07-26 03:15:00,3,10.0
ZN-06,Lobby,common_area,30,2026-07-26 03:30:00,1,3.3
ZN-06,Lobby,common_area,30,2026-07-26 03:45:00,1,3.3
ZN-06,Lobby,common_area,30,2026-07-26 04:00:00,0,0.0
ZN-06,Lobby,common_area,30,2026-07-26 04:15:00,0,0.0
ZN-06,Lobby,common_area,30,2026-07-26 04:30:00,5,16.7
ZN-06,Lobby,common_area,30,2026-07-26 04:45:00,2,6.7
ZN-06,Lobby,common_area,30,2026-07-26 05:00:00,0,0.0
ZN-06,Lobby,common_area,30,2026-07-26 05:15:00,0,0.0
ZN-06,Lobby,common_area,30,2026-07-26 05:30:00,2,6.7
ZN-06,Lobby,common_area,30,2026-07-26 05:45:00,3,10.0
ZN-06,Lobby,common_area,30,2026-07-26 06:00:00,6,20.0
ZN-06,Lobby,common_area,30,2026-07-26 06:15:00,0,0.0
ZN-06,Lobby,common_area,30,2026-07-26 06:30:00,1,3.3
ZN-06,Lobby,common_area,30,2026-07-26 06:45:00,4,13.3
ZN-06,Lobby,common_area,30,2026-07-26 07:00:00,0,0.0
ZN-06,Lobby,common_area,30,2026-07-26 07:15:00,0,0.0
ZN-06,Lobby,common_area,30,2026-07-26 07:30:00,0,0.0
ZN-06,Lobby,common_area,30,2026-07-26 07:45:00,0,0.0
ZN-06,Lobby,common_area,30,2026-07-26 08:00:00,3,10.0
ZN-06,Lobby,common_area,30,2026-07-26 08:15:00,0,0.0
ZN-06,Lobby,common_area,30,2026-07-26 08:30:00,0,0.0
ZN-06,Lobby,common_area,30,2026-07-26 08:45:00,0,0.0
ZN-06,Lobby,common_area,30,2026-07-26 09:00:00,0,0.0
ZN-06,Lobby,common_area,30,2026-07-26 09:15:00,0,0.0
ZN-06,Lobby,common_area,30,2026-07-26 09:30:00,4,13.3
ZN-06,Lobby,common_area,30,2026-07-26 09:45:00,2,6.7
ZN-06,Lobby,common_area,30,2026-07-26 10:00:00,0,0.0
ZN-06,Lobby,common_area,30,2026-07-26 10:15:00,3,10.0
ZN-06,Lobby,common_area,30,2026-07-26 10:30:00,0,0.0
ZN-06,Lobby,common_area,30,2026-07-26 10:45:00,1,3.3
ZN-06,Lobby,common_area,30,2026-07-26 11:00:00,9,30.0
ZN-06,Lobby,common_area,30,2026-07-26 11:15:00,4,13.3
ZN-06,Lobby,common_area,30,2026-07-26 11:30:00,1,3.3
ZN-06,Lobby,common_area,30,2026-07-26 11:45:00,4,13.3
ZN-06,Lobby,common_area,30,2026-07-26 12:00:00,8,26.7
ZN-06,Lobby,common_area,30,2026-07-26 12:15:00,0,0.0
ZN-06,Lobby,common_area,30,2026-07-26 12:30:00,1,3.3
ZN-06,Lobby,common_area,30,2026-07-26 12:45:00,4,13.3
ZN-06,Lobby,common_area,30,2026-07-26 13:00:00,3,10.0
ZN-06,Lobby,common_area,30,2026-07-26 13:15:00,4,13.3
ZN-06,Lobby,common_area,30,2026-07-26 13:30:00,1,3.3
ZN-06,Lobby,common_area,30,2026-07-26 13:45:00,4,13.3
ZN-06,Lobby,common_area,30,2026-07-26 14:00:00,0,0.0
ZN-06,Lobby,common_area,30,2026-07-26 14:15:00,0,0.0
ZN-06,Lobby,common_area,30,2026-07-26 14:30:00,1,3.3
ZN-06,Lobby,common_area,30,2026-07-26 14:45:00,8,26.7
ZN-06,Lobby,common_area,30,2026-07-26 15:00:00,0,0.0
ZN-06,Lobby,common_area,30,2026-07-26 15:15:00,3,10.0
ZN-06,Lobby,common_area,30,2026-07-26 15:30:00,2,6.7
ZN-06,Lobby,common_area,30,2026-07-26 15:45:00,0,0.0
ZN-06,Lobby,common_area,30,2026-07-26 16:00:00,0,0.0
ZN-06,Lobby,common_area,30,2026-07-26 16:15:00,0,0.0
ZN-06,Lobby,common_area,30,2026-07-26 16:30:00,1,3.3
ZN-06,Lobby,common_area,30,2026-07-26 16:45:00,0,0.0
ZN-06,Lobby,common_area,30,2026-07-26 17:00:00,7,23.3
ZN-06,Lobby,common_area,30,2026-07-26 17:15:00,1,3.3
ZN-06,Lobby,common_area,30,2026-07-26 17:30:00,0,0.0
ZN-06,Lobby,common_area,30,2026-07-26 17:45:00,1,3.3
ZN-06,Lobby,common_area,30,2026-07-26 18:00:00,0,0.0
ZN-06,Lobby,common_area,30,2026-07-26 18:15:00,4,13.3
ZN-06,Lobby,common_area,30,2026-07-26 18:30:00,0,0.0
ZN-06,Lobby,common_area,30,2026-07-26 18:45:00,0,0.0
ZN-06,Lobby,common_area,30,2026-07-26 19:00:00,1,3.3
ZN-06,Lobby,common_area,30,2026-07-26 19:15:00,3,10.0
ZN-06,Lobby,common_area,30,2026-07-26 19:30:00,2,6.7
ZN-06,Lobby,common_area,30,2026-07-26 19:45:00,0,0.0
ZN-06,Lobby,common_area,30,2026-07-26 20:00:00,1,3.3
ZN-06,Lobby,common_area,30,2026-07-26 20:15:00,0,0.0
ZN-06,Lobby,common_area,30,2026-07-26 20:30:00,0,0.0
ZN-06,Lobby,common_area,30,2026-07-26 20:45:00,2,6.7
ZN-06,Lobby,common_area,30,2026-07-26 21:00:00,0,0.0
ZN-06,Lobby,common_area,30,2026-07-26 21:15:00,0,0.0
ZN-06,Lobby,common_area,30,2026-07-26 21:30:00,1,3.3
ZN-06,Lobby,common_area,30,2026-07-26 21:45:00,0,0.0
ZN-06,Lobby,common_area,30,2026-07-26 22:00:00,0,0.0
ZN-06,Lobby,common_area,30,2026-07-26 22:15:00,0,0.0
ZN-06,Lobby,common_area,30,2026-07-26 22:30:00,3,10.0
ZN-06,Lobby,common_area,30,2026-07-26 22:45:00,0,0.0
ZN-06,Lobby,common_area,30,2026-07-26 23:00:00,4,13.3
ZN-06,Lobby,common_area,30,2026-07-26 23:15:00,0,0.0
ZN-06,Lobby,common_area,30,2026-07-26 23:30:00,0,0.0
ZN-06,Lobby,common_area,30,2026-07-26 23:45:00,3,10.0
ZN-06,Lobby,common_area,30,2026-07-27 00:00:00,1,3.3
ZN-06,Lobby,common_area,30,2026-07-27 00:15:00,1,3.3
ZN-06,Lobby,common_area,30,2026-07-27 00:30:00,1,3.3
ZN-06,Lobby,common_area,30,2026-07-27 00:45:00,2,6.7
ZN-06,Lobby,common_area,30,2026-07-27 01:00:00,0,0.0
ZN-06,Lobby,common_area,30,2026-07-27 01:15:00,0,0.0
ZN-06,Lobby,common_area,30,2026-07-27 01:30:00,4,13.3
ZN-06,Lobby,common_area,30,2026-07-27 01:45:00,0,0.0
ZN-06,Lobby,common_area,30,2026-07-27 02:00:00,0,0.0
ZN-06,Lobby,common_area,30,2026-07-27 02:15:00,0,0.0
ZN-06,Lobby,common_area,30,2026-07-27 02:30:00,0,0.0
ZN-06,Lobby,common_area,30,2026-07-27 02:45:00,6,20.0
ZN-06,Lobby,common_area,30,2026-07-27 03:00:00,1,3.3
ZN-06,Lobby,common_area,30,2026-07-27 03:15:00,4,13.3
ZN-06,Lobby,common_area,30,2026-07-27 03:30:00,0,0.0
ZN-06,Lobby,common_area,30,2026-07-27 03:45:00,2,6.7
ZN-06,Lobby,common_area,30,2026-07-27 04:00:00,0,0.0
ZN-06,Lobby,common_area,30,2026-07-27 04:15:00,2,6.7
ZN-06,Lobby,common_area,30,2026-07-27 04:30:00,5,16.7
ZN-06,Lobby,common_area,30,2026-07-27 04:45:00,0,0.0
ZN-06,Lobby,common_area,30,2026-07-27 05:00:00,3,10.0
ZN-06,Lobby,common_area,30,2026-07-27 05:15:00,1,3.3
ZN-06,Lobby,common_area,30,2026-07-27 05:30:00,6,20.0
ZN-06,Lobby,common_area,30,2026-07-27 05:45:00,12,40.0
ZN-06,Lobby,common_area,30,2026-07-27 06:00:00,26,86.7
ZN-06,Lobby,common_area,30,2026-07-27 06:15:00,28,93.3
ZN-06,Lobby,common_area,30,2026-07-27 06:30:00,28,93.3
ZN-06,Lobby,common_area,30,2026-07-27 06:45:00,30,100.0
ZN-06,Lobby,common_area,30,2026-07-27 07:00:00,27,90.0
ZN-06,Lobby,common_area,30,2026-07-27 07:15:00,29,96.7
ZN-06,Lobby,common_area,30,2026-07-27 07:30:00,26,86.7
ZN-06,Lobby,common_area,30,2026-07-27 07:45:00,30,100.0
ZN-06,Lobby,common_area,30,2026-07-27 08:00:00,29,96.7
ZN-06,Lobby,common_area,30,2026-07-27 08:15:00,26,86.7
ZN-06,Lobby,common_area,30,2026-07-27 08:30:00,30,100.0
ZN-06,Lobby,common_area,30,2026-07-27 08:45:00,25,83.3
ZN-06,Lobby,common_area,30,2026-07-27 09:00:00,26,86.7
ZN-06,Lobby,common_area,30,2026-07-27 09:15:00,29,96.7
ZN-06,Lobby,common_area,30,2026-07-27 09:30:00,24,80.0
ZN-06,Lobby,common_area,30,2026-07-27 09:45:00,16,53.3
ZN-06,Lobby,common_area,30,2026-07-27 10:00:00,22,73.3
ZN-06,Lobby,common_area,30,2026-07-27 10:15:00,22,73.3
ZN-06,Lobby,common_area,30,2026-07-27 10:30:00,12,40.0
ZN-06,Lobby,common_area,30,2026-07-27 10:45:00,9,30.0
ZN-06,Lobby,common_area,30,2026-07-27 11:00:00,28,93.3
ZN-06,Lobby,common_area,30,2026-07-27 11:15:00,25,83.3
ZN-06,Lobby,common_area,30,2026-07-27 11:30:00,24,80.0
ZN-06,Lobby,common_area,30,2026-07-27 11:45:00,20,66.7
ZN-06,Lobby,common_area,30,2026-07-27 12:00:00,28,93.3
ZN-06,Lobby,common_area,30,2026-07-27 12:15:00,26,86.7
ZN-06,Lobby,common_area,30,2026-07-27 12:30:00,30,100.0
ZN-06,Lobby,common_area,30,2026-07-27 12:45:00,28,93.3
ZN-06,Lobby,common_area,30,2026-07-27 13:00:00,30,100.0
ZN-06,Lobby,common_area,30,2026-07-27 13:15:00,30,100.0
ZN-06,Lobby,common_area,30,2026-07-27 13:30:00,30,100.0
ZN-06,Lobby,common_area,30,2026-07-27 13:45:00,28,93.3
ZN-06,Lobby,common_area,30,2026-07-27 14:00:00,29,96.7
ZN-06,Lobby,common_area,30,2026-07-27 14:15:00,29,96.7
ZN-06,Lobby,common_area,30,2026-07-27 14:30:00,30,100.0
ZN-06,Lobby,common_area,30,2026-07-27 14:45:00,22,73.3
ZN-06,Lobby,common_area,30,2026-07-27 15:00:00,27,90.0
ZN-06,Lobby,common_area,30,2026-07-27 15:15:00,16,53.3
ZN-06,Lobby,common_area,30,2026-07-27 15:30:00,4,13.3
ZN-06,Lobby,common_area,30,2026-07-27 15:45:00,19,63.3
ZN-06,Lobby,common_area,30,2026-07-27 16:00:00,8,26.7
ZN-06,Lobby,common_area,30,2026-07-27 16:15:00,2,6.7
ZN-06,Lobby,common_area,30,2026-07-27 16:30:00,0,0.0
ZN-06,Lobby,common_area,30,2026-07-27 16:45:00,2,6.7
ZN-06,Lobby,common_area,30,2026-07-27 17:00:00,0,0.0
ZN-06,Lobby,common_area,30,2026-07-27 17:15:00,0,0.0
ZN-06,Lobby,common_area,30,2026-07-27 17:30:00,0,0.0
ZN-06,Lobby,common_area,30,2026-07-27 17:45:00,0,0.0
ZN-06,Lobby,common_area,30,2026-07-27 18:00:00,1,3.3
ZN-06,Lobby,common_area,30,2026-07-27 18:15:00,3,10.0
ZN-06,Lobby,common_area,30,2026-07-27 18:30:00,0,0.0
ZN-06,Lobby,common_area,30,2026-07-27 18:45:00,0,0.0
ZN-06,Lobby,common_area,30,2026-07-27 19:00:00,1,3.3
ZN-06,Lobby,common_area,30,2026-07-27 19:15:00,4,13.3
ZN-06,Lobby,common_area,30,2026-07-27 19:30:00,0,0.0
ZN-06,Lobby,common_area,30,2026-07-27 19:45:00,0,0.0
ZN-06,Lobby,common_area,30,2026-07-27 20:00:00,0,0.0
ZN-06,Lobby,common_area,30,2026-07-27 20:15:00,0,0.0
ZN-06,Lobby,common_area,30,2026-07-27 20:30:00,0,0.0
ZN-06,Lobby,common_area,30,2026-07-27 20:45:00,4,13.3
ZN-06,Lobby,common_area,30,2026-07-27 21:00:00,3,10.0
ZN-06,Lobby,common_area,30,2026-07-27 21:15:00,0,0.0
ZN-06,Lobby,common_area,30,2026-07-27 21:30:00,0,0.0
ZN-06,Lobby,common_area,30,2026-07-27 21:45:00,0,0.0
ZN-06,Lobby,common_area,30,2026-07-27 22:00:00,0,0.0
ZN-06,Lobby,common_area,30,2026-07-27 22:15:00,0,0.0
ZN-06,Lobby,common_area,30,2026-07-27 22:30:00,0,0.0
ZN-06,Lobby,common_area,30,2026-07-27 22:45:00,0,0.0
ZN-06,Lobby,common_area,30,2026-07-27 23:00:00,0,0.0
ZN-06,Lobby,common_area,30,2026-07-27 23:15:00,0,0.0
ZN-06,Lobby,common_area,30,2026-07-27 23:30:00,0,0.0
ZN-06,Lobby,common_area,30,2026-07-27 23:45:00,0,0.0
ZN-06,Lobby,common_area,30,2026-07-28 00:00:00,0,0.0
ZN-06,Lobby,common_area,30,2026-07-28 00:15:00,2,6.7
ZN-06,Lobby,common_area,30,2026-07-28 00:30:00,0,0.0
ZN-06,Lobby,common_area,30,2026-07-28 00:45:00,3,10.0
ZN-06,Lobby,common_area,30,2026-07-28 01:00:00,4,13.3
ZN-06,Lobby,common_area,30,2026-07-28 01:15:00,0,0.0
ZN-06,Lobby,common_area,30,2026-07-28 01:30:00,1,3.3
ZN-06,Lobby,common_area,30,2026-07-28 01:45:00,2,6.7
ZN-06,Lobby,common_area,30,2026-07-28 02:00:00,2,6.7
ZN-06,Lobby,common_area,30,2026-07-28 02:15:00,0,0.0
ZN-06,Lobby,common_area,30,2026-07-28 02:30:00,0,0.0
ZN-06,Lobby,common_area,30,2026-07-28 02:45:00,0,0.0
ZN-06,Lobby,common_area,30,2026-07-28 03:00:00,2,6.7
ZN-06,Lobby,common_area,30,2026-07-28 03:15:00,0,0.0
ZN-06,Lobby,common_area,30,2026-07-28 03:30:00,0,0.0
ZN-06,Lobby,common_area,30,2026-07-28 03:45:00,3,10.0
ZN-06,Lobby,common_area,30,2026-07-28 04:00:00,0,0.0
ZN-06,Lobby,common_area,30,2026-07-28 04:15:00,3,10.0
ZN-06,Lobby,common_area,30,2026-07-28 04:30:00,1,3.3
ZN-06,Lobby,common_area,30,2026-07-28 04:45:00,2,6.7
ZN-06,Lobby,common_area,30,2026-07-28 05:00:00,2,6.7
ZN-06,Lobby,common_area,30,2026-07-28 05:15:00,2,6.7
ZN-06,Lobby,common_area,30,2026-07-28 05:30:00,1,3.3
ZN-06,Lobby,common_area,30,2026-07-28 05:45:00,13,43.3
ZN-06,Lobby,common_area,30,2026-07-28 06:00:00,27,90.0
ZN-06,Lobby,common_area,30,2026-07-28 06:15:00,26,86.7
ZN-06,Lobby,common_area,30,2026-07-28 06:30:00,30,100.0
ZN-06,Lobby,common_area,30,2026-07-28 06:45:00,29,96.7
ZN-06,Lobby,common_area,30,2026-07-28 07:00:00,27,90.0
ZN-06,Lobby,common_area,30,2026-07-28 07:15:00,30,100.0
ZN-06,Lobby,common_area,30,2026-07-28 07:30:00,27,90.0
ZN-06,Lobby,common_area,30,2026-07-28 07:45:00,30,100.0
ZN-06,Lobby,common_area,30,2026-07-28 08:00:00,28,93.3
ZN-06,Lobby,common_area,30,2026-07-28 08:15:00,27,90.0
ZN-06,Lobby,common_area,30,2026-07-28 08:30:00,30,100.0
ZN-06,Lobby,common_area,30,2026-07-28 08:45:00,28,93.3
ZN-06,Lobby,common_area,30,2026-07-28 09:00:00,25,83.3
ZN-06,Lobby,common_area,30,2026-07-28 09:15:00,23,76.7
ZN-06,Lobby,common_area,30,2026-07-28 09:30:00,28,93.3
ZN-06,Lobby,common_area,30,2026-07-28 09:45:00,26,86.7
ZN-06,Lobby,common_area,30,2026-07-28 10:00:00,19,63.3
ZN-06,Lobby,common_area,30,2026-07-28 10:15:00,14,46.7
ZN-06,Lobby,common_area,30,2026-07-28 10:30:00,5,16.7
ZN-06,Lobby,common_area,30,2026-07-28 10:45:00,10,33.3
ZN-06,Lobby,common_area,30,2026-07-28 11:00:00,30,100.0
ZN-06,Lobby,common_area,30,2026-07-28 11:15:00,22,73.3
ZN-06,Lobby,common_area,30,2026-07-28 11:30:00,30,100.0
ZN-06,Lobby,common_area,30,2026-07-28 11:45:00,26,86.7
ZN-06,Lobby,common_area,30,2026-07-28 12:00:00,29,96.7
ZN-06,Lobby,common_area,30,2026-07-28 12:15:00,28,93.3
ZN-06,Lobby,common_area,30,2026-07-28 12:30:00,30,100.0
ZN-06,Lobby,common_area,30,2026-07-28 12:45:00,28,93.3
ZN-06,Lobby,common_area,30,2026-07-28 13:00:00,30,100.0
ZN-06,Lobby,common_area,30,2026-07-28 13:15:00,30,100.0
ZN-06,Lobby,common_area,30,2026-07-28 13:30:00,28,93.3
ZN-06,Lobby,common_area,30,2026-07-28 13:45:00,30,100.0
ZN-06,Lobby,common_area,30,2026-07-28 14:00:00,27,90.0
ZN-06,Lobby,common_area,30,2026-07-28 14:15:00,29,96.7
ZN-06,Lobby,common_area,30,2026-07-28 14:30:00,30,100.0
ZN-06,Lobby,common_area,30,2026-07-28 14:45:00,26,86.7
ZN-06,Lobby,common_area,30,2026-07-28 15:00:00,22,73.3
ZN-06,Lobby,common_area,30,2026-07-28 15:15:00,14,46.7
ZN-06,Lobby,common_area,30,2026-07-28 15:30:00,12,40.0
ZN-06,Lobby,common_area,30,2026-07-28 15:45:00,8,26.7
ZN-06,Lobby,common_area,30,2026-07-28 16:00:00,11,36.7
ZN-06,Lobby,common_area,30,2026-07-28 16:15:00,10,33.3
ZN-06,Lobby,common_area,30,2026-07-28 16:30:00,0,0.0
ZN-06,Lobby,common_area,30,2026-07-28 16:45:00,2,6.7
ZN-06,Lobby,common_area,30,2026-07-28 17:00:00,0,0.0
ZN-06,Lobby,common_area,30,2026-07-28 17:15:00,3,10.0
ZN-06,Lobby,common_area,30,2026-07-28 17:30:00,0,0.0
ZN-06,Lobby,common_area,30,2026-07-28 17:45:00,1,3.3
ZN-06,Lobby,common_area,30,2026-07-28 18:00:00,3,10.0
ZN-06,Lobby,common_area,30,2026-07-28 18:15:00,0,0.0
ZN-06,Lobby,common_area,30,2026-07-28 18:30:00,0,0.0
ZN-06,Lobby,common_area,30,2026-07-28 18:45:00,0,0.0
ZN-06,Lobby,common_area,30,2026-07-28 19:00:00,0,0.0
ZN-06,Lobby,common_area,30,2026-07-28 19:15:00,2,6.7
ZN-06,Lobby,common_area,30,2026-07-28 19:30:00,5,16.7
ZN-06,Lobby,common_area,30,2026-07-28 19:45:00,1,3.3
ZN-06,Lobby,common_area,30,2026-07-28 20:00:00,2,6.7
ZN-06,Lobby,common_area,30,2026-07-28 20:15:00,0,0.0
ZN-06,Lobby,common_area,30,2026-07-28 20:30:00,2,6.7
ZN-06,Lobby,common_area,30,2026-07-28 20:45:00,0,0.0
ZN-06,Lobby,common_area,30,2026-07-28 21:00:00,0,0.0
ZN-06,Lobby,common_area,30,2026-07-28 21:15:00,2,6.7
ZN-06,Lobby,common_area,30,2026-07-28 21:30:00,3,10.0
ZN-06,Lobby,common_area,30,2026-07-28 21:45:00,0,0.0
ZN-06,Lobby,common_area,30,2026-07-28 22:00:00,0,0.0
ZN-06,Lobby,common_area,30,2026-07-28 22:15:00,4,13.3
ZN-06,Lobby,common_area,30,2026-07-28 22:30:00,1,3.3
ZN-06,Lobby,common_area,30,2026-07-28 22:45:00,0,0.0
ZN-06,Lobby,common_area,30,2026-07-28 23:00:00,0,0.0
ZN-06,Lobby,common_area,30,2026-07-28 23:15:00,0,0.0
ZN-06,Lobby,common_area,30,2026-07-28 23:30:00,1,3.3
ZN-06,Lobby,common_area,30,2026-07-28 23:45:00,0,0.0
ZN-06,Lobby,common_area,30,2026-07-29 00:00:00,3,10.0
ZN-06,Lobby,common_area,30,2026-07-29 00:15:00,2,6.7
ZN-06,Lobby,common_area,30,2026-07-29 00:30:00,0,0.0
ZN-06,Lobby,common_area,30,2026-07-29 00:45:00,1,3.3
ZN-06,Lobby,common_area,30,2026-07-29 01:00:00,0,0.0
ZN-06,Lobby,common_area,30,2026-07-29 01:15:00,1,3.3
ZN-06,Lobby,common_area,30,2026-07-29 01:30:00,0,0.0
ZN-06,Lobby,common_area,30,2026-07-29 01:45:00,5,16.7
ZN-06,Lobby,common_area,30,2026-07-29 02:00:00,0,0.0
ZN-06,Lobby,common_area,30,2026-07-29 02:15:00,0,0.0
ZN-06,Lobby,common_area,30,2026-07-29 02:30:00,0,0.0
ZN-06,Lobby,common_area,30,2026-07-29 02:45:00,5,16.7
ZN-06,Lobby,common_area,30,2026-07-29 03:00:00,0,0.0
ZN-06,Lobby,common_area,30,2026-07-29 03:15:00,0,0.0
ZN-06,Lobby,common_area,30,2026-07-29 03:30:00,4,13.3
ZN-06,Lobby,common_area,30,2026-07-29 03:45:00,0,0.0
ZN-06,Lobby,common_area,30,2026-07-29 04:00:00,0,0.0
ZN-06,Lobby,common_area,30,2026-07-29 04:15:00,0,0.0
ZN-06,Lobby,common_area,30,2026-07-29 04:30:00,0,0.0
ZN-06,Lobby,common_area,30,2026-07-29 04:45:00,3,10.0
ZN-06,Lobby,common_area,30,2026-07-29 05:00:00,0,0.0
ZN-06,Lobby,common_area,30,2026-07-29 05:15:00,1,3.3
ZN-06,Lobby,common_area,30,2026-07-29 05:30:00,4,13.3
ZN-06,Lobby,common_area,30,2026-07-29 05:45:00,8,26.7
ZN-06,Lobby,common_area,30,2026-07-29 06:00:00,28,93.3
ZN-06,Lobby,common_area,30,2026-07-29 06:15:00,25,83.3
ZN-06,Lobby,common_area,30,2026-07-29 06:30:00,30,100.0
ZN-06,Lobby,common_area,30,2026-07-29 06:45:00,28,93.3
ZN-06,Lobby,common_area,30,2026-07-29 07:00:00,29,96.7
ZN-06,Lobby,common_area,30,2026-07-29 07:15:00,24,80.0
ZN-06,Lobby,common_area,30,2026-07-29 07:30:00,30,100.0
ZN-06,Lobby,common_area,30,2026-07-29 07:45:00,29,96.7
ZN-06,Lobby,common_area,30,2026-07-29 08:00:00,23,76.7
ZN-06,Lobby,common_area,30,2026-07-29 08:15:00,22,73.3
ZN-06,Lobby,common_area,30,2026-07-29 08:30:00,28,93.3
ZN-06,Lobby,common_area,30,2026-07-29 08:45:00,30,100.0
ZN-06,Lobby,common_area,30,2026-07-29 09:00:00,23,76.7
ZN-06,Lobby,common_area,30,2026-07-29 09:15:00,30,100.0
ZN-06,Lobby,common_area,30,2026-07-29 09:30:00,25,83.3
ZN-06,Lobby,common_area,30,2026-07-29 09:45:00,26,86.7
ZN-06,Lobby,common_area,30,2026-07-29 10:00:00,23,76.7
ZN-06,Lobby,common_area,30,2026-07-29 10:15:00,18,60.0
ZN-06,Lobby,common_area,30,2026-07-29 10:30:00,5,16.7
ZN-06,Lobby,common_area,30,2026-07-29 10:45:00,11,36.7
ZN-06,Lobby,common_area,30,2026-07-29 11:00:00,28,93.3
ZN-06,Lobby,common_area,30,2026-07-29 11:15:00,27,90.0
ZN-06,Lobby,common_area,30,2026-07-29 11:30:00,23,76.7
ZN-06,Lobby,common_area,30,2026-07-29 11:45:00,30,100.0
ZN-06,Lobby,common_area,30,2026-07-29 12:00:00,30,100.0
ZN-06,Lobby,common_area,30,2026-07-29 12:15:00,30,100.0
ZN-06,Lobby,common_area,30,2026-07-29 12:30:00,30,100.0
ZN-06,Lobby,common_area,30,2026-07-29 12:45:00,30,100.0
ZN-06,Lobby,common_area,30,2026-07-29 13:00:00,25,83.3
ZN-06,Lobby,common_area,30,2026-07-29 13:15:00,30,100.0
ZN-06,Lobby,common_area,30,2026-07-29 13:30:00,28,93.3
ZN-06,Lobby,common_area,30,2026-07-29 13:45:00,30,100.0
ZN-06,Lobby,common_area,30,2026-07-29 14:00:00,28,93.3
ZN-06,Lobby,common_area,30,2026-07-29 14:15:00,30,100.0
ZN-06,Lobby,common_area,30,2026-07-29 14:30:00,30,100.0
ZN-06,Lobby,common_area,30,2026-07-29 14:45:00,26,86.7
ZN-06,Lobby,common_area,30,2026-07-29 15:00:00,16,53.3
ZN-06,Lobby,common_area,30,2026-07-29 15:15:00,16,53.3
ZN-06,Lobby,common_area,30,2026-07-29 15:30:00,13,43.3
ZN-06,Lobby,common_area,30,2026-07-29 15:45:00,16,53.3
ZN-06,Lobby,common_area,30,2026-07-29 16:00:00,9,30.0
ZN-06,Lobby,common_area,30,2026-07-29 16:15:00,7,23.3
ZN-06,Lobby,common_area,30,2026-07-29 16:30:00,0,0.0
ZN-06,Lobby,common_area,30,2026-07-29 16:45:00,0,0.0
ZN-06,Lobby,common_area,30,2026-07-29 17:00:00,0,0.0
ZN-06,Lobby,common_area,30,2026-07-29 17:15:00,0,0.0
ZN-06,Lobby,common_area,30,2026-07-29 17:30:00,6,20.0
ZN-06,Lobby,common_area,30,2026-07-29 17:45:00,5,16.7
ZN-06,Lobby,common_area,30,2026-07-29 18:00:00,0,0.0
ZN-06,Lobby,common_area,30,2026-07-29 18:15:00,0,0.0
ZN-06,Lobby,common_area,30,2026-07-29 18:30:00,1,3.3
ZN-06,Lobby,common_area,30,2026-07-29 18:45:00,6,20.0
ZN-06,Lobby,common_area,30,2026-07-29 19:00:00,0,0.0
ZN-06,Lobby,common_area,30,2026-07-29 19:15:00,0,0.0
ZN-06,Lobby,common_area,30,2026-07-29 19:30:00,0,0.0
ZN-06,Lobby,common_area,30,2026-07-29 19:45:00,0,0.0
ZN-06,Lobby,common_area,30,2026-07-29 20:00:00,2,6.7
ZN-06,Lobby,common_area,30,2026-07-29 20:15:00,0,0.0
ZN-06,Lobby,common_area,30,2026-07-29 20:30:00,0,0.0
ZN-06,Lobby,common_area,30,2026-07-29 20:45:00,0,0.0
ZN-06,Lobby,common_area,30,2026-07-29 21:00:00,0,0.0
ZN-06,Lobby,common_area,30,2026-07-29 21:15:00,5,16.7
ZN-06,Lobby,common_area,30,2026-07-29 21:30:00,0,0.0
ZN-06,Lobby,common_area,30,2026-07-29 21:45:00,3,10.0
ZN-06,Lobby,common_area,30,2026-07-29 22:00:00,0,0.0
ZN-06,Lobby,common_area,30,2026-07-29 22:15:00,0,0.0
ZN-06,Lobby,common_area,30,2026-07-29 22:30:00,0,0.0
ZN-06,Lobby,common_area,30,2026-07-29 22:45:00,0,0.0
ZN-06,Lobby,common_area,30,2026-07-29 23:00:00,1,3.3
ZN-06,Lobby,common_area,30,2026-07-29 23:15:00,1,3.3
ZN-06,Lobby,common_area,30,2026-07-29 23:30:00,1,3.3
ZN-06,Lobby,common_area,30,2026-07-29 23:45:00,1,3.3
ZN-06,Lobby,common_area,30,2026-07-30 00:00:00,5,16.7
ZN-06,Lobby,common_area,30,2026-07-30 00:15:00,4,13.3
ZN-06,Lobby,common_area,30,2026-07-30 00:30:00,1,3.3
ZN-06,Lobby,common_area,30,2026-07-30 00:45:00,0,0.0
ZN-06,Lobby,common_area,30,2026-07-30 01:00:00,2,6.7
ZN-06,Lobby,common_area,30,2026-07-30 01:15:00,4,13.3
ZN-06,Lobby,common_area,30,2026-07-30 01:30:00,0,0.0
ZN-06,Lobby,common_area,30,2026-07-30 01:45:00,0,0.0
ZN-06,Lobby,common_area,30,2026-07-30 02:00:00,0,0.0
ZN-06,Lobby,common_area,30,2026-07-30 02:15:00,5,16.7
ZN-06,Lobby,common_area,30,2026-07-30 02:30:00,0,0.0
ZN-06,Lobby,common_area,30,2026-07-30 02:45:00,0,0.0
ZN-06,Lobby,common_area,30,2026-07-30 03:00:00,0,0.0
ZN-06,Lobby,common_area,30,2026-07-30 03:15:00,2,6.7
ZN-06,Lobby,common_area,30,2026-07-30 03:30:00,1,3.3
ZN-06,Lobby,common_area,30,2026-07-30 03:45:00,0,0.0
ZN-06,Lobby,common_area,30,2026-07-30 04:00:00,0,0.0
ZN-06,Lobby,common_area,30,2026-07-30 04:15:00,1,3.3
ZN-06,Lobby,common_area,30,2026-07-30 04:30:00,0,0.0
ZN-06,Lobby,common_area,30,2026-07-30 04:45:00,0,0.0
ZN-06,Lobby,common_area,30,2026-07-30 05:00:00,1,3.3
ZN-06,Lobby,common_area,30,2026-07-30 05:15:00,0,0.0
ZN-06,Lobby,common_area,30,2026-07-30 05:30:00,0,0.0
ZN-06,Lobby,common_area,30,2026-07-30 05:45:00,17,56.7
ZN-06,Lobby,common_area,30,2026-07-30 06:00:00,24,80.0
ZN-06,Lobby,common_area,30,2026-07-30 06:15:00,30,100.0
ZN-06,Lobby,common_area,30,2026-07-30 06:30:00,28,93.3
ZN-06,Lobby,common_area,30,2026-07-30 06:45:00,30,100.0
ZN-06,Lobby,common_area,30,2026-07-30 07:00:00,24,80.0
ZN-06,Lobby,common_area,30,2026-07-30 07:15:00,22,73.3
ZN-06,Lobby,common_area,30,2026-07-30 07:30:00,30,100.0
ZN-06,Lobby,common_area,30,2026-07-30 07:45:00,23,76.7
ZN-06,Lobby,common_area,30,2026-07-30 08:00:00,29,96.7
ZN-06,Lobby,common_area,30,2026-07-30 08:15:00,29,96.7
ZN-06,Lobby,common_area,30,2026-07-30 08:30:00,22,73.3
ZN-06,Lobby,common_area,30,2026-07-30 08:45:00,29,96.7
ZN-06,Lobby,common_area,30,2026-07-30 09:00:00,24,80.0
ZN-06,Lobby,common_area,30,2026-07-30 09:15:00,28,93.3
ZN-06,Lobby,common_area,30,2026-07-30 09:30:00,18,60.0
ZN-06,Lobby,common_area,30,2026-07-30 09:45:00,25,83.3
ZN-06,Lobby,common_area,30,2026-07-30 10:00:00,24,80.0
ZN-06,Lobby,common_area,30,2026-07-30 10:15:00,17,56.7
ZN-06,Lobby,common_area,30,2026-07-30 10:30:00,7,23.3
ZN-06,Lobby,common_area,30,2026-07-30 10:45:00,8,26.7
ZN-06,Lobby,common_area,30,2026-07-30 11:00:00,28,93.3
ZN-06,Lobby,common_area,30,2026-07-30 11:15:00,26,86.7
ZN-06,Lobby,common_area,30,2026-07-30 11:30:00,27,90.0
ZN-06,Lobby,common_area,30,2026-07-30 11:45:00,23,76.7
ZN-06,Lobby,common_area,30,2026-07-30 12:00:00,30,100.0
ZN-06,Lobby,common_area,30,2026-07-30 12:15:00,27,90.0
ZN-06,Lobby,common_area,30,2026-07-30 12:30:00,27,90.0
ZN-06,Lobby,common_area,30,2026-07-30 12:45:00,26,86.7
ZN-06,Lobby,common_area,30,2026-07-30 13:00:00,27,90.0
ZN-06,Lobby,common_area,30,2026-07-30 13:15:00,27,90.0
ZN-06,Lobby,common_area,30,2026-07-30 13:30:00,29,96.7
ZN-06,Lobby,common_area,30,2026-07-30 13:45:00,29,96.7
ZN-06,Lobby,common_area,30,2026-07-30 14:00:00,27,90.0
ZN-06,Lobby,common_area,30,2026-07-30 14:15:00,30,100.0
ZN-06,Lobby,common_area,30,2026-07-30 14:30:00,26,86.7
ZN-06,Lobby,common_area,30,2026-07-30 14:45:00,30,100.0
ZN-06,Lobby,common_area,30,2026-07-30 15:00:00,20,66.7
ZN-06,Lobby,common_area,30,2026-07-30 15:15:00,13,43.3
ZN-06,Lobby,common_area,30,2026-07-30 15:30:00,14,46.7
ZN-06,Lobby,common_area,30,2026-07-30 15:45:00,16,53.3
ZN-06,Lobby,common_area,30,2026-07-30 16:00:00,13,43.3
ZN-06,Lobby,common_area,30,2026-07-30 16:15:00,11,36.7
ZN-06,Lobby,common_area,30,2026-07-30 16:30:00,0,0.0
ZN-06,Lobby,common_area,30,2026-07-30 16:45:00,0,0.0
ZN-06,Lobby,common_area,30,2026-07-30 17:00:00,3,10.0
ZN-06,Lobby,common_area,30,2026-07-30 17:15:00,0,0.0
ZN-06,Lobby,common_area,30,2026-07-30 17:30:00,0,0.0
ZN-06,Lobby,common_area,30,2026-07-30 17:45:00,2,6.7
ZN-06,Lobby,common_area,30,2026-07-30 18:00:00,3,10.0
ZN-06,Lobby,common_area,30,2026-07-30 18:15:00,2,6.7
ZN-06,Lobby,common_area,30,2026-07-30 18:30:00,2,6.7
ZN-06,Lobby,common_area,30,2026-07-30 18:45:00,3,10.0
ZN-06,Lobby,common_area,30,2026-07-30 19:00:00,0,0.0
ZN-06,Lobby,common_area,30,2026-07-30 19:15:00,2,6.7
ZN-06,Lobby,common_area,30,2026-07-30 19:30:00,0,0.0
ZN-06,Lobby,common_area,30,2026-07-30 19:45:00,2,6.7
ZN-06,Lobby,common_area,30,2026-07-30 20:00:00,1,3.3
ZN-06,Lobby,common_area,30,2026-07-30 20:15:00,2,6.7
ZN-06,Lobby,common_area,30,2026-07-30 20:30:00,3,10.0
ZN-06,Lobby,common_area,30,2026-07-30 20:45:00,1,3.3
ZN-06,Lobby,common_area,30,2026-07-30 21:00:00,1,3.3
ZN-06,Lobby,common_area,30,2026-07-30 21:15:00,0,0.0
ZN-06,Lobby,common_area,30,2026-07-30 21:30:00,0,0.0
ZN-06,Lobby,common_area,30,2026-07-30 21:45:00,0,0.0
ZN-06,Lobby,common_area,30,2026-07-30 22:00:00,0,0.0
ZN-06,Lobby,common_area,30,2026-07-30 22:15:00,1,3.3
ZN-06,Lobby,common_area,30,2026-07-30 22:30:00,0,0.0
ZN-06,Lobby,common_area,30,2026-07-30 22:45:00,6,20.0
ZN-06,Lobby,common_area,30,2026-07-30 23:00:00,0,0.0
ZN-06,Lobby,common_area,30,2026-07-30 23:15:00,0,0.0
ZN-06,Lobby,common_area,30,2026-07-30 23:30:00,1,3.3
ZN-06,Lobby,common_area,30,2026-07-30 23:45:00,2,6.7
ZN-06,Lobby,common_area,30,2026-07-31 00:00:00,0,0.0
ZN-06,Lobby,common_area,30,2026-07-31 00:15:00,0,0.0
ZN-06,Lobby,common_area,30,2026-07-31 00:30:00,2,6.7
ZN-06,Lobby,common_area,30,2026-07-31 00:45:00,0,0.0
ZN-06,Lobby,common_area,30,2026-07-31 01:00:00,5,16.7
ZN-06,Lobby,common_area,30,2026-07-31 01:15:00,0,0.0
ZN-06,Lobby,common_area,30,2026-07-31 01:30:00,0,0.0
ZN-06,Lobby,common_area,30,2026-07-31 01:45:00,1,3.3
ZN-06,Lobby,common_area,30,2026-07-31 02:00:00,2,6.7
ZN-06,Lobby,common_area,30,2026-07-31 02:15:00,5,16.7
ZN-06,Lobby,common_area,30,2026-07-31 02:30:00,0,0.0
ZN-06,Lobby,common_area,30,2026-07-31 02:45:00,0,0.0
ZN-06,Lobby,common_area,30,2026-07-31 03:00:00,0,0.0
ZN-06,Lobby,common_area,30,2026-07-31 03:15:00,0,0.0
ZN-06,Lobby,common_area,30,2026-07-31 03:30:00,3,10.0
ZN-06,Lobby,common_area,30,2026-07-31 03:45:00,0,0.0
ZN-06,Lobby,common_area,30,2026-07-31 04:00:00,0,0.0
ZN-06,Lobby,common_area,30,2026-07-31 04:15:00,0,0.0
ZN-06,Lobby,common_area,30,2026-07-31 04:30:00,1,3.3
ZN-06,Lobby,common_area,30,2026-07-31 04:45:00,0,0.0
ZN-06,Lobby,common_area,30,2026-07-31 05:00:00,0,0.0
ZN-06,Lobby,common_area,30,2026-07-31 05:15:00,5,16.7
ZN-06,Lobby,common_area,30,2026-07-31 05:30:00,0,0.0
ZN-06,Lobby,common_area,30,2026-07-31 05:45:00,13,43.3
ZN-06,Lobby,common_area,30,2026-07-31 06:00:00,27,90.0
ZN-06,Lobby,common_area,30,2026-07-31 06:15:00,30,100.0
ZN-06,Lobby,common_area,30,2026-07-31 06:30:00,28,93.3
ZN-06,Lobby,common_area,30,2026-07-31 06:45:00,30,100.0
ZN-06,Lobby,common_area,30,2026-07-31 07:00:00,26,86.7
ZN-06,Lobby,common_area,30,2026-07-31 07:15:00,30,100.0
ZN-06,Lobby,common_area,30,2026-07-31 07:30:00,30,100.0
ZN-06,Lobby,common_area,30,2026-07-31 07:45:00,30,100.0
ZN-06,Lobby,common_area,30,2026-07-31 08:00:00,29,96.7
ZN-06,Lobby,common_area,30,2026-07-31 08:15:00,25,83.3
ZN-06,Lobby,common_area,30,2026-07-31 08:30:00,28,93.3
ZN-06,Lobby,common_area,30,2026-07-31 08:45:00,30,100.0
ZN-06,Lobby,common_area,30,2026-07-31 09:00:00,27,90.0
ZN-06,Lobby,common_area,30,2026-07-31 09:15:00,25,83.3
ZN-06,Lobby,common_area,30,2026-07-31 09:30:00,24,80.0
ZN-06,Lobby,common_area,30,2026-07-31 09:45:00,21,70.0
ZN-06,Lobby,common_area,30,2026-07-31 10:00:00,20,66.7
ZN-06,Lobby,common_area,30,2026-07-31 10:15:00,17,56.7
ZN-06,Lobby,common_area,30,2026-07-31 10:30:00,9,30.0
ZN-06,Lobby,common_area,30,2026-07-31 10:45:00,9,30.0
ZN-06,Lobby,common_area,30,2026-07-31 11:00:00,29,96.7
ZN-06,Lobby,common_area,30,2026-07-31 11:15:00,26,86.7
ZN-06,Lobby,common_area,30,2026-07-31 11:30:00,26,86.7
ZN-06,Lobby,common_area,30,2026-07-31 11:45:00,29,96.7
ZN-06,Lobby,common_area,30,2026-07-31 12:00:00,27,90.0
ZN-06,Lobby,common_area,30,2026-07-31 12:15:00,30,100.0
ZN-06,Lobby,common_area,30,2026-07-31 12:30:00,27,90.0
ZN-06,Lobby,common_area,30,2026-07-31 12:45:00,27,90.0
ZN-06,Lobby,common_area,30,2026-07-31 13:00:00,30,100.0
ZN-06,Lobby,common_area,30,2026-07-31 13:15:00,21,70.0
ZN-06,Lobby,common_area,30,2026-07-31 13:30:00,25,83.3
ZN-06,Lobby,common_area,30,2026-07-31 13:45:00,29,96.7
ZN-06,Lobby,common_area,30,2026-07-31 14:00:00,30,100.0
ZN-06,Lobby,common_area,30,2026-07-31 14:15:00,30,100.0
ZN-06,Lobby,common_area,30,2026-07-31 14:30:00,28,93.3
ZN-06,Lobby,common_area,30,2026-07-31 14:45:00,27,90.0
ZN-06,Lobby,common_area,30,2026-07-31 15:00:00,21,70.0
ZN-06,Lobby,common_area,30,2026-07-31 15:15:00,17,56.7
ZN-06,Lobby,common_area,30,2026-07-31 15:30:00,8,26.7
ZN-06,Lobby,common_area,30,2026-07-31 15:45:00,16,53.3
ZN-06,Lobby,common_area,30,2026-07-31 16:00:00,10,33.3
ZN-06,Lobby,common_area,30,2026-07-31 16:15:00,7,23.3
ZN-06,Lobby,common_area,30,2026-07-31 16:30:00,5,16.7
ZN-06,Lobby,common_area,30,2026-07-31 16:45:00,3,10.0
ZN-06,Lobby,common_area,30,2026-07-31 17:00:00,0,0.0
ZN-06,Lobby,common_area,30,2026-07-31 17:15:00,0,0.0
ZN-06,Lobby,common_area,30,2026-07-31 17:30:00,0,0.0
ZN-06,Lobby,common_area,30,2026-07-31 17:45:00,0,0.0
ZN-06,Lobby,common_area,30,2026-07-31 18:00:00,0,0.0
ZN-06,Lobby,common_area,30,2026-07-31 18:15:00,0,0.0
ZN-06,Lobby,common_area,30,2026-07-31 18:30:00,0,0.0
ZN-06,Lobby,common_area,30,2026-07-31 18:45:00,1,3.3
ZN-06,Lobby,common_area,30,2026-07-31 19:00:00,0,0.0
ZN-06,Lobby,common_area,30,2026-07-31 19:15:00,1,3.3
ZN-06,Lobby,common_area,30,2026-07-31 19:30:00,0,0.0
ZN-06,Lobby,common_area,30,2026-07-31 19:45:00,0,0.0
ZN-06,Lobby,common_area,30,2026-07-31 20:00:00,0,0.0
ZN-06,Lobby,common_area,30,2026-07-31 20:15:00,2,6.7
ZN-06,Lobby,common_area,30,2026-07-31 20:30:00,2,6.7
ZN-06,Lobby,common_area,30,2026-07-31 20:45:00,0,0.0
ZN-06,Lobby,common_area,30,2026-07-31 21:00:00,0,0.0
ZN-06,Lobby,common_area,30,2026-07-31 21:15:00,2,6.7
ZN-06,Lobby,common_area,30,2026-07-31 21:30:00,5,16.7
ZN-06,Lobby,common_area,30,2026-07-31 21:45:00,2,6.7
ZN-06,Lobby,common_area,30,2026-07-31 22:00:00,2,6.7
ZN-06,Lobby,common_area,30,2026-07-31 22:15:00,0,0.0
ZN-06,Lobby,common_area,30,2026-07-31 22:30:00,0,0.0
ZN-06,Lobby,common_area,30,2026-07-31 22:45:00,2,6.7
ZN-06,Lobby,common_area,30,2026-07-31 23:00:00,0,0.0
ZN-06,Lobby,common_area,30,2026-07-31 23:15:00,6,20.0
ZN-06,Lobby,common_area,30,2026-07-31 23:30:00,0,0.0
ZN-06,Lobby,common_area,30,2026-07-31 23:45:00,5,16.7
ZN-06,Lobby,common_area,30,2026-08-01 00:00:00,8,26.7
ZN-06,Lobby,common_area,30,2026-08-01 00:15:00,0,0.0
ZN-06,Lobby,common_area,30,2026-08-01 00:30:00,6,20.0
ZN-06,Lobby,common_area,30,2026-08-01 00:45:00,5,16.7
ZN-06,Lobby,common_area,30,2026-08-01 01:00:00,0,0.0
ZN-06,Lobby,common_area,30,2026-08-01 01:15:00,5,16.7
ZN-06,Lobby,common_area,30,2026-08-01 01:30:00,0,0.0
ZN-06,Lobby,common_area,30,2026-08-01 01:45:00,0,0.0
ZN-06,Lobby,common_area,30,2026-08-01 02:00:00,0,0.0
ZN-06,Lobby,common_area,30,2026-08-01 02:15:00,0,0.0
ZN-06,Lobby,common_area,30,2026-08-01 02:30:00,0,0.0
ZN-06,Lobby,common_area,30,2026-08-01 02:45:00,0,0.0
ZN-06,Lobby,common_area,30,2026-08-01 03:00:00,0,0.0
ZN-06,Lobby,common_area,30,2026-08-01 03:15:00,4,13.3
ZN-06,Lobby,common_area,30,2026-08-01 03:30:00,3,10.0
ZN-06,Lobby,common_area,30,2026-08-01 03:45:00,3,10.0
ZN-06,Lobby,common_area,30,2026-08-01 04:00:00,0,0.0
ZN-06,Lobby,common_area,30,2026-08-01 04:15:00,0,0.0
ZN-06,Lobby,common_area,30,2026-08-01 04:30:00,2,6.7
ZN-06,Lobby,common_area,30,2026-08-01 04:45:00,0,0.0
ZN-06,Lobby,common_area,30,2026-08-01 05:00:00,0,0.0
ZN-06,Lobby,common_area,30,2026-08-01 05:15:00,2,6.7
ZN-06,Lobby,common_area,30,2026-08-01 05:30:00,4,13.3
ZN-06,Lobby,common_area,30,2026-08-01 05:45:00,3,10.0
ZN-06,Lobby,common_area,30,2026-08-01 06:00:00,3,10.0
ZN-06,Lobby,common_area,30,2026-08-01 06:15:00,1,3.3
ZN-06,Lobby,common_area,30,2026-08-01 06:30:00,1,3.3
ZN-06,Lobby,common_area,30,2026-08-01 06:45:00,3,10.0
ZN-06,Lobby,common_area,30,2026-08-01 07:00:00,3,10.0
ZN-06,Lobby,common_area,30,2026-08-01 07:15:00,0,0.0
ZN-06,Lobby,common_area,30,2026-08-01 07:30:00,0,0.0
ZN-06,Lobby,common_area,30,2026-08-01 07:45:00,0,0.0
ZN-06,Lobby,common_area,30,2026-08-01 08:00:00,0,0.0
ZN-06,Lobby,common_area,30,2026-08-01 08:15:00,3,10.0
ZN-06,Lobby,common_area,30,2026-08-01 08:30:00,0,0.0
ZN-06,Lobby,common_area,30,2026-08-01 08:45:00,1,3.3
ZN-06,Lobby,common_area,30,2026-08-01 09:00:00,0,0.0
ZN-06,Lobby,common_area,30,2026-08-01 09:15:00,2,6.7
ZN-06,Lobby,common_area,30,2026-08-01 09:30:00,6,20.0
ZN-06,Lobby,common_area,30,2026-08-01 09:45:00,0,0.0
ZN-06,Lobby,common_area,30,2026-08-01 10:00:00,2,6.7
ZN-06,Lobby,common_area,30,2026-08-01 10:15:00,1,3.3
ZN-06,Lobby,common_area,30,2026-08-01 10:30:00,0,0.0
ZN-06,Lobby,common_area,30,2026-08-01 10:45:00,0,0.0
ZN-06,Lobby,common_area,30,2026-08-01 11:00:00,4,13.3
ZN-06,Lobby,common_area,30,2026-08-01 11:15:00,0,0.0
ZN-06,Lobby,common_area,30,2026-08-01 11:30:00,1,3.3
ZN-06,Lobby,common_area,30,2026-08-01 11:45:00,4,13.3
ZN-06,Lobby,common_area,30,2026-08-01 12:00:00,3,10.0
ZN-06,Lobby,common_area,30,2026-08-01 12:15:00,1,3.3
ZN-06,Lobby,common_area,30,2026-08-01 12:30:00,7,23.3
ZN-06,Lobby,common_area,30,2026-08-01 12:45:00,5,16.7
ZN-06,Lobby,common_area,30,2026-08-01 13:00:00,1,3.3
ZN-06,Lobby,common_area,30,2026-08-01 13:15:00,6,20.0
ZN-06,Lobby,common_area,30,2026-08-01 13:30:00,3,10.0
ZN-06,Lobby,common_area,30,2026-08-01 13:45:00,3,10.0
ZN-06,Lobby,common_area,30,2026-08-01 14:00:00,0,0.0
ZN-06,Lobby,common_area,30,2026-08-01 14:15:00,3,10.0
ZN-06,Lobby,common_area,30,2026-08-01 14:30:00,4,13.3
ZN-06,Lobby,common_area,30,2026-08-01 14:45:00,3,10.0
ZN-06,Lobby,common_area,30,2026-08-01 15:00:00,1,3.3
ZN-06,Lobby,common_area,30,2026-08-01 15:15:00,0,0.0
ZN-06,Lobby,common_area,30,2026-08-01 15:30:00,0,0.0
ZN-06,Lobby,common_area,30,2026-08-01 15:45:00,5,16.7
ZN-06,Lobby,common_area,30,2026-08-01 16:00:00,1,3.3
ZN-06,Lobby,common_area,30,2026-08-01 16:15:00,5,16.7
ZN-06,Lobby,common_area,30,2026-08-01 16:30:00,1,3.3
ZN-06,Lobby,common_area,30,2026-08-01 16:45:00,0,0.0
ZN-06,Lobby,common_area,30,2026-08-01 17:00:00,5,16.7
ZN-06,Lobby,common_area,30,2026-08-01 17:15:00,3,10.0
ZN-06,Lobby,common_area,30,2026-08-01 17:30:00,0,0.0
ZN-06,Lobby,common_area,30,2026-08-01 17:45:00,0,0.0
ZN-06,Lobby,common_area,30,2026-08-01 18:00:00,0,0.0
ZN-06,Lobby,common_area,30,2026-08-01 18:15:00,1,3.3
ZN-06,Lobby,common_area,30,2026-08-01 18:30:00,0,0.0
ZN-06,Lobby,common_area,30,2026-08-01 18:45:00,0,0.0
ZN-06,Lobby,common_area,30,2026-08-01 19:00:00,0,0.0
ZN-06,Lobby,common_area,30,2026-08-01 19:15:00,6,20.0
ZN-06,Lobby,common_area,30,2026-08-01 19:30:00,0,0.0
ZN-06,Lobby,common_area,30,2026-08-01 19:45:00,6,20.0
ZN-06,Lobby,common_area,30,2026-08-01 20:00:00,2,6.7
ZN-06,Lobby,common_area,30,2026-08-01 20:15:00,5,16.7
ZN-06,Lobby,common_area,30,2026-08-01 20:30:00,3,10.0
ZN-06,Lobby,common_area,30,2026-08-01 20:45:00,4,13.3
ZN-06,Lobby,common_area,30,2026-08-01 21:00:00,1,3.3
ZN-06,Lobby,common_area,30,2026-08-01 21:15:00,0,0.0
ZN-06,Lobby,common_area,30,2026-08-01 21:30:00,1,3.3
ZN-06,Lobby,common_area,30,2026-08-01 21:45:00,0,0.0
ZN-06,Lobby,common_area,30,2026-08-01 22:00:00,0,0.0
ZN-06,Lobby,common_area,30,2026-08-01 22:15:00,1,3.3
ZN-06,Lobby,common_area,30,2026-08-01 22:30:00,0,0.0
ZN-06,Lobby,common_area,30,2026-08-01 22:45:00,3,10.0
ZN-06,Lobby,common_area,30,2026-08-01 23:00:00,0,0.0
ZN-06,Lobby,common_area,30,2026-08-01 23:15:00,4,13.3
ZN-06,Lobby,common_area,30,2026-08-01 23:30:00,1,3.3
ZN-06,Lobby,common_area,30,2026-08-01 23:45:00,0,0.0
ZN-06,Lobby,common_area,30,2026-08-02 00:00:00,2,6.7
ZN-06,Lobby,common_area,30,2026-08-02 00:15:00,0,0.0
ZN-06,Lobby,common_area,30,2026-08-02 00:30:00,2,6.7
ZN-06,Lobby,common_area,30,2026-08-02 00:45:00,0,0.0
ZN-06,Lobby,common_area,30,2026-08-02 01:00:00,1,3.3
ZN-06,Lobby,common_area,30,2026-08-02 01:15:00,0,0.0
ZN-06,Lobby,common_area,30,2026-08-02 01:30:00,0,0.0
ZN-06,Lobby,common_area,30,2026-08-02 01:45:00,0,0.0
ZN-06,Lobby,common_area,30,2026-08-02 02:00:00,0,0.0
ZN-06,Lobby,common_area,30,2026-08-02 02:15:00,2,6.7
ZN-06,Lobby,common_area,30,2026-08-02 02:30:00,0,0.0
ZN-06,Lobby,common_area,30,2026-08-02 02:45:00,0,0.0
ZN-06,Lobby,common_area,30,2026-08-02 03:00:00,2,6.7
ZN-06,Lobby,common_area,30,2026-08-02 03:15:00,0,0.0
ZN-06,Lobby,common_area,30,2026-08-02 03:30:00,0,0.0
ZN-06,Lobby,common_area,30,2026-08-02 03:45:00,0,0.0
ZN-06,Lobby,common_area,30,2026-08-02 04:00:00,0,0.0
ZN-06,Lobby,common_area,30,2026-08-02 04:15:00,5,16.7
ZN-06,Lobby,common_area,30,2026-08-02 04:30:00,0,0.0
ZN-06,Lobby,common_area,30,2026-08-02 04:45:00,5,16.7
ZN-06,Lobby,common_area,30,2026-08-02 05:00:00,2,6.7
ZN-06,Lobby,common_area,30,2026-08-02 05:15:00,0,0.0
ZN-06,Lobby,common_area,30,2026-08-02 05:30:00,2,6.7
ZN-06,Lobby,common_area,30,2026-08-02 05:45:00,3,10.0
ZN-06,Lobby,common_area,30,2026-08-02 06:00:00,0,0.0
ZN-06,Lobby,common_area,30,2026-08-02 06:15:00,3,10.0
ZN-06,Lobby,common_area,30,2026-08-02 06:30:00,8,26.7
ZN-06,Lobby,common_area,30,2026-08-02 06:45:00,2,6.7
ZN-06,Lobby,common_area,30,2026-08-02 07:00:00,1,3.3
ZN-06,Lobby,common_area,30,2026-08-02 07:15:00,0,0.0
ZN-06,Lobby,common_area,30,2026-08-02 07:30:00,0,0.0
ZN-06,Lobby,common_area,30,2026-08-02 07:45:00,0,0.0
ZN-06,Lobby,common_area,30,2026-08-02 08:00:00,1,3.3
ZN-06,Lobby,common_area,30,2026-08-02 08:15:00,3,10.0
ZN-06,Lobby,common_area,30,2026-08-02 08:30:00,2,6.7
ZN-06,Lobby,common_area,30,2026-08-02 08:45:00,6,20.0
ZN-06,Lobby,common_area,30,2026-08-02 09:00:00,0,0.0
ZN-06,Lobby,common_area,30,2026-08-02 09:15:00,0,0.0
ZN-06,Lobby,common_area,30,2026-08-02 09:30:00,0,0.0
ZN-06,Lobby,common_area,30,2026-08-02 09:45:00,1,3.3
ZN-06,Lobby,common_area,30,2026-08-02 10:00:00,1,3.3
ZN-06,Lobby,common_area,30,2026-08-02 10:15:00,0,0.0
ZN-06,Lobby,common_area,30,2026-08-02 10:30:00,7,23.3
ZN-06,Lobby,common_area,30,2026-08-02 10:45:00,0,0.0
ZN-06,Lobby,common_area,30,2026-08-02 11:00:00,0,0.0
ZN-06,Lobby,common_area,30,2026-08-02 11:15:00,0,0.0
ZN-06,Lobby,common_area,30,2026-08-02 11:30:00,0,0.0
ZN-06,Lobby,common_area,30,2026-08-02 11:45:00,5,16.7
ZN-06,Lobby,common_area,30,2026-08-02 12:00:00,10,33.3
ZN-06,Lobby,common_area,30,2026-08-02 12:15:00,3,10.0
ZN-06,Lobby,common_area,30,2026-08-02 12:30:00,0,0.0
ZN-06,Lobby,common_area,30,2026-08-02 12:45:00,2,6.7
ZN-06,Lobby,common_area,30,2026-08-02 13:00:00,4,13.3
ZN-06,Lobby,common_area,30,2026-08-02 13:15:00,2,6.7
ZN-06,Lobby,common_area,30,2026-08-02 13:30:00,4,13.3
ZN-06,Lobby,common_area,30,2026-08-02 13:45:00,0,0.0
ZN-06,Lobby,common_area,30,2026-08-02 14:00:00,2,6.7
ZN-06,Lobby,common_area,30,2026-08-02 14:15:00,0,0.0
ZN-06,Lobby,common_area,30,2026-08-02 14:30:00,3,10.0
ZN-06,Lobby,common_area,30,2026-08-02 14:45:00,0,0.0
ZN-06,Lobby,common_area,30,2026-08-02 15:00:00,0,0.0
ZN-06,Lobby,common_area,30,2026-08-02 15:15:00,4,13.3
ZN-06,Lobby,common_area,30,2026-08-02 15:30:00,7,23.3
ZN-06,Lobby,common_area,30,2026-08-02 15:45:00,1,3.3
ZN-06,Lobby,common_area,30,2026-08-02 16:00:00,2,6.7
ZN-06,Lobby,common_area,30,2026-08-02 16:15:00,0,0.0
ZN-06,Lobby,common_area,30,2026-08-02 16:30:00,1,3.3
ZN-06,Lobby,common_area,30,2026-08-02 16:45:00,1,3.3
ZN-06,Lobby,common_area,30,2026-08-02 17:00:00,0,0.0
ZN-06,Lobby,common_area,30,2026-08-02 17:15:00,0,0.0
ZN-06,Lobby,common_area,30,2026-08-02 17:30:00,0,0.0
ZN-06,Lobby,common_area,30,2026-08-02 17:45:00,0,0.0
ZN-06,Lobby,common_area,30,2026-08-02 18:00:00,0,0.0
ZN-06,Lobby,common_area,30,2026-08-02 18:15:00,0,0.0
ZN-06,Lobby,common_area,30,2026-08-02 18:30:00,0,0.0
ZN-06,Lobby,common_area,30,2026-08-02 18:45:00,4,13.3
ZN-06,Lobby,common_area,30,2026-08-02 19:00:00,1,3.3
ZN-06,Lobby,common_area,30,2026-08-02 19:15:00,2,6.7
ZN-06,Lobby,common_area,30,2026-08-02 19:30:00,2,6.7
ZN-06,Lobby,common_area,30,2026-08-02 19:45:00,0,0.0
ZN-06,Lobby,common_area,30,2026-08-02 20:00:00,2,6.7
ZN-06,Lobby,common_area,30,2026-08-02 20:15:00,2,6.7
ZN-06,Lobby,common_area,30,2026-08-02 20:30:00,0,0.0
ZN-06,Lobby,common_area,30,2026-08-02 20:45:00,0,0.0
ZN-06,Lobby,common_area,30,2026-08-02 21:00:00,0,0.0
ZN-06,Lobby,common_area,30,2026-08-02 21:15:00,5,16.7
ZN-06,Lobby,common_area,30,2026-08-02 21:30:00,0,0.0
ZN-06,Lobby,common_area,30,2026-08-02 21:45:00,0,0.0
ZN-06,Lobby,common_area,30,2026-08-02 22:00:00,1,3.3
ZN-06,Lobby,common_area,30,2026-08-02 22:15:00,0,0.0
ZN-06,Lobby,common_area,30,2026-08-02 22:30:00,0,0.0
ZN-06,Lobby,common_area,30,2026-08-02 22:45:00,0,0.0
ZN-06,Lobby,common_area,30,2026-08-02 23:00:00,7,23.3
ZN-06,Lobby,common_area,30,2026-08-02 23:15:00,0,0.0
ZN-06,Lobby,common_area,30,2026-08-02 23:30:00,0,0.0
ZN-06,Lobby,common_area,30,2026-08-02 23:45:00,0,0.0
ZN-06,Lobby,common_area,30,2026-08-03 00:00:00,0,0.0
ZN-06,Lobby,common_area,30,2026-08-03 00:15:00,0,0.0
ZN-06,Lobby,common_area,30,2026-08-03 00:30:00,0,0.0
ZN-06,Lobby,common_area,30,2026-08-03 00:45:00,3,10.0
ZN-06,Lobby,common_area,30,2026-08-03 01:00:00,0,0.0
ZN-06,Lobby,common_area,30,2026-08-03 01:15:00,3,10.0
ZN-06,Lobby,common_area,30,2026-08-03 01:30:00,0,0.0
ZN-06,Lobby,common_area,30,2026-08-03 01:45:00,0,0.0
ZN-06,Lobby,common_area,30,2026-08-03 02:00:00,2,6.7
ZN-06,Lobby,common_area,30,2026-08-03 02:15:00,0,0.0
ZN-06,Lobby,common_area,30,2026-08-03 02:30:00,0,0.0
ZN-06,Lobby,common_area,30,2026-08-03 02:45:00,0,0.0
ZN-06,Lobby,common_area,30,2026-08-03 03:00:00,0,0.0
ZN-06,Lobby,common_area,30,2026-08-03 03:15:00,0,0.0
ZN-06,Lobby,common_area,30,2026-08-03 03:30:00,0,0.0
ZN-06,Lobby,common_area,30,2026-08-03 03:45:00,0,0.0
ZN-06,Lobby,common_area,30,2026-08-03 04:00:00,0,0.0
ZN-06,Lobby,common_area,30,2026-08-03 04:15:00,0,0.0
ZN-06,Lobby,common_area,30,2026-08-03 04:30:00,0,0.0
ZN-06,Lobby,common_area,30,2026-08-03 04:45:00,0,0.0
ZN-06,Lobby,common_area,30,2026-08-03 05:00:00,2,6.7
ZN-06,Lobby,common_area,30,2026-08-03 05:15:00,0,0.0
ZN-06,Lobby,common_area,30,2026-08-03 05:30:00,0,0.0
ZN-06,Lobby,common_area,30,2026-08-03 05:45:00,11,36.7
ZN-06,Lobby,common_area,30,2026-08-03 06:00:00,26,86.7
ZN-06,Lobby,common_area,30,2026-08-03 06:15:00,29,96.7
ZN-06,Lobby,common_area,30,2026-08-03 06:30:00,29,96.7
ZN-06,Lobby,common_area,30,2026-08-03 06:45:00,30,100.0
ZN-06,Lobby,common_area,30,2026-08-03 07:00:00,29,96.7
ZN-06,Lobby,common_area,30,2026-08-03 07:15:00,29,96.7
ZN-06,Lobby,common_area,30,2026-08-03 07:30:00,29,96.7
ZN-06,Lobby,common_area,30,2026-08-03 07:45:00,30,100.0
ZN-06,Lobby,common_area,30,2026-08-03 08:00:00,30,100.0
ZN-06,Lobby,common_area,30,2026-08-03 08:15:00,28,93.3
ZN-06,Lobby,common_area,30,2026-08-03 08:30:00,29,96.7
ZN-06,Lobby,common_area,30,2026-08-03 08:45:00,27,90.0
ZN-06,Lobby,common_area,30,2026-08-03 09:00:00,30,100.0
ZN-06,Lobby,common_area,30,2026-08-03 09:15:00,29,96.7
ZN-06,Lobby,common_area,30,2026-08-03 09:30:00,30,100.0
ZN-06,Lobby,common_area,30,2026-08-03 09:45:00,22,73.3
ZN-06,Lobby,common_area,30,2026-08-03 10:00:00,22,73.3
ZN-06,Lobby,common_area,30,2026-08-03 10:15:00,23,76.7
ZN-06,Lobby,common_area,30,2026-08-03 10:30:00,7,23.3
ZN-06,Lobby,common_area,30,2026-08-03 10:45:00,9,30.0
ZN-06,Lobby,common_area,30,2026-08-03 11:00:00,25,83.3
ZN-06,Lobby,common_area,30,2026-08-03 11:15:00,26,86.7
ZN-06,Lobby,common_area,30,2026-08-03 11:30:00,26,86.7
ZN-06,Lobby,common_area,30,2026-08-03 11:45:00,26,86.7
ZN-06,Lobby,common_area,30,2026-08-03 12:00:00,30,100.0
ZN-06,Lobby,common_area,30,2026-08-03 12:15:00,30,100.0
ZN-06,Lobby,common_area,30,2026-08-03 12:30:00,30,100.0
ZN-06,Lobby,common_area,30,2026-08-03 12:45:00,27,90.0
ZN-06,Lobby,common_area,30,2026-08-03 13:00:00,28,93.3
ZN-06,Lobby,common_area,30,2026-08-03 13:15:00,28,93.3
ZN-06,Lobby,common_area,30,2026-08-03 13:30:00,30,100.0
ZN-06,Lobby,common_area,30,2026-08-03 13:45:00,30,100.0
ZN-06,Lobby,common_area,30,2026-08-03 14:00:00,28,93.3
ZN-06,Lobby,common_area,30,2026-08-03 14:15:00,30,100.0
ZN-06,Lobby,common_area,30,2026-08-03 14:30:00,30,100.0
ZN-06,Lobby,common_area,30,2026-08-03 14:45:00,30,100.0
ZN-06,Lobby,common_area,30,2026-08-03 15:00:00,24,80.0
ZN-06,Lobby,common_area,30,2026-08-03 15:15:00,14,46.7
ZN-06,Lobby,common_area,30,2026-08-03 15:30:00,8,26.7
ZN-06,Lobby,common_area,30,2026-08-03 15:45:00,10,33.3
ZN-06,Lobby,common_area,30,2026-08-03 16:00:00,10,33.3
ZN-06,Lobby,common_area,30,2026-08-03 16:15:00,8,26.7
ZN-06,Lobby,common_area,30,2026-08-03 16:30:00,0,0.0
ZN-06,Lobby,common_area,30,2026-08-03 16:45:00,1,3.3
ZN-06,Lobby,common_area,30,2026-08-03 17:00:00,0,0.0
ZN-06,Lobby,common_area,30,2026-08-03 17:15:00,0,0.0
ZN-06,Lobby,common_area,30,2026-08-03 17:30:00,0,0.0
ZN-06,Lobby,common_area,30,2026-08-03 17:45:00,0,0.0
ZN-06,Lobby,common_area,30,2026-08-03 18:00:00,0,0.0
ZN-06,Lobby,common_area,30,2026-08-03 18:15:00,0,0.0
ZN-06,Lobby,common_area,30,2026-08-03 18:30:00,3,10.0
ZN-06,Lobby,common_area,30,2026-08-03 18:45:00,0,0.0
ZN-06,Lobby,common_area,30,2026-08-03 19:00:00,0,0.0
ZN-06,Lobby,common_area,30,2026-08-03 19:15:00,0,0.0
ZN-06,Lobby,common_area,30,2026-08-03 19:30:00,4,13.3
ZN-06,Lobby,common_area,30,2026-08-03 19:45:00,0,0.0
ZN-06,Lobby,common_area,30,2026-08-03 20:00:00,1,3.3
ZN-06,Lobby,common_area,30,2026-08-03 20:15:00,0,0.0
ZN-06,Lobby,common_area,30,2026-08-03 20:30:00,4,13.3
ZN-06,Lobby,common_area,30,2026-08-03 20:45:00,0,0.0
ZN-06,Lobby,common_area,30,2026-08-03 21:00:00,1,3.3
ZN-06,Lobby,common_area,30,2026-08-03 21:15:00,0,0.0
ZN-06,Lobby,common_area,30,2026-08-03 21:30:00,2,6.7
ZN-06,Lobby,common_area,30,2026-08-03 21:45:00,0,0.0
ZN-06,Lobby,common_area,30,2026-08-03 22:00:00,0,0.0
ZN-06,Lobby,common_area,30,2026-08-03 22:15:00,1,3.3
ZN-06,Lobby,common_area,30,2026-08-03 22:30:00,0,0.0
ZN-06,Lobby,common_area,30,2026-08-03 22:45:00,0,0.0
ZN-06,Lobby,common_area,30,2026-08-03 23:00:00,0,0.0
ZN-06,Lobby,common_area,30,2026-08-03 23:15:00,0,0.0
ZN-06,Lobby,common_area,30,2026-08-03 23:30:00,0,0.0
ZN-06,Lobby,common_area,30,2026-08-03 23:45:00,0,0.0
ZN-06,Lobby,common_area,30,2026-08-04 00:00:00,5,16.7
ZN-06,Lobby,common_area,30,2026-08-04 00:15:00,0,0.0
ZN-06,Lobby,common_area,30,2026-08-04 00:30:00,0,0.0
ZN-06,Lobby,common_area,30,2026-08-04 00:45:00,0,0.0
ZN-06,Lobby,common_area,30,2026-08-04 01:00:00,0,0.0
ZN-06,Lobby,common_area,30,2026-08-04 01:15:00,0,0.0
ZN-06,Lobby,common_area,30,2026-08-04 01:30:00,2,6.7
ZN-06,Lobby,common_area,30,2026-08-04 01:45:00,0,0.0
ZN-06,Lobby,common_area,30,2026-08-04 02:00:00,1,3.3
ZN-06,Lobby,common_area,30,2026-08-04 02:15:00,0,0.0
ZN-06,Lobby,common_area,30,2026-08-04 02:30:00,0,0.0
ZN-06,Lobby,common_area,30,2026-08-04 02:45:00,1,3.3
ZN-06,Lobby,common_area,30,2026-08-04 03:00:00,0,0.0
ZN-06,Lobby,common_area,30,2026-08-04 03:15:00,1,3.3
ZN-06,Lobby,common_area,30,2026-08-04 03:30:00,3,10.0
ZN-06,Lobby,common_area,30,2026-08-04 03:45:00,0,0.0
ZN-06,Lobby,common_area,30,2026-08-04 04:00:00,2,6.7
ZN-06,Lobby,common_area,30,2026-08-04 04:15:00,1,3.3
ZN-06,Lobby,common_area,30,2026-08-04 04:30:00,0,0.0
ZN-06,Lobby,common_area,30,2026-08-04 04:45:00,3,10.0
ZN-06,Lobby,common_area,30,2026-08-04 05:00:00,0,0.0
ZN-06,Lobby,common_area,30,2026-08-04 05:15:00,0,0.0
ZN-06,Lobby,common_area,30,2026-08-04 05:30:00,0,0.0
ZN-06,Lobby,common_area,30,2026-08-04 05:45:00,6,20.0
ZN-06,Lobby,common_area,30,2026-08-04 06:00:00,23,76.7
ZN-06,Lobby,common_area,30,2026-08-04 06:15:00,30,100.0
ZN-06,Lobby,common_area,30,2026-08-04 06:30:00,30,100.0
ZN-06,Lobby,common_area,30,2026-08-04 06:45:00,29,96.7
ZN-06,Lobby,common_area,30,2026-08-04 07:00:00,27,90.0
ZN-06,Lobby,common_area,30,2026-08-04 07:15:00,27,90.0
ZN-06,Lobby,common_area,30,2026-08-04 07:30:00,30,100.0
ZN-06,Lobby,common_area,30,2026-08-04 07:45:00,30,100.0
ZN-06,Lobby,common_area,30,2026-08-04 08:00:00,29,96.7
ZN-06,Lobby,common_area,30,2026-08-04 08:15:00,29,96.7
ZN-06,Lobby,common_area,30,2026-08-04 08:30:00,28,93.3
ZN-06,Lobby,common_area,30,2026-08-04 08:45:00,24,80.0
ZN-06,Lobby,common_area,30,2026-08-04 09:00:00,23,76.7
ZN-06,Lobby,common_area,30,2026-08-04 09:15:00,30,100.0
ZN-06,Lobby,common_area,30,2026-08-04 09:30:00,27,90.0
ZN-06,Lobby,common_area,30,2026-08-04 09:45:00,23,76.7
ZN-06,Lobby,common_area,30,2026-08-04 10:00:00,24,80.0
ZN-06,Lobby,common_area,30,2026-08-04 10:15:00,19,63.3
ZN-06,Lobby,common_area,30,2026-08-04 10:30:00,10,33.3
ZN-06,Lobby,common_area,30,2026-08-04 10:45:00,10,33.3
ZN-06,Lobby,common_area,30,2026-08-04 11:00:00,28,93.3
ZN-06,Lobby,common_area,30,2026-08-04 11:15:00,27,90.0
ZN-06,Lobby,common_area,30,2026-08-04 11:30:00,30,100.0
ZN-06,Lobby,common_area,30,2026-08-04 11:45:00,30,100.0
ZN-06,Lobby,common_area,30,2026-08-04 12:00:00,30,100.0
ZN-06,Lobby,common_area,30,2026-08-04 12:15:00,30,100.0
ZN-06,Lobby,common_area,30,2026-08-04 12:30:00,30,100.0
ZN-06,Lobby,common_area,30,2026-08-04 12:45:00,30,100.0
ZN-06,Lobby,common_area,30,2026-08-04 13:00:00,27,90.0
ZN-06,Lobby,common_area,30,2026-08-04 13:15:00,30,100.0
ZN-06,Lobby,common_area,30,2026-08-04 13:30:00,30,100.0
ZN-06,Lobby,common_area,30,2026-08-04 13:45:00,27,90.0
ZN-06,Lobby,common_area,30,2026-08-04 14:00:00,29,96.7
ZN-06,Lobby,common_area,30,2026-08-04 14:15:00,28,93.3
ZN-06,Lobby,common_area,30,2026-08-04 14:30:00,30,100.0
ZN-06,Lobby,common_area,30,2026-08-04 14:45:00,30,100.0
ZN-06,Lobby,common_area,30,2026-08-04 15:00:00,21,70.0
ZN-06,Lobby,common_area,30,2026-08-04 15:15:00,16,53.3
ZN-06,Lobby,common_area,30,2026-08-04 15:30:00,11,36.7
ZN-06,Lobby,common_area,30,2026-08-04 15:45:00,11,36.7
ZN-06,Lobby,common_area,30,2026-08-04 16:00:00,12,40.0
ZN-06,Lobby,common_area,30,2026-08-04 16:15:00,8,26.7
ZN-06,Lobby,common_area,30,2026-08-04 16:30:00,0,0.0
ZN-06,Lobby,common_area,30,2026-08-04 16:45:00,4,13.3
ZN-06,Lobby,common_area,30,2026-08-04 17:00:00,0,0.0
ZN-06,Lobby,common_area,30,2026-08-04 17:15:00,0,0.0
ZN-06,Lobby,common_area,30,2026-08-04 17:30:00,2,6.7
ZN-06,Lobby,common_area,30,2026-08-04 17:45:00,1,3.3
ZN-06,Lobby,common_area,30,2026-08-04 18:00:00,0,0.0
ZN-06,Lobby,common_area,30,2026-08-04 18:15:00,1,3.3
ZN-06,Lobby,common_area,30,2026-08-04 18:30:00,3,10.0
ZN-06,Lobby,common_area,30,2026-08-04 18:45:00,4,13.3
ZN-06,Lobby,common_area,30,2026-08-04 19:00:00,1,3.3
ZN-06,Lobby,common_area,30,2026-08-04 19:15:00,0,0.0
ZN-06,Lobby,common_area,30,2026-08-04 19:30:00,0,0.0
ZN-06,Lobby,common_area,30,2026-08-04 19:45:00,3,10.0
ZN-06,Lobby,common_area,30,2026-08-04 20:00:00,0,0.0
ZN-06,Lobby,common_area,30,2026-08-04 20:15:00,0,0.0
ZN-06,Lobby,common_area,30,2026-08-04 20:30:00,0,0.0
ZN-06,Lobby,common_area,30,2026-08-04 20:45:00,0,0.0
ZN-06,Lobby,common_area,30,2026-08-04 21:00:00,3,10.0
ZN-06,Lobby,common_area,30,2026-08-04 21:15:00,0,0.0
ZN-06,Lobby,common_area,30,2026-08-04 21:30:00,0,0.0
ZN-06,Lobby,common_area,30,2026-08-04 21:45:00,2,6.7
ZN-06,Lobby,common_area,30,2026-08-04 22:00:00,0,0.0
ZN-06,Lobby,common_area,30,2026-08-04 22:15:00,3,10.0
ZN-06,Lobby,common_area,30,2026-08-04 22:30:00,0,0.0
ZN-06,Lobby,common_area,30,2026-08-04 22:45:00,0,0.0
ZN-06,Lobby,common_area,30,2026-08-04 23:00:00,1,3.3
ZN-06,Lobby,common_area,30,2026-08-04 23:15:00,0,0.0
ZN-06,Lobby,common_area,30,2026-08-04 23:30:00,1,3.3
ZN-06,Lobby,common_area,30,2026-08-04 23:45:00,0,0.0
ZN-06,Lobby,common_area,30,2026-08-05 00:00:00,4,13.3
ZN-06,Lobby,common_area,30,2026-08-05 00:15:00,0,0.0
ZN-06,Lobby,common_area,30,2026-08-05 00:30:00,5,16.7
ZN-06,Lobby,common_area,30,2026-08-05 00:45:00,6,20.0
ZN-06,Lobby,common_area,30,2026-08-05 01:00:00,0,0.0
ZN-06,Lobby,common_area,30,2026-08-05 01:15:00,0,0.0
ZN-06,Lobby,common_area,30,2026-08-05 01:30:00,0,0.0
ZN-06,Lobby,common_area,30,2026-08-05 01:45:00,0,0.0
ZN-06,Lobby,common_area,30,2026-08-05 02:00:00,2,6.7
ZN-06,Lobby,common_area,30,2026-08-05 02:15:00,2,6.7
ZN-06,Lobby,common_area,30,2026-08-05 02:30:00,0,0.0
ZN-06,Lobby,common_area,30,2026-08-05 02:45:00,4,13.3
ZN-06,Lobby,common_area,30,2026-08-05 03:00:00,0,0.0
ZN-06,Lobby,common_area,30,2026-08-05 03:15:00,0,0.0
ZN-06,Lobby,common_area,30,2026-08-05 03:30:00,3,10.0
ZN-06,Lobby,common_area,30,2026-08-05 03:45:00,0,0.0
ZN-06,Lobby,common_area,30,2026-08-05 04:00:00,0,0.0
ZN-06,Lobby,common_area,30,2026-08-05 04:15:00,0,0.0
ZN-06,Lobby,common_area,30,2026-08-05 04:30:00,0,0.0
ZN-06,Lobby,common_area,30,2026-08-05 04:45:00,0,0.0
ZN-06,Lobby,common_area,30,2026-08-05 05:00:00,1,3.3
ZN-06,Lobby,common_area,30,2026-08-05 05:15:00,3,10.0
ZN-06,Lobby,common_area,30,2026-08-05 05:30:00,3,10.0
ZN-06,Lobby,common_area,30,2026-08-05 05:45:00,9,30.0
ZN-06,Lobby,common_area,30,2026-08-05 06:00:00,20,66.7
ZN-06,Lobby,common_area,30,2026-08-05 06:15:00,30,100.0
ZN-06,Lobby,common_area,30,2026-08-05 06:30:00,26,86.7
ZN-06,Lobby,common_area,30,2026-08-05 06:45:00,28,93.3
ZN-06,Lobby,common_area,30,2026-08-05 07:00:00,30,100.0
ZN-06,Lobby,common_area,30,2026-08-05 07:15:00,30,100.0
ZN-06,Lobby,common_area,30,2026-08-05 07:30:00,29,96.7
ZN-06,Lobby,common_area,30,2026-08-05 07:45:00,23,76.7
ZN-06,Lobby,common_area,30,2026-08-05 08:00:00,29,96.7
ZN-06,Lobby,common_area,30,2026-08-05 08:15:00,30,100.0
ZN-06,Lobby,common_area,30,2026-08-05 08:30:00,25,83.3
ZN-06,Lobby,common_area,30,2026-08-05 08:45:00,24,80.0
ZN-06,Lobby,common_area,30,2026-08-05 09:00:00,30,100.0
ZN-06,Lobby,common_area,30,2026-08-05 09:15:00,24,80.0
ZN-06,Lobby,common_area,30,2026-08-05 09:30:00,22,73.3
ZN-06,Lobby,common_area,30,2026-08-05 09:45:00,22,73.3
ZN-06,Lobby,common_area,30,2026-08-05 10:00:00,27,90.0
ZN-06,Lobby,common_area,30,2026-08-05 10:15:00,21,70.0
ZN-06,Lobby,common_area,30,2026-08-05 10:30:00,0,0.0
ZN-06,Lobby,common_area,30,2026-08-05 10:45:00,7,23.3
ZN-06,Lobby,common_area,30,2026-08-05 11:00:00,24,80.0
ZN-06,Lobby,common_area,30,2026-08-05 11:15:00,25,83.3
ZN-06,Lobby,common_area,30,2026-08-05 11:30:00,21,70.0
ZN-06,Lobby,common_area,30,2026-08-05 11:45:00,21,70.0
ZN-06,Lobby,common_area,30,2026-08-05 12:00:00,30,100.0
ZN-06,Lobby,common_area,30,2026-08-05 12:15:00,30,100.0
ZN-06,Lobby,common_area,30,2026-08-05 12:30:00,30,100.0
ZN-06,Lobby,common_area,30,2026-08-05 12:45:00,29,96.7
ZN-06,Lobby,common_area,30,2026-08-05 13:00:00,28,93.3
ZN-06,Lobby,common_area,30,2026-08-05 13:15:00,24,80.0
ZN-06,Lobby,common_area,30,2026-08-05 13:30:00,25,83.3
ZN-06,Lobby,common_area,30,2026-08-05 13:45:00,30,100.0
ZN-06,Lobby,common_area,30,2026-08-05 14:00:00,30,100.0
ZN-06,Lobby,common_area,30,2026-08-05 14:15:00,24,80.0
ZN-06,Lobby,common_area,30,2026-08-05 14:30:00,23,76.7
ZN-06,Lobby,common_area,30,2026-08-05 14:45:00,29,96.7
ZN-06,Lobby,common_area,30,2026-08-05 15:00:00,21,70.0
ZN-06,Lobby,common_area,30,2026-08-05 15:15:00,16,53.3
ZN-06,Lobby,common_area,30,2026-08-05 15:30:00,7,23.3
ZN-06,Lobby,common_area,30,2026-08-05 15:45:00,8,26.7
ZN-06,Lobby,common_area,30,2026-08-05 16:00:00,13,43.3
ZN-06,Lobby,common_area,30,2026-08-05 16:15:00,5,16.7
ZN-06,Lobby,common_area,30,2026-08-05 16:30:00,0,0.0
ZN-06,Lobby,common_area,30,2026-08-05 16:45:00,3,10.0
ZN-06,Lobby,common_area,30,2026-08-05 17:00:00,2,6.7
ZN-06,Lobby,common_area,30,2026-08-05 17:15:00,0,0.0
ZN-06,Lobby,common_area,30,2026-08-05 17:30:00,0,0.0
ZN-06,Lobby,common_area,30,2026-08-05 17:45:00,0,0.0
ZN-06,Lobby,common_area,30,2026-08-05 18:00:00,0,0.0
ZN-06,Lobby,common_area,30,2026-08-05 18:15:00,2,6.7
ZN-06,Lobby,common_area,30,2026-08-05 18:30:00,0,0.0
ZN-06,Lobby,common_area,30,2026-08-05 18:45:00,0,0.0
ZN-06,Lobby,common_area,30,2026-08-05 19:00:00,1,3.3
ZN-06,Lobby,common_area,30,2026-08-05 19:15:00,4,13.3
ZN-06,Lobby,common_area,30,2026-08-05 19:30:00,5,16.7
ZN-06,Lobby,common_area,30,2026-08-05 19:45:00,0,0.0
ZN-06,Lobby,common_area,30,2026-08-05 20:00:00,0,0.0
ZN-06,Lobby,common_area,30,2026-08-05 20:15:00,0,0.0
ZN-06,Lobby,common_area,30,2026-08-05 20:30:00,0,0.0
ZN-06,Lobby,common_area,30,2026-08-05 20:45:00,0,0.0
ZN-06,Lobby,common_area,30,2026-08-05 21:00:00,0,0.0
ZN-06,Lobby,common_area,30,2026-08-05 21:15:00,2,6.7
ZN-06,Lobby,common_area,30,2026-08-05 21:30:00,5,16.7
ZN-06,Lobby,common_area,30,2026-08-05 21:45:00,0,0.0
ZN-06,Lobby,common_area,30,2026-08-05 22:00:00,2,6.7
ZN-06,Lobby,common_area,30,2026-08-05 22:15:00,1,3.3
ZN-06,Lobby,common_area,30,2026-08-05 22:30:00,0,0.0
ZN-06,Lobby,common_area,30,2026-08-05 22:45:00,0,0.0
ZN-06,Lobby,common_area,30,2026-08-05 23:00:00,0,0.0
ZN-06,Lobby,common_area,30,2026-08-05 23:15:00,0,0.0
ZN-06,Lobby,common_area,30,2026-08-05 23:30:00,0,0.0
ZN-06,Lobby,common_area,30,2026-08-05 23:45:00,0,0.0
ZN-06,Lobby,common_area,30,2026-08-06 00:00:00,0,0.0
ZN-06,Lobby,common_area,30,2026-08-06 00:15:00,2,6.7
ZN-06,Lobby,common_area,30,2026-08-06 00:30:00,5,16.7
ZN-06,Lobby,common_area,30,2026-08-06 00:45:00,0,0.0
ZN-06,Lobby,common_area,30,2026-08-06 01:00:00,0,0.0
ZN-06,Lobby,common_area,30,2026-08-06 01:15:00,3,10.0
ZN-06,Lobby,common_area,30,2026-08-06 01:30:00,0,0.0
ZN-06,Lobby,common_area,30,2026-08-06 01:45:00,4,13.3
ZN-06,Lobby,common_area,30,2026-08-06 02:00:00,5,16.7
ZN-06,Lobby,common_area,30,2026-08-06 02:15:00,6,20.0
ZN-06,Lobby,common_area,30,2026-08-06 02:30:00,0,0.0
ZN-06,Lobby,common_area,30,2026-08-06 02:45:00,2,6.7
ZN-06,Lobby,common_area,30,2026-08-06 03:00:00,2,6.7
ZN-06,Lobby,common_area,30,2026-08-06 03:15:00,1,3.3
ZN-06,Lobby,common_area,30,2026-08-06 03:30:00,2,6.7
ZN-06,Lobby,common_area,30,2026-08-06 03:45:00,4,13.3
ZN-06,Lobby,common_area,30,2026-08-06 04:00:00,4,13.3
ZN-06,Lobby,common_area,30,2026-08-06 04:15:00,0,0.0
ZN-06,Lobby,common_area,30,2026-08-06 04:30:00,6,20.0
ZN-06,Lobby,common_area,30,2026-08-06 04:45:00,2,6.7
ZN-06,Lobby,common_area,30,2026-08-06 05:00:00,4,13.3
ZN-06,Lobby,common_area,30,2026-08-06 05:15:00,0,0.0
ZN-06,Lobby,common_area,30,2026-08-06 05:30:00,1,3.3
ZN-06,Lobby,common_area,30,2026-08-06 05:45:00,16,53.3
ZN-06,Lobby,common_area,30,2026-08-06 06:00:00,23,76.7
ZN-06,Lobby,common_area,30,2026-08-06 06:15:00,30,100.0
ZN-06,Lobby,common_area,30,2026-08-06 06:30:00,24,80.0
ZN-06,Lobby,common_area,30,2026-08-06 06:45:00,30,100.0
ZN-06,Lobby,common_area,30,2026-08-06 07:00:00,30,100.0
ZN-06,Lobby,common_area,30,2026-08-06 07:15:00,24,80.0
ZN-06,Lobby,common_area,30,2026-08-06 07:30:00,25,83.3
ZN-06,Lobby,common_area,30,2026-08-06 07:45:00,29,96.7
ZN-06,Lobby,common_area,30,2026-08-06 08:00:00,29,96.7
ZN-06,Lobby,common_area,30,2026-08-06 08:15:00,27,90.0
ZN-06,Lobby,common_area,30,2026-08-06 08:30:00,28,93.3
ZN-06,Lobby,common_area,30,2026-08-06 08:45:00,28,93.3
ZN-06,Lobby,common_area,30,2026-08-06 09:00:00,28,93.3
ZN-06,Lobby,common_area,30,2026-08-06 09:15:00,26,86.7
ZN-06,Lobby,common_area,30,2026-08-06 09:30:00,30,100.0
ZN-06,Lobby,common_area,30,2026-08-06 09:45:00,25,83.3
ZN-06,Lobby,common_area,30,2026-08-06 10:00:00,22,73.3
ZN-06,Lobby,common_area,30,2026-08-06 10:15:00,12,40.0
ZN-06,Lobby,common_area,30,2026-08-06 10:30:00,10,33.3
ZN-06,Lobby,common_area,30,2026-08-06 10:45:00,7,23.3
ZN-06,Lobby,common_area,30,2026-08-06 11:00:00,27,90.0
ZN-06,Lobby,common_area,30,2026-08-06 11:15:00,23,76.7
ZN-06,Lobby,common_area,30,2026-08-06 11:30:00,23,76.7
ZN-06,Lobby,common_area,30,2026-08-06 11:45:00,27,90.0
ZN-06,Lobby,common_area,30,2026-08-06 12:00:00,27,90.0
ZN-06,Lobby,common_area,30,2026-08-06 12:15:00,26,86.7
ZN-06,Lobby,common_area,30,2026-08-06 12:30:00,30,100.0
ZN-06,Lobby,common_area,30,2026-08-06 12:45:00,30,100.0
ZN-06,Lobby,common_area,30,2026-08-06 13:00:00,30,100.0
ZN-06,Lobby,common_area,30,2026-08-06 13:15:00,24,80.0
ZN-06,Lobby,common_area,30,2026-08-06 13:30:00,30,100.0
ZN-06,Lobby,common_area,30,2026-08-06 13:45:00,25,83.3
ZN-06,Lobby,common_area,30,2026-08-06 14:00:00,28,93.3
ZN-06,Lobby,common_area,30,2026-08-06 14:15:00,30,100.0
ZN-06,Lobby,common_area,30,2026-08-06 14:30:00,26,86.7
ZN-06,Lobby,common_area,30,2026-08-06 14:45:00,23,76.7
ZN-06,Lobby,common_area,30,2026-08-06 15:00:00,24,80.0
ZN-06,Lobby,common_area,30,2026-08-06 15:15:00,14,46.7
ZN-06,Lobby,common_area,30,2026-08-06 15:30:00,8,26.7
ZN-06,Lobby,common_area,30,2026-08-06 15:45:00,11,36.7
ZN-06,Lobby,common_area,30,2026-08-06 16:00:00,9,30.0
ZN-06,Lobby,common_area,30,2026-08-06 16:15:00,4,13.3
ZN-06,Lobby,common_area,30,2026-08-06 16:30:00,0,0.0
ZN-06,Lobby,common_area,30,2026-08-06 16:45:00,1,3.3
ZN-06,Lobby,common_area,30,2026-08-06 17:00:00,1,3.3
ZN-06,Lobby,common_area,30,2026-08-06 17:15:00,0,0.0
ZN-06,Lobby,common_area,30,2026-08-06 17:30:00,0,0.0
ZN-06,Lobby,common_area,30,2026-08-06 17:45:00,3,10.0
ZN-06,Lobby,common_area,30,2026-08-06 18:00:00,0,0.0
ZN-06,Lobby,common_area,30,2026-08-06 18:15:00,0,0.0
ZN-06,Lobby,common_area,30,2026-08-06 18:30:00,2,6.7
ZN-06,Lobby,common_area,30,2026-08-06 18:45:00,0,0.0
ZN-06,Lobby,common_area,30,2026-08-06 19:00:00,0,0.0
ZN-06,Lobby,common_area,30,2026-08-06 19:15:00,0,0.0
ZN-06,Lobby,common_area,30,2026-08-06 19:30:00,0,0.0
ZN-06,Lobby,common_area,30,2026-08-06 19:45:00,0,0.0
ZN-06,Lobby,common_area,30,2026-08-06 20:00:00,0,0.0
ZN-06,Lobby,common_area,30,2026-08-06 20:15:00,0,0.0
ZN-06,Lobby,common_area,30,2026-08-06 20:30:00,0,0.0
ZN-06,Lobby,common_area,30,2026-08-06 20:45:00,0,0.0
ZN-06,Lobby,common_area,30,2026-08-06 21:00:00,1,3.3
ZN-06,Lobby,common_area,30,2026-08-06 21:15:00,0,0.0
ZN-06,Lobby,common_area,30,2026-08-06 21:30:00,2,6.7
ZN-06,Lobby,common_area,30,2026-08-06 21:45:00,0,0.0
ZN-06,Lobby,common_area,30,2026-08-06 22:00:00,0,0.0
ZN-06,Lobby,common_area,30,2026-08-06 22:15:00,0,0.0
ZN-06,Lobby,common_area,30,2026-08-06 22:30:00,1,3.3
ZN-06,Lobby,common_area,30,2026-08-06 22:45:00,5,16.7
ZN-06,Lobby,common_area,30,2026-08-06 23:00:00,6,20.0
ZN-06,Lobby,common_area,30,2026-08-06 23:15:00,0,0.0
ZN-06,Lobby,common_area,30,2026-08-06 23:30:00,5,16.7
ZN-06,Lobby,common_area,30,2026-08-06 23:45:00,0,0.0
ZN-06,Lobby,common_area,30,2026-08-07 00:00:00,4,13.3
ZN-06,Lobby,common_area,30,2026-08-07 00:15:00,0,0.0
ZN-06,Lobby,common_area,30,2026-08-07 00:30:00,2,6.7
ZN-06,Lobby,common_area,30,2026-08-07 00:45:00,1,3.3
ZN-06,Lobby,common_area,30,2026-08-07 01:00:00,0,0.0
ZN-06,Lobby,common_area,30,2026-08-07 01:15:00,2,6.7
ZN-06,Lobby,common_area,30,2026-08-07 01:30:00,0,0.0
ZN-06,Lobby,common_area,30,2026-08-07 01:45:00,0,0.0
ZN-06,Lobby,common_area,30,2026-08-07 02:00:00,3,10.0
ZN-06,Lobby,common_area,30,2026-08-07 02:15:00,0,0.0
ZN-06,Lobby,common_area,30,2026-08-07 02:30:00,0,0.0
ZN-06,Lobby,common_area,30,2026-08-07 02:45:00,0,0.0
ZN-06,Lobby,common_area,30,2026-08-07 03:00:00,2,6.7
ZN-06,Lobby,common_area,30,2026-08-07 03:15:00,0,0.0
ZN-06,Lobby,common_area,30,2026-08-07 03:30:00,6,20.0
ZN-06,Lobby,common_area,30,2026-08-07 03:45:00,0,0.0
ZN-06,Lobby,common_area,30,2026-08-07 04:00:00,0,0.0
ZN-06,Lobby,common_area,30,2026-08-07 04:15:00,5,16.7
ZN-06,Lobby,common_area,30,2026-08-07 04:30:00,4,13.3
ZN-06,Lobby,common_area,30,2026-08-07 04:45:00,0,0.0
ZN-06,Lobby,common_area,30,2026-08-07 05:00:00,0,0.0
ZN-06,Lobby,common_area,30,2026-08-07 05:15:00,0,0.0
ZN-06,Lobby,common_area,30,2026-08-07 05:30:00,0,0.0
ZN-06,Lobby,common_area,30,2026-08-07 05:45:00,16,53.3
ZN-06,Lobby,common_area,30,2026-08-07 06:00:00,28,93.3
ZN-06,Lobby,common_area,30,2026-08-07 06:15:00,28,93.3
ZN-06,Lobby,common_area,30,2026-08-07 06:30:00,25,83.3
ZN-06,Lobby,common_area,30,2026-08-07 06:45:00,30,100.0
ZN-06,Lobby,common_area,30,2026-08-07 07:00:00,30,100.0
ZN-06,Lobby,common_area,30,2026-08-07 07:15:00,29,96.7
ZN-06,Lobby,common_area,30,2026-08-07 07:30:00,30,100.0
ZN-06,Lobby,common_area,30,2026-08-07 07:45:00,27,90.0
ZN-06,Lobby,common_area,30,2026-08-07 08:00:00,25,83.3
ZN-06,Lobby,common_area,30,2026-08-07 08:15:00,28,93.3
ZN-06,Lobby,common_area,30,2026-08-07 08:30:00,30,100.0
ZN-06,Lobby,common_area,30,2026-08-07 08:45:00,25,83.3
ZN-06,Lobby,common_area,30,2026-08-07 09:00:00,29,96.7
ZN-06,Lobby,common_area,30,2026-08-07 09:15:00,27,90.0
ZN-06,Lobby,common_area,30,2026-08-07 09:30:00,29,96.7
ZN-06,Lobby,common_area,30,2026-08-07 09:45:00,21,70.0
ZN-06,Lobby,common_area,30,2026-08-07 10:00:00,22,73.3
ZN-06,Lobby,common_area,30,2026-08-07 10:15:00,18,60.0
ZN-06,Lobby,common_area,30,2026-08-07 10:30:00,6,20.0
ZN-06,Lobby,common_area,30,2026-08-07 10:45:00,9,30.0
ZN-06,Lobby,common_area,30,2026-08-07 11:00:00,18,60.0
ZN-06,Lobby,common_area,30,2026-08-07 11:15:00,24,80.0
ZN-06,Lobby,common_area,30,2026-08-07 11:30:00,26,86.7
ZN-06,Lobby,common_area,30,2026-08-07 11:45:00,26,86.7
ZN-06,Lobby,common_area,30,2026-08-07 12:00:00,29,96.7
ZN-06,Lobby,common_area,30,2026-08-07 12:15:00,30,100.0
ZN-06,Lobby,common_area,30,2026-08-07 12:30:00,30,100.0
ZN-06,Lobby,common_area,30,2026-08-07 12:45:00,30,100.0
ZN-06,Lobby,common_area,30,2026-08-07 13:00:00,27,90.0
ZN-06,Lobby,common_area,30,2026-08-07 13:15:00,29,96.7
ZN-06,Lobby,common_area,30,2026-08-07 13:30:00,28,93.3
ZN-06,Lobby,common_area,30,2026-08-07 13:45:00,28,93.3
ZN-06,Lobby,common_area,30,2026-08-07 14:00:00,27,90.0
ZN-06,Lobby,common_area,30,2026-08-07 14:15:00,29,96.7
ZN-06,Lobby,common_area,30,2026-08-07 14:30:00,30,100.0
ZN-06,Lobby,common_area,30,2026-08-07 14:45:00,26,86.7
ZN-06,Lobby,common_area,30,2026-08-07 15:00:00,25,83.3
ZN-06,Lobby,common_area,30,2026-08-07 15:15:00,14,46.7
ZN-06,Lobby,common_area,30,2026-08-07 15:30:00,15,50.0
ZN-06,Lobby,common_area,30,2026-08-07 15:45:00,13,43.3
ZN-06,Lobby,common_area,30,2026-08-07 16:00:00,9,30.0
ZN-06,Lobby,common_area,30,2026-08-07 16:15:00,5,16.7
ZN-06,Lobby,common_area,30,2026-08-07 16:30:00,0,0.0
ZN-06,Lobby,common_area,30,2026-08-07 16:45:00,2,6.7
ZN-06,Lobby,common_area,30,2026-08-07 17:00:00,0,0.0
ZN-06,Lobby,common_area,30,2026-08-07 17:15:00,0,0.0
ZN-06,Lobby,common_area,30,2026-08-07 17:30:00,3,10.0
ZN-06,Lobby,common_area,30,2026-08-07 17:45:00,1,3.3
ZN-06,Lobby,common_area,30,2026-08-07 18:00:00,0,0.0
ZN-06,Lobby,common_area,30,2026-08-07 18:15:00,0,0.0
ZN-06,Lobby,common_area,30,2026-08-07 18:30:00,0,0.0
ZN-06,Lobby,common_area,30,2026-08-07 18:45:00,0,0.0
ZN-06,Lobby,common_area,30,2026-08-07 19:00:00,1,3.3
ZN-06,Lobby,common_area,30,2026-08-07 19:15:00,0,0.0
ZN-06,Lobby,common_area,30,2026-08-07 19:30:00,0,0.0
ZN-06,Lobby,common_area,30,2026-08-07 19:45:00,0,0.0
ZN-06,Lobby,common_area,30,2026-08-07 20:00:00,0,0.0
ZN-06,Lobby,common_area,30,2026-08-07 20:15:00,5,16.7
ZN-06,Lobby,common_area,30,2026-08-07 20:30:00,0,0.0
ZN-06,Lobby,common_area,30,2026-08-07 20:45:00,2,6.7
ZN-06,Lobby,common_area,30,2026-08-07 21:00:00,0,0.0
ZN-06,Lobby,common_area,30,2026-08-07 21:15:00,0,0.0
ZN-06,Lobby,common_area,30,2026-08-07 21:30:00,0,0.0
ZN-06,Lobby,common_area,30,2026-08-07 21:45:00,0,0.0
ZN-06,Lobby,common_area,30,2026-08-07 22:00:00,4,13.3
ZN-06,Lobby,common_area,30,2026-08-07 22:15:00,0,0.0
ZN-06,Lobby,common_area,30,2026-08-07 22:30:00,0,0.0
ZN-06,Lobby,common_area,30,2026-08-07 22:45:00,0,0.0
ZN-06,Lobby,common_area,30,2026-08-07 23:00:00,5,16.7
ZN-06,Lobby,common_area,30,2026-08-07 23:15:00,1,3.3
ZN-06,Lobby,common_area,30,2026-08-07 23:30:00,0,0.0
ZN-06,Lobby,common_area,30,2026-08-07 23:45:00,0,0.0
ZN-06,Lobby,common_area,30,2026-08-08 00:00:00,0,0.0
ZN-06,Lobby,common_area,30,2026-08-08 00:15:00,0,0.0
ZN-06,Lobby,common_area,30,2026-08-08 00:30:00,3,10.0
ZN-06,Lobby,common_area,30,2026-08-08 00:45:00,0,0.0
ZN-06,Lobby,common_area,30,2026-08-08 01:00:00,1,3.3
ZN-06,Lobby,common_area,30,2026-08-08 01:15:00,3,10.0
ZN-06,Lobby,common_area,30,2026-08-08 01:30:00,0,0.0
ZN-06,Lobby,common_area,30,2026-08-08 01:45:00,4,13.3
ZN-06,Lobby,common_area,30,2026-08-08 02:00:00,0,0.0
ZN-06,Lobby,common_area,30,2026-08-08 02:15:00,2,6.7
ZN-06,Lobby,common_area,30,2026-08-08 02:30:00,0,0.0
ZN-06,Lobby,common_area,30,2026-08-08 02:45:00,5,16.7
ZN-06,Lobby,common_area,30,2026-08-08 03:00:00,0,0.0
ZN-06,Lobby,common_area,30,2026-08-08 03:15:00,2,6.7
ZN-06,Lobby,common_area,30,2026-08-08 03:30:00,7,23.3
ZN-06,Lobby,common_area,30,2026-08-08 03:45:00,0,0.0
ZN-06,Lobby,common_area,30,2026-08-08 04:00:00,2,6.7
ZN-06,Lobby,common_area,30,2026-08-08 04:15:00,1,3.3
ZN-06,Lobby,common_area,30,2026-08-08 04:30:00,0,0.0
ZN-06,Lobby,common_area,30,2026-08-08 04:45:00,3,10.0
ZN-06,Lobby,common_area,30,2026-08-08 05:00:00,0,0.0
ZN-06,Lobby,common_area,30,2026-08-08 05:15:00,0,0.0
ZN-06,Lobby,common_area,30,2026-08-08 05:30:00,0,0.0
ZN-06,Lobby,common_area,30,2026-08-08 05:45:00,0,0.0
ZN-06,Lobby,common_area,30,2026-08-08 06:00:00,0,0.0
ZN-06,Lobby,common_area,30,2026-08-08 06:15:00,0,0.0
ZN-06,Lobby,common_area,30,2026-08-08 06:30:00,0,0.0
ZN-06,Lobby,common_area,30,2026-08-08 06:45:00,1,3.3
ZN-06,Lobby,common_area,30,2026-08-08 07:00:00,0,0.0
ZN-06,Lobby,common_area,30,2026-08-08 07:15:00,0,0.0
ZN-06,Lobby,common_area,30,2026-08-08 07:30:00,7,23.3
ZN-06,Lobby,common_area,30,2026-08-08 07:45:00,0,0.0
ZN-06,Lobby,common_area,30,2026-08-08 08:00:00,2,6.7
ZN-06,Lobby,common_area,30,2026-08-08 08:15:00,0,0.0
ZN-06,Lobby,common_area,30,2026-08-08 08:30:00,3,10.0
ZN-06,Lobby,common_area,30,2026-08-08 08:45:00,1,3.3
ZN-06,Lobby,common_area,30,2026-08-08 09:00:00,0,0.0
ZN-06,Lobby,common_area,30,2026-08-08 09:15:00,0,0.0
ZN-06,Lobby,common_area,30,2026-08-08 09:30:00,2,6.7
ZN-06,Lobby,common_area,30,2026-08-08 09:45:00,0,0.0
ZN-06,Lobby,common_area,30,2026-08-08 10:00:00,0,0.0
ZN-06,Lobby,common_area,30,2026-08-08 10:15:00,3,10.0
ZN-06,Lobby,common_area,30,2026-08-08 10:30:00,0,0.0
ZN-06,Lobby,common_area,30,2026-08-08 10:45:00,1,3.3
ZN-06,Lobby,common_area,30,2026-08-08 11:00:00,2,6.7
ZN-06,Lobby,common_area,30,2026-08-08 11:15:00,6,20.0
ZN-06,Lobby,common_area,30,2026-08-08 11:30:00,4,13.3
ZN-06,Lobby,common_area,30,2026-08-08 11:45:00,2,6.7
ZN-06,Lobby,common_area,30,2026-08-08 12:00:00,2,6.7
ZN-06,Lobby,common_area,30,2026-08-08 12:15:00,3,10.0
ZN-06,Lobby,common_area,30,2026-08-08 12:30:00,1,3.3
ZN-06,Lobby,common_area,30,2026-08-08 12:45:00,3,10.0
ZN-06,Lobby,common_area,30,2026-08-08 13:00:00,0,0.0
ZN-06,Lobby,common_area,30,2026-08-08 13:15:00,1,3.3
ZN-06,Lobby,common_area,30,2026-08-08 13:30:00,3,10.0
ZN-06,Lobby,common_area,30,2026-08-08 13:45:00,0,0.0
ZN-06,Lobby,common_area,30,2026-08-08 14:00:00,2,6.7
ZN-06,Lobby,common_area,30,2026-08-08 14:15:00,0,0.0
ZN-06,Lobby,common_area,30,2026-08-08 14:30:00,3,10.0
ZN-06,Lobby,common_area,30,2026-08-08 14:45:00,0,0.0
ZN-06,Lobby,common_area,30,2026-08-08 15:00:00,3,10.0
ZN-06,Lobby,common_area,30,2026-08-08 15:15:00,2,6.7
ZN-06,Lobby,common_area,30,2026-08-08 15:30:00,0,0.0
ZN-06,Lobby,common_area,30,2026-08-08 15:45:00,0,0.0
ZN-06,Lobby,common_area,30,2026-08-08 16:00:00,1,3.3
ZN-06,Lobby,common_area,30,2026-08-08 16:15:00,0,0.0
ZN-06,Lobby,common_area,30,2026-08-08 16:30:00,2,6.7
ZN-06,Lobby,common_area,30,2026-08-08 16:45:00,0,0.0
ZN-06,Lobby,common_area,30,2026-08-08 17:00:00,2,6.7
ZN-06,Lobby,common_area,30,2026-08-08 17:15:00,4,13.3
ZN-06,Lobby,common_area,30,2026-08-08 17:30:00,2,6.7
ZN-06,Lobby,common_area,30,2026-08-08 17:45:00,3,10.0
ZN-06,Lobby,common_area,30,2026-08-08 18:00:00,0,0.0
ZN-06,Lobby,common_area,30,2026-08-08 18:15:00,0,0.0
ZN-06,Lobby,common_area,30,2026-08-08 18:30:00,0,0.0
ZN-06,Lobby,common_area,30,2026-08-08 18:45:00,0,0.0
ZN-06,Lobby,common_area,30,2026-08-08 19:00:00,0,0.0
ZN-06,Lobby,common_area,30,2026-08-08 19:15:00,1,3.3
ZN-06,Lobby,common_area,30,2026-08-08 19:30:00,2,6.7
ZN-06,Lobby,common_area,30,2026-08-08 19:45:00,2,6.7
ZN-06,Lobby,common_area,30,2026-08-08 20:00:00,0,0.0
ZN-06,Lobby,common_area,30,2026-08-08 20:15:00,0,0.0
ZN-06,Lobby,common_area,30,2026-08-08 20:30:00,1,3.3
ZN-06,Lobby,common_area,30,2026-08-08 20:45:00,0,0.0
ZN-06,Lobby,common_area,30,2026-08-08 21:00:00,2,6.7
ZN-06,Lobby,common_area,30,2026-08-08 21:15:00,0,0.0
ZN-06,Lobby,common_area,30,2026-08-08 21:30:00,0,0.0
ZN-06,Lobby,common_area,30,2026-08-08 21:45:00,1,3.3
ZN-06,Lobby,common_area,30,2026-08-08 22:00:00,0,0.0
ZN-06,Lobby,common_area,30,2026-08-08 22:15:00,0,0.0
ZN-06,Lobby,common_area,30,2026-08-08 22:30:00,0,0.0
ZN-06,Lobby,common_area,30,2026-08-08 22:45:00,2,6.7
ZN-06,Lobby,common_area,30,2026-08-08 23:00:00,3,10.0
ZN-06,Lobby,common_area,30,2026-08-08 23:15:00,0,0.0
ZN-06,Lobby,common_area,30,2026-08-08 23:30:00,8,26.7
ZN-06,Lobby,common_area,30,2026-08-08 23:45:00,0,0.0
ZN-06,Lobby,common_area,30,2026-08-09 00:00:00,3,10.0
ZN-06,Lobby,common_area,30,2026-08-09 00:15:00,0,0.0
ZN-06,Lobby,common_area,30,2026-08-09 00:30:00,0,0.0
ZN-06,Lobby,common_area,30,2026-08-09 00:45:00,0,0.0
ZN-06,Lobby,common_area,30,2026-08-09 01:00:00,2,6.7
ZN-06,Lobby,common_area,30,2026-08-09 01:15:00,0,0.0
ZN-06,Lobby,common_area,30,2026-08-09 01:30:00,4,13.3
ZN-06,Lobby,common_area,30,2026-08-09 01:45:00,3,10.0
ZN-06,Lobby,common_area,30,2026-08-09 02:00:00,4,13.3
ZN-06,Lobby,common_area,30,2026-08-09 02:15:00,3,10.0
ZN-06,Lobby,common_area,30,2026-08-09 02:30:00,5,16.7
ZN-06,Lobby,common_area,30,2026-08-09 02:45:00,1,3.3
ZN-06,Lobby,common_area,30,2026-08-09 03:00:00,3,10.0
ZN-06,Lobby,common_area,30,2026-08-09 03:15:00,0,0.0
ZN-06,Lobby,common_area,30,2026-08-09 03:30:00,1,3.3
ZN-06,Lobby,common_area,30,2026-08-09 03:45:00,3,10.0
ZN-06,Lobby,common_area,30,2026-08-09 04:00:00,0,0.0
ZN-06,Lobby,common_area,30,2026-08-09 04:15:00,0,0.0
ZN-06,Lobby,common_area,30,2026-08-09 04:30:00,6,20.0
ZN-06,Lobby,common_area,30,2026-08-09 04:45:00,0,0.0
ZN-06,Lobby,common_area,30,2026-08-09 05:00:00,0,0.0
ZN-06,Lobby,common_area,30,2026-08-09 05:15:00,3,10.0
ZN-06,Lobby,common_area,30,2026-08-09 05:30:00,4,13.3
ZN-06,Lobby,common_area,30,2026-08-09 05:45:00,2,6.7
ZN-06,Lobby,common_area,30,2026-08-09 06:00:00,1,3.3
ZN-06,Lobby,common_area,30,2026-08-09 06:15:00,3,10.0
ZN-06,Lobby,common_area,30,2026-08-09 06:30:00,6,20.0
ZN-06,Lobby,common_area,30,2026-08-09 06:45:00,6,20.0
ZN-06,Lobby,common_area,30,2026-08-09 07:00:00,0,0.0
ZN-06,Lobby,common_area,30,2026-08-09 07:15:00,4,13.3
ZN-06,Lobby,common_area,30,2026-08-09 07:30:00,0,0.0
ZN-06,Lobby,common_area,30,2026-08-09 07:45:00,2,6.7
ZN-06,Lobby,common_area,30,2026-08-09 08:00:00,1,3.3
ZN-06,Lobby,common_area,30,2026-08-09 08:15:00,0,0.0
ZN-06,Lobby,common_area,30,2026-08-09 08:30:00,4,13.3
ZN-06,Lobby,common_area,30,2026-08-09 08:45:00,3,10.0
ZN-06,Lobby,common_area,30,2026-08-09 09:00:00,2,6.7
ZN-06,Lobby,common_area,30,2026-08-09 09:15:00,1,3.3
ZN-06,Lobby,common_area,30,2026-08-09 09:30:00,0,0.0
ZN-06,Lobby,common_area,30,2026-08-09 09:45:00,0,0.0
ZN-06,Lobby,common_area,30,2026-08-09 10:00:00,8,26.7
ZN-06,Lobby,common_area,30,2026-08-09 10:15:00,0,0.0
ZN-06,Lobby,common_area,30,2026-08-09 10:30:00,6,20.0
ZN-06,Lobby,common_area,30,2026-08-09 10:45:00,0,0.0
ZN-06,Lobby,common_area,30,2026-08-09 11:00:00,0,0.0
ZN-06,Lobby,common_area,30,2026-08-09 11:15:00,7,23.3
ZN-06,Lobby,common_area,30,2026-08-09 11:30:00,3,10.0
ZN-06,Lobby,common_area,30,2026-08-09 11:45:00,3,10.0
ZN-06,Lobby,common_area,30,2026-08-09 12:00:00,7,23.3
ZN-06,Lobby,common_area,30,2026-08-09 12:15:00,2,6.7
ZN-06,Lobby,common_area,30,2026-08-09 12:30:00,0,0.0
ZN-06,Lobby,common_area,30,2026-08-09 12:45:00,6,20.0
ZN-06,Lobby,common_area,30,2026-08-09 13:00:00,4,13.3
ZN-06,Lobby,common_area,30,2026-08-09 13:15:00,2,6.7
ZN-06,Lobby,common_area,30,2026-08-09 13:30:00,3,10.0
ZN-06,Lobby,common_area,30,2026-08-09 13:45:00,0,0.0
ZN-06,Lobby,common_area,30,2026-08-09 14:00:00,1,3.3
ZN-06,Lobby,common_area,30,2026-08-09 14:15:00,0,0.0
ZN-06,Lobby,common_area,30,2026-08-09 14:30:00,0,0.0
ZN-06,Lobby,common_area,30,2026-08-09 14:45:00,3,10.0
ZN-06,Lobby,common_area,30,2026-08-09 15:00:00,1,3.3
ZN-06,Lobby,common_area,30,2026-08-09 15:15:00,0,0.0
ZN-06,Lobby,common_area,30,2026-08-09 15:30:00,0,0.0
ZN-06,Lobby,common_area,30,2026-08-09 15:45:00,1,3.3
ZN-06,Lobby,common_area,30,2026-08-09 16:00:00,1,3.3
ZN-06,Lobby,common_area,30,2026-08-09 16:15:00,1,3.3
ZN-06,Lobby,common_area,30,2026-08-09 16:30:00,0,0.0
ZN-06,Lobby,common_area,30,2026-08-09 16:45:00,3,10.0
ZN-06,Lobby,common_area,30,2026-08-09 17:00:00,0,0.0
ZN-06,Lobby,common_area,30,2026-08-09 17:15:00,5,16.7
ZN-06,Lobby,common_area,30,2026-08-09 17:30:00,0,0.0
ZN-06,Lobby,common_area,30,2026-08-09 17:45:00,0,0.0
ZN-06,Lobby,common_area,30,2026-08-09 18:00:00,2,6.7
ZN-06,Lobby,common_area,30,2026-08-09 18:15:00,0,0.0
ZN-06,Lobby,common_area,30,2026-08-09 18:30:00,1,3.3
ZN-06,Lobby,common_area,30,2026-08-09 18:45:00,0,0.0
ZN-06,Lobby,common_area,30,2026-08-09 19:00:00,0,0.0
ZN-06,Lobby,common_area,30,2026-08-09 19:15:00,2,6.7
ZN-06,Lobby,common_area,30,2026-08-09 19:30:00,2,6.7
ZN-06,Lobby,common_area,30,2026-08-09 19:45:00,0,0.0
ZN-06,Lobby,common_area,30,2026-08-09 20:00:00,1,3.3
ZN-06,Lobby,common_area,30,2026-08-09 20:15:00,2,6.7
ZN-06,Lobby,common_area,30,2026-08-09 20:30:00,0,0.0
ZN-06,Lobby,common_area,30,2026-08-09 20:45:00,5,16.7
ZN-06,Lobby,common_area,30,2026-08-09 21:00:00,1,3.3
ZN-06,Lobby,common_area,30,2026-08-09 21:15:00,0,0.0
ZN-06,Lobby,common_area,30,2026-08-09 21:30:00,6,20.0
ZN-06,Lobby,common_area,30,2026-08-09 21:45:00,3,10.0
ZN-06,Lobby,common_area,30,2026-08-09 22:00:00,2,6.7
ZN-06,Lobby,common_area,30,2026-08-09 22:15:00,3,10.0
ZN-06,Lobby,common_area,30,2026-08-09 22:30:00,4,13.3
ZN-06,Lobby,common_area,30,2026-08-09 22:45:00,0,0.0
ZN-06,Lobby,common_area,30,2026-08-09 23:00:00,0,0.0
ZN-06,Lobby,common_area,30,2026-08-09 23:15:00,2,6.7
ZN-06,Lobby,common_area,30,2026-08-09 23:30:00,3,10.0
ZN-06,Lobby,common_area,30,2026-08-09 23:45:00,3,10.0
ZN-06,Lobby,common_area,30,2026-08-10 00:00:00,0,0.0
ZN-06,Lobby,common_area,30,2026-08-10 00:15:00,0,0.0
ZN-06,Lobby,common_area,30,2026-08-10 00:30:00,0,0.0
ZN-06,Lobby,common_area,30,2026-08-10 00:45:00,0,0.0
ZN-06,Lobby,common_area,30,2026-08-10 01:00:00,3,10.0
ZN-06,Lobby,common_area,30,2026-08-10 01:15:00,1,3.3
ZN-06,Lobby,common_area,30,2026-08-10 01:30:00,0,0.0
ZN-06,Lobby,common_area,30,2026-08-10 01:45:00,4,13.3
ZN-06,Lobby,common_area,30,2026-08-10 02:00:00,0,0.0
ZN-06,Lobby,common_area,30,2026-08-10 02:15:00,0,0.0
ZN-06,Lobby,common_area,30,2026-08-10 02:30:00,3,10.0
ZN-06,Lobby,common_area,30,2026-08-10 02:45:00,0,0.0
ZN-06,Lobby,common_area,30,2026-08-10 03:00:00,0,0.0
ZN-06,Lobby,common_area,30,2026-08-10 03:15:00,2,6.7
ZN-06,Lobby,common_area,30,2026-08-10 03:30:00,0,0.0
ZN-06,Lobby,common_area,30,2026-08-10 03:45:00,0,0.0
ZN-06,Lobby,common_area,30,2026-08-10 04:00:00,1,3.3
ZN-06,Lobby,common_area,30,2026-08-10 04:15:00,0,0.0
ZN-06,Lobby,common_area,30,2026-08-10 04:30:00,0,0.0
ZN-06,Lobby,common_area,30,2026-08-10 04:45:00,0,0.0
ZN-06,Lobby,common_area,30,2026-08-10 05:00:00,4,13.3
ZN-06,Lobby,common_area,30,2026-08-10 05:15:00,0,0.0
ZN-06,Lobby,common_area,30,2026-08-10 05:30:00,6,20.0
ZN-06,Lobby,common_area,30,2026-08-10 05:45:00,14,46.7
ZN-06,Lobby,common_area,30,2026-08-10 06:00:00,28,93.3
ZN-06,Lobby,common_area,30,2026-08-10 06:15:00,26,86.7
ZN-06,Lobby,common_area,30,2026-08-10 06:30:00,30,100.0
ZN-06,Lobby,common_area,30,2026-08-10 06:45:00,30,100.0
ZN-06,Lobby,common_area,30,2026-08-10 07:00:00,24,80.0
ZN-06,Lobby,common_area,30,2026-08-10 07:15:00,28,93.3
ZN-06,Lobby,common_area,30,2026-08-10 07:30:00,30,100.0
ZN-06,Lobby,common_area,30,2026-08-10 07:45:00,30,100.0
ZN-06,Lobby,common_area,30,2026-08-10 08:00:00,22,73.3
ZN-06,Lobby,common_area,30,2026-08-10 08:15:00,26,86.7
ZN-06,Lobby,common_area,30,2026-08-10 08:30:00,25,83.3
ZN-06,Lobby,common_area,30,2026-08-10 08:45:00,28,93.3
ZN-06,Lobby,common_area,30,2026-08-10 09:00:00,30,100.0
ZN-06,Lobby,common_area,30,2026-08-10 09:15:00,28,93.3
ZN-06,Lobby,common_area,30,2026-08-10 09:30:00,29,96.7
ZN-06,Lobby,common_area,30,2026-08-10 09:45:00,22,73.3
ZN-06,Lobby,common_area,30,2026-08-10 10:00:00,24,80.0
ZN-07,Server Room,restricted,4,2026-07-20 10:00:00,0,0.0
ZN-07,Server Room,restricted,4,2026-07-20 10:15:00,1,25.0
ZN-07,Server Room,restricted,4,2026-07-20 10:30:00,2,50.0
ZN-07,Server Room,restricted,4,2026-07-20 10:45:00,2,50.0
ZN-07,Server Room,restricted,4,2026-07-20 11:00:00,2,50.0
ZN-07,Server Room,restricted,4,2026-07-20 11:15:00,4,100.0
ZN-07,Server Room,restricted,4,2026-07-20 11:30:00,4,100.0
ZN-07,Server Room,restricted,4,2026-07-20 11:45:00,4,100.0
ZN-07,Server Room,restricted,4,2026-07-20 12:00:00,2,50.0
ZN-07,Server Room,restricted,4,2026-07-20 12:15:00,4,100.0
ZN-07,Server Room,restricted,4,2026-07-20 12:30:00,3,75.0
ZN-07,Server Room,restricted,4,2026-07-20 12:45:00,4,100.0
ZN-07,Server Room,restricted,4,2026-07-20 13:00:00,1,25.0
ZN-07,Server Room,restricted,4,2026-07-20 13:15:00,2,50.0
ZN-07,Server Room,restricted,4,2026-07-20 13:30:00,4,100.0
ZN-07,Server Room,restricted,4,2026-07-20 13:45:00,3,75.0
ZN-07,Server Room,restricted,4,2026-07-20 14:00:00,4,100.0
ZN-07,Server Room,restricted,4,2026-07-20 14:15:00,4,100.0
ZN-07,Server Room,restricted,4,2026-07-20 14:30:00,4,100.0
ZN-07,Server Room,restricted,4,2026-07-20 14:45:00,4,100.0
ZN-07,Server Room,restricted,4,2026-07-20 15:00:00,4,100.0
ZN-07,Server Room,restricted,4,2026-07-20 15:15:00,2,50.0
ZN-07,Server Room,restricted,4,2026-07-20 15:30:00,2,50.0
ZN-07,Server Room,restricted,4,2026-07-20 15:45:00,2,50.0
ZN-07,Server Room,restricted,4,2026-07-20 16:00:00,1,25.0
ZN-07,Server Room,restricted,4,2026-07-20 16:15:00,0,0.0
ZN-07,Server Room,restricted,4,2026-07-20 16:30:00,1,25.0
ZN-07,Server Room,restricted,4,2026-07-20 16:45:00,0,0.0
ZN-07,Server Room,restricted,4,2026-07-20 17:00:00,0,0.0
ZN-07,Server Room,restricted,4,2026-07-20 17:15:00,0,0.0
ZN-07,Server Room,restricted,4,2026-07-20 17:30:00,0,0.0
ZN-07,Server Room,restricted,4,2026-07-20 17:45:00,0,0.0
ZN-07,Server Room,restricted,4,2026-07-20 18:00:00,0,0.0
ZN-07,Server Room,restricted,4,2026-07-20 18:15:00,0,0.0
ZN-07,Server Room,restricted,4,2026-07-20 18:30:00,1,25.0
ZN-07,Server Room,restricted,4,2026-07-20 18:45:00,0,0.0
ZN-07,Server Room,restricted,4,2026-07-20 19:00:00,0,0.0
ZN-07,Server Room,restricted,4,2026-07-20 19:15:00,0,0.0
ZN-07,Server Room,restricted,4,2026-07-20 19:30:00,1,25.0
ZN-07,Server Room,restricted,4,2026-07-20 19:45:00,0,0.0
ZN-07,Server Room,restricted,4,2026-07-20 20:00:00,1,25.0
ZN-07,Server Room,restricted,4,2026-07-20 20:15:00,0,0.0
ZN-07,Server Room,restricted,4,2026-07-20 20:30:00,1,25.0
ZN-07,Server Room,restricted,4,2026-07-20 20:45:00,0,0.0
ZN-07,Server Room,restricted,4,2026-07-20 21:00:00,2,50.0
ZN-07,Server Room,restricted,4,2026-07-20 21:15:00,2,50.0
ZN-07,Server Room,restricted,4,2026-07-20 21:30:00,2,50.0
ZN-07,Server Room,restricted,4,2026-07-20 21:45:00,0,0.0
ZN-07,Server Room,restricted,4,2026-07-20 22:00:00,0,0.0
ZN-07,Server Room,restricted,4,2026-07-20 22:15:00,0,0.0
ZN-07,Server Room,restricted,4,2026-07-20 22:30:00,0,0.0
ZN-07,Server Room,restricted,4,2026-07-20 22:45:00,0,0.0
ZN-07,Server Room,restricted,4,2026-07-20 23:00:00,0,0.0
ZN-07,Server Room,restricted,4,2026-07-20 23:15:00,0,0.0
ZN-07,Server Room,restricted,4,2026-07-20 23:30:00,1,25.0
ZN-07,Server Room,restricted,4,2026-07-20 23:45:00,2,50.0
ZN-07,Server Room,restricted,4,2026-07-21 00:00:00,0,0.0
ZN-07,Server Room,restricted,4,2026-07-21 00:15:00,1,25.0
ZN-07,Server Room,restricted,4,2026-07-21 00:30:00,1,25.0
ZN-07,Server Room,restricted,4,2026-07-21 00:45:00,1,25.0
ZN-07,Server Room,restricted,4,2026-07-21 01:00:00,0,0.0
ZN-07,Server Room,restricted,4,2026-07-21 01:15:00,0,0.0
ZN-07,Server Room,restricted,4,2026-07-21 01:30:00,0,0.0
ZN-07,Server Room,restricted,4,2026-07-21 01:45:00,0,0.0
ZN-07,Server Room,restricted,4,2026-07-21 02:00:00,0,0.0
ZN-07,Server Room,restricted,4,2026-07-21 02:15:00,1,25.0
ZN-07,Server Room,restricted,4,2026-07-21 02:30:00,1,25.0
ZN-07,Server Room,restricted,4,2026-07-21 02:45:00,0,0.0
ZN-07,Server Room,restricted,4,2026-07-21 03:00:00,0,0.0
ZN-07,Server Room,restricted,4,2026-07-21 03:15:00,2,50.0
ZN-07,Server Room,restricted,4,2026-07-21 03:30:00,0,0.0
ZN-07,Server Room,restricted,4,2026-07-21 03:45:00,1,25.0
ZN-07,Server Room,restricted,4,2026-07-21 04:00:00,1,25.0
ZN-07,Server Room,restricted,4,2026-07-21 04:15:00,0,0.0
ZN-07,Server Room,restricted,4,2026-07-21 04:30:00,0,0.0
ZN-07,Server Room,restricted,4,2026-07-21 04:45:00,0,0.0
ZN-07,Server Room,restricted,4,2026-07-21 05:00:00,0,0.0
ZN-07,Server Room,restricted,4,2026-07-21 05:15:00,1,25.0
ZN-07,Server Room,restricted,4,2026-07-21 05:30:00,2,50.0
ZN-07,Server Room,restricted,4,2026-07-21 05:45:00,1,25.0
ZN-07,Server Room,restricted,4,2026-07-21 06:00:00,3,75.0
ZN-07,Server Room,restricted,4,2026-07-21 06:15:00,3,75.0
ZN-07,Server Room,restricted,4,2026-07-21 06:30:00,2,50.0
ZN-07,Server Room,restricted,4,2026-07-21 06:45:00,0,0.0
ZN-07,Server Room,restricted,4,2026-07-21 07:00:00,4,100.0
ZN-07,Server Room,restricted,4,2026-07-21 07:15:00,2,50.0
ZN-07,Server Room,restricted,4,2026-07-21 07:30:00,1,25.0
ZN-07,Server Room,restricted,4,2026-07-21 07:45:00,3,75.0
ZN-07,Server Room,restricted,4,2026-07-21 08:00:00,3,75.0
ZN-07,Server Room,restricted,4,2026-07-21 08:15:00,3,75.0
ZN-07,Server Room,restricted,4,2026-07-21 08:30:00,4,100.0
ZN-07,Server Room,restricted,4,2026-07-21 08:45:00,3,75.0
ZN-07,Server Room,restricted,4,2026-07-21 09:00:00,4,100.0
ZN-07,Server Room,restricted,4,2026-07-21 09:15:00,4,100.0
ZN-07,Server Room,restricted,4,2026-07-21 09:30:00,3,75.0
ZN-07,Server Room,restricted,4,2026-07-21 09:45:00,4,100.0
ZN-07,Server Room,restricted,4,2026-07-21 10:00:00,4,100.0
ZN-07,Server Room,restricted,4,2026-07-21 10:15:00,1,25.0
ZN-07,Server Room,restricted,4,2026-07-21 10:30:00,1,25.0
ZN-07,Server Room,restricted,4,2026-07-21 10:45:00,1,25.0
ZN-07,Server Room,restricted,4,2026-07-21 11:00:00,4,100.0
ZN-07,Server Room,restricted,4,2026-07-21 11:15:00,4,100.0
ZN-07,Server Room,restricted,4,2026-07-21 11:30:00,4,100.0
ZN-07,Server Room,restricted,4,2026-07-21 11:45:00,3,75.0
ZN-07,Server Room,restricted,4,2026-07-21 12:00:00,1,25.0
ZN-07,Server Room,restricted,4,2026-07-21 12:15:00,4,100.0
ZN-07,Server Room,restricted,4,2026-07-21 12:30:00,3,75.0
ZN-07,Server Room,restricted,4,2026-07-21 12:45:00,2,50.0
ZN-07,Server Room,restricted,4,2026-07-21 13:00:00,4,100.0
ZN-07,Server Room,restricted,4,2026-07-21 13:15:00,3,75.0
ZN-07,Server Room,restricted,4,2026-07-21 13:30:00,4,100.0
ZN-07,Server Room,restricted,4,2026-07-21 13:45:00,4,100.0
ZN-07,Server Room,restricted,4,2026-07-21 14:00:00,4,100.0
ZN-07,Server Room,restricted,4,2026-07-21 14:15:00,3,75.0
ZN-07,Server Room,restricted,4,2026-07-21 14:30:00,3,75.0
ZN-07,Server Room,restricted,4,2026-07-21 14:45:00,4,100.0
ZN-07,Server Room,restricted,4,2026-07-21 15:00:00,4,100.0
ZN-07,Server Room,restricted,4,2026-07-21 15:15:00,1,25.0
ZN-07,Server Room,restricted,4,2026-07-21 15:30:00,0,0.0
ZN-07,Server Room,restricted,4,2026-07-21 15:45:00,2,50.0
ZN-07,Server Room,restricted,4,2026-07-21 16:00:00,1,25.0
ZN-07,Server Room,restricted,4,2026-07-21 16:15:00,0,0.0
ZN-07,Server Room,restricted,4,2026-07-21 16:30:00,0,0.0
ZN-07,Server Room,restricted,4,2026-07-21 16:45:00,1,25.0
ZN-07,Server Room,restricted,4,2026-07-21 17:00:00,0,0.0
ZN-07,Server Room,restricted,4,2026-07-21 17:15:00,0,0.0
ZN-07,Server Room,restricted,4,2026-07-21 17:30:00,0,0.0
ZN-07,Server Room,restricted,4,2026-07-21 17:45:00,0,0.0
ZN-07,Server Room,restricted,4,2026-07-21 18:00:00,0,0.0
ZN-07,Server Room,restricted,4,2026-07-21 18:15:00,0,0.0
ZN-07,Server Room,restricted,4,2026-07-21 18:30:00,0,0.0
ZN-07,Server Room,restricted,4,2026-07-21 18:45:00,0,0.0
ZN-07,Server Room,restricted,4,2026-07-21 19:00:00,0,0.0
ZN-07,Server Room,restricted,4,2026-07-21 19:15:00,0,0.0
ZN-07,Server Room,restricted,4,2026-07-21 19:30:00,0,0.0
ZN-07,Server Room,restricted,4,2026-07-21 19:45:00,0,0.0
ZN-07,Server Room,restricted,4,2026-07-21 20:00:00,0,0.0
ZN-07,Server Room,restricted,4,2026-07-21 20:15:00,0,0.0
ZN-07,Server Room,restricted,4,2026-07-21 20:30:00,0,0.0
ZN-07,Server Room,restricted,4,2026-07-21 20:45:00,0,0.0
ZN-07,Server Room,restricted,4,2026-07-21 21:00:00,0,0.0
ZN-07,Server Room,restricted,4,2026-07-21 21:15:00,0,0.0
ZN-07,Server Room,restricted,4,2026-07-21 21:30:00,0,0.0
ZN-07,Server Room,restricted,4,2026-07-21 21:45:00,0,0.0
ZN-07,Server Room,restricted,4,2026-07-21 22:00:00,0,0.0
ZN-07,Server Room,restricted,4,2026-07-21 22:15:00,0,0.0
ZN-07,Server Room,restricted,4,2026-07-21 22:30:00,2,50.0
ZN-07,Server Room,restricted,4,2026-07-21 22:45:00,0,0.0
ZN-07,Server Room,restricted,4,2026-07-21 23:00:00,1,25.0
ZN-07,Server Room,restricted,4,2026-07-21 23:15:00,0,0.0
ZN-07,Server Room,restricted,4,2026-07-21 23:30:00,0,0.0
ZN-07,Server Room,restricted,4,2026-07-21 23:45:00,1,25.0
ZN-07,Server Room,restricted,4,2026-07-22 00:00:00,0,0.0
ZN-07,Server Room,restricted,4,2026-07-22 00:15:00,0,0.0
ZN-07,Server Room,restricted,4,2026-07-22 00:30:00,0,0.0
ZN-07,Server Room,restricted,4,2026-07-22 00:45:00,0,0.0
ZN-07,Server Room,restricted,4,2026-07-22 01:00:00,0,0.0
ZN-07,Server Room,restricted,4,2026-07-22 01:15:00,0,0.0
ZN-07,Server Room,restricted,4,2026-07-22 01:30:00,0,0.0
ZN-07,Server Room,restricted,4,2026-07-22 01:45:00,0,0.0
ZN-07,Server Room,restricted,4,2026-07-22 02:00:00,1,25.0
ZN-07,Server Room,restricted,4,2026-07-22 02:15:00,0,0.0
ZN-07,Server Room,restricted,4,2026-07-22 02:30:00,0,0.0
ZN-07,Server Room,restricted,4,2026-07-22 02:45:00,0,0.0
ZN-07,Server Room,restricted,4,2026-07-22 03:00:00,0,0.0
ZN-07,Server Room,restricted,4,2026-07-22 03:15:00,0,0.0
ZN-07,Server Room,restricted,4,2026-07-22 03:30:00,1,25.0
ZN-07,Server Room,restricted,4,2026-07-22 03:45:00,1,25.0
ZN-07,Server Room,restricted,4,2026-07-22 04:00:00,0,0.0
ZN-07,Server Room,restricted,4,2026-07-22 04:15:00,0,0.0
ZN-07,Server Room,restricted,4,2026-07-22 04:30:00,0,0.0
ZN-07,Server Room,restricted,4,2026-07-22 04:45:00,0,0.0
ZN-07,Server Room,restricted,4,2026-07-22 05:00:00,0,0.0
ZN-07,Server Room,restricted,4,2026-07-22 05:15:00,1,25.0
ZN-07,Server Room,restricted,4,2026-07-22 05:30:00,3,75.0
ZN-07,Server Room,restricted,4,2026-07-22 05:45:00,2,50.0
ZN-07,Server Room,restricted,4,2026-07-22 06:00:00,4,100.0
ZN-07,Server Room,restricted,4,2026-07-22 06:15:00,3,75.0
ZN-07,Server Room,restricted,4,2026-07-22 06:30:00,4,100.0
ZN-07,Server Room,restricted,4,2026-07-22 06:45:00,4,100.0
ZN-07,Server Room,restricted,4,2026-07-22 07:00:00,4,100.0
ZN-07,Server Room,restricted,4,2026-07-22 07:15:00,4,100.0
ZN-07,Server Room,restricted,4,2026-07-22 07:30:00,4,100.0
ZN-07,Server Room,restricted,4,2026-07-22 07:45:00,4,100.0
ZN-07,Server Room,restricted,4,2026-07-22 08:00:00,4,100.0
ZN-07,Server Room,restricted,4,2026-07-22 08:15:00,2,50.0
ZN-07,Server Room,restricted,4,2026-07-22 08:30:00,4,100.0
ZN-07,Server Room,restricted,4,2026-07-22 08:45:00,4,100.0
ZN-07,Server Room,restricted,4,2026-07-22 09:00:00,3,75.0
ZN-07,Server Room,restricted,4,2026-07-22 09:15:00,4,100.0
ZN-07,Server Room,restricted,4,2026-07-22 09:30:00,4,100.0
ZN-07,Server Room,restricted,4,2026-07-22 09:45:00,0,0.0
ZN-07,Server Room,restricted,4,2026-07-22 10:00:00,3,75.0
ZN-07,Server Room,restricted,4,2026-07-22 10:15:00,3,75.0
ZN-07,Server Room,restricted,4,2026-07-22 10:30:00,1,25.0
ZN-07,Server Room,restricted,4,2026-07-22 10:45:00,2,50.0
ZN-07,Server Room,restricted,4,2026-07-22 11:00:00,3,75.0
ZN-07,Server Room,restricted,4,2026-07-22 11:15:00,4,100.0
ZN-07,Server Room,restricted,4,2026-07-22 11:30:00,2,50.0
ZN-07,Server Room,restricted,4,2026-07-22 11:45:00,2,50.0
ZN-07,Server Room,restricted,4,2026-07-22 12:00:00,3,75.0
ZN-07,Server Room,restricted,4,2026-07-22 12:15:00,3,75.0
ZN-07,Server Room,restricted,4,2026-07-22 12:30:00,4,100.0
ZN-07,Server Room,restricted,4,2026-07-22 12:45:00,3,75.0
ZN-07,Server Room,restricted,4,2026-07-22 13:00:00,4,100.0
ZN-07,Server Room,restricted,4,2026-07-22 13:15:00,4,100.0
ZN-07,Server Room,restricted,4,2026-07-22 13:30:00,4,100.0
ZN-07,Server Room,restricted,4,2026-07-22 13:45:00,4,100.0
ZN-07,Server Room,restricted,4,2026-07-22 14:00:00,4,100.0
ZN-07,Server Room,restricted,4,2026-07-22 14:15:00,4,100.0
ZN-07,Server Room,restricted,4,2026-07-22 14:30:00,3,75.0
ZN-07,Server Room,restricted,4,2026-07-22 14:45:00,4,100.0
ZN-07,Server Room,restricted,4,2026-07-22 15:00:00,4,100.0
ZN-07,Server Room,restricted,4,2026-07-22 15:15:00,3,75.0
ZN-07,Server Room,restricted,4,2026-07-22 15:30:00,3,75.0
ZN-07,Server Room,restricted,4,2026-07-22 15:45:00,1,25.0
ZN-07,Server Room,restricted,4,2026-07-22 16:00:00,1,25.0
ZN-07,Server Room,restricted,4,2026-07-22 16:15:00,0,0.0
ZN-07,Server Room,restricted,4,2026-07-22 16:30:00,0,0.0
ZN-07,Server Room,restricted,4,2026-07-22 16:45:00,1,25.0
ZN-07,Server Room,restricted,4,2026-07-22 17:00:00,1,25.0
ZN-07,Server Room,restricted,4,2026-07-22 17:15:00,0,0.0
ZN-07,Server Room,restricted,4,2026-07-22 17:30:00,2,50.0
ZN-07,Server Room,restricted,4,2026-07-22 17:45:00,1,25.0
ZN-07,Server Room,restricted,4,2026-07-22 18:00:00,0,0.0
ZN-07,Server Room,restricted,4,2026-07-22 18:15:00,1,25.0
ZN-07,Server Room,restricted,4,2026-07-22 18:30:00,0,0.0
ZN-07,Server Room,restricted,4,2026-07-22 18:45:00,0,0.0
ZN-07,Server Room,restricted,4,2026-07-22 19:00:00,0,0.0
ZN-07,Server Room,restricted,4,2026-07-22 19:15:00,0,0.0
ZN-07,Server Room,restricted,4,2026-07-22 19:30:00,0,0.0
ZN-07,Server Room,restricted,4,2026-07-22 19:45:00,0,0.0
ZN-07,Server Room,restricted,4,2026-07-22 20:00:00,2,50.0
ZN-07,Server Room,restricted,4,2026-07-22 20:15:00,1,25.0
ZN-07,Server Room,restricted,4,2026-07-22 20:30:00,0,0.0
ZN-07,Server Room,restricted,4,2026-07-22 20:45:00,1,25.0
ZN-07,Server Room,restricted,4,2026-07-22 21:00:00,0,0.0
ZN-07,Server Room,restricted,4,2026-07-22 21:15:00,0,0.0
ZN-07,Server Room,restricted,4,2026-07-22 21:30:00,0,0.0
ZN-07,Server Room,restricted,4,2026-07-22 21:45:00,0,0.0
ZN-07,Server Room,restricted,4,2026-07-22 22:00:00,1,25.0
ZN-07,Server Room,restricted,4,2026-07-22 22:15:00,0,0.0
ZN-07,Server Room,restricted,4,2026-07-22 22:30:00,0,0.0
ZN-07,Server Room,restricted,4,2026-07-22 22:45:00,0,0.0
ZN-07,Server Room,restricted,4,2026-07-22 23:00:00,1,25.0
ZN-07,Server Room,restricted,4,2026-07-22 23:15:00,0,0.0
ZN-07,Server Room,restricted,4,2026-07-22 23:30:00,0,0.0
ZN-07,Server Room,restricted,4,2026-07-22 23:45:00,2,50.0
ZN-07,Server Room,restricted,4,2026-07-23 00:00:00,0,0.0
ZN-07,Server Room,restricted,4,2026-07-23 00:15:00,1,25.0
ZN-07,Server Room,restricted,4,2026-07-23 00:30:00,0,0.0
ZN-07,Server Room,restricted,4,2026-07-23 00:45:00,0,0.0
ZN-07,Server Room,restricted,4,2026-07-23 01:00:00,0,0.0
ZN-07,Server Room,restricted,4,2026-07-23 01:15:00,0,0.0
ZN-07,Server Room,restricted,4,2026-07-23 01:30:00,0,0.0
ZN-07,Server Room,restricted,4,2026-07-23 01:45:00,0,0.0
ZN-07,Server Room,restricted,4,2026-07-23 02:00:00,0,0.0
ZN-07,Server Room,restricted,4,2026-07-23 02:15:00,1,25.0
ZN-07,Server Room,restricted,4,2026-07-23 02:30:00,0,0.0
ZN-07,Server Room,restricted,4,2026-07-23 02:45:00,1,25.0
ZN-07,Server Room,restricted,4,2026-07-23 03:00:00,0,0.0
ZN-07,Server Room,restricted,4,2026-07-23 03:15:00,0,0.0
ZN-07,Server Room,restricted,4,2026-07-23 03:30:00,0,0.0
ZN-07,Server Room,restricted,4,2026-07-23 03:45:00,0,0.0
ZN-07,Server Room,restricted,4,2026-07-23 04:00:00,0,0.0
ZN-07,Server Room,restricted,4,2026-07-23 04:15:00,0,0.0
ZN-07,Server Room,restricted,4,2026-07-23 04:30:00,0,0.0
ZN-07,Server Room,restricted,4,2026-07-23 04:45:00,2,50.0
ZN-07,Server Room,restricted,4,2026-07-23 05:00:00,1,25.0
ZN-07,Server Room,restricted,4,2026-07-23 05:15:00,0,0.0
ZN-07,Server Room,restricted,4,2026-07-23 05:30:00,1,25.0
ZN-07,Server Room,restricted,4,2026-07-23 05:45:00,2,50.0
ZN-07,Server Room,restricted,4,2026-07-23 06:00:00,3,75.0
ZN-07,Server Room,restricted,4,2026-07-23 06:15:00,4,100.0
ZN-07,Server Room,restricted,4,2026-07-23 06:30:00,4,100.0
ZN-07,Server Room,restricted,4,2026-07-23 06:45:00,4,100.0
ZN-07,Server Room,restricted,4,2026-07-23 07:00:00,4,100.0
ZN-07,Server Room,restricted,4,2026-07-23 07:15:00,2,50.0
ZN-07,Server Room,restricted,4,2026-07-23 07:30:00,3,75.0
ZN-07,Server Room,restricted,4,2026-07-23 07:45:00,2,50.0
ZN-07,Server Room,restricted,4,2026-07-23 08:00:00,4,100.0
ZN-07,Server Room,restricted,4,2026-07-23 08:15:00,3,75.0
ZN-07,Server Room,restricted,4,2026-07-23 08:30:00,3,75.0
ZN-07,Server Room,restricted,4,2026-07-23 08:45:00,3,75.0
ZN-07,Server Room,restricted,4,2026-07-23 09:00:00,4,100.0
ZN-07,Server Room,restricted,4,2026-07-23 09:15:00,3,75.0
ZN-07,Server Room,restricted,4,2026-07-23 09:30:00,2,50.0
ZN-07,Server Room,restricted,4,2026-07-23 09:45:00,2,50.0
ZN-07,Server Room,restricted,4,2026-07-23 10:00:00,2,50.0
ZN-07,Server Room,restricted,4,2026-07-23 10:15:00,3,75.0
ZN-07,Server Room,restricted,4,2026-07-23 10:30:00,4,100.0
ZN-07,Server Room,restricted,4,2026-07-23 10:45:00,2,50.0
ZN-07,Server Room,restricted,4,2026-07-23 11:00:00,3,75.0
ZN-07,Server Room,restricted,4,2026-07-23 11:15:00,4,100.0
ZN-07,Server Room,restricted,4,2026-07-23 11:30:00,2,50.0
ZN-07,Server Room,restricted,4,2026-07-23 11:45:00,4,100.0
ZN-07,Server Room,restricted,4,2026-07-23 12:00:00,3,75.0
ZN-07,Server Room,restricted,4,2026-07-23 12:15:00,3,75.0
ZN-07,Server Room,restricted,4,2026-07-23 12:30:00,4,100.0
ZN-07,Server Room,restricted,4,2026-07-23 12:45:00,3,75.0
ZN-07,Server Room,restricted,4,2026-07-23 13:00:00,0,0.0
ZN-07,Server Room,restricted,4,2026-07-23 13:15:00,3,75.0
ZN-07,Server Room,restricted,4,2026-07-23 13:30:00,3,75.0
ZN-07,Server Room,restricted,4,2026-07-23 13:45:00,3,75.0
ZN-07,Server Room,restricted,4,2026-07-23 14:00:00,3,75.0
ZN-07,Server Room,restricted,4,2026-07-23 14:15:00,4,100.0
ZN-07,Server Room,restricted,4,2026-07-23 14:30:00,4,100.0
ZN-07,Server Room,restricted,4,2026-07-23 14:45:00,3,75.0
ZN-07,Server Room,restricted,4,2026-07-23 15:00:00,4,100.0
ZN-07,Server Room,restricted,4,2026-07-23 15:15:00,0,0.0
ZN-07,Server Room,restricted,4,2026-07-23 15:30:00,1,25.0
ZN-07,Server Room,restricted,4,2026-07-23 15:45:00,3,75.0
ZN-07,Server Room,restricted,4,2026-07-23 16:00:00,1,25.0
ZN-07,Server Room,restricted,4,2026-07-23 16:15:00,0,0.0
ZN-07,Server Room,restricted,4,2026-07-23 16:30:00,1,25.0
ZN-07,Server Room,restricted,4,2026-07-23 16:45:00,0,0.0
ZN-07,Server Room,restricted,4,2026-07-23 17:00:00,2,50.0
ZN-07,Server Room,restricted,4,2026-07-23 17:15:00,2,50.0
ZN-07,Server Room,restricted,4,2026-07-23 17:30:00,0,0.0
ZN-07,Server Room,restricted,4,2026-07-23 17:45:00,0,0.0
ZN-07,Server Room,restricted,4,2026-07-23 18:00:00,2,50.0
ZN-07,Server Room,restricted,4,2026-07-23 18:15:00,0,0.0
ZN-07,Server Room,restricted,4,2026-07-23 18:30:00,0,0.0
ZN-07,Server Room,restricted,4,2026-07-23 18:45:00,2,50.0
ZN-07,Server Room,restricted,4,2026-07-23 19:00:00,1,25.0
ZN-07,Server Room,restricted,4,2026-07-23 19:15:00,0,0.0
ZN-07,Server Room,restricted,4,2026-07-23 19:30:00,0,0.0
ZN-07,Server Room,restricted,4,2026-07-23 19:45:00,0,0.0
ZN-07,Server Room,restricted,4,2026-07-23 20:00:00,0,0.0
ZN-07,Server Room,restricted,4,2026-07-23 20:15:00,0,0.0
ZN-07,Server Room,restricted,4,2026-07-23 20:30:00,2,50.0
ZN-07,Server Room,restricted,4,2026-07-23 20:45:00,0,0.0
ZN-07,Server Room,restricted,4,2026-07-23 21:00:00,0,0.0
ZN-07,Server Room,restricted,4,2026-07-23 21:15:00,0,0.0
ZN-07,Server Room,restricted,4,2026-07-23 21:30:00,1,25.0
ZN-07,Server Room,restricted,4,2026-07-23 21:45:00,0,0.0
ZN-07,Server Room,restricted,4,2026-07-23 22:00:00,0,0.0
ZN-07,Server Room,restricted,4,2026-07-23 22:15:00,0,0.0
ZN-07,Server Room,restricted,4,2026-07-23 22:30:00,1,25.0
ZN-07,Server Room,restricted,4,2026-07-23 22:45:00,0,0.0
ZN-07,Server Room,restricted,4,2026-07-23 23:00:00,0,0.0
ZN-07,Server Room,restricted,4,2026-07-23 23:15:00,0,0.0
ZN-07,Server Room,restricted,4,2026-07-23 23:30:00,0,0.0
ZN-07,Server Room,restricted,4,2026-07-23 23:45:00,0,0.0
ZN-07,Server Room,restricted,4,2026-07-24 00:00:00,0,0.0
ZN-07,Server Room,restricted,4,2026-07-24 00:15:00,2,50.0
ZN-07,Server Room,restricted,4,2026-07-24 00:30:00,0,0.0
ZN-07,Server Room,restricted,4,2026-07-24 00:45:00,0,0.0
ZN-07,Server Room,restricted,4,2026-07-24 01:00:00,0,0.0
ZN-07,Server Room,restricted,4,2026-07-24 01:15:00,2,50.0
ZN-07,Server Room,restricted,4,2026-07-24 01:30:00,1,25.0
ZN-07,Server Room,restricted,4,2026-07-24 01:45:00,1,25.0
ZN-07,Server Room,restricted,4,2026-07-24 02:00:00,0,0.0
ZN-07,Server Room,restricted,4,2026-07-24 02:15:00,0,0.0
ZN-07,Server Room,restricted,4,2026-07-24 02:30:00,0,0.0
ZN-07,Server Room,restricted,4,2026-07-24 02:45:00,2,50.0
ZN-07,Server Room,restricted,4,2026-07-24 03:00:00,1,25.0
ZN-07,Server Room,restricted,4,2026-07-24 03:15:00,0,0.0
ZN-07,Server Room,restricted,4,2026-07-24 03:30:00,1,25.0
ZN-07,Server Room,restricted,4,2026-07-24 03:45:00,0,0.0
ZN-07,Server Room,restricted,4,2026-07-24 04:00:00,0,0.0
ZN-07,Server Room,restricted,4,2026-07-24 04:15:00,2,50.0
ZN-07,Server Room,restricted,4,2026-07-24 04:30:00,0,0.0
ZN-07,Server Room,restricted,4,2026-07-24 04:45:00,0,0.0
ZN-07,Server Room,restricted,4,2026-07-24 05:00:00,1,25.0
ZN-07,Server Room,restricted,4,2026-07-24 05:15:00,1,25.0
ZN-07,Server Room,restricted,4,2026-07-24 05:30:00,1,25.0
ZN-07,Server Room,restricted,4,2026-07-24 05:45:00,1,25.0
ZN-07,Server Room,restricted,4,2026-07-24 06:00:00,4,100.0
ZN-07,Server Room,restricted,4,2026-07-24 06:15:00,4,100.0
ZN-07,Server Room,restricted,4,2026-07-24 06:30:00,3,75.0
ZN-07,Server Room,restricted,4,2026-07-24 06:45:00,4,100.0
ZN-07,Server Room,restricted,4,2026-07-24 07:00:00,4,100.0
ZN-07,Server Room,restricted,4,2026-07-24 07:15:00,3,75.0
ZN-07,Server Room,restricted,4,2026-07-24 07:30:00,4,100.0
ZN-07,Server Room,restricted,4,2026-07-24 07:45:00,4,100.0
ZN-07,Server Room,restricted,4,2026-07-24 08:00:00,4,100.0
ZN-07,Server Room,restricted,4,2026-07-24 08:15:00,3,75.0
ZN-07,Server Room,restricted,4,2026-07-24 08:30:00,3,75.0
ZN-07,Server Room,restricted,4,2026-07-24 08:45:00,4,100.0
ZN-07,Server Room,restricted,4,2026-07-24 09:00:00,4,100.0
ZN-07,Server Room,restricted,4,2026-07-24 09:15:00,4,100.0
ZN-07,Server Room,restricted,4,2026-07-24 09:30:00,3,75.0
ZN-07,Server Room,restricted,4,2026-07-24 09:45:00,3,75.0
ZN-07,Server Room,restricted,4,2026-07-24 10:00:00,3,75.0
ZN-07,Server Room,restricted,4,2026-07-24 10:15:00,3,75.0
ZN-07,Server Room,restricted,4,2026-07-24 10:30:00,2,50.0
ZN-07,Server Room,restricted,4,2026-07-24 10:45:00,2,50.0
ZN-07,Server Room,restricted,4,2026-07-24 11:00:00,4,100.0
ZN-07,Server Room,restricted,4,2026-07-24 11:15:00,3,75.0
ZN-07,Server Room,restricted,4,2026-07-24 11:30:00,4,100.0
ZN-07,Server Room,restricted,4,2026-07-24 11:45:00,4,100.0
ZN-07,Server Room,restricted,4,2026-07-24 12:00:00,2,50.0
ZN-07,Server Room,restricted,4,2026-07-24 12:15:00,4,100.0
ZN-07,Server Room,restricted,4,2026-07-24 12:30:00,2,50.0
ZN-07,Server Room,restricted,4,2026-07-24 12:45:00,3,75.0
ZN-07,Server Room,restricted,4,2026-07-24 13:00:00,4,100.0
ZN-07,Server Room,restricted,4,2026-07-24 13:15:00,3,75.0
ZN-07,Server Room,restricted,4,2026-07-24 13:30:00,3,75.0
ZN-07,Server Room,restricted,4,2026-07-24 13:45:00,4,100.0
ZN-07,Server Room,restricted,4,2026-07-24 14:00:00,3,75.0
ZN-07,Server Room,restricted,4,2026-07-24 14:15:00,4,100.0
ZN-07,Server Room,restricted,4,2026-07-24 14:30:00,4,100.0
ZN-07,Server Room,restricted,4,2026-07-24 14:45:00,4,100.0
ZN-07,Server Room,restricted,4,2026-07-24 15:00:00,4,100.0
ZN-07,Server Room,restricted,4,2026-07-24 15:15:00,2,50.0
ZN-07,Server Room,restricted,4,2026-07-24 15:30:00,1,25.0
ZN-07,Server Room,restricted,4,2026-07-24 15:45:00,3,75.0
ZN-07,Server Room,restricted,4,2026-07-24 16:00:00,1,25.0
ZN-07,Server Room,restricted,4,2026-07-24 16:15:00,1,25.0
ZN-07,Server Room,restricted,4,2026-07-24 16:30:00,1,25.0
ZN-07,Server Room,restricted,4,2026-07-24 16:45:00,0,0.0
ZN-07,Server Room,restricted,4,2026-07-24 17:00:00,1,25.0
ZN-07,Server Room,restricted,4,2026-07-24 17:15:00,0,0.0
ZN-07,Server Room,restricted,4,2026-07-24 17:30:00,2,50.0
ZN-07,Server Room,restricted,4,2026-07-24 17:45:00,0,0.0
ZN-07,Server Room,restricted,4,2026-07-24 18:00:00,0,0.0
ZN-07,Server Room,restricted,4,2026-07-24 18:15:00,0,0.0
ZN-07,Server Room,restricted,4,2026-07-24 18:30:00,1,25.0
ZN-07,Server Room,restricted,4,2026-07-24 18:45:00,0,0.0
ZN-07,Server Room,restricted,4,2026-07-24 19:00:00,1,25.0
ZN-07,Server Room,restricted,4,2026-07-24 19:15:00,0,0.0
ZN-07,Server Room,restricted,4,2026-07-24 19:30:00,0,0.0
ZN-07,Server Room,restricted,4,2026-07-24 19:45:00,2,50.0
ZN-07,Server Room,restricted,4,2026-07-24 20:00:00,0,0.0
ZN-07,Server Room,restricted,4,2026-07-24 20:15:00,2,50.0
ZN-07,Server Room,restricted,4,2026-07-24 20:30:00,0,0.0
ZN-07,Server Room,restricted,4,2026-07-24 20:45:00,1,25.0
ZN-07,Server Room,restricted,4,2026-07-24 21:00:00,0,0.0
ZN-07,Server Room,restricted,4,2026-07-24 21:15:00,1,25.0
ZN-07,Server Room,restricted,4,2026-07-24 21:30:00,1,25.0
ZN-07,Server Room,restricted,4,2026-07-24 21:45:00,0,0.0
ZN-07,Server Room,restricted,4,2026-07-24 22:00:00,0,0.0
ZN-07,Server Room,restricted,4,2026-07-24 22:15:00,0,0.0
ZN-07,Server Room,restricted,4,2026-07-24 22:30:00,0,0.0
ZN-07,Server Room,restricted,4,2026-07-24 22:45:00,0,0.0
ZN-07,Server Room,restricted,4,2026-07-24 23:00:00,0,0.0
ZN-07,Server Room,restricted,4,2026-07-24 23:15:00,0,0.0
ZN-07,Server Room,restricted,4,2026-07-24 23:30:00,1,25.0
ZN-07,Server Room,restricted,4,2026-07-24 23:45:00,0,0.0
ZN-07,Server Room,restricted,4,2026-07-25 00:00:00,0,0.0
ZN-07,Server Room,restricted,4,2026-07-25 00:15:00,1,25.0
ZN-07,Server Room,restricted,4,2026-07-25 00:30:00,0,0.0
ZN-07,Server Room,restricted,4,2026-07-25 00:45:00,3,75.0
ZN-07,Server Room,restricted,4,2026-07-25 01:00:00,0,0.0
ZN-07,Server Room,restricted,4,2026-07-25 01:15:00,1,25.0
ZN-07,Server Room,restricted,4,2026-07-25 01:30:00,1,25.0
ZN-07,Server Room,restricted,4,2026-07-25 01:45:00,0,0.0
ZN-07,Server Room,restricted,4,2026-07-25 02:00:00,0,0.0
ZN-07,Server Room,restricted,4,2026-07-25 02:15:00,0,0.0
ZN-07,Server Room,restricted,4,2026-07-25 02:30:00,0,0.0
ZN-07,Server Room,restricted,4,2026-07-25 02:45:00,0,0.0
ZN-07,Server Room,restricted,4,2026-07-25 03:00:00,2,50.0
ZN-07,Server Room,restricted,4,2026-07-25 03:15:00,0,0.0
ZN-07,Server Room,restricted,4,2026-07-25 03:30:00,0,0.0
ZN-07,Server Room,restricted,4,2026-07-25 03:45:00,0,0.0
ZN-07,Server Room,restricted,4,2026-07-25 04:00:00,0,0.0
ZN-07,Server Room,restricted,4,2026-07-25 04:15:00,0,0.0
ZN-07,Server Room,restricted,4,2026-07-25 04:30:00,0,0.0
ZN-07,Server Room,restricted,4,2026-07-25 04:45:00,0,0.0
ZN-07,Server Room,restricted,4,2026-07-25 05:00:00,0,0.0
ZN-07,Server Room,restricted,4,2026-07-25 05:15:00,3,75.0
ZN-07,Server Room,restricted,4,2026-07-25 05:30:00,0,0.0
ZN-07,Server Room,restricted,4,2026-07-25 05:45:00,1,25.0
ZN-07,Server Room,restricted,4,2026-07-25 06:00:00,0,0.0
ZN-07,Server Room,restricted,4,2026-07-25 06:15:00,0,0.0
ZN-07,Server Room,restricted,4,2026-07-25 06:30:00,1,25.0
ZN-07,Server Room,restricted,4,2026-07-25 06:45:00,0,0.0
ZN-07,Server Room,restricted,4,2026-07-25 07:00:00,0,0.0
ZN-07,Server Room,restricted,4,2026-07-25 07:15:00,0,0.0
ZN-07,Server Room,restricted,4,2026-07-25 07:30:00,0,0.0
ZN-07,Server Room,restricted,4,2026-07-25 07:45:00,0,0.0
ZN-07,Server Room,restricted,4,2026-07-25 08:00:00,0,0.0
ZN-07,Server Room,restricted,4,2026-07-25 08:15:00,0,0.0
ZN-07,Server Room,restricted,4,2026-07-25 08:30:00,0,0.0
ZN-07,Server Room,restricted,4,2026-07-25 08:45:00,0,0.0
ZN-07,Server Room,restricted,4,2026-07-25 09:00:00,0,0.0
ZN-07,Server Room,restricted,4,2026-07-25 09:15:00,0,0.0
ZN-07,Server Room,restricted,4,2026-07-25 09:30:00,1,25.0
ZN-07,Server Room,restricted,4,2026-07-25 09:45:00,0,0.0
ZN-07,Server Room,restricted,4,2026-07-25 10:00:00,1,25.0
ZN-07,Server Room,restricted,4,2026-07-25 10:15:00,0,0.0
ZN-07,Server Room,restricted,4,2026-07-25 10:30:00,1,25.0
ZN-07,Server Room,restricted,4,2026-07-25 10:45:00,0,0.0
ZN-07,Server Room,restricted,4,2026-07-25 11:00:00,1,25.0
ZN-07,Server Room,restricted,4,2026-07-25 11:15:00,1,25.0
ZN-07,Server Room,restricted,4,2026-07-25 11:30:00,0,0.0
ZN-07,Server Room,restricted,4,2026-07-25 11:45:00,3,75.0
ZN-07,Server Room,restricted,4,2026-07-25 12:00:00,1,25.0
ZN-07,Server Room,restricted,4,2026-07-25 12:15:00,0,0.0
ZN-07,Server Room,restricted,4,2026-07-25 12:30:00,0,0.0
ZN-07,Server Room,restricted,4,2026-07-25 12:45:00,0,0.0
ZN-07,Server Room,restricted,4,2026-07-25 13:00:00,0,0.0
ZN-07,Server Room,restricted,4,2026-07-25 13:15:00,2,50.0
ZN-07,Server Room,restricted,4,2026-07-25 13:30:00,1,25.0
ZN-07,Server Room,restricted,4,2026-07-25 13:45:00,0,0.0
ZN-07,Server Room,restricted,4,2026-07-25 14:00:00,0,0.0
ZN-07,Server Room,restricted,4,2026-07-25 14:15:00,1,25.0
ZN-07,Server Room,restricted,4,2026-07-25 14:30:00,1,25.0
ZN-07,Server Room,restricted,4,2026-07-25 14:45:00,1,25.0
ZN-07,Server Room,restricted,4,2026-07-25 15:00:00,0,0.0
ZN-07,Server Room,restricted,4,2026-07-25 15:15:00,0,0.0
ZN-07,Server Room,restricted,4,2026-07-25 15:30:00,1,25.0
ZN-07,Server Room,restricted,4,2026-07-25 15:45:00,0,0.0
ZN-07,Server Room,restricted,4,2026-07-25 16:00:00,1,25.0
ZN-07,Server Room,restricted,4,2026-07-25 16:15:00,0,0.0
ZN-07,Server Room,restricted,4,2026-07-25 16:30:00,1,25.0
ZN-07,Server Room,restricted,4,2026-07-25 16:45:00,0,0.0
ZN-07,Server Room,restricted,4,2026-07-25 17:00:00,1,25.0
ZN-07,Server Room,restricted,4,2026-07-25 17:15:00,0,0.0
ZN-07,Server Room,restricted,4,2026-07-25 17:30:00,0,0.0
ZN-07,Server Room,restricted,4,2026-07-25 17:45:00,1,25.0
ZN-07,Server Room,restricted,4,2026-07-25 18:00:00,0,0.0
ZN-07,Server Room,restricted,4,2026-07-25 18:15:00,1,25.0
ZN-07,Server Room,restricted,4,2026-07-25 18:30:00,1,25.0
ZN-07,Server Room,restricted,4,2026-07-25 18:45:00,0,0.0
ZN-07,Server Room,restricted,4,2026-07-25 19:00:00,0,0.0
ZN-07,Server Room,restricted,4,2026-07-25 19:15:00,0,0.0
ZN-07,Server Room,restricted,4,2026-07-25 19:30:00,0,0.0
ZN-07,Server Room,restricted,4,2026-07-25 19:45:00,0,0.0
ZN-07,Server Room,restricted,4,2026-07-25 20:00:00,0,0.0
ZN-07,Server Room,restricted,4,2026-07-25 20:15:00,0,0.0
ZN-07,Server Room,restricted,4,2026-07-25 20:30:00,1,25.0
ZN-07,Server Room,restricted,4,2026-07-25 20:45:00,0,0.0
ZN-07,Server Room,restricted,4,2026-07-25 21:00:00,0,0.0
ZN-07,Server Room,restricted,4,2026-07-25 21:15:00,0,0.0
ZN-07,Server Room,restricted,4,2026-07-25 21:30:00,1,25.0
ZN-07,Server Room,restricted,4,2026-07-25 21:45:00,0,0.0
ZN-07,Server Room,restricted,4,2026-07-25 22:00:00,1,25.0
ZN-07,Server Room,restricted,4,2026-07-25 22:15:00,0,0.0
ZN-07,Server Room,restricted,4,2026-07-25 22:30:00,0,0.0
ZN-07,Server Room,restricted,4,2026-07-25 22:45:00,0,0.0
ZN-07,Server Room,restricted,4,2026-07-25 23:00:00,0,0.0
ZN-07,Server Room,restricted,4,2026-07-25 23:15:00,1,25.0
ZN-07,Server Room,restricted,4,2026-07-25 23:30:00,0,0.0
ZN-07,Server Room,restricted,4,2026-07-25 23:45:00,1,25.0
ZN-07,Server Room,restricted,4,2026-07-26 00:00:00,0,0.0
ZN-07,Server Room,restricted,4,2026-07-26 00:15:00,0,0.0
ZN-07,Server Room,restricted,4,2026-07-26 00:30:00,0,0.0
ZN-07,Server Room,restricted,4,2026-07-26 00:45:00,0,0.0
ZN-07,Server Room,restricted,4,2026-07-26 01:00:00,0,0.0
ZN-07,Server Room,restricted,4,2026-07-26 01:15:00,0,0.0
ZN-07,Server Room,restricted,4,2026-07-26 01:30:00,2,50.0
ZN-07,Server Room,restricted,4,2026-07-26 01:45:00,0,0.0
ZN-07,Server Room,restricted,4,2026-07-26 02:00:00,1,25.0
ZN-07,Server Room,restricted,4,2026-07-26 02:15:00,0,0.0
ZN-07,Server Room,restricted,4,2026-07-26 02:30:00,0,0.0
ZN-07,Server Room,restricted,4,2026-07-26 02:45:00,0,0.0
ZN-07,Server Room,restricted,4,2026-07-26 03:00:00,0,0.0
ZN-07,Server Room,restricted,4,2026-07-26 03:15:00,0,0.0
ZN-07,Server Room,restricted,4,2026-07-26 03:30:00,0,0.0
ZN-07,Server Room,restricted,4,2026-07-26 03:45:00,0,0.0
ZN-07,Server Room,restricted,4,2026-07-26 04:00:00,0,0.0
ZN-07,Server Room,restricted,4,2026-07-26 04:15:00,0,0.0
ZN-07,Server Room,restricted,4,2026-07-26 04:30:00,0,0.0
ZN-07,Server Room,restricted,4,2026-07-26 04:45:00,0,0.0
ZN-07,Server Room,restricted,4,2026-07-26 05:00:00,0,0.0
ZN-07,Server Room,restricted,4,2026-07-26 05:15:00,0,0.0
ZN-07,Server Room,restricted,4,2026-07-26 05:30:00,0,0.0
ZN-07,Server Room,restricted,4,2026-07-26 05:45:00,0,0.0
ZN-07,Server Room,restricted,4,2026-07-26 06:00:00,0,0.0
ZN-07,Server Room,restricted,4,2026-07-26 06:15:00,0,0.0
ZN-07,Server Room,restricted,4,2026-07-26 06:30:00,0,0.0
ZN-07,Server Room,restricted,4,2026-07-26 06:45:00,0,0.0
ZN-07,Server Room,restricted,4,2026-07-26 07:00:00,0,0.0
ZN-07,Server Room,restricted,4,2026-07-26 07:15:00,2,50.0
ZN-07,Server Room,restricted,4,2026-07-26 07:30:00,1,25.0
ZN-07,Server Room,restricted,4,2026-07-26 07:45:00,0,0.0
ZN-07,Server Room,restricted,4,2026-07-26 08:00:00,1,25.0
ZN-07,Server Room,restricted,4,2026-07-26 08:15:00,1,25.0
ZN-07,Server Room,restricted,4,2026-07-26 08:30:00,0,0.0
ZN-07,Server Room,restricted,4,2026-07-26 08:45:00,1,25.0
ZN-07,Server Room,restricted,4,2026-07-26 09:00:00,2,50.0
ZN-07,Server Room,restricted,4,2026-07-26 09:15:00,0,0.0
ZN-07,Server Room,restricted,4,2026-07-26 09:30:00,1,25.0
ZN-07,Server Room,restricted,4,2026-07-26 09:45:00,0,0.0
ZN-07,Server Room,restricted,4,2026-07-26 10:00:00,0,0.0
ZN-07,Server Room,restricted,4,2026-07-26 10:15:00,0,0.0
ZN-07,Server Room,restricted,4,2026-07-26 10:30:00,0,0.0
ZN-07,Server Room,restricted,4,2026-07-26 10:45:00,3,75.0
ZN-07,Server Room,restricted,4,2026-07-26 11:00:00,0,0.0
ZN-07,Server Room,restricted,4,2026-07-26 11:15:00,2,50.0
ZN-07,Server Room,restricted,4,2026-07-26 11:30:00,0,0.0
ZN-07,Server Room,restricted,4,2026-07-26 11:45:00,0,0.0
ZN-07,Server Room,restricted,4,2026-07-26 12:00:00,0,0.0
ZN-07,Server Room,restricted,4,2026-07-26 12:15:00,0,0.0
ZN-07,Server Room,restricted,4,2026-07-26 12:30:00,0,0.0
ZN-07,Server Room,restricted,4,2026-07-26 12:45:00,0,0.0
ZN-07,Server Room,restricted,4,2026-07-26 13:00:00,2,50.0
ZN-07,Server Room,restricted,4,2026-07-26 13:15:00,1,25.0
ZN-07,Server Room,restricted,4,2026-07-26 13:30:00,1,25.0
ZN-07,Server Room,restricted,4,2026-07-26 13:45:00,0,0.0
ZN-07,Server Room,restricted,4,2026-07-26 14:00:00,0,0.0
ZN-07,Server Room,restricted,4,2026-07-26 14:15:00,0,0.0
ZN-07,Server Room,restricted,4,2026-07-26 14:30:00,1,25.0
ZN-07,Server Room,restricted,4,2026-07-26 14:45:00,0,0.0
ZN-07,Server Room,restricted,4,2026-07-26 15:00:00,2,50.0
ZN-07,Server Room,restricted,4,2026-07-26 15:15:00,1,25.0
ZN-07,Server Room,restricted,4,2026-07-26 15:30:00,1,25.0
ZN-07,Server Room,restricted,4,2026-07-26 15:45:00,1,25.0
ZN-07,Server Room,restricted,4,2026-07-26 16:00:00,3,75.0
ZN-07,Server Room,restricted,4,2026-07-26 16:15:00,0,0.0
ZN-07,Server Room,restricted,4,2026-07-26 16:30:00,0,0.0
ZN-07,Server Room,restricted,4,2026-07-26 16:45:00,0,0.0
ZN-07,Server Room,restricted,4,2026-07-26 17:00:00,0,0.0
ZN-07,Server Room,restricted,4,2026-07-26 17:15:00,0,0.0
ZN-07,Server Room,restricted,4,2026-07-26 17:30:00,0,0.0
ZN-07,Server Room,restricted,4,2026-07-26 17:45:00,0,0.0
ZN-07,Server Room,restricted,4,2026-07-26 18:00:00,0,0.0
ZN-07,Server Room,restricted,4,2026-07-26 18:15:00,0,0.0
ZN-07,Server Room,restricted,4,2026-07-26 18:30:00,2,50.0
ZN-07,Server Room,restricted,4,2026-07-26 18:45:00,0,0.0
ZN-07,Server Room,restricted,4,2026-07-26 19:00:00,0,0.0
ZN-07,Server Room,restricted,4,2026-07-26 19:15:00,0,0.0
ZN-07,Server Room,restricted,4,2026-07-26 19:30:00,1,25.0
ZN-07,Server Room,restricted,4,2026-07-26 19:45:00,1,25.0
ZN-07,Server Room,restricted,4,2026-07-26 20:00:00,0,0.0
ZN-07,Server Room,restricted,4,2026-07-26 20:15:00,0,0.0
ZN-07,Server Room,restricted,4,2026-07-26 20:30:00,0,0.0
ZN-07,Server Room,restricted,4,2026-07-26 20:45:00,0,0.0
ZN-07,Server Room,restricted,4,2026-07-26 21:00:00,1,25.0
ZN-07,Server Room,restricted,4,2026-07-26 21:15:00,0,0.0
ZN-07,Server Room,restricted,4,2026-07-26 21:30:00,0,0.0
ZN-07,Server Room,restricted,4,2026-07-26 21:45:00,0,0.0
ZN-07,Server Room,restricted,4,2026-07-26 22:00:00,0,0.0
ZN-07,Server Room,restricted,4,2026-07-26 22:15:00,1,25.0
ZN-07,Server Room,restricted,4,2026-07-26 22:30:00,0,0.0
ZN-07,Server Room,restricted,4,2026-07-26 22:45:00,0,0.0
ZN-07,Server Room,restricted,4,2026-07-26 23:00:00,1,25.0
ZN-07,Server Room,restricted,4,2026-07-26 23:15:00,2,50.0
ZN-07,Server Room,restricted,4,2026-07-26 23:30:00,0,0.0
ZN-07,Server Room,restricted,4,2026-07-26 23:45:00,0,0.0
ZN-07,Server Room,restricted,4,2026-07-27 00:00:00,0,0.0
ZN-07,Server Room,restricted,4,2026-07-27 00:15:00,0,0.0
ZN-07,Server Room,restricted,4,2026-07-27 00:30:00,1,25.0
ZN-07,Server Room,restricted,4,2026-07-27 00:45:00,1,25.0
ZN-07,Server Room,restricted,4,2026-07-27 01:00:00,0,0.0
ZN-07,Server Room,restricted,4,2026-07-27 01:15:00,0,0.0
ZN-07,Server Room,restricted,4,2026-07-27 01:30:00,0,0.0
ZN-07,Server Room,restricted,4,2026-07-27 01:45:00,0,0.0
ZN-07,Server Room,restricted,4,2026-07-27 02:00:00,0,0.0
ZN-07,Server Room,restricted,4,2026-07-27 02:15:00,2,50.0
ZN-07,Server Room,restricted,4,2026-07-27 02:30:00,0,0.0
ZN-07,Server Room,restricted,4,2026-07-27 02:45:00,0,0.0
ZN-07,Server Room,restricted,4,2026-07-27 03:00:00,0,0.0
ZN-07,Server Room,restricted,4,2026-07-27 03:15:00,0,0.0
ZN-07,Server Room,restricted,4,2026-07-27 03:30:00,0,0.0
ZN-07,Server Room,restricted,4,2026-07-27 03:45:00,1,25.0
ZN-07,Server Room,restricted,4,2026-07-27 04:00:00,0,0.0
ZN-07,Server Room,restricted,4,2026-07-27 04:15:00,1,25.0
ZN-07,Server Room,restricted,4,2026-07-27 04:30:00,0,0.0
ZN-07,Server Room,restricted,4,2026-07-27 04:45:00,0,0.0
ZN-07,Server Room,restricted,4,2026-07-27 05:00:00,1,25.0
ZN-07,Server Room,restricted,4,2026-07-27 05:15:00,0,0.0
ZN-07,Server Room,restricted,4,2026-07-27 05:30:00,0,0.0
ZN-07,Server Room,restricted,4,2026-07-27 05:45:00,2,50.0
ZN-07,Server Room,restricted,4,2026-07-27 06:00:00,2,50.0
ZN-07,Server Room,restricted,4,2026-07-27 06:15:00,4,100.0
ZN-07,Server Room,restricted,4,2026-07-27 06:30:00,4,100.0
ZN-07,Server Room,restricted,4,2026-07-27 06:45:00,4,100.0
ZN-07,Server Room,restricted,4,2026-07-27 07:00:00,4,100.0
ZN-07,Server Room,restricted,4,2026-07-27 07:15:00,3,75.0
ZN-07,Server Room,restricted,4,2026-07-27 07:30:00,4,100.0
ZN-07,Server Room,restricted,4,2026-07-27 07:45:00,4,100.0
ZN-07,Server Room,restricted,4,2026-07-27 08:00:00,3,75.0
ZN-07,Server Room,restricted,4,2026-07-27 08:15:00,4,100.0
ZN-07,Server Room,restricted,4,2026-07-27 08:30:00,4,100.0
ZN-07,Server Room,restricted,4,2026-07-27 08:45:00,4,100.0
ZN-07,Server Room,restricted,4,2026-07-27 09:00:00,3,75.0
ZN-07,Server Room,restricted,4,2026-07-27 09:15:00,4,100.0
ZN-07,Server Room,restricted,4,2026-07-27 09:30:00,4,100.0
ZN-07,Server Room,restricted,4,2026-07-27 09:45:00,4,100.0
ZN-07,Server Room,restricted,4,2026-07-27 10:00:00,1,25.0
ZN-07,Server Room,restricted,4,2026-07-27 10:15:00,2,50.0
ZN-07,Server Room,restricted,4,2026-07-27 10:30:00,1,25.0
ZN-07,Server Room,restricted,4,2026-07-27 10:45:00,3,75.0
ZN-07,Server Room,restricted,4,2026-07-27 11:00:00,4,100.0
ZN-07,Server Room,restricted,4,2026-07-27 11:15:00,3,75.0
ZN-07,Server Room,restricted,4,2026-07-27 11:30:00,4,100.0
ZN-07,Server Room,restricted,4,2026-07-27 11:45:00,3,75.0
ZN-07,Server Room,restricted,4,2026-07-27 12:00:00,4,100.0
ZN-07,Server Room,restricted,4,2026-07-27 12:15:00,4,100.0
ZN-07,Server Room,restricted,4,2026-07-27 12:30:00,3,75.0
ZN-07,Server Room,restricted,4,2026-07-27 12:45:00,4,100.0
ZN-07,Server Room,restricted,4,2026-07-27 13:00:00,4,100.0
ZN-07,Server Room,restricted,4,2026-07-27 13:15:00,4,100.0
ZN-07,Server Room,restricted,4,2026-07-27 13:30:00,4,100.0
ZN-07,Server Room,restricted,4,2026-07-27 13:45:00,3,75.0
ZN-07,Server Room,restricted,4,2026-07-27 14:00:00,4,100.0
ZN-07,Server Room,restricted,4,2026-07-27 14:15:00,4,100.0
ZN-07,Server Room,restricted,4,2026-07-27 14:30:00,4,100.0
ZN-07,Server Room,restricted,4,2026-07-27 14:45:00,2,50.0
ZN-07,Server Room,restricted,4,2026-07-27 15:00:00,2,50.0
ZN-07,Server Room,restricted,4,2026-07-27 15:15:00,2,50.0
ZN-07,Server Room,restricted,4,2026-07-27 15:30:00,0,0.0
ZN-07,Server Room,restricted,4,2026-07-27 15:45:00,2,50.0
ZN-07,Server Room,restricted,4,2026-07-27 16:00:00,2,50.0
ZN-07,Server Room,restricted,4,2026-07-27 16:15:00,2,50.0
ZN-07,Server Room,restricted,4,2026-07-27 16:30:00,1,25.0
ZN-07,Server Room,restricted,4,2026-07-27 16:45:00,1,25.0
ZN-07,Server Room,restricted,4,2026-07-27 17:00:00,1,25.0
ZN-07,Server Room,restricted,4,2026-07-27 17:15:00,1,25.0
ZN-07,Server Room,restricted,4,2026-07-27 17:30:00,0,0.0
ZN-07,Server Room,restricted,4,2026-07-27 17:45:00,1,25.0
ZN-07,Server Room,restricted,4,2026-07-27 18:00:00,0,0.0
ZN-07,Server Room,restricted,4,2026-07-27 18:15:00,0,0.0
ZN-07,Server Room,restricted,4,2026-07-27 18:30:00,0,0.0
ZN-07,Server Room,restricted,4,2026-07-27 18:45:00,0,0.0
ZN-07,Server Room,restricted,4,2026-07-27 19:00:00,3,75.0
ZN-07,Server Room,restricted,4,2026-07-27 19:15:00,2,50.0
ZN-07,Server Room,restricted,4,2026-07-27 19:30:00,0,0.0
ZN-07,Server Room,restricted,4,2026-07-27 19:45:00,0,0.0
ZN-07,Server Room,restricted,4,2026-07-27 20:00:00,0,0.0
ZN-07,Server Room,restricted,4,2026-07-27 20:15:00,0,0.0
ZN-07,Server Room,restricted,4,2026-07-27 20:30:00,1,25.0
ZN-07,Server Room,restricted,4,2026-07-27 20:45:00,2,50.0
ZN-07,Server Room,restricted,4,2026-07-27 21:00:00,1,25.0
ZN-07,Server Room,restricted,4,2026-07-27 21:15:00,1,25.0
ZN-07,Server Room,restricted,4,2026-07-27 21:30:00,0,0.0
ZN-07,Server Room,restricted,4,2026-07-27 21:45:00,0,0.0
ZN-07,Server Room,restricted,4,2026-07-27 22:00:00,2,50.0
ZN-07,Server Room,restricted,4,2026-07-27 22:15:00,0,0.0
ZN-07,Server Room,restricted,4,2026-07-27 22:30:00,0,0.0
ZN-07,Server Room,restricted,4,2026-07-27 22:45:00,0,0.0
ZN-07,Server Room,restricted,4,2026-07-27 23:00:00,0,0.0
ZN-07,Server Room,restricted,4,2026-07-27 23:15:00,0,0.0
ZN-07,Server Room,restricted,4,2026-07-27 23:30:00,0,0.0
ZN-07,Server Room,restricted,4,2026-07-27 23:45:00,0,0.0
ZN-07,Server Room,restricted,4,2026-07-28 00:00:00,0,0.0
ZN-07,Server Room,restricted,4,2026-07-28 00:15:00,0,0.0
ZN-07,Server Room,restricted,4,2026-07-28 00:30:00,2,50.0
ZN-07,Server Room,restricted,4,2026-07-28 00:45:00,1,25.0
ZN-07,Server Room,restricted,4,2026-07-28 01:00:00,0,0.0
ZN-07,Server Room,restricted,4,2026-07-28 01:15:00,0,0.0
ZN-07,Server Room,restricted,4,2026-07-28 01:30:00,0,0.0
ZN-07,Server Room,restricted,4,2026-07-28 01:45:00,0,0.0
ZN-07,Server Room,restricted,4,2026-07-28 02:00:00,0,0.0
ZN-07,Server Room,restricted,4,2026-07-28 02:15:00,0,0.0
ZN-07,Server Room,restricted,4,2026-07-28 02:30:00,2,50.0
ZN-07,Server Room,restricted,4,2026-07-28 02:45:00,0,0.0
ZN-07,Server Room,restricted,4,2026-07-28 03:00:00,0,0.0
ZN-07,Server Room,restricted,4,2026-07-28 03:15:00,1,25.0
ZN-07,Server Room,restricted,4,2026-07-28 03:30:00,0,0.0
ZN-07,Server Room,restricted,4,2026-07-28 03:45:00,0,0.0
ZN-07,Server Room,restricted,4,2026-07-28 04:00:00,0,0.0
ZN-07,Server Room,restricted,4,2026-07-28 04:15:00,1,25.0
ZN-07,Server Room,restricted,4,2026-07-28 04:30:00,0,0.0
ZN-07,Server Room,restricted,4,2026-07-28 04:45:00,0,0.0
ZN-07,Server Room,restricted,4,2026-07-28 05:00:00,0,0.0
ZN-07,Server Room,restricted,4,2026-07-28 05:15:00,0,0.0
ZN-07,Server Room,restricted,4,2026-07-28 05:30:00,0,0.0
ZN-07,Server Room,restricted,4,2026-07-28 05:45:00,3,75.0
ZN-07,Server Room,restricted,4,2026-07-28 06:00:00,4,100.0
ZN-07,Server Room,restricted,4,2026-07-28 06:15:00,4,100.0
ZN-07,Server Room,restricted,4,2026-07-28 06:30:00,3,75.0
ZN-07,Server Room,restricted,4,2026-07-28 06:45:00,4,100.0
ZN-07,Server Room,restricted,4,2026-07-28 07:00:00,4,100.0
ZN-07,Server Room,restricted,4,2026-07-28 07:15:00,4,100.0
ZN-07,Server Room,restricted,4,2026-07-28 07:30:00,4,100.0
ZN-07,Server Room,restricted,4,2026-07-28 07:45:00,2,50.0
ZN-07,Server Room,restricted,4,2026-07-28 08:00:00,1,25.0
ZN-07,Server Room,restricted,4,2026-07-28 08:15:00,2,50.0
ZN-07,Server Room,restricted,4,2026-07-28 08:30:00,2,50.0
ZN-07,Server Room,restricted,4,2026-07-28 08:45:00,3,75.0
ZN-07,Server Room,restricted,4,2026-07-28 09:00:00,3,75.0
ZN-07,Server Room,restricted,4,2026-07-28 09:15:00,4,100.0
ZN-07,Server Room,restricted,4,2026-07-28 09:30:00,3,75.0
ZN-07,Server Room,restricted,4,2026-07-28 09:45:00,0,0.0
ZN-07,Server Room,restricted,4,2026-07-28 10:00:00,1,25.0
ZN-07,Server Room,restricted,4,2026-07-28 10:15:00,3,75.0
ZN-07,Server Room,restricted,4,2026-07-28 10:30:00,2,50.0
ZN-07,Server Room,restricted,4,2026-07-28 10:45:00,0,0.0
ZN-07,Server Room,restricted,4,2026-07-28 11:00:00,2,50.0
ZN-07,Server Room,restricted,4,2026-07-28 11:15:00,3,75.0
ZN-07,Server Room,restricted,4,2026-07-28 11:30:00,4,100.0
ZN-07,Server Room,restricted,4,2026-07-28 11:45:00,3,75.0
ZN-07,Server Room,restricted,4,2026-07-28 12:00:00,3,75.0
ZN-07,Server Room,restricted,4,2026-07-28 12:15:00,2,50.0
ZN-07,Server Room,restricted,4,2026-07-28 12:30:00,3,75.0
ZN-07,Server Room,restricted,4,2026-07-28 12:45:00,4,100.0
ZN-07,Server Room,restricted,4,2026-07-28 13:00:00,3,75.0
ZN-07,Server Room,restricted,4,2026-07-28 13:15:00,2,50.0
ZN-07,Server Room,restricted,4,2026-07-28 13:30:00,2,50.0
ZN-07,Server Room,restricted,4,2026-07-28 13:45:00,4,100.0
ZN-07,Server Room,restricted,4,2026-07-28 14:00:00,4,100.0
ZN-07,Server Room,restricted,4,2026-07-28 14:15:00,2,50.0
ZN-07,Server Room,restricted,4,2026-07-28 14:30:00,4,100.0
ZN-07,Server Room,restricted,4,2026-07-28 14:45:00,3,75.0
ZN-07,Server Room,restricted,4,2026-07-28 15:00:00,4,100.0
ZN-07,Server Room,restricted,4,2026-07-28 15:15:00,1,25.0
ZN-07,Server Room,restricted,4,2026-07-28 15:30:00,1,25.0
ZN-07,Server Room,restricted,4,2026-07-28 15:45:00,2,50.0
ZN-07,Server Room,restricted,4,2026-07-28 16:00:00,1,25.0
ZN-07,Server Room,restricted,4,2026-07-28 16:15:00,1,25.0
ZN-07,Server Room,restricted,4,2026-07-28 16:30:00,1,25.0
ZN-07,Server Room,restricted,4,2026-07-28 16:45:00,0,0.0
ZN-07,Server Room,restricted,4,2026-07-28 17:00:00,1,25.0
ZN-07,Server Room,restricted,4,2026-07-28 17:15:00,1,25.0
ZN-07,Server Room,restricted,4,2026-07-28 17:30:00,1,25.0
ZN-07,Server Room,restricted,4,2026-07-28 17:45:00,0,0.0
ZN-07,Server Room,restricted,4,2026-07-28 18:00:00,0,0.0
ZN-07,Server Room,restricted,4,2026-07-28 18:15:00,0,0.0
ZN-07,Server Room,restricted,4,2026-07-28 18:30:00,1,25.0
ZN-07,Server Room,restricted,4,2026-07-28 18:45:00,0,0.0
ZN-07,Server Room,restricted,4,2026-07-28 19:00:00,0,0.0
ZN-07,Server Room,restricted,4,2026-07-28 19:15:00,0,0.0
ZN-07,Server Room,restricted,4,2026-07-28 19:30:00,1,25.0
ZN-07,Server Room,restricted,4,2026-07-28 19:45:00,1,25.0
ZN-07,Server Room,restricted,4,2026-07-28 20:00:00,0,0.0
ZN-07,Server Room,restricted,4,2026-07-28 20:15:00,2,50.0
ZN-07,Server Room,restricted,4,2026-07-28 20:30:00,1,25.0
ZN-07,Server Room,restricted,4,2026-07-28 20:45:00,1,25.0
ZN-07,Server Room,restricted,4,2026-07-28 21:00:00,0,0.0
ZN-07,Server Room,restricted,4,2026-07-28 21:15:00,0,0.0
ZN-07,Server Room,restricted,4,2026-07-28 21:30:00,0,0.0
ZN-07,Server Room,restricted,4,2026-07-28 21:45:00,0,0.0
ZN-07,Server Room,restricted,4,2026-07-28 22:00:00,0,0.0
ZN-07,Server Room,restricted,4,2026-07-28 22:15:00,0,0.0
ZN-07,Server Room,restricted,4,2026-07-28 22:30:00,0,0.0
ZN-07,Server Room,restricted,4,2026-07-28 22:45:00,0,0.0
ZN-07,Server Room,restricted,4,2026-07-28 23:00:00,0,0.0
ZN-07,Server Room,restricted,4,2026-07-28 23:15:00,0,0.0
ZN-07,Server Room,restricted,4,2026-07-28 23:30:00,0,0.0
ZN-07,Server Room,restricted,4,2026-07-28 23:45:00,0,0.0
ZN-07,Server Room,restricted,4,2026-07-29 00:00:00,1,25.0
ZN-07,Server Room,restricted,4,2026-07-29 00:15:00,0,0.0
ZN-07,Server Room,restricted,4,2026-07-29 00:30:00,0,0.0
ZN-07,Server Room,restricted,4,2026-07-29 00:45:00,0,0.0
ZN-07,Server Room,restricted,4,2026-07-29 01:00:00,1,25.0
ZN-07,Server Room,restricted,4,2026-07-29 01:15:00,0,0.0
ZN-07,Server Room,restricted,4,2026-07-29 01:30:00,1,25.0
ZN-07,Server Room,restricted,4,2026-07-29 01:45:00,0,0.0
ZN-07,Server Room,restricted,4,2026-07-29 02:00:00,0,0.0
ZN-07,Server Room,restricted,4,2026-07-29 02:15:00,0,0.0
ZN-07,Server Room,restricted,4,2026-07-29 02:30:00,0,0.0
ZN-07,Server Room,restricted,4,2026-07-29 02:45:00,1,25.0
ZN-07,Server Room,restricted,4,2026-07-29 03:00:00,1,25.0
ZN-07,Server Room,restricted,4,2026-07-29 03:15:00,0,0.0
ZN-07,Server Room,restricted,4,2026-07-29 03:30:00,0,0.0
ZN-07,Server Room,restricted,4,2026-07-29 03:45:00,1,25.0
ZN-07,Server Room,restricted,4,2026-07-29 04:00:00,0,0.0
ZN-07,Server Room,restricted,4,2026-07-29 04:15:00,0,0.0
ZN-07,Server Room,restricted,4,2026-07-29 04:30:00,0,0.0
ZN-07,Server Room,restricted,4,2026-07-29 04:45:00,1,25.0
ZN-07,Server Room,restricted,4,2026-07-29 05:00:00,0,0.0
ZN-07,Server Room,restricted,4,2026-07-29 05:15:00,1,25.0
ZN-07,Server Room,restricted,4,2026-07-29 05:30:00,0,0.0
ZN-07,Server Room,restricted,4,2026-07-29 05:45:00,0,0.0
ZN-07,Server Room,restricted,4,2026-07-29 06:00:00,3,75.0
ZN-07,Server Room,restricted,4,2026-07-29 06:15:00,4,100.0
ZN-07,Server Room,restricted,4,2026-07-29 06:30:00,4,100.0
ZN-07,Server Room,restricted,4,2026-07-29 06:45:00,4,100.0
ZN-07,Server Room,restricted,4,2026-07-29 07:00:00,4,100.0
ZN-07,Server Room,restricted,4,2026-07-29 07:15:00,2,50.0
ZN-07,Server Room,restricted,4,2026-07-29 07:30:00,2,50.0
ZN-07,Server Room,restricted,4,2026-07-29 07:45:00,4,100.0
ZN-07,Server Room,restricted,4,2026-07-29 08:00:00,4,100.0
ZN-07,Server Room,restricted,4,2026-07-29 08:15:00,4,100.0
ZN-07,Server Room,restricted,4,2026-07-29 08:30:00,3,75.0
ZN-07,Server Room,restricted,4,2026-07-29 08:45:00,4,100.0
ZN-07,Server Room,restricted,4,2026-07-29 09:00:00,3,75.0
ZN-07,Server Room,restricted,4,2026-07-29 09:15:00,4,100.0
ZN-07,Server Room,restricted,4,2026-07-29 09:30:00,4,100.0
ZN-07,Server Room,restricted,4,2026-07-29 09:45:00,3,75.0
ZN-07,Server Room,restricted,4,2026-07-29 10:00:00,3,75.0
ZN-07,Server Room,restricted,4,2026-07-29 10:15:00,2,50.0
ZN-07,Server Room,restricted,4,2026-07-29 10:30:00,1,25.0
ZN-07,Server Room,restricted,4,2026-07-29 10:45:00,2,50.0
ZN-07,Server Room,restricted,4,2026-07-29 11:00:00,3,75.0
ZN-07,Server Room,restricted,4,2026-07-29 11:15:00,2,50.0
ZN-07,Server Room,restricted,4,2026-07-29 11:30:00,3,75.0
ZN-07,Server Room,restricted,4,2026-07-29 11:45:00,4,100.0
ZN-07,Server Room,restricted,4,2026-07-29 12:00:00,4,100.0
ZN-07,Server Room,restricted,4,2026-07-29 12:15:00,2,50.0
ZN-07,Server Room,restricted,4,2026-07-29 12:30:00,4,100.0
ZN-07,Server Room,restricted,4,2026-07-29 12:45:00,4,100.0
ZN-07,Server Room,restricted,4,2026-07-29 13:00:00,3,75.0
ZN-07,Server Room,restricted,4,2026-07-29 13:15:00,4,100.0
ZN-07,Server Room,restricted,4,2026-07-29 13:30:00,4,100.0
ZN-07,Server Room,restricted,4,2026-07-29 13:45:00,2,50.0
ZN-07,Server Room,restricted,4,2026-07-29 14:00:00,3,75.0
ZN-07,Server Room,restricted,4,2026-07-29 14:15:00,4,100.0
ZN-07,Server Room,restricted,4,2026-07-29 14:30:00,3,75.0
ZN-07,Server Room,restricted,4,2026-07-29 14:45:00,4,100.0
ZN-07,Server Room,restricted,4,2026-07-29 15:00:00,4,100.0
ZN-07,Server Room,restricted,4,2026-07-29 15:15:00,1,25.0
ZN-07,Server Room,restricted,4,2026-07-29 15:30:00,0,0.0
ZN-07,Server Room,restricted,4,2026-07-29 15:45:00,0,0.0
ZN-07,Server Room,restricted,4,2026-07-29 16:00:00,1,25.0
ZN-07,Server Room,restricted,4,2026-07-29 16:15:00,2,50.0
ZN-07,Server Room,restricted,4,2026-07-29 16:30:00,0,0.0
ZN-07,Server Room,restricted,4,2026-07-29 16:45:00,0,0.0
ZN-07,Server Room,restricted,4,2026-07-29 17:00:00,0,0.0
ZN-07,Server Room,restricted,4,2026-07-29 17:15:00,2,50.0
ZN-07,Server Room,restricted,4,2026-07-29 17:30:00,2,50.0
ZN-07,Server Room,restricted,4,2026-07-29 17:45:00,0,0.0
ZN-07,Server Room,restricted,4,2026-07-29 18:00:00,1,25.0
ZN-07,Server Room,restricted,4,2026-07-29 18:15:00,0,0.0
ZN-07,Server Room,restricted,4,2026-07-29 18:30:00,0,0.0
ZN-07,Server Room,restricted,4,2026-07-29 18:45:00,0,0.0
ZN-07,Server Room,restricted,4,2026-07-29 19:00:00,1,25.0
ZN-07,Server Room,restricted,4,2026-07-29 19:15:00,2,50.0
ZN-07,Server Room,restricted,4,2026-07-29 19:30:00,0,0.0
ZN-07,Server Room,restricted,4,2026-07-29 19:45:00,1,25.0
ZN-07,Server Room,restricted,4,2026-07-29 20:00:00,1,25.0
ZN-07,Server Room,restricted,4,2026-07-29 20:15:00,0,0.0
ZN-07,Server Room,restricted,4,2026-07-29 20:30:00,0,0.0
ZN-07,Server Room,restricted,4,2026-07-29 20:45:00,0,0.0
ZN-07,Server Room,restricted,4,2026-07-29 21:00:00,1,25.0
ZN-07,Server Room,restricted,4,2026-07-29 21:15:00,1,25.0
ZN-07,Server Room,restricted,4,2026-07-29 21:30:00,0,0.0
ZN-07,Server Room,restricted,4,2026-07-29 21:45:00,0,0.0
ZN-07,Server Room,restricted,4,2026-07-29 22:00:00,1,25.0
ZN-07,Server Room,restricted,4,2026-07-29 22:15:00,0,0.0
ZN-07,Server Room,restricted,4,2026-07-29 22:30:00,0,0.0
ZN-07,Server Room,restricted,4,2026-07-29 22:45:00,0,0.0
ZN-07,Server Room,restricted,4,2026-07-29 23:00:00,0,0.0
ZN-07,Server Room,restricted,4,2026-07-29 23:15:00,0,0.0
ZN-07,Server Room,restricted,4,2026-07-29 23:30:00,1,25.0
ZN-07,Server Room,restricted,4,2026-07-29 23:45:00,1,25.0
ZN-07,Server Room,restricted,4,2026-07-30 00:00:00,1,25.0
ZN-07,Server Room,restricted,4,2026-07-30 00:15:00,1,25.0
ZN-07,Server Room,restricted,4,2026-07-30 00:30:00,0,0.0
ZN-07,Server Room,restricted,4,2026-07-30 00:45:00,0,0.0
ZN-07,Server Room,restricted,4,2026-07-30 01:00:00,0,0.0
ZN-07,Server Room,restricted,4,2026-07-30 01:15:00,1,25.0
ZN-07,Server Room,restricted,4,2026-07-30 01:30:00,0,0.0
ZN-07,Server Room,restricted,4,2026-07-30 01:45:00,0,0.0
ZN-07,Server Room,restricted,4,2026-07-30 02:00:00,0,0.0
ZN-07,Server Room,restricted,4,2026-07-30 02:15:00,1,25.0
ZN-07,Server Room,restricted,4,2026-07-30 02:30:00,0,0.0
ZN-07,Server Room,restricted,4,2026-07-30 02:45:00,0,0.0
ZN-07,Server Room,restricted,4,2026-07-30 03:00:00,0,0.0
ZN-07,Server Room,restricted,4,2026-07-30 03:15:00,0,0.0
ZN-07,Server Room,restricted,4,2026-07-30 03:30:00,0,0.0
ZN-07,Server Room,restricted,4,2026-07-30 03:45:00,0,0.0
ZN-07,Server Room,restricted,4,2026-07-30 04:00:00,0,0.0
ZN-07,Server Room,restricted,4,2026-07-30 04:15:00,1,25.0
ZN-07,Server Room,restricted,4,2026-07-30 04:30:00,0,0.0
ZN-07,Server Room,restricted,4,2026-07-30 04:45:00,1,25.0
ZN-07,Server Room,restricted,4,2026-07-30 05:00:00,0,0.0
ZN-07,Server Room,restricted,4,2026-07-30 05:15:00,3,75.0
ZN-07,Server Room,restricted,4,2026-07-30 05:30:00,0,0.0
ZN-07,Server Room,restricted,4,2026-07-30 05:45:00,1,25.0
ZN-07,Server Room,restricted,4,2026-07-30 06:00:00,1,25.0
ZN-07,Server Room,restricted,4,2026-07-30 06:15:00,4,100.0
ZN-07,Server Room,restricted,4,2026-07-30 06:30:00,4,100.0
ZN-07,Server Room,restricted,4,2026-07-30 06:45:00,4,100.0
ZN-07,Server Room,restricted,4,2026-07-30 07:00:00,4,100.0
ZN-07,Server Room,restricted,4,2026-07-30 07:15:00,4,100.0
ZN-07,Server Room,restricted,4,2026-07-30 07:30:00,4,100.0
ZN-07,Server Room,restricted,4,2026-07-30 07:45:00,4,100.0
ZN-07,Server Room,restricted,4,2026-07-30 08:00:00,4,100.0
ZN-07,Server Room,restricted,4,2026-07-30 08:15:00,3,75.0
ZN-07,Server Room,restricted,4,2026-07-30 08:30:00,4,100.0
ZN-07,Server Room,restricted,4,2026-07-30 08:45:00,4,100.0
ZN-07,Server Room,restricted,4,2026-07-30 09:00:00,4,100.0
ZN-07,Server Room,restricted,4,2026-07-30 09:15:00,4,100.0
ZN-07,Server Room,restricted,4,2026-07-30 09:30:00,4,100.0
ZN-07,Server Room,restricted,4,2026-07-30 09:45:00,2,50.0
ZN-07,Server Room,restricted,4,2026-07-30 10:00:00,4,100.0
ZN-07,Server Room,restricted,4,2026-07-30 10:15:00,3,75.0
ZN-07,Server Room,restricted,4,2026-07-30 10:30:00,0,0.0
ZN-07,Server Room,restricted,4,2026-07-30 10:45:00,4,100.0
ZN-07,Server Room,restricted,4,2026-07-30 11:00:00,4,100.0
ZN-07,Server Room,restricted,4,2026-07-30 11:15:00,4,100.0
ZN-07,Server Room,restricted,4,2026-07-30 11:30:00,3,75.0
ZN-07,Server Room,restricted,4,2026-07-30 11:45:00,4,100.0
ZN-07,Server Room,restricted,4,2026-07-30 12:00:00,4,100.0
ZN-07,Server Room,restricted,4,2026-07-30 12:15:00,4,100.0
ZN-07,Server Room,restricted,4,2026-07-30 12:30:00,4,100.0
ZN-07,Server Room,restricted,4,2026-07-30 12:45:00,2,50.0
ZN-07,Server Room,restricted,4,2026-07-30 13:00:00,4,100.0
ZN-07,Server Room,restricted,4,2026-07-30 13:15:00,4,100.0
ZN-07,Server Room,restricted,4,2026-07-30 13:30:00,3,75.0
ZN-07,Server Room,restricted,4,2026-07-30 13:45:00,4,100.0
ZN-07,Server Room,restricted,4,2026-07-30 14:00:00,4,100.0
ZN-07,Server Room,restricted,4,2026-07-30 14:15:00,2,50.0
ZN-07,Server Room,restricted,4,2026-07-30 14:30:00,4,100.0
ZN-07,Server Room,restricted,4,2026-07-30 14:45:00,1,25.0
ZN-07,Server Room,restricted,4,2026-07-30 15:00:00,4,100.0
ZN-07,Server Room,restricted,4,2026-07-30 15:15:00,2,50.0
ZN-07,Server Room,restricted,4,2026-07-30 15:30:00,1,25.0
ZN-07,Server Room,restricted,4,2026-07-30 15:45:00,1,25.0
ZN-07,Server Room,restricted,4,2026-07-30 16:00:00,1,25.0
ZN-07,Server Room,restricted,4,2026-07-30 16:15:00,1,25.0
ZN-07,Server Room,restricted,4,2026-07-30 16:30:00,1,25.0
ZN-07,Server Room,restricted,4,2026-07-30 16:45:00,2,50.0
ZN-07,Server Room,restricted,4,2026-07-30 17:00:00,0,0.0
ZN-07,Server Room,restricted,4,2026-07-30 17:15:00,0,0.0
ZN-07,Server Room,restricted,4,2026-07-30 17:30:00,0,0.0
ZN-07,Server Room,restricted,4,2026-07-30 17:45:00,0,0.0
ZN-07,Server Room,restricted,4,2026-07-30 18:00:00,0,0.0
ZN-07,Server Room,restricted,4,2026-07-30 18:15:00,0,0.0
ZN-07,Server Room,restricted,4,2026-07-30 18:30:00,0,0.0
ZN-07,Server Room,restricted,4,2026-07-30 18:45:00,0,0.0
ZN-07,Server Room,restricted,4,2026-07-30 19:00:00,1,25.0
ZN-07,Server Room,restricted,4,2026-07-30 19:15:00,0,0.0
ZN-07,Server Room,restricted,4,2026-07-30 19:30:00,0,0.0
ZN-07,Server Room,restricted,4,2026-07-30 19:45:00,0,0.0
ZN-07,Server Room,restricted,4,2026-07-30 20:00:00,0,0.0
ZN-07,Server Room,restricted,4,2026-07-30 20:15:00,1,25.0
ZN-07,Server Room,restricted,4,2026-07-30 20:30:00,1,25.0
ZN-07,Server Room,restricted,4,2026-07-30 20:45:00,2,50.0
ZN-07,Server Room,restricted,4,2026-07-30 21:00:00,0,0.0
ZN-07,Server Room,restricted,4,2026-07-30 21:15:00,0,0.0
ZN-07,Server Room,restricted,4,2026-07-30 21:30:00,2,50.0
ZN-07,Server Room,restricted,4,2026-07-30 21:45:00,0,0.0
ZN-07,Server Room,restricted,4,2026-07-30 22:00:00,3,75.0
ZN-07,Server Room,restricted,4,2026-07-30 22:15:00,4,100.0
ZN-07,Server Room,restricted,4,2026-07-30 22:30:00,2,50.0
ZN-07,Server Room,restricted,4,2026-07-30 22:45:00,0,0.0
ZN-07,Server Room,restricted,4,2026-07-30 23:00:00,0,0.0
ZN-07,Server Room,restricted,4,2026-07-30 23:15:00,0,0.0
ZN-07,Server Room,restricted,4,2026-07-30 23:30:00,1,25.0
ZN-07,Server Room,restricted,4,2026-07-30 23:45:00,0,0.0
ZN-07,Server Room,restricted,4,2026-07-31 00:00:00,2,50.0
ZN-07,Server Room,restricted,4,2026-07-31 00:15:00,2,50.0
ZN-07,Server Room,restricted,4,2026-07-31 00:30:00,0,0.0
ZN-07,Server Room,restricted,4,2026-07-31 00:45:00,2,50.0
ZN-07,Server Room,restricted,4,2026-07-31 01:00:00,0,0.0
ZN-07,Server Room,restricted,4,2026-07-31 01:15:00,0,0.0
ZN-07,Server Room,restricted,4,2026-07-31 01:30:00,3,75.0
ZN-07,Server Room,restricted,4,2026-07-31 01:45:00,0,0.0
ZN-07,Server Room,restricted,4,2026-07-31 02:00:00,1,25.0
ZN-07,Server Room,restricted,4,2026-07-31 02:15:00,0,0.0
ZN-07,Server Room,restricted,4,2026-07-31 02:30:00,1,25.0
ZN-07,Server Room,restricted,4,2026-07-31 02:45:00,1,25.0
ZN-07,Server Room,restricted,4,2026-07-31 03:00:00,0,0.0
ZN-07,Server Room,restricted,4,2026-07-31 03:15:00,0,0.0
ZN-07,Server Room,restricted,4,2026-07-31 03:30:00,0,0.0
ZN-07,Server Room,restricted,4,2026-07-31 03:45:00,2,50.0
ZN-07,Server Room,restricted,4,2026-07-31 04:00:00,1,25.0
ZN-07,Server Room,restricted,4,2026-07-31 04:15:00,0,0.0
ZN-07,Server Room,restricted,4,2026-07-31 04:30:00,2,50.0
ZN-07,Server Room,restricted,4,2026-07-31 04:45:00,0,0.0
ZN-07,Server Room,restricted,4,2026-07-31 05:00:00,0,0.0
ZN-07,Server Room,restricted,4,2026-07-31 05:15:00,0,0.0
ZN-07,Server Room,restricted,4,2026-07-31 05:30:00,0,0.0
ZN-07,Server Room,restricted,4,2026-07-31 05:45:00,0,0.0
ZN-07,Server Room,restricted,4,2026-07-31 06:00:00,2,50.0
ZN-07,Server Room,restricted,4,2026-07-31 06:15:00,3,75.0
ZN-07,Server Room,restricted,4,2026-07-31 06:30:00,4,100.0
ZN-07,Server Room,restricted,4,2026-07-31 06:45:00,4,100.0
ZN-07,Server Room,restricted,4,2026-07-31 07:00:00,4,100.0
ZN-07,Server Room,restricted,4,2026-07-31 07:15:00,4,100.0
ZN-07,Server Room,restricted,4,2026-07-31 07:30:00,4,100.0
ZN-07,Server Room,restricted,4,2026-07-31 07:45:00,4,100.0
ZN-07,Server Room,restricted,4,2026-07-31 08:00:00,3,75.0
ZN-07,Server Room,restricted,4,2026-07-31 08:15:00,4,100.0
ZN-07,Server Room,restricted,4,2026-07-31 08:30:00,3,75.0
ZN-07,Server Room,restricted,4,2026-07-31 08:45:00,3,75.0
ZN-07,Server Room,restricted,4,2026-07-31 09:00:00,3,75.0
ZN-07,Server Room,restricted,4,2026-07-31 09:15:00,0,0.0
ZN-07,Server Room,restricted,4,2026-07-31 09:30:00,4,100.0
ZN-07,Server Room,restricted,4,2026-07-31 09:45:00,1,25.0
ZN-07,Server Room,restricted,4,2026-07-31 10:00:00,2,50.0
ZN-07,Server Room,restricted,4,2026-07-31 10:15:00,2,50.0
ZN-07,Server Room,restricted,4,2026-07-31 10:30:00,1,25.0
ZN-07,Server Room,restricted,4,2026-07-31 10:45:00,3,75.0
ZN-07,Server Room,restricted,4,2026-07-31 11:00:00,2,50.0
ZN-07,Server Room,restricted,4,2026-07-31 11:15:00,2,50.0
ZN-07,Server Room,restricted,4,2026-07-31 11:30:00,3,75.0
ZN-07,Server Room,restricted,4,2026-07-31 11:45:00,2,50.0
ZN-07,Server Room,restricted,4,2026-07-31 12:00:00,4,100.0
ZN-07,Server Room,restricted,4,2026-07-31 12:15:00,1,25.0
ZN-07,Server Room,restricted,4,2026-07-31 12:30:00,2,50.0
ZN-07,Server Room,restricted,4,2026-07-31 12:45:00,3,75.0
ZN-07,Server Room,restricted,4,2026-07-31 13:00:00,4,100.0
ZN-07,Server Room,restricted,4,2026-07-31 13:15:00,2,50.0
ZN-07,Server Room,restricted,4,2026-07-31 13:30:00,4,100.0
ZN-07,Server Room,restricted,4,2026-07-31 13:45:00,4,100.0
ZN-07,Server Room,restricted,4,2026-07-31 14:00:00,3,75.0
ZN-07,Server Room,restricted,4,2026-07-31 14:15:00,3,75.0
ZN-07,Server Room,restricted,4,2026-07-31 14:30:00,3,75.0
ZN-07,Server Room,restricted,4,2026-07-31 14:45:00,4,100.0
ZN-07,Server Room,restricted,4,2026-07-31 15:00:00,3,75.0
ZN-07,Server Room,restricted,4,2026-07-31 15:15:00,0,0.0
ZN-07,Server Room,restricted,4,2026-07-31 15:30:00,3,75.0
ZN-07,Server Room,restricted,4,2026-07-31 15:45:00,1,25.0
ZN-07,Server Room,restricted,4,2026-07-31 16:00:00,1,25.0
ZN-07,Server Room,restricted,4,2026-07-31 16:15:00,1,25.0
ZN-07,Server Room,restricted,4,2026-07-31 16:30:00,1,25.0
ZN-07,Server Room,restricted,4,2026-07-31 16:45:00,1,25.0
ZN-07,Server Room,restricted,4,2026-07-31 17:00:00,0,0.0
ZN-07,Server Room,restricted,4,2026-07-31 17:15:00,0,0.0
ZN-07,Server Room,restricted,4,2026-07-31 17:30:00,1,25.0
ZN-07,Server Room,restricted,4,2026-07-31 17:45:00,0,0.0
ZN-07,Server Room,restricted,4,2026-07-31 18:00:00,0,0.0
ZN-07,Server Room,restricted,4,2026-07-31 18:15:00,0,0.0
ZN-07,Server Room,restricted,4,2026-07-31 18:30:00,1,25.0
ZN-07,Server Room,restricted,4,2026-07-31 18:45:00,0,0.0
ZN-07,Server Room,restricted,4,2026-07-31 19:00:00,1,25.0
ZN-07,Server Room,restricted,4,2026-07-31 19:15:00,0,0.0
ZN-07,Server Room,restricted,4,2026-07-31 19:30:00,3,75.0
ZN-07,Server Room,restricted,4,2026-07-31 19:45:00,2,50.0
ZN-07,Server Room,restricted,4,2026-07-31 20:00:00,0,0.0
ZN-07,Server Room,restricted,4,2026-07-31 20:15:00,0,0.0
ZN-07,Server Room,restricted,4,2026-07-31 20:30:00,0,0.0
ZN-07,Server Room,restricted,4,2026-07-31 20:45:00,1,25.0
ZN-07,Server Room,restricted,4,2026-07-31 21:00:00,0,0.0
ZN-07,Server Room,restricted,4,2026-07-31 21:15:00,3,75.0
ZN-07,Server Room,restricted,4,2026-07-31 21:30:00,0,0.0
ZN-07,Server Room,restricted,4,2026-07-31 21:45:00,1,25.0
ZN-07,Server Room,restricted,4,2026-07-31 22:00:00,0,0.0
ZN-07,Server Room,restricted,4,2026-07-31 22:15:00,0,0.0
ZN-07,Server Room,restricted,4,2026-07-31 22:30:00,1,25.0
ZN-07,Server Room,restricted,4,2026-07-31 22:45:00,0,0.0
ZN-07,Server Room,restricted,4,2026-07-31 23:00:00,0,0.0
ZN-07,Server Room,restricted,4,2026-07-31 23:15:00,0,0.0
ZN-07,Server Room,restricted,4,2026-07-31 23:30:00,0,0.0
ZN-07,Server Room,restricted,4,2026-07-31 23:45:00,0,0.0
ZN-07,Server Room,restricted,4,2026-08-01 00:00:00,0,0.0
ZN-07,Server Room,restricted,4,2026-08-01 00:15:00,0,0.0
ZN-07,Server Room,restricted,4,2026-08-01 00:30:00,1,25.0
ZN-07,Server Room,restricted,4,2026-08-01 00:45:00,0,0.0
ZN-07,Server Room,restricted,4,2026-08-01 01:00:00,0,0.0
ZN-07,Server Room,restricted,4,2026-08-01 01:15:00,0,0.0
ZN-07,Server Room,restricted,4,2026-08-01 01:30:00,0,0.0
ZN-07,Server Room,restricted,4,2026-08-01 01:45:00,0,0.0
ZN-07,Server Room,restricted,4,2026-08-01 02:00:00,3,75.0
ZN-07,Server Room,restricted,4,2026-08-01 02:15:00,0,0.0
ZN-07,Server Room,restricted,4,2026-08-01 02:30:00,0,0.0
ZN-07,Server Room,restricted,4,2026-08-01 02:45:00,0,0.0
ZN-07,Server Room,restricted,4,2026-08-01 03:00:00,1,25.0
ZN-07,Server Room,restricted,4,2026-08-01 03:15:00,1,25.0
ZN-07,Server Room,restricted,4,2026-08-01 03:30:00,0,0.0
ZN-07,Server Room,restricted,4,2026-08-01 03:45:00,3,75.0
ZN-07,Server Room,restricted,4,2026-08-01 04:00:00,1,25.0
ZN-07,Server Room,restricted,4,2026-08-01 04:15:00,0,0.0
ZN-07,Server Room,restricted,4,2026-08-01 04:30:00,3,75.0
ZN-07,Server Room,restricted,4,2026-08-01 04:45:00,2,50.0
ZN-07,Server Room,restricted,4,2026-08-01 05:00:00,0,0.0
ZN-07,Server Room,restricted,4,2026-08-01 05:15:00,1,25.0
ZN-07,Server Room,restricted,4,2026-08-01 05:30:00,0,0.0
ZN-07,Server Room,restricted,4,2026-08-01 05:45:00,0,0.0
ZN-07,Server Room,restricted,4,2026-08-01 06:00:00,0,0.0
ZN-07,Server Room,restricted,4,2026-08-01 06:15:00,0,0.0
ZN-07,Server Room,restricted,4,2026-08-01 06:30:00,0,0.0
ZN-07,Server Room,restricted,4,2026-08-01 06:45:00,0,0.0
ZN-07,Server Room,restricted,4,2026-08-01 07:00:00,1,25.0
ZN-07,Server Room,restricted,4,2026-08-01 07:15:00,0,0.0
ZN-07,Server Room,restricted,4,2026-08-01 07:30:00,0,0.0
ZN-07,Server Room,restricted,4,2026-08-01 07:45:00,0,0.0
ZN-07,Server Room,restricted,4,2026-08-01 08:00:00,3,75.0
ZN-07,Server Room,restricted,4,2026-08-01 08:15:00,0,0.0
ZN-07,Server Room,restricted,4,2026-08-01 08:30:00,1,25.0
ZN-07,Server Room,restricted,4,2026-08-01 08:45:00,0,0.0
ZN-07,Server Room,restricted,4,2026-08-01 09:00:00,1,25.0
ZN-07,Server Room,restricted,4,2026-08-01 09:15:00,3,75.0
ZN-07,Server Room,restricted,4,2026-08-01 09:30:00,0,0.0
ZN-07,Server Room,restricted,4,2026-08-01 09:45:00,0,0.0
ZN-07,Server Room,restricted,4,2026-08-01 10:00:00,0,0.0
ZN-07,Server Room,restricted,4,2026-08-01 10:15:00,0,0.0
ZN-07,Server Room,restricted,4,2026-08-01 10:30:00,2,50.0
ZN-07,Server Room,restricted,4,2026-08-01 10:45:00,2,50.0
ZN-07,Server Room,restricted,4,2026-08-01 11:00:00,0,0.0
ZN-07,Server Room,restricted,4,2026-08-01 11:15:00,0,0.0
ZN-07,Server Room,restricted,4,2026-08-01 11:30:00,1,25.0
ZN-07,Server Room,restricted,4,2026-08-01 11:45:00,0,0.0
ZN-07,Server Room,restricted,4,2026-08-01 12:00:00,0,0.0
ZN-07,Server Room,restricted,4,2026-08-01 12:15:00,0,0.0
ZN-07,Server Room,restricted,4,2026-08-01 12:30:00,0,0.0
ZN-07,Server Room,restricted,4,2026-08-01 12:45:00,0,0.0
ZN-07,Server Room,restricted,4,2026-08-01 13:00:00,0,0.0
ZN-07,Server Room,restricted,4,2026-08-01 13:15:00,0,0.0
ZN-07,Server Room,restricted,4,2026-08-01 13:30:00,0,0.0
ZN-07,Server Room,restricted,4,2026-08-01 13:45:00,0,0.0
ZN-07,Server Room,restricted,4,2026-08-01 14:00:00,0,0.0
ZN-07,Server Room,restricted,4,2026-08-01 14:15:00,1,25.0
ZN-07,Server Room,restricted,4,2026-08-01 14:30:00,1,25.0
ZN-07,Server Room,restricted,4,2026-08-01 14:45:00,0,0.0
ZN-07,Server Room,restricted,4,2026-08-01 15:00:00,1,25.0
ZN-07,Server Room,restricted,4,2026-08-01 15:15:00,0,0.0
ZN-07,Server Room,restricted,4,2026-08-01 15:30:00,0,0.0
ZN-07,Server Room,restricted,4,2026-08-01 15:45:00,1,25.0
ZN-07,Server Room,restricted,4,2026-08-01 16:00:00,2,50.0
ZN-07,Server Room,restricted,4,2026-08-01 16:15:00,1,25.0
ZN-07,Server Room,restricted,4,2026-08-01 16:30:00,0,0.0
ZN-07,Server Room,restricted,4,2026-08-01 16:45:00,0,0.0
ZN-07,Server Room,restricted,4,2026-08-01 17:00:00,1,25.0
ZN-07,Server Room,restricted,4,2026-08-01 17:15:00,0,0.0
ZN-07,Server Room,restricted,4,2026-08-01 17:30:00,0,0.0
ZN-07,Server Room,restricted,4,2026-08-01 17:45:00,1,25.0
ZN-07,Server Room,restricted,4,2026-08-01 18:00:00,0,0.0
ZN-07,Server Room,restricted,4,2026-08-01 18:15:00,1,25.0
ZN-07,Server Room,restricted,4,2026-08-01 18:30:00,0,0.0
ZN-07,Server Room,restricted,4,2026-08-01 18:45:00,1,25.0
ZN-07,Server Room,restricted,4,2026-08-01 19:00:00,0,0.0
ZN-07,Server Room,restricted,4,2026-08-01 19:15:00,1,25.0
ZN-07,Server Room,restricted,4,2026-08-01 19:30:00,0,0.0
ZN-07,Server Room,restricted,4,2026-08-01 19:45:00,0,0.0
ZN-07,Server Room,restricted,4,2026-08-01 20:00:00,0,0.0
ZN-07,Server Room,restricted,4,2026-08-01 20:15:00,0,0.0
ZN-07,Server Room,restricted,4,2026-08-01 20:30:00,1,25.0
ZN-07,Server Room,restricted,4,2026-08-01 20:45:00,0,0.0
ZN-07,Server Room,restricted,4,2026-08-01 21:00:00,0,0.0
ZN-07,Server Room,restricted,4,2026-08-01 21:15:00,0,0.0
ZN-07,Server Room,restricted,4,2026-08-01 21:30:00,1,25.0
ZN-07,Server Room,restricted,4,2026-08-01 21:45:00,0,0.0
ZN-07,Server Room,restricted,4,2026-08-01 22:00:00,1,25.0
ZN-07,Server Room,restricted,4,2026-08-01 22:15:00,0,0.0
ZN-07,Server Room,restricted,4,2026-08-01 22:30:00,0,0.0
ZN-07,Server Room,restricted,4,2026-08-01 22:45:00,1,25.0
ZN-07,Server Room,restricted,4,2026-08-01 23:00:00,0,0.0
ZN-07,Server Room,restricted,4,2026-08-01 23:15:00,0,0.0
ZN-07,Server Room,restricted,4,2026-08-01 23:30:00,0,0.0
ZN-07,Server Room,restricted,4,2026-08-01 23:45:00,0,0.0
ZN-07,Server Room,restricted,4,2026-08-02 00:00:00,1,25.0
ZN-07,Server Room,restricted,4,2026-08-02 00:15:00,0,0.0
ZN-07,Server Room,restricted,4,2026-08-02 00:30:00,2,50.0
ZN-07,Server Room,restricted,4,2026-08-02 00:45:00,0,0.0
ZN-07,Server Room,restricted,4,2026-08-02 01:00:00,0,0.0
ZN-07,Server Room,restricted,4,2026-08-02 01:15:00,0,0.0
ZN-07,Server Room,restricted,4,2026-08-02 01:30:00,1,25.0
ZN-07,Server Room,restricted,4,2026-08-02 01:45:00,0,0.0
ZN-07,Server Room,restricted,4,2026-08-02 02:00:00,1,25.0
ZN-07,Server Room,restricted,4,2026-08-02 02:15:00,0,0.0
ZN-07,Server Room,restricted,4,2026-08-02 02:30:00,1,25.0
ZN-07,Server Room,restricted,4,2026-08-02 02:45:00,0,0.0
ZN-07,Server Room,restricted,4,2026-08-02 03:00:00,0,0.0
ZN-07,Server Room,restricted,4,2026-08-02 03:15:00,1,25.0
ZN-07,Server Room,restricted,4,2026-08-02 03:30:00,0,0.0
ZN-07,Server Room,restricted,4,2026-08-02 03:45:00,0,0.0
ZN-07,Server Room,restricted,4,2026-08-02 04:00:00,0,0.0
ZN-07,Server Room,restricted,4,2026-08-02 04:15:00,1,25.0
ZN-07,Server Room,restricted,4,2026-08-02 04:30:00,0,0.0
ZN-07,Server Room,restricted,4,2026-08-02 04:45:00,0,0.0
ZN-07,Server Room,restricted,4,2026-08-02 05:00:00,0,0.0
ZN-07,Server Room,restricted,4,2026-08-02 05:15:00,1,25.0
ZN-07,Server Room,restricted,4,2026-08-02 05:30:00,1,25.0
ZN-07,Server Room,restricted,4,2026-08-02 05:45:00,0,0.0
ZN-07,Server Room,restricted,4,2026-08-02 06:00:00,0,0.0
ZN-07,Server Room,restricted,4,2026-08-02 06:15:00,0,0.0
ZN-07,Server Room,restricted,4,2026-08-02 06:30:00,0,0.0
ZN-07,Server Room,restricted,4,2026-08-02 06:45:00,2,50.0
ZN-07,Server Room,restricted,4,2026-08-02 07:00:00,0,0.0
ZN-07,Server Room,restricted,4,2026-08-02 07:15:00,0,0.0
ZN-07,Server Room,restricted,4,2026-08-02 07:30:00,1,25.0
ZN-07,Server Room,restricted,4,2026-08-02 07:45:00,0,0.0
ZN-07,Server Room,restricted,4,2026-08-02 08:00:00,2,50.0
ZN-07,Server Room,restricted,4,2026-08-02 08:15:00,0,0.0
ZN-07,Server Room,restricted,4,2026-08-02 08:30:00,0,0.0
ZN-07,Server Room,restricted,4,2026-08-02 08:45:00,1,25.0
ZN-07,Server Room,restricted,4,2026-08-02 09:00:00,0,0.0
ZN-07,Server Room,restricted,4,2026-08-02 09:15:00,0,0.0
ZN-07,Server Room,restricted,4,2026-08-02 09:30:00,0,0.0
ZN-07,Server Room,restricted,4,2026-08-02 09:45:00,0,0.0
ZN-07,Server Room,restricted,4,2026-08-02 10:00:00,3,75.0
ZN-07,Server Room,restricted,4,2026-08-02 10:15:00,0,0.0
ZN-07,Server Room,restricted,4,2026-08-02 10:30:00,2,50.0
ZN-07,Server Room,restricted,4,2026-08-02 10:45:00,2,50.0
ZN-07,Server Room,restricted,4,2026-08-02 11:00:00,0,0.0
ZN-07,Server Room,restricted,4,2026-08-02 11:15:00,0,0.0
ZN-07,Server Room,restricted,4,2026-08-02 11:30:00,1,25.0
ZN-07,Server Room,restricted,4,2026-08-02 11:45:00,0,0.0
ZN-07,Server Room,restricted,4,2026-08-02 12:00:00,0,0.0
ZN-07,Server Room,restricted,4,2026-08-02 12:15:00,2,50.0
ZN-07,Server Room,restricted,4,2026-08-02 12:30:00,1,25.0
ZN-07,Server Room,restricted,4,2026-08-02 12:45:00,0,0.0
ZN-07,Server Room,restricted,4,2026-08-02 13:00:00,0,0.0
ZN-07,Server Room,restricted,4,2026-08-02 13:15:00,0,0.0
ZN-07,Server Room,restricted,4,2026-08-02 13:30:00,0,0.0
ZN-07,Server Room,restricted,4,2026-08-02 13:45:00,0,0.0
ZN-07,Server Room,restricted,4,2026-08-02 14:00:00,1,25.0
ZN-07,Server Room,restricted,4,2026-08-02 14:15:00,0,0.0
ZN-07,Server Room,restricted,4,2026-08-02 14:30:00,0,0.0
ZN-07,Server Room,restricted,4,2026-08-02 14:45:00,0,0.0
ZN-07,Server Room,restricted,4,2026-08-02 15:00:00,0,0.0
ZN-07,Server Room,restricted,4,2026-08-02 15:15:00,0,0.0
ZN-07,Server Room,restricted,4,2026-08-02 15:30:00,0,0.0
ZN-07,Server Room,restricted,4,2026-08-02 15:45:00,0,0.0
ZN-07,Server Room,restricted,4,2026-08-02 16:00:00,0,0.0
ZN-07,Server Room,restricted,4,2026-08-02 16:15:00,0,0.0
ZN-07,Server Room,restricted,4,2026-08-02 16:30:00,0,0.0
ZN-07,Server Room,restricted,4,2026-08-02 16:45:00,0,0.0
ZN-07,Server Room,restricted,4,2026-08-02 17:00:00,0,0.0
ZN-07,Server Room,restricted,4,2026-08-02 17:15:00,1,25.0
ZN-07,Server Room,restricted,4,2026-08-02 17:30:00,2,50.0
ZN-07,Server Room,restricted,4,2026-08-02 17:45:00,0,0.0
ZN-07,Server Room,restricted,4,2026-08-02 18:00:00,0,0.0
ZN-07,Server Room,restricted,4,2026-08-02 18:15:00,0,0.0
ZN-07,Server Room,restricted,4,2026-08-02 18:30:00,0,0.0
ZN-07,Server Room,restricted,4,2026-08-02 18:45:00,0,0.0
ZN-07,Server Room,restricted,4,2026-08-02 19:00:00,0,0.0
ZN-07,Server Room,restricted,4,2026-08-02 19:15:00,1,25.0
ZN-07,Server Room,restricted,4,2026-08-02 19:30:00,0,0.0
ZN-07,Server Room,restricted,4,2026-08-02 19:45:00,4,100.0
ZN-07,Server Room,restricted,4,2026-08-02 20:00:00,3,75.0
ZN-07,Server Room,restricted,4,2026-08-02 20:15:00,1,25.0
ZN-07,Server Room,restricted,4,2026-08-02 20:30:00,0,0.0
ZN-07,Server Room,restricted,4,2026-08-02 20:45:00,0,0.0
ZN-07,Server Room,restricted,4,2026-08-02 21:00:00,0,0.0
ZN-07,Server Room,restricted,4,2026-08-02 21:15:00,0,0.0
ZN-07,Server Room,restricted,4,2026-08-02 21:30:00,1,25.0
ZN-07,Server Room,restricted,4,2026-08-02 21:45:00,1,25.0
ZN-07,Server Room,restricted,4,2026-08-02 22:00:00,0,0.0
ZN-07,Server Room,restricted,4,2026-08-02 22:15:00,0,0.0
ZN-07,Server Room,restricted,4,2026-08-02 22:30:00,0,0.0
ZN-07,Server Room,restricted,4,2026-08-02 22:45:00,1,25.0
ZN-07,Server Room,restricted,4,2026-08-02 23:00:00,1,25.0
ZN-07,Server Room,restricted,4,2026-08-02 23:15:00,0,0.0
ZN-07,Server Room,restricted,4,2026-08-02 23:30:00,1,25.0
ZN-07,Server Room,restricted,4,2026-08-02 23:45:00,1,25.0
ZN-07,Server Room,restricted,4,2026-08-03 00:00:00,1,25.0
ZN-07,Server Room,restricted,4,2026-08-03 00:15:00,0,0.0
ZN-07,Server Room,restricted,4,2026-08-03 00:30:00,1,25.0
ZN-07,Server Room,restricted,4,2026-08-03 00:45:00,1,25.0
ZN-07,Server Room,restricted,4,2026-08-03 01:00:00,0,0.0
ZN-07,Server Room,restricted,4,2026-08-03 01:15:00,0,0.0
ZN-07,Server Room,restricted,4,2026-08-03 01:30:00,0,0.0
ZN-07,Server Room,restricted,4,2026-08-03 01:45:00,1,25.0
ZN-07,Server Room,restricted,4,2026-08-03 02:00:00,0,0.0
ZN-07,Server Room,restricted,4,2026-08-03 02:15:00,0,0.0
ZN-07,Server Room,restricted,4,2026-08-03 02:30:00,0,0.0
ZN-07,Server Room,restricted,4,2026-08-03 02:45:00,0,0.0
ZN-07,Server Room,restricted,4,2026-08-03 03:00:00,0,0.0
ZN-07,Server Room,restricted,4,2026-08-03 03:15:00,0,0.0
ZN-07,Server Room,restricted,4,2026-08-03 03:30:00,0,0.0
ZN-07,Server Room,restricted,4,2026-08-03 03:45:00,0,0.0
ZN-07,Server Room,restricted,4,2026-08-03 04:00:00,0,0.0
ZN-07,Server Room,restricted,4,2026-08-03 04:15:00,0,0.0
ZN-07,Server Room,restricted,4,2026-08-03 04:30:00,0,0.0
ZN-07,Server Room,restricted,4,2026-08-03 04:45:00,1,25.0
ZN-07,Server Room,restricted,4,2026-08-03 05:00:00,0,0.0
ZN-07,Server Room,restricted,4,2026-08-03 05:15:00,0,0.0
ZN-07,Server Room,restricted,4,2026-08-03 05:30:00,0,0.0
ZN-07,Server Room,restricted,4,2026-08-03 05:45:00,1,25.0
ZN-07,Server Room,restricted,4,2026-08-03 06:00:00,3,75.0
ZN-07,Server Room,restricted,4,2026-08-03 06:15:00,3,75.0
ZN-07,Server Room,restricted,4,2026-08-03 06:30:00,4,100.0
ZN-07,Server Room,restricted,4,2026-08-03 06:45:00,4,100.0
ZN-07,Server Room,restricted,4,2026-08-03 07:00:00,3,75.0
ZN-07,Server Room,restricted,4,2026-08-03 07:15:00,3,75.0
ZN-07,Server Room,restricted,4,2026-08-03 07:30:00,2,50.0
ZN-07,Server Room,restricted,4,2026-08-03 07:45:00,3,75.0
ZN-07,Server Room,restricted,4,2026-08-03 08:00:00,4,100.0
ZN-07,Server Room,restricted,4,2026-08-03 08:15:00,3,75.0
ZN-07,Server Room,restricted,4,2026-08-03 08:30:00,4,100.0
ZN-07,Server Room,restricted,4,2026-08-03 08:45:00,4,100.0
ZN-07,Server Room,restricted,4,2026-08-03 09:00:00,3,75.0
ZN-07,Server Room,restricted,4,2026-08-03 09:15:00,2,50.0
ZN-07,Server Room,restricted,4,2026-08-03 09:30:00,3,75.0
ZN-07,Server Room,restricted,4,2026-08-03 09:45:00,4,100.0
ZN-07,Server Room,restricted,4,2026-08-03 10:00:00,4,100.0
ZN-07,Server Room,restricted,4,2026-08-03 10:15:00,3,75.0
ZN-07,Server Room,restricted,4,2026-08-03 10:30:00,1,25.0
ZN-07,Server Room,restricted,4,2026-08-03 10:45:00,3,75.0
ZN-07,Server Room,restricted,4,2026-08-03 11:00:00,3,75.0
ZN-07,Server Room,restricted,4,2026-08-03 11:15:00,3,75.0
ZN-07,Server Room,restricted,4,2026-08-03 11:30:00,4,100.0
ZN-07,Server Room,restricted,4,2026-08-03 11:45:00,4,100.0
ZN-07,Server Room,restricted,4,2026-08-03 12:00:00,4,100.0
ZN-07,Server Room,restricted,4,2026-08-03 12:15:00,4,100.0
ZN-07,Server Room,restricted,4,2026-08-03 12:30:00,3,75.0
ZN-07,Server Room,restricted,4,2026-08-03 12:45:00,4,100.0
ZN-07,Server Room,restricted,4,2026-08-03 13:00:00,4,100.0
ZN-07,Server Room,restricted,4,2026-08-03 13:15:00,4,100.0
ZN-07,Server Room,restricted,4,2026-08-03 13:30:00,2,50.0
ZN-07,Server Room,restricted,4,2026-08-03 13:45:00,4,100.0
ZN-07,Server Room,restricted,4,2026-08-03 14:00:00,4,100.0
ZN-07,Server Room,restricted,4,2026-08-03 14:15:00,4,100.0
ZN-07,Server Room,restricted,4,2026-08-03 14:30:00,3,75.0
ZN-07,Server Room,restricted,4,2026-08-03 14:45:00,4,100.0
ZN-07,Server Room,restricted,4,2026-08-03 15:00:00,3,75.0
ZN-07,Server Room,restricted,4,2026-08-03 15:15:00,2,50.0
ZN-07,Server Room,restricted,4,2026-08-03 15:30:00,2,50.0
ZN-07,Server Room,restricted,4,2026-08-03 15:45:00,2,50.0
ZN-07,Server Room,restricted,4,2026-08-03 16:00:00,1,25.0
ZN-07,Server Room,restricted,4,2026-08-03 16:15:00,3,75.0
ZN-07,Server Room,restricted,4,2026-08-03 16:30:00,0,0.0
ZN-07,Server Room,restricted,4,2026-08-03 16:45:00,0,0.0
ZN-07,Server Room,restricted,4,2026-08-03 17:00:00,0,0.0
ZN-07,Server Room,restricted,4,2026-08-03 17:15:00,0,0.0
ZN-07,Server Room,restricted,4,2026-08-03 17:30:00,0,0.0
ZN-07,Server Room,restricted,4,2026-08-03 17:45:00,0,0.0
ZN-07,Server Room,restricted,4,2026-08-03 18:00:00,1,25.0
ZN-07,Server Room,restricted,4,2026-08-03 18:15:00,1,25.0
ZN-07,Server Room,restricted,4,2026-08-03 18:30:00,0,0.0
ZN-07,Server Room,restricted,4,2026-08-03 18:45:00,0,0.0
ZN-07,Server Room,restricted,4,2026-08-03 19:00:00,0,0.0
ZN-07,Server Room,restricted,4,2026-08-03 19:15:00,0,0.0
ZN-07,Server Room,restricted,4,2026-08-03 19:30:00,0,0.0
ZN-07,Server Room,restricted,4,2026-08-03 19:45:00,0,0.0
ZN-07,Server Room,restricted,4,2026-08-03 20:00:00,0,0.0
ZN-07,Server Room,restricted,4,2026-08-03 20:15:00,0,0.0
ZN-07,Server Room,restricted,4,2026-08-03 20:30:00,0,0.0
ZN-07,Server Room,restricted,4,2026-08-03 20:45:00,3,75.0
ZN-07,Server Room,restricted,4,2026-08-03 21:00:00,1,25.0
ZN-07,Server Room,restricted,4,2026-08-03 21:15:00,0,0.0
ZN-07,Server Room,restricted,4,2026-08-03 21:30:00,0,0.0
ZN-07,Server Room,restricted,4,2026-08-03 21:45:00,0,0.0
ZN-07,Server Room,restricted,4,2026-08-03 22:00:00,0,0.0
ZN-07,Server Room,restricted,4,2026-08-03 22:15:00,0,0.0
ZN-07,Server Room,restricted,4,2026-08-03 22:30:00,0,0.0
ZN-07,Server Room,restricted,4,2026-08-03 22:45:00,1,25.0
ZN-07,Server Room,restricted,4,2026-08-03 23:00:00,0,0.0
ZN-07,Server Room,restricted,4,2026-08-03 23:15:00,1,25.0
ZN-07,Server Room,restricted,4,2026-08-03 23:30:00,1,25.0
ZN-07,Server Room,restricted,4,2026-08-03 23:45:00,1,25.0
ZN-07,Server Room,restricted,4,2026-08-04 00:00:00,0,0.0
ZN-07,Server Room,restricted,4,2026-08-04 00:15:00,0,0.0
ZN-07,Server Room,restricted,4,2026-08-04 00:30:00,0,0.0
ZN-07,Server Room,restricted,4,2026-08-04 00:45:00,1,25.0
ZN-07,Server Room,restricted,4,2026-08-04 01:00:00,1,25.0
ZN-07,Server Room,restricted,4,2026-08-04 01:15:00,0,0.0
ZN-07,Server Room,restricted,4,2026-08-04 01:30:00,0,0.0
ZN-07,Server Room,restricted,4,2026-08-04 01:45:00,1,25.0
ZN-07,Server Room,restricted,4,2026-08-04 02:00:00,0,0.0
ZN-07,Server Room,restricted,4,2026-08-04 02:15:00,0,0.0
ZN-07,Server Room,restricted,4,2026-08-04 02:30:00,0,0.0
ZN-07,Server Room,restricted,4,2026-08-04 02:45:00,1,25.0
ZN-07,Server Room,restricted,4,2026-08-04 03:00:00,1,25.0
ZN-07,Server Room,restricted,4,2026-08-04 03:15:00,0,0.0
ZN-07,Server Room,restricted,4,2026-08-04 03:30:00,2,50.0
ZN-07,Server Room,restricted,4,2026-08-04 03:45:00,0,0.0
ZN-07,Server Room,restricted,4,2026-08-04 04:00:00,1,25.0
ZN-07,Server Room,restricted,4,2026-08-04 04:15:00,1,25.0
ZN-07,Server Room,restricted,4,2026-08-04 04:30:00,0,0.0
ZN-07,Server Room,restricted,4,2026-08-04 04:45:00,0,0.0
ZN-07,Server Room,restricted,4,2026-08-04 05:00:00,0,0.0
ZN-07,Server Room,restricted,4,2026-08-04 05:15:00,0,0.0
ZN-07,Server Room,restricted,4,2026-08-04 05:30:00,2,50.0
ZN-07,Server Room,restricted,4,2026-08-04 05:45:00,1,25.0
ZN-07,Server Room,restricted,4,2026-08-04 06:00:00,2,50.0
ZN-07,Server Room,restricted,4,2026-08-04 06:15:00,3,75.0
ZN-07,Server Room,restricted,4,2026-08-04 06:30:00,4,100.0
ZN-07,Server Room,restricted,4,2026-08-04 06:45:00,3,75.0
ZN-07,Server Room,restricted,4,2026-08-04 07:00:00,4,100.0
ZN-07,Server Room,restricted,4,2026-08-04 07:15:00,4,100.0
ZN-07,Server Room,restricted,4,2026-08-04 07:30:00,4,100.0
ZN-07,Server Room,restricted,4,2026-08-04 07:45:00,3,75.0
ZN-07,Server Room,restricted,4,2026-08-04 08:00:00,4,100.0
ZN-07,Server Room,restricted,4,2026-08-04 08:15:00,4,100.0
ZN-07,Server Room,restricted,4,2026-08-04 08:30:00,3,75.0
ZN-07,Server Room,restricted,4,2026-08-04 08:45:00,4,100.0
ZN-07,Server Room,restricted,4,2026-08-04 09:00:00,3,75.0
ZN-07,Server Room,restricted,4,2026-08-04 09:15:00,3,75.0
ZN-07,Server Room,restricted,4,2026-08-04 09:30:00,3,75.0
ZN-07,Server Room,restricted,4,2026-08-04 09:45:00,4,100.0
ZN-07,Server Room,restricted,4,2026-08-04 10:00:00,1,25.0
ZN-07,Server Room,restricted,4,2026-08-04 10:15:00,3,75.0
ZN-07,Server Room,restricted,4,2026-08-04 10:30:00,2,50.0
ZN-07,Server Room,restricted,4,2026-08-04 10:45:00,0,0.0
ZN-07,Server Room,restricted,4,2026-08-04 11:00:00,3,75.0
ZN-07,Server Room,restricted,4,2026-08-04 11:15:00,3,75.0
ZN-07,Server Room,restricted,4,2026-08-04 11:30:00,3,75.0
ZN-07,Server Room,restricted,4,2026-08-04 11:45:00,2,50.0
ZN-07,Server Room,restricted,4,2026-08-04 12:00:00,4,100.0
ZN-07,Server Room,restricted,4,2026-08-04 12:15:00,4,100.0
ZN-07,Server Room,restricted,4,2026-08-04 12:30:00,4,100.0
ZN-07,Server Room,restricted,4,2026-08-04 12:45:00,4,100.0
ZN-07,Server Room,restricted,4,2026-08-04 13:00:00,2,50.0
ZN-07,Server Room,restricted,4,2026-08-04 13:15:00,4,100.0
ZN-07,Server Room,restricted,4,2026-08-04 13:30:00,4,100.0
ZN-07,Server Room,restricted,4,2026-08-04 13:45:00,3,75.0
ZN-07,Server Room,restricted,4,2026-08-04 14:00:00,1,25.0
ZN-07,Server Room,restricted,4,2026-08-04 14:15:00,4,100.0
ZN-07,Server Room,restricted,4,2026-08-04 14:30:00,3,75.0
ZN-07,Server Room,restricted,4,2026-08-04 14:45:00,4,100.0
ZN-07,Server Room,restricted,4,2026-08-04 15:00:00,3,75.0
ZN-07,Server Room,restricted,4,2026-08-04 15:15:00,2,50.0
ZN-07,Server Room,restricted,4,2026-08-04 15:30:00,0,0.0
ZN-07,Server Room,restricted,4,2026-08-04 15:45:00,3,75.0
ZN-07,Server Room,restricted,4,2026-08-04 16:00:00,0,0.0
ZN-07,Server Room,restricted,4,2026-08-04 16:15:00,2,50.0
ZN-07,Server Room,restricted,4,2026-08-04 16:30:00,4,100.0
ZN-07,Server Room,restricted,4,2026-08-04 16:45:00,0,0.0
ZN-07,Server Room,restricted,4,2026-08-04 17:00:00,0,0.0
ZN-07,Server Room,restricted,4,2026-08-04 17:15:00,1,25.0
ZN-07,Server Room,restricted,4,2026-08-04 17:30:00,0,0.0
ZN-07,Server Room,restricted,4,2026-08-04 17:45:00,0,0.0
ZN-07,Server Room,restricted,4,2026-08-04 18:00:00,0,0.0
ZN-07,Server Room,restricted,4,2026-08-04 18:15:00,1,25.0
ZN-07,Server Room,restricted,4,2026-08-04 18:30:00,1,25.0
ZN-07,Server Room,restricted,4,2026-08-04 18:45:00,1,25.0
ZN-07,Server Room,restricted,4,2026-08-04 19:00:00,0,0.0
ZN-07,Server Room,restricted,4,2026-08-04 19:15:00,1,25.0
ZN-07,Server Room,restricted,4,2026-08-04 19:30:00,0,0.0
ZN-07,Server Room,restricted,4,2026-08-04 19:45:00,0,0.0
ZN-07,Server Room,restricted,4,2026-08-04 20:00:00,0,0.0
ZN-07,Server Room,restricted,4,2026-08-04 20:15:00,0,0.0
ZN-07,Server Room,restricted,4,2026-08-04 20:30:00,0,0.0
ZN-07,Server Room,restricted,4,2026-08-04 20:45:00,1,25.0
ZN-07,Server Room,restricted,4,2026-08-04 21:00:00,0,0.0
ZN-07,Server Room,restricted,4,2026-08-04 21:15:00,2,50.0
ZN-07,Server Room,restricted,4,2026-08-04 21:30:00,0,0.0
ZN-07,Server Room,restricted,4,2026-08-04 21:45:00,0,0.0
ZN-07,Server Room,restricted,4,2026-08-04 22:00:00,0,0.0
ZN-07,Server Room,restricted,4,2026-08-04 22:15:00,1,25.0
ZN-07,Server Room,restricted,4,2026-08-04 22:30:00,0,0.0
ZN-07,Server Room,restricted,4,2026-08-04 22:45:00,0,0.0
ZN-07,Server Room,restricted,4,2026-08-04 23:00:00,0,0.0
ZN-07,Server Room,restricted,4,2026-08-04 23:15:00,0,0.0
ZN-07,Server Room,restricted,4,2026-08-04 23:30:00,0,0.0
ZN-07,Server Room,restricted,4,2026-08-04 23:45:00,0,0.0
ZN-07,Server Room,restricted,4,2026-08-05 00:00:00,0,0.0
ZN-07,Server Room,restricted,4,2026-08-05 00:15:00,0,0.0
ZN-07,Server Room,restricted,4,2026-08-05 00:30:00,0,0.0
ZN-07,Server Room,restricted,4,2026-08-05 00:45:00,0,0.0
ZN-07,Server Room,restricted,4,2026-08-05 01:00:00,0,0.0
ZN-07,Server Room,restricted,4,2026-08-05 01:15:00,2,50.0
ZN-07,Server Room,restricted,4,2026-08-05 01:30:00,0,0.0
ZN-07,Server Room,restricted,4,2026-08-05 01:45:00,0,0.0
ZN-07,Server Room,restricted,4,2026-08-05 02:00:00,1,25.0
ZN-07,Server Room,restricted,4,2026-08-05 02:15:00,0,0.0
ZN-07,Server Room,restricted,4,2026-08-05 02:30:00,1,25.0
ZN-07,Server Room,restricted,4,2026-08-05 02:45:00,0,0.0
ZN-07,Server Room,restricted,4,2026-08-05 03:00:00,1,25.0
ZN-07,Server Room,restricted,4,2026-08-05 03:15:00,1,25.0
ZN-07,Server Room,restricted,4,2026-08-05 03:30:00,0,0.0
ZN-07,Server Room,restricted,4,2026-08-05 03:45:00,0,0.0
ZN-07,Server Room,restricted,4,2026-08-05 04:00:00,0,0.0
ZN-07,Server Room,restricted,4,2026-08-05 04:15:00,0,0.0
ZN-07,Server Room,restricted,4,2026-08-05 04:30:00,0,0.0
ZN-07,Server Room,restricted,4,2026-08-05 04:45:00,0,0.0
ZN-07,Server Room,restricted,4,2026-08-05 05:00:00,0,0.0
ZN-07,Server Room,restricted,4,2026-08-05 05:15:00,0,0.0
ZN-07,Server Room,restricted,4,2026-08-05 05:30:00,1,25.0
ZN-07,Server Room,restricted,4,2026-08-05 05:45:00,1,25.0
ZN-07,Server Room,restricted,4,2026-08-05 06:00:00,2,50.0
ZN-07,Server Room,restricted,4,2026-08-05 06:15:00,3,75.0
ZN-07,Server Room,restricted,4,2026-08-05 06:30:00,4,100.0
ZN-07,Server Room,restricted,4,2026-08-05 06:45:00,2,50.0
ZN-07,Server Room,restricted,4,2026-08-05 07:00:00,4,100.0
ZN-07,Server Room,restricted,4,2026-08-05 07:15:00,4,100.0
ZN-07,Server Room,restricted,4,2026-08-05 07:30:00,4,100.0
ZN-07,Server Room,restricted,4,2026-08-05 07:45:00,4,100.0
ZN-07,Server Room,restricted,4,2026-08-05 08:00:00,4,100.0
ZN-07,Server Room,restricted,4,2026-08-05 08:15:00,4,100.0
ZN-07,Server Room,restricted,4,2026-08-05 08:30:00,4,100.0
ZN-07,Server Room,restricted,4,2026-08-05 08:45:00,4,100.0
ZN-07,Server Room,restricted,4,2026-08-05 09:00:00,4,100.0
ZN-07,Server Room,restricted,4,2026-08-05 09:15:00,3,75.0
ZN-07,Server Room,restricted,4,2026-08-05 09:30:00,4,100.0
ZN-07,Server Room,restricted,4,2026-08-05 09:45:00,3,75.0
ZN-07,Server Room,restricted,4,2026-08-05 10:00:00,2,50.0
ZN-07,Server Room,restricted,4,2026-08-05 10:15:00,1,25.0
ZN-07,Server Room,restricted,4,2026-08-05 10:30:00,1,25.0
ZN-07,Server Room,restricted,4,2026-08-05 10:45:00,3,75.0
ZN-07,Server Room,restricted,4,2026-08-05 11:00:00,2,50.0
ZN-07,Server Room,restricted,4,2026-08-05 11:15:00,4,100.0
ZN-07,Server Room,restricted,4,2026-08-05 11:30:00,4,100.0
ZN-07,Server Room,restricted,4,2026-08-05 11:45:00,4,100.0
ZN-07,Server Room,restricted,4,2026-08-05 12:00:00,4,100.0
ZN-07,Server Room,restricted,4,2026-08-05 12:15:00,2,50.0
ZN-07,Server Room,restricted,4,2026-08-05 12:30:00,4,100.0
ZN-07,Server Room,restricted,4,2026-08-05 12:45:00,3,75.0
ZN-07,Server Room,restricted,4,2026-08-05 13:00:00,2,50.0
ZN-07,Server Room,restricted,4,2026-08-05 13:15:00,4,100.0
ZN-07,Server Room,restricted,4,2026-08-05 13:30:00,3,75.0
ZN-07,Server Room,restricted,4,2026-08-05 13:45:00,3,75.0
ZN-07,Server Room,restricted,4,2026-08-05 14:00:00,4,100.0
ZN-07,Server Room,restricted,4,2026-08-05 14:15:00,3,75.0
ZN-07,Server Room,restricted,4,2026-08-05 14:30:00,3,75.0
ZN-07,Server Room,restricted,4,2026-08-05 14:45:00,4,100.0
ZN-07,Server Room,restricted,4,2026-08-05 15:00:00,3,75.0
ZN-07,Server Room,restricted,4,2026-08-05 15:15:00,1,25.0
ZN-07,Server Room,restricted,4,2026-08-05 15:30:00,4,100.0
ZN-07,Server Room,restricted,4,2026-08-05 15:45:00,0,0.0
ZN-07,Server Room,restricted,4,2026-08-05 16:00:00,2,50.0
ZN-07,Server Room,restricted,4,2026-08-05 16:15:00,0,0.0
ZN-07,Server Room,restricted,4,2026-08-05 16:30:00,0,0.0
ZN-07,Server Room,restricted,4,2026-08-05 16:45:00,0,0.0
ZN-07,Server Room,restricted,4,2026-08-05 17:00:00,0,0.0
ZN-07,Server Room,restricted,4,2026-08-05 17:15:00,1,25.0
ZN-07,Server Room,restricted,4,2026-08-05 17:30:00,1,25.0
ZN-07,Server Room,restricted,4,2026-08-05 17:45:00,1,25.0
ZN-07,Server Room,restricted,4,2026-08-05 18:00:00,0,0.0
ZN-07,Server Room,restricted,4,2026-08-05 18:15:00,1,25.0
ZN-07,Server Room,restricted,4,2026-08-05 18:30:00,0,0.0
ZN-07,Server Room,restricted,4,2026-08-05 18:45:00,0,0.0
ZN-07,Server Room,restricted,4,2026-08-05 19:00:00,1,25.0
ZN-07,Server Room,restricted,4,2026-08-05 19:15:00,0,0.0
ZN-07,Server Room,restricted,4,2026-08-05 19:30:00,1,25.0
ZN-07,Server Room,restricted,4,2026-08-05 19:45:00,0,0.0
ZN-07,Server Room,restricted,4,2026-08-05 20:00:00,2,50.0
ZN-07,Server Room,restricted,4,2026-08-05 20:15:00,0,0.0
ZN-07,Server Room,restricted,4,2026-08-05 20:30:00,0,0.0
ZN-07,Server Room,restricted,4,2026-08-05 20:45:00,0,0.0
ZN-07,Server Room,restricted,4,2026-08-05 21:00:00,2,50.0
ZN-07,Server Room,restricted,4,2026-08-05 21:15:00,0,0.0
ZN-07,Server Room,restricted,4,2026-08-05 21:30:00,0,0.0
ZN-07,Server Room,restricted,4,2026-08-05 21:45:00,0,0.0
ZN-07,Server Room,restricted,4,2026-08-05 22:00:00,0,0.0
ZN-07,Server Room,restricted,4,2026-08-05 22:15:00,1,25.0
ZN-07,Server Room,restricted,4,2026-08-05 22:30:00,0,0.0
ZN-07,Server Room,restricted,4,2026-08-05 22:45:00,0,0.0
ZN-07,Server Room,restricted,4,2026-08-05 23:00:00,1,25.0
ZN-07,Server Room,restricted,4,2026-08-05 23:15:00,0,0.0
ZN-07,Server Room,restricted,4,2026-08-05 23:30:00,1,25.0
ZN-07,Server Room,restricted,4,2026-08-05 23:45:00,0,0.0
ZN-07,Server Room,restricted,4,2026-08-06 00:00:00,0,0.0
ZN-07,Server Room,restricted,4,2026-08-06 00:15:00,0,0.0
ZN-07,Server Room,restricted,4,2026-08-06 00:30:00,0,0.0
ZN-07,Server Room,restricted,4,2026-08-06 00:45:00,1,25.0
ZN-07,Server Room,restricted,4,2026-08-06 01:00:00,0,0.0
ZN-07,Server Room,restricted,4,2026-08-06 01:15:00,0,0.0
ZN-07,Server Room,restricted,4,2026-08-06 01:30:00,1,25.0
ZN-07,Server Room,restricted,4,2026-08-06 01:45:00,2,50.0
ZN-07,Server Room,restricted,4,2026-08-06 02:00:00,2,50.0
ZN-07,Server Room,restricted,4,2026-08-06 02:15:00,0,0.0
ZN-07,Server Room,restricted,4,2026-08-06 02:30:00,0,0.0
ZN-07,Server Room,restricted,4,2026-08-06 02:45:00,0,0.0
ZN-07,Server Room,restricted,4,2026-08-06 03:00:00,0,0.0
ZN-07,Server Room,restricted,4,2026-08-06 03:15:00,1,25.0
ZN-07,Server Room,restricted,4,2026-08-06 03:30:00,0,0.0
ZN-07,Server Room,restricted,4,2026-08-06 03:45:00,1,25.0
ZN-07,Server Room,restricted,4,2026-08-06 04:00:00,0,0.0
ZN-07,Server Room,restricted,4,2026-08-06 04:15:00,0,0.0
ZN-07,Server Room,restricted,4,2026-08-06 04:30:00,0,0.0
ZN-07,Server Room,restricted,4,2026-08-06 04:45:00,0,0.0
ZN-07,Server Room,restricted,4,2026-08-06 05:00:00,0,0.0
ZN-07,Server Room,restricted,4,2026-08-06 05:15:00,0,0.0
ZN-07,Server Room,restricted,4,2026-08-06 05:30:00,1,25.0
ZN-07,Server Room,restricted,4,2026-08-06 05:45:00,1,25.0
ZN-07,Server Room,restricted,4,2026-08-06 06:00:00,2,50.0
ZN-07,Server Room,restricted,4,2026-08-06 06:15:00,4,100.0
ZN-07,Server Room,restricted,4,2026-08-06 06:30:00,4,100.0
ZN-07,Server Room,restricted,4,2026-08-06 06:45:00,2,50.0
ZN-07,Server Room,restricted,4,2026-08-06 07:00:00,4,100.0
ZN-07,Server Room,restricted,4,2026-08-06 07:15:00,3,75.0
ZN-07,Server Room,restricted,4,2026-08-06 07:30:00,4,100.0
ZN-07,Server Room,restricted,4,2026-08-06 07:45:00,4,100.0
ZN-07,Server Room,restricted,4,2026-08-06 08:00:00,4,100.0
ZN-07,Server Room,restricted,4,2026-08-06 08:15:00,4,100.0
ZN-07,Server Room,restricted,4,2026-08-06 08:30:00,2,50.0
ZN-07,Server Room,restricted,4,2026-08-06 08:45:00,3,75.0
ZN-07,Server Room,restricted,4,2026-08-06 09:00:00,3,75.0
ZN-07,Server Room,restricted,4,2026-08-06 09:15:00,2,50.0
ZN-07,Server Room,restricted,4,2026-08-06 09:30:00,3,75.0
ZN-07,Server Room,restricted,4,2026-08-06 09:45:00,3,75.0
ZN-07,Server Room,restricted,4,2026-08-06 10:00:00,4,100.0
ZN-07,Server Room,restricted,4,2026-08-06 10:15:00,4,100.0
ZN-07,Server Room,restricted,4,2026-08-06 10:30:00,2,50.0
ZN-07,Server Room,restricted,4,2026-08-06 10:45:00,0,0.0
ZN-07,Server Room,restricted,4,2026-08-06 11:00:00,0,0.0
ZN-07,Server Room,restricted,4,2026-08-06 11:15:00,4,100.0
ZN-07,Server Room,restricted,4,2026-08-06 11:30:00,2,50.0
ZN-07,Server Room,restricted,4,2026-08-06 11:45:00,4,100.0
ZN-07,Server Room,restricted,4,2026-08-06 12:00:00,3,75.0
ZN-07,Server Room,restricted,4,2026-08-06 12:15:00,4,100.0
ZN-07,Server Room,restricted,4,2026-08-06 12:30:00,3,75.0
ZN-07,Server Room,restricted,4,2026-08-06 12:45:00,3,75.0
ZN-07,Server Room,restricted,4,2026-08-06 13:00:00,4,100.0
ZN-07,Server Room,restricted,4,2026-08-06 13:15:00,4,100.0
ZN-07,Server Room,restricted,4,2026-08-06 13:30:00,4,100.0
ZN-07,Server Room,restricted,4,2026-08-06 13:45:00,4,100.0
ZN-07,Server Room,restricted,4,2026-08-06 14:00:00,3,75.0
ZN-07,Server Room,restricted,4,2026-08-06 14:15:00,4,100.0
ZN-07,Server Room,restricted,4,2026-08-06 14:30:00,4,100.0
ZN-07,Server Room,restricted,4,2026-08-06 14:45:00,3,75.0
ZN-07,Server Room,restricted,4,2026-08-06 15:00:00,4,100.0
ZN-07,Server Room,restricted,4,2026-08-06 15:15:00,3,75.0
ZN-07,Server Room,restricted,4,2026-08-06 15:30:00,0,0.0
ZN-07,Server Room,restricted,4,2026-08-06 15:45:00,2,50.0
ZN-07,Server Room,restricted,4,2026-08-06 16:00:00,3,75.0
ZN-07,Server Room,restricted,4,2026-08-06 16:15:00,2,50.0
ZN-07,Server Room,restricted,4,2026-08-06 16:30:00,1,25.0
ZN-07,Server Room,restricted,4,2026-08-06 16:45:00,1,25.0
ZN-07,Server Room,restricted,4,2026-08-06 17:00:00,0,0.0
ZN-07,Server Room,restricted,4,2026-08-06 17:15:00,0,0.0
ZN-07,Server Room,restricted,4,2026-08-06 17:30:00,0,0.0
ZN-07,Server Room,restricted,4,2026-08-06 17:45:00,1,25.0
ZN-07,Server Room,restricted,4,2026-08-06 18:00:00,0,0.0
ZN-07,Server Room,restricted,4,2026-08-06 18:15:00,0,0.0
ZN-07,Server Room,restricted,4,2026-08-06 18:30:00,2,50.0
ZN-07,Server Room,restricted,4,2026-08-06 18:45:00,2,50.0
ZN-07,Server Room,restricted,4,2026-08-06 19:00:00,0,0.0
ZN-07,Server Room,restricted,4,2026-08-06 19:15:00,1,25.0
ZN-07,Server Room,restricted,4,2026-08-06 19:30:00,2,50.0
ZN-07,Server Room,restricted,4,2026-08-06 19:45:00,2,50.0
ZN-07,Server Room,restricted,4,2026-08-06 20:00:00,0,0.0
ZN-07,Server Room,restricted,4,2026-08-06 20:15:00,0,0.0
ZN-07,Server Room,restricted,4,2026-08-06 20:30:00,0,0.0
ZN-07,Server Room,restricted,4,2026-08-06 20:45:00,0,0.0
ZN-07,Server Room,restricted,4,2026-08-06 21:00:00,0,0.0
ZN-07,Server Room,restricted,4,2026-08-06 21:15:00,1,25.0
ZN-07,Server Room,restricted,4,2026-08-06 21:30:00,1,25.0
ZN-07,Server Room,restricted,4,2026-08-06 21:45:00,1,25.0
ZN-07,Server Room,restricted,4,2026-08-06 22:00:00,1,25.0
ZN-07,Server Room,restricted,4,2026-08-06 22:15:00,2,50.0
ZN-07,Server Room,restricted,4,2026-08-06 22:30:00,0,0.0
ZN-07,Server Room,restricted,4,2026-08-06 22:45:00,1,25.0
ZN-07,Server Room,restricted,4,2026-08-06 23:00:00,0,0.0
ZN-07,Server Room,restricted,4,2026-08-06 23:15:00,0,0.0
ZN-07,Server Room,restricted,4,2026-08-06 23:30:00,0,0.0
ZN-07,Server Room,restricted,4,2026-08-06 23:45:00,0,0.0
ZN-07,Server Room,restricted,4,2026-08-07 00:00:00,0,0.0
ZN-07,Server Room,restricted,4,2026-08-07 00:15:00,1,25.0
ZN-07,Server Room,restricted,4,2026-08-07 00:30:00,1,25.0
ZN-07,Server Room,restricted,4,2026-08-07 00:45:00,0,0.0
ZN-07,Server Room,restricted,4,2026-08-07 01:00:00,0,0.0
ZN-07,Server Room,restricted,4,2026-08-07 01:15:00,1,25.0
ZN-07,Server Room,restricted,4,2026-08-07 01:30:00,0,0.0
ZN-07,Server Room,restricted,4,2026-08-07 01:45:00,1,25.0
ZN-07,Server Room,restricted,4,2026-08-07 02:00:00,0,0.0
ZN-07,Server Room,restricted,4,2026-08-07 02:15:00,2,50.0
ZN-07,Server Room,restricted,4,2026-08-07 02:30:00,4,100.0
ZN-07,Server Room,restricted,4,2026-08-07 02:45:00,2,50.0
ZN-07,Server Room,restricted,4,2026-08-07 03:00:00,2,50.0
ZN-07,Server Room,restricted,4,2026-08-07 03:15:00,1,25.0
ZN-07,Server Room,restricted,4,2026-08-07 03:30:00,0,0.0
ZN-07,Server Room,restricted,4,2026-08-07 03:45:00,0,0.0
ZN-07,Server Room,restricted,4,2026-08-07 04:00:00,1,25.0
ZN-07,Server Room,restricted,4,2026-08-07 04:15:00,0,0.0
ZN-07,Server Room,restricted,4,2026-08-07 04:30:00,1,25.0
ZN-07,Server Room,restricted,4,2026-08-07 04:45:00,0,0.0
ZN-07,Server Room,restricted,4,2026-08-07 05:00:00,0,0.0
ZN-07,Server Room,restricted,4,2026-08-07 05:15:00,1,25.0
ZN-07,Server Room,restricted,4,2026-08-07 05:30:00,0,0.0
ZN-07,Server Room,restricted,4,2026-08-07 05:45:00,1,25.0
ZN-07,Server Room,restricted,4,2026-08-07 06:00:00,4,100.0
ZN-07,Server Room,restricted,4,2026-08-07 06:15:00,4,100.0
ZN-07,Server Room,restricted,4,2026-08-07 06:30:00,3,75.0
ZN-07,Server Room,restricted,4,2026-08-07 06:45:00,4,100.0
ZN-07,Server Room,restricted,4,2026-08-07 07:00:00,3,75.0
ZN-07,Server Room,restricted,4,2026-08-07 07:15:00,4,100.0
ZN-07,Server Room,restricted,4,2026-08-07 07:30:00,4,100.0
ZN-07,Server Room,restricted,4,2026-08-07 07:45:00,4,100.0
ZN-07,Server Room,restricted,4,2026-08-07 08:00:00,4,100.0
ZN-07,Server Room,restricted,4,2026-08-07 08:15:00,4,100.0
ZN-07,Server Room,restricted,4,2026-08-07 08:30:00,3,75.0
ZN-07,Server Room,restricted,4,2026-08-07 08:45:00,4,100.0
ZN-07,Server Room,restricted,4,2026-08-07 09:00:00,4,100.0
ZN-07,Server Room,restricted,4,2026-08-07 09:15:00,3,75.0
ZN-07,Server Room,restricted,4,2026-08-07 09:30:00,4,100.0
ZN-07,Server Room,restricted,4,2026-08-07 09:45:00,4,100.0
ZN-07,Server Room,restricted,4,2026-08-07 10:00:00,4,100.0
ZN-07,Server Room,restricted,4,2026-08-07 10:15:00,0,0.0
ZN-07,Server Room,restricted,4,2026-08-07 10:30:00,0,0.0
ZN-07,Server Room,restricted,4,2026-08-07 10:45:00,2,50.0
ZN-07,Server Room,restricted,4,2026-08-07 11:00:00,3,75.0
ZN-07,Server Room,restricted,4,2026-08-07 11:15:00,4,100.0
ZN-07,Server Room,restricted,4,2026-08-07 11:30:00,3,75.0
ZN-07,Server Room,restricted,4,2026-08-07 11:45:00,1,25.0
ZN-07,Server Room,restricted,4,2026-08-07 12:00:00,0,0.0
ZN-07,Server Room,restricted,4,2026-08-07 12:15:00,2,50.0
ZN-07,Server Room,restricted,4,2026-08-07 12:30:00,4,100.0
ZN-07,Server Room,restricted,4,2026-08-07 12:45:00,3,75.0
ZN-07,Server Room,restricted,4,2026-08-07 13:00:00,3,75.0
ZN-07,Server Room,restricted,4,2026-08-07 13:15:00,4,100.0
ZN-07,Server Room,restricted,4,2026-08-07 13:30:00,3,75.0
ZN-07,Server Room,restricted,4,2026-08-07 13:45:00,4,100.0
ZN-07,Server Room,restricted,4,2026-08-07 14:00:00,4,100.0
ZN-07,Server Room,restricted,4,2026-08-07 14:15:00,4,100.0
ZN-07,Server Room,restricted,4,2026-08-07 14:30:00,2,50.0
ZN-07,Server Room,restricted,4,2026-08-07 14:45:00,4,100.0
ZN-07,Server Room,restricted,4,2026-08-07 15:00:00,4,100.0
ZN-07,Server Room,restricted,4,2026-08-07 15:15:00,3,75.0
ZN-07,Server Room,restricted,4,2026-08-07 15:30:00,2,50.0
ZN-07,Server Room,restricted,4,2026-08-07 15:45:00,2,50.0
ZN-07,Server Room,restricted,4,2026-08-07 16:00:00,0,0.0
ZN-07,Server Room,restricted,4,2026-08-07 16:15:00,2,50.0
ZN-07,Server Room,restricted,4,2026-08-07 16:30:00,0,0.0
ZN-07,Server Room,restricted,4,2026-08-07 16:45:00,0,0.0
ZN-07,Server Room,restricted,4,2026-08-07 17:00:00,0,0.0
ZN-07,Server Room,restricted,4,2026-08-07 17:15:00,0,0.0
ZN-07,Server Room,restricted,4,2026-08-07 17:30:00,1,25.0
ZN-07,Server Room,restricted,4,2026-08-07 17:45:00,1,25.0
ZN-07,Server Room,restricted,4,2026-08-07 18:00:00,0,0.0
ZN-07,Server Room,restricted,4,2026-08-07 18:15:00,1,25.0
ZN-07,Server Room,restricted,4,2026-08-07 18:30:00,0,0.0
ZN-07,Server Room,restricted,4,2026-08-07 18:45:00,1,25.0
ZN-07,Server Room,restricted,4,2026-08-07 19:00:00,0,0.0
ZN-07,Server Room,restricted,4,2026-08-07 19:15:00,0,0.0
ZN-07,Server Room,restricted,4,2026-08-07 19:30:00,0,0.0
ZN-07,Server Room,restricted,4,2026-08-07 19:45:00,0,0.0
ZN-07,Server Room,restricted,4,2026-08-07 20:00:00,1,25.0
ZN-07,Server Room,restricted,4,2026-08-07 20:15:00,0,0.0
ZN-07,Server Room,restricted,4,2026-08-07 20:30:00,2,50.0
ZN-07,Server Room,restricted,4,2026-08-07 20:45:00,0,0.0
ZN-07,Server Room,restricted,4,2026-08-07 21:00:00,0,0.0
ZN-07,Server Room,restricted,4,2026-08-07 21:15:00,0,0.0
ZN-07,Server Room,restricted,4,2026-08-07 21:30:00,0,0.0
ZN-07,Server Room,restricted,4,2026-08-07 21:45:00,0,0.0
ZN-07,Server Room,restricted,4,2026-08-07 22:00:00,3,75.0
ZN-07,Server Room,restricted,4,2026-08-07 22:15:00,2,50.0
ZN-07,Server Room,restricted,4,2026-08-07 22:30:00,0,0.0
ZN-07,Server Room,restricted,4,2026-08-07 22:45:00,0,0.0
ZN-07,Server Room,restricted,4,2026-08-07 23:00:00,0,0.0
ZN-07,Server Room,restricted,4,2026-08-07 23:15:00,0,0.0
ZN-07,Server Room,restricted,4,2026-08-07 23:30:00,1,25.0
ZN-07,Server Room,restricted,4,2026-08-07 23:45:00,2,50.0
ZN-07,Server Room,restricted,4,2026-08-08 00:00:00,0,0.0
ZN-07,Server Room,restricted,4,2026-08-08 00:15:00,0,0.0
ZN-07,Server Room,restricted,4,2026-08-08 00:30:00,0,0.0
ZN-07,Server Room,restricted,4,2026-08-08 00:45:00,0,0.0
ZN-07,Server Room,restricted,4,2026-08-08 01:00:00,2,50.0
ZN-07,Server Room,restricted,4,2026-08-08 01:15:00,1,25.0
ZN-07,Server Room,restricted,4,2026-08-08 01:30:00,0,0.0
ZN-07,Server Room,restricted,4,2026-08-08 01:45:00,0,0.0
ZN-07,Server Room,restricted,4,2026-08-08 02:00:00,0,0.0
ZN-07,Server Room,restricted,4,2026-08-08 02:15:00,0,0.0
ZN-07,Server Room,restricted,4,2026-08-08 02:30:00,0,0.0
ZN-07,Server Room,restricted,4,2026-08-08 02:45:00,0,0.0
ZN-07,Server Room,restricted,4,2026-08-08 03:00:00,0,0.0
ZN-07,Server Room,restricted,4,2026-08-08 03:15:00,2,50.0
ZN-07,Server Room,restricted,4,2026-08-08 03:30:00,1,25.0
ZN-07,Server Room,restricted,4,2026-08-08 03:45:00,0,0.0
ZN-07,Server Room,restricted,4,2026-08-08 04:00:00,1,25.0
ZN-07,Server Room,restricted,4,2026-08-08 04:15:00,0,0.0
ZN-07,Server Room,restricted,4,2026-08-08 04:30:00,1,25.0
ZN-07,Server Room,restricted,4,2026-08-08 04:45:00,1,25.0
ZN-07,Server Room,restricted,4,2026-08-08 05:00:00,1,25.0
ZN-07,Server Room,restricted,4,2026-08-08 05:15:00,2,50.0
ZN-07,Server Room,restricted,4,2026-08-08 05:30:00,0,0.0
ZN-07,Server Room,restricted,4,2026-08-08 05:45:00,2,50.0
ZN-07,Server Room,restricted,4,2026-08-08 06:00:00,0,0.0
ZN-07,Server Room,restricted,4,2026-08-08 06:15:00,1,25.0
ZN-07,Server Room,restricted,4,2026-08-08 06:30:00,0,0.0
ZN-07,Server Room,restricted,4,2026-08-08 06:45:00,1,25.0
ZN-07,Server Room,restricted,4,2026-08-08 07:00:00,3,75.0
ZN-07,Server Room,restricted,4,2026-08-08 07:15:00,0,0.0
ZN-07,Server Room,restricted,4,2026-08-08 07:30:00,2,50.0
ZN-07,Server Room,restricted,4,2026-08-08 07:45:00,1,25.0
ZN-07,Server Room,restricted,4,2026-08-08 08:00:00,0,0.0
ZN-07,Server Room,restricted,4,2026-08-08 08:15:00,0,0.0
ZN-07,Server Room,restricted,4,2026-08-08 08:30:00,0,0.0
ZN-07,Server Room,restricted,4,2026-08-08 08:45:00,1,25.0
ZN-07,Server Room,restricted,4,2026-08-08 09:00:00,2,50.0
ZN-07,Server Room,restricted,4,2026-08-08 09:15:00,0,0.0
ZN-07,Server Room,restricted,4,2026-08-08 09:30:00,2,50.0
ZN-07,Server Room,restricted,4,2026-08-08 09:45:00,1,25.0
ZN-07,Server Room,restricted,4,2026-08-08 10:00:00,0,0.0
ZN-07,Server Room,restricted,4,2026-08-08 10:15:00,0,0.0
ZN-07,Server Room,restricted,4,2026-08-08 10:30:00,0,0.0
ZN-07,Server Room,restricted,4,2026-08-08 10:45:00,1,25.0
ZN-07,Server Room,restricted,4,2026-08-08 11:00:00,0,0.0
ZN-07,Server Room,restricted,4,2026-08-08 11:15:00,0,0.0
ZN-07,Server Room,restricted,4,2026-08-08 11:30:00,0,0.0
ZN-07,Server Room,restricted,4,2026-08-08 11:45:00,0,0.0
ZN-07,Server Room,restricted,4,2026-08-08 12:00:00,0,0.0
ZN-07,Server Room,restricted,4,2026-08-08 12:15:00,3,75.0
ZN-07,Server Room,restricted,4,2026-08-08 12:30:00,0,0.0
ZN-07,Server Room,restricted,4,2026-08-08 12:45:00,2,50.0
ZN-07,Server Room,restricted,4,2026-08-08 13:00:00,0,0.0
ZN-07,Server Room,restricted,4,2026-08-08 13:15:00,0,0.0
ZN-07,Server Room,restricted,4,2026-08-08 13:30:00,0,0.0
ZN-07,Server Room,restricted,4,2026-08-08 13:45:00,0,0.0
ZN-07,Server Room,restricted,4,2026-08-08 14:00:00,0,0.0
ZN-07,Server Room,restricted,4,2026-08-08 14:15:00,1,25.0
ZN-07,Server Room,restricted,4,2026-08-08 14:30:00,2,50.0
ZN-07,Server Room,restricted,4,2026-08-08 14:45:00,0,0.0
ZN-07,Server Room,restricted,4,2026-08-08 15:00:00,1,25.0
ZN-07,Server Room,restricted,4,2026-08-08 15:15:00,0,0.0
ZN-07,Server Room,restricted,4,2026-08-08 15:30:00,0,0.0
ZN-07,Server Room,restricted,4,2026-08-08 15:45:00,0,0.0
ZN-07,Server Room,restricted,4,2026-08-08 16:00:00,0,0.0
ZN-07,Server Room,restricted,4,2026-08-08 16:15:00,0,0.0
ZN-07,Server Room,restricted,4,2026-08-08 16:30:00,0,0.0
ZN-07,Server Room,restricted,4,2026-08-08 16:45:00,0,0.0
ZN-07,Server Room,restricted,4,2026-08-08 17:00:00,0,0.0
ZN-07,Server Room,restricted,4,2026-08-08 17:15:00,0,0.0
ZN-07,Server Room,restricted,4,2026-08-08 17:30:00,0,0.0
ZN-07,Server Room,restricted,4,2026-08-08 17:45:00,1,25.0
ZN-07,Server Room,restricted,4,2026-08-08 18:00:00,0,0.0
ZN-07,Server Room,restricted,4,2026-08-08 18:15:00,0,0.0
ZN-07,Server Room,restricted,4,2026-08-08 18:30:00,2,50.0
ZN-07,Server Room,restricted,4,2026-08-08 18:45:00,1,25.0
ZN-07,Server Room,restricted,4,2026-08-08 19:00:00,0,0.0
ZN-07,Server Room,restricted,4,2026-08-08 19:15:00,0,0.0
ZN-07,Server Room,restricted,4,2026-08-08 19:30:00,0,0.0
ZN-07,Server Room,restricted,4,2026-08-08 19:45:00,0,0.0
ZN-07,Server Room,restricted,4,2026-08-08 20:00:00,0,0.0
ZN-07,Server Room,restricted,4,2026-08-08 20:15:00,2,50.0
ZN-07,Server Room,restricted,4,2026-08-08 20:30:00,0,0.0
ZN-07,Server Room,restricted,4,2026-08-08 20:45:00,1,25.0
ZN-07,Server Room,restricted,4,2026-08-08 21:00:00,0,0.0
ZN-07,Server Room,restricted,4,2026-08-08 21:15:00,0,0.0
ZN-07,Server Room,restricted,4,2026-08-08 21:30:00,0,0.0
ZN-07,Server Room,restricted,4,2026-08-08 21:45:00,1,25.0
ZN-07,Server Room,restricted,4,2026-08-08 22:00:00,2,50.0
ZN-07,Server Room,restricted,4,2026-08-08 22:15:00,0,0.0
ZN-07,Server Room,restricted,4,2026-08-08 22:30:00,0,0.0
ZN-07,Server Room,restricted,4,2026-08-08 22:45:00,0,0.0
ZN-07,Server Room,restricted,4,2026-08-08 23:00:00,1,25.0
ZN-07,Server Room,restricted,4,2026-08-08 23:15:00,0,0.0
ZN-07,Server Room,restricted,4,2026-08-08 23:30:00,0,0.0
ZN-07,Server Room,restricted,4,2026-08-08 23:45:00,0,0.0
ZN-07,Server Room,restricted,4,2026-08-09 00:00:00,1,25.0
ZN-07,Server Room,restricted,4,2026-08-09 00:15:00,1,25.0
ZN-07,Server Room,restricted,4,2026-08-09 00:30:00,0,0.0
ZN-07,Server Room,restricted,4,2026-08-09 00:45:00,0,0.0
ZN-07,Server Room,restricted,4,2026-08-09 01:00:00,0,0.0
ZN-07,Server Room,restricted,4,2026-08-09 01:15:00,0,0.0
ZN-07,Server Room,restricted,4,2026-08-09 01:30:00,0,0.0
ZN-07,Server Room,restricted,4,2026-08-09 01:45:00,0,0.0
ZN-07,Server Room,restricted,4,2026-08-09 02:00:00,0,0.0
ZN-07,Server Room,restricted,4,2026-08-09 02:15:00,2,50.0
ZN-07,Server Room,restricted,4,2026-08-09 02:30:00,0,0.0
ZN-07,Server Room,restricted,4,2026-08-09 02:45:00,0,0.0
ZN-07,Server Room,restricted,4,2026-08-09 03:00:00,0,0.0
ZN-07,Server Room,restricted,4,2026-08-09 03:15:00,0,0.0
ZN-07,Server Room,restricted,4,2026-08-09 03:30:00,0,0.0
ZN-07,Server Room,restricted,4,2026-08-09 03:45:00,0,0.0
ZN-07,Server Room,restricted,4,2026-08-09 04:00:00,0,0.0
ZN-07,Server Room,restricted,4,2026-08-09 04:15:00,1,25.0
ZN-07,Server Room,restricted,4,2026-08-09 04:30:00,1,25.0
ZN-07,Server Room,restricted,4,2026-08-09 04:45:00,1,25.0
ZN-07,Server Room,restricted,4,2026-08-09 05:00:00,0,0.0
ZN-07,Server Room,restricted,4,2026-08-09 05:15:00,1,25.0
ZN-07,Server Room,restricted,4,2026-08-09 05:30:00,0,0.0
ZN-07,Server Room,restricted,4,2026-08-09 05:45:00,1,25.0
ZN-07,Server Room,restricted,4,2026-08-09 06:00:00,0,0.0
ZN-07,Server Room,restricted,4,2026-08-09 06:15:00,0,0.0
ZN-07,Server Room,restricted,4,2026-08-09 06:30:00,0,0.0
ZN-07,Server Room,restricted,4,2026-08-09 06:45:00,1,25.0
ZN-07,Server Room,restricted,4,2026-08-09 07:00:00,2,50.0
ZN-07,Server Room,restricted,4,2026-08-09 07:15:00,0,0.0
ZN-07,Server Room,restricted,4,2026-08-09 07:30:00,0,0.0
ZN-07,Server Room,restricted,4,2026-08-09 07:45:00,0,0.0
ZN-07,Server Room,restricted,4,2026-08-09 08:00:00,0,0.0
ZN-07,Server Room,restricted,4,2026-08-09 08:15:00,0,0.0
ZN-07,Server Room,restricted,4,2026-08-09 08:30:00,0,0.0
ZN-07,Server Room,restricted,4,2026-08-09 08:45:00,0,0.0
ZN-07,Server Room,restricted,4,2026-08-09 09:00:00,0,0.0
ZN-07,Server Room,restricted,4,2026-08-09 09:15:00,0,0.0
ZN-07,Server Room,restricted,4,2026-08-09 09:30:00,0,0.0
ZN-07,Server Room,restricted,4,2026-08-09 09:45:00,0,0.0
ZN-07,Server Room,restricted,4,2026-08-09 10:00:00,1,25.0
ZN-07,Server Room,restricted,4,2026-08-09 10:15:00,1,25.0
ZN-07,Server Room,restricted,4,2026-08-09 10:30:00,1,25.0
ZN-07,Server Room,restricted,4,2026-08-09 10:45:00,0,0.0
ZN-07,Server Room,restricted,4,2026-08-09 11:00:00,1,25.0
ZN-07,Server Room,restricted,4,2026-08-09 11:15:00,3,75.0
ZN-07,Server Room,restricted,4,2026-08-09 11:30:00,0,0.0
ZN-07,Server Room,restricted,4,2026-08-09 11:45:00,0,0.0
ZN-07,Server Room,restricted,4,2026-08-09 12:00:00,0,0.0
ZN-07,Server Room,restricted,4,2026-08-09 12:15:00,1,25.0
ZN-07,Server Room,restricted,4,2026-08-09 12:30:00,1,25.0
ZN-07,Server Room,restricted,4,2026-08-09 12:45:00,0,0.0
ZN-07,Server Room,restricted,4,2026-08-09 13:00:00,0,0.0
ZN-07,Server Room,restricted,4,2026-08-09 13:15:00,0,0.0
ZN-07,Server Room,restricted,4,2026-08-09 13:30:00,1,25.0
ZN-07,Server Room,restricted,4,2026-08-09 13:45:00,1,25.0
ZN-07,Server Room,restricted,4,2026-08-09 14:00:00,2,50.0
ZN-07,Server Room,restricted,4,2026-08-09 14:15:00,1,25.0
ZN-07,Server Room,restricted,4,2026-08-09 14:30:00,0,0.0
ZN-07,Server Room,restricted,4,2026-08-09 14:45:00,2,50.0
ZN-07,Server Room,restricted,4,2026-08-09 15:00:00,0,0.0
ZN-07,Server Room,restricted,4,2026-08-09 15:15:00,0,0.0
ZN-07,Server Room,restricted,4,2026-08-09 15:30:00,1,25.0
ZN-07,Server Room,restricted,4,2026-08-09 15:45:00,1,25.0
ZN-07,Server Room,restricted,4,2026-08-09 16:00:00,0,0.0
ZN-07,Server Room,restricted,4,2026-08-09 16:15:00,2,50.0
ZN-07,Server Room,restricted,4,2026-08-09 16:30:00,1,25.0
ZN-07,Server Room,restricted,4,2026-08-09 16:45:00,0,0.0
ZN-07,Server Room,restricted,4,2026-08-09 17:00:00,0,0.0
ZN-07,Server Room,restricted,4,2026-08-09 17:15:00,0,0.0
ZN-07,Server Room,restricted,4,2026-08-09 17:30:00,2,50.0
ZN-07,Server Room,restricted,4,2026-08-09 17:45:00,0,0.0
ZN-07,Server Room,restricted,4,2026-08-09 18:00:00,1,25.0
ZN-07,Server Room,restricted,4,2026-08-09 18:15:00,1,25.0
ZN-07,Server Room,restricted,4,2026-08-09 18:30:00,0,0.0
ZN-07,Server Room,restricted,4,2026-08-09 18:45:00,0,0.0
ZN-07,Server Room,restricted,4,2026-08-09 19:00:00,0,0.0
ZN-07,Server Room,restricted,4,2026-08-09 19:15:00,0,0.0
ZN-07,Server Room,restricted,4,2026-08-09 19:30:00,0,0.0
ZN-07,Server Room,restricted,4,2026-08-09 19:45:00,1,25.0
ZN-07,Server Room,restricted,4,2026-08-09 20:00:00,1,25.0
ZN-07,Server Room,restricted,4,2026-08-09 20:15:00,0,0.0
ZN-07,Server Room,restricted,4,2026-08-09 20:30:00,0,0.0
ZN-07,Server Room,restricted,4,2026-08-09 20:45:00,0,0.0
ZN-07,Server Room,restricted,4,2026-08-09 21:00:00,0,0.0
ZN-07,Server Room,restricted,4,2026-08-09 21:15:00,0,0.0
ZN-07,Server Room,restricted,4,2026-08-09 21:30:00,0,0.0
ZN-07,Server Room,restricted,4,2026-08-09 21:45:00,1,25.0
ZN-07,Server Room,restricted,4,2026-08-09 22:00:00,0,0.0
ZN-07,Server Room,restricted,4,2026-08-09 22:15:00,0,0.0
ZN-07,Server Room,restricted,4,2026-08-09 22:30:00,0,0.0
ZN-07,Server Room,restricted,4,2026-08-09 22:45:00,0,0.0
ZN-07,Server Room,restricted,4,2026-08-09 23:00:00,2,50.0
ZN-07,Server Room,restricted,4,2026-08-09 23:15:00,0,0.0
ZN-07,Server Room,restricted,4,2026-08-09 23:30:00,0,0.0
ZN-07,Server Room,restricted,4,2026-08-09 23:45:00,0,0.0
ZN-07,Server Room,restricted,4,2026-08-10 00:00:00,0,0.0
ZN-07,Server Room,restricted,4,2026-08-10 00:15:00,0,0.0
ZN-07,Server Room,restricted,4,2026-08-10 00:30:00,0,0.0
ZN-07,Server Room,restricted,4,2026-08-10 00:45:00,0,0.0
ZN-07,Server Room,restricted,4,2026-08-10 01:00:00,1,25.0
ZN-07,Server Room,restricted,4,2026-08-10 01:15:00,1,25.0
ZN-07,Server Room,restricted,4,2026-08-10 01:30:00,0,0.0
ZN-07,Server Room,restricted,4,2026-08-10 01:45:00,1,25.0
ZN-07,Server Room,restricted,4,2026-08-10 02:00:00,0,0.0
ZN-07,Server Room,restricted,4,2026-08-10 02:15:00,0,0.0
ZN-07,Server Room,restricted,4,2026-08-10 02:30:00,0,0.0
ZN-07,Server Room,restricted,4,2026-08-10 02:45:00,2,50.0
ZN-07,Server Room,restricted,4,2026-08-10 03:00:00,1,25.0
ZN-07,Server Room,restricted,4,2026-08-10 03:15:00,0,0.0
ZN-07,Server Room,restricted,4,2026-08-10 03:30:00,0,0.0
ZN-07,Server Room,restricted,4,2026-08-10 03:45:00,1,25.0
ZN-07,Server Room,restricted,4,2026-08-10 04:00:00,0,0.0
ZN-07,Server Room,restricted,4,2026-08-10 04:15:00,0,0.0
ZN-07,Server Room,restricted,4,2026-08-10 04:30:00,0,0.0
ZN-07,Server Room,restricted,4,2026-08-10 04:45:00,2,50.0
ZN-07,Server Room,restricted,4,2026-08-10 05:00:00,0,0.0
ZN-07,Server Room,restricted,4,2026-08-10 05:15:00,0,0.0
ZN-07,Server Room,restricted,4,2026-08-10 05:30:00,2,50.0
ZN-07,Server Room,restricted,4,2026-08-10 05:45:00,1,25.0
ZN-07,Server Room,restricted,4,2026-08-10 06:00:00,1,25.0
ZN-07,Server Room,restricted,4,2026-08-10 06:15:00,3,75.0
ZN-07,Server Room,restricted,4,2026-08-10 06:30:00,4,100.0
ZN-07,Server Room,restricted,4,2026-08-10 06:45:00,4,100.0
ZN-07,Server Room,restricted,4,2026-08-10 07:00:00,3,75.0
ZN-07,Server Room,restricted,4,2026-08-10 07:15:00,3,75.0
ZN-07,Server Room,restricted,4,2026-08-10 07:30:00,4,100.0
ZN-07,Server Room,restricted,4,2026-08-10 07:45:00,3,75.0
ZN-07,Server Room,restricted,4,2026-08-10 08:00:00,4,100.0
ZN-07,Server Room,restricted,4,2026-08-10 08:15:00,2,50.0
ZN-07,Server Room,restricted,4,2026-08-10 08:30:00,4,100.0
ZN-07,Server Room,restricted,4,2026-08-10 08:45:00,4,100.0
ZN-07,Server Room,restricted,4,2026-08-10 09:00:00,3,75.0
ZN-07,Server Room,restricted,4,2026-08-10 09:15:00,4,100.0
ZN-07,Server Room,restricted,4,2026-08-10 09:30:00,3,75.0
ZN-07,Server Room,restricted,4,2026-08-10 09:45:00,4,100.0
ZN-07,Server Room,restricted,4,2026-08-10 10:00:00,2,50.0
ZN-08,Executive Wing,workspace,15,2026-07-20 10:00:00,10,66.7
ZN-08,Executive Wing,workspace,15,2026-07-20 10:15:00,9,60.0
ZN-08,Executive Wing,workspace,15,2026-07-20 10:30:00,6,40.0
ZN-08,Executive Wing,workspace,15,2026-07-20 10:45:00,4,26.7
ZN-08,Executive Wing,workspace,15,2026-07-20 11:00:00,14,93.3
ZN-08,Executive Wing,workspace,15,2026-07-20 11:15:00,12,80.0
ZN-08,Executive Wing,workspace,15,2026-07-20 11:30:00,12,80.0
ZN-08,Executive Wing,workspace,15,2026-07-20 11:45:00,14,93.3
ZN-08,Executive Wing,workspace,15,2026-07-20 12:00:00,9,60.0
ZN-08,Executive Wing,workspace,15,2026-07-20 12:15:00,9,60.0
ZN-08,Executive Wing,workspace,15,2026-07-20 12:30:00,8,53.3
ZN-08,Executive Wing,workspace,15,2026-07-20 12:45:00,8,53.3
ZN-08,Executive Wing,workspace,15,2026-07-20 13:00:00,9,60.0
ZN-08,Executive Wing,workspace,15,2026-07-20 13:15:00,9,60.0
ZN-08,Executive Wing,workspace,15,2026-07-20 13:30:00,8,53.3
ZN-08,Executive Wing,workspace,15,2026-07-20 13:45:00,15,100.0
ZN-08,Executive Wing,workspace,15,2026-07-20 14:00:00,13,86.7
ZN-08,Executive Wing,workspace,15,2026-07-20 14:15:00,15,100.0
ZN-08,Executive Wing,workspace,15,2026-07-20 14:30:00,15,100.0
ZN-08,Executive Wing,workspace,15,2026-07-20 14:45:00,15,100.0
ZN-08,Executive Wing,workspace,15,2026-07-20 15:00:00,11,73.3
ZN-08,Executive Wing,workspace,15,2026-07-20 15:15:00,8,53.3
ZN-08,Executive Wing,workspace,15,2026-07-20 15:30:00,5,33.3
ZN-08,Executive Wing,workspace,15,2026-07-20 15:45:00,7,46.7
ZN-08,Executive Wing,workspace,15,2026-07-20 16:00:00,4,26.7
ZN-08,Executive Wing,workspace,15,2026-07-20 16:15:00,3,20.0
ZN-08,Executive Wing,workspace,15,2026-07-20 16:30:00,0,0.0
ZN-08,Executive Wing,workspace,15,2026-07-20 16:45:00,0,0.0
ZN-08,Executive Wing,workspace,15,2026-07-20 17:00:00,0,0.0
ZN-08,Executive Wing,workspace,15,2026-07-20 17:15:00,0,0.0
ZN-08,Executive Wing,workspace,15,2026-07-20 17:30:00,0,0.0
ZN-08,Executive Wing,workspace,15,2026-07-20 17:45:00,0,0.0
ZN-08,Executive Wing,workspace,15,2026-07-20 18:00:00,1,6.7
ZN-08,Executive Wing,workspace,15,2026-07-20 18:15:00,0,0.0
ZN-08,Executive Wing,workspace,15,2026-07-20 18:30:00,0,0.0
ZN-08,Executive Wing,workspace,15,2026-07-20 18:45:00,0,0.0
ZN-08,Executive Wing,workspace,15,2026-07-20 19:00:00,0,0.0
ZN-08,Executive Wing,workspace,15,2026-07-20 19:15:00,0,0.0
ZN-08,Executive Wing,workspace,15,2026-07-20 19:30:00,0,0.0
ZN-08,Executive Wing,workspace,15,2026-07-20 19:45:00,0,0.0
ZN-08,Executive Wing,workspace,15,2026-07-20 20:00:00,0,0.0
ZN-08,Executive Wing,workspace,15,2026-07-20 20:15:00,0,0.0
ZN-08,Executive Wing,workspace,15,2026-07-20 20:30:00,0,0.0
ZN-08,Executive Wing,workspace,15,2026-07-20 20:45:00,0,0.0
ZN-08,Executive Wing,workspace,15,2026-07-20 21:00:00,1,6.7
ZN-08,Executive Wing,workspace,15,2026-07-20 21:15:00,0,0.0
ZN-08,Executive Wing,workspace,15,2026-07-20 21:30:00,0,0.0
ZN-08,Executive Wing,workspace,15,2026-07-20 21:45:00,0,0.0
ZN-08,Executive Wing,workspace,15,2026-07-20 22:00:00,1,6.7
ZN-08,Executive Wing,workspace,15,2026-07-20 22:15:00,0,0.0
ZN-08,Executive Wing,workspace,15,2026-07-20 22:30:00,1,6.7
ZN-08,Executive Wing,workspace,15,2026-07-20 22:45:00,0,0.0
ZN-08,Executive Wing,workspace,15,2026-07-20 23:00:00,0,0.0
ZN-08,Executive Wing,workspace,15,2026-07-20 23:15:00,0,0.0
ZN-08,Executive Wing,workspace,15,2026-07-20 23:30:00,0,0.0
ZN-08,Executive Wing,workspace,15,2026-07-20 23:45:00,0,0.0
ZN-08,Executive Wing,workspace,15,2026-07-21 00:00:00,0,0.0
ZN-08,Executive Wing,workspace,15,2026-07-21 00:15:00,0,0.0
ZN-08,Executive Wing,workspace,15,2026-07-21 00:30:00,0,0.0
ZN-08,Executive Wing,workspace,15,2026-07-21 00:45:00,0,0.0
ZN-08,Executive Wing,workspace,15,2026-07-21 01:00:00,0,0.0
ZN-08,Executive Wing,workspace,15,2026-07-21 01:15:00,0,0.0
ZN-08,Executive Wing,workspace,15,2026-07-21 01:30:00,0,0.0
ZN-08,Executive Wing,workspace,15,2026-07-21 01:45:00,0,0.0
ZN-08,Executive Wing,workspace,15,2026-07-21 02:00:00,0,0.0
ZN-08,Executive Wing,workspace,15,2026-07-21 02:15:00,0,0.0
ZN-08,Executive Wing,workspace,15,2026-07-21 02:30:00,0,0.0
ZN-08,Executive Wing,workspace,15,2026-07-21 02:45:00,0,0.0
ZN-08,Executive Wing,workspace,15,2026-07-21 03:00:00,0,0.0
ZN-08,Executive Wing,workspace,15,2026-07-21 03:15:00,2,13.3
ZN-08,Executive Wing,workspace,15,2026-07-21 03:30:00,0,0.0
ZN-08,Executive Wing,workspace,15,2026-07-21 03:45:00,0,0.0
ZN-08,Executive Wing,workspace,15,2026-07-21 04:00:00,1,6.7
ZN-08,Executive Wing,workspace,15,2026-07-21 04:15:00,0,0.0
ZN-08,Executive Wing,workspace,15,2026-07-21 04:30:00,1,6.7
ZN-08,Executive Wing,workspace,15,2026-07-21 04:45:00,0,0.0
ZN-08,Executive Wing,workspace,15,2026-07-21 05:00:00,2,13.3
ZN-08,Executive Wing,workspace,15,2026-07-21 05:15:00,0,0.0
ZN-08,Executive Wing,workspace,15,2026-07-21 05:30:00,1,6.7
ZN-08,Executive Wing,workspace,15,2026-07-21 05:45:00,6,40.0
ZN-08,Executive Wing,workspace,15,2026-07-21 06:00:00,14,93.3
ZN-08,Executive Wing,workspace,15,2026-07-21 06:15:00,14,93.3
ZN-08,Executive Wing,workspace,15,2026-07-21 06:30:00,14,93.3
ZN-08,Executive Wing,workspace,15,2026-07-21 06:45:00,14,93.3
ZN-08,Executive Wing,workspace,15,2026-07-21 07:00:00,14,93.3
ZN-08,Executive Wing,workspace,15,2026-07-21 07:15:00,15,100.0
ZN-08,Executive Wing,workspace,15,2026-07-21 07:30:00,15,100.0
ZN-08,Executive Wing,workspace,15,2026-07-21 07:45:00,13,86.7
ZN-08,Executive Wing,workspace,15,2026-07-21 08:00:00,12,80.0
ZN-08,Executive Wing,workspace,15,2026-07-21 08:15:00,14,93.3
ZN-08,Executive Wing,workspace,15,2026-07-21 08:30:00,11,73.3
ZN-08,Executive Wing,workspace,15,2026-07-21 08:45:00,15,100.0
ZN-08,Executive Wing,workspace,15,2026-07-21 09:00:00,13,86.7
ZN-08,Executive Wing,workspace,15,2026-07-21 09:15:00,15,100.0
ZN-08,Executive Wing,workspace,15,2026-07-21 09:30:00,12,80.0
ZN-08,Executive Wing,workspace,15,2026-07-21 09:45:00,12,80.0
ZN-08,Executive Wing,workspace,15,2026-07-21 10:00:00,11,73.3
ZN-08,Executive Wing,workspace,15,2026-07-21 10:15:00,8,53.3
ZN-08,Executive Wing,workspace,15,2026-07-21 10:30:00,4,26.7
ZN-08,Executive Wing,workspace,15,2026-07-21 10:45:00,4,26.7
ZN-08,Executive Wing,workspace,15,2026-07-21 11:00:00,13,86.7
ZN-08,Executive Wing,workspace,15,2026-07-21 11:15:00,12,80.0
ZN-08,Executive Wing,workspace,15,2026-07-21 11:30:00,14,93.3
ZN-08,Executive Wing,workspace,15,2026-07-21 11:45:00,13,86.7
ZN-08,Executive Wing,workspace,15,2026-07-21 12:00:00,8,53.3
ZN-08,Executive Wing,workspace,15,2026-07-21 12:15:00,9,60.0
ZN-08,Executive Wing,workspace,15,2026-07-21 12:30:00,9,60.0
ZN-08,Executive Wing,workspace,15,2026-07-21 12:45:00,8,53.3
ZN-08,Executive Wing,workspace,15,2026-07-21 13:00:00,9,60.0
ZN-08,Executive Wing,workspace,15,2026-07-21 13:15:00,8,53.3
ZN-08,Executive Wing,workspace,15,2026-07-21 13:30:00,9,60.0
ZN-08,Executive Wing,workspace,15,2026-07-21 13:45:00,15,100.0
ZN-08,Executive Wing,workspace,15,2026-07-21 14:00:00,15,100.0
ZN-08,Executive Wing,workspace,15,2026-07-21 14:15:00,14,93.3
ZN-08,Executive Wing,workspace,15,2026-07-21 14:30:00,15,100.0
ZN-08,Executive Wing,workspace,15,2026-07-21 14:45:00,14,93.3
ZN-08,Executive Wing,workspace,15,2026-07-21 15:00:00,13,86.7
ZN-08,Executive Wing,workspace,15,2026-07-21 15:15:00,8,53.3
ZN-08,Executive Wing,workspace,15,2026-07-21 15:30:00,5,33.3
ZN-08,Executive Wing,workspace,15,2026-07-21 15:45:00,5,33.3
ZN-08,Executive Wing,workspace,15,2026-07-21 16:00:00,4,26.7
ZN-08,Executive Wing,workspace,15,2026-07-21 16:15:00,1,6.7
ZN-08,Executive Wing,workspace,15,2026-07-21 16:30:00,1,6.7
ZN-08,Executive Wing,workspace,15,2026-07-21 16:45:00,1,6.7
ZN-08,Executive Wing,workspace,15,2026-07-21 17:00:00,0,0.0
ZN-08,Executive Wing,workspace,15,2026-07-21 17:15:00,2,13.3
ZN-08,Executive Wing,workspace,15,2026-07-21 17:30:00,0,0.0
ZN-08,Executive Wing,workspace,15,2026-07-21 17:45:00,0,0.0
ZN-08,Executive Wing,workspace,15,2026-07-21 18:00:00,1,6.7
ZN-08,Executive Wing,workspace,15,2026-07-21 18:15:00,0,0.0
ZN-08,Executive Wing,workspace,15,2026-07-21 18:30:00,0,0.0
ZN-08,Executive Wing,workspace,15,2026-07-21 18:45:00,0,0.0
ZN-08,Executive Wing,workspace,15,2026-07-21 19:00:00,1,6.7
ZN-08,Executive Wing,workspace,15,2026-07-21 19:15:00,0,0.0
ZN-08,Executive Wing,workspace,15,2026-07-21 19:30:00,0,0.0
ZN-08,Executive Wing,workspace,15,2026-07-21 19:45:00,0,0.0
ZN-08,Executive Wing,workspace,15,2026-07-21 20:00:00,0,0.0
ZN-08,Executive Wing,workspace,15,2026-07-21 20:15:00,0,0.0
ZN-08,Executive Wing,workspace,15,2026-07-21 20:30:00,0,0.0
ZN-08,Executive Wing,workspace,15,2026-07-21 20:45:00,1,6.7
ZN-08,Executive Wing,workspace,15,2026-07-21 21:00:00,0,0.0
ZN-08,Executive Wing,workspace,15,2026-07-21 21:15:00,1,6.7
ZN-08,Executive Wing,workspace,15,2026-07-21 21:30:00,0,0.0
ZN-08,Executive Wing,workspace,15,2026-07-21 21:45:00,0,0.0
ZN-08,Executive Wing,workspace,15,2026-07-21 22:00:00,0,0.0
ZN-08,Executive Wing,workspace,15,2026-07-21 22:15:00,0,0.0
ZN-08,Executive Wing,workspace,15,2026-07-21 22:30:00,1,6.7
ZN-08,Executive Wing,workspace,15,2026-07-21 22:45:00,0,0.0
ZN-08,Executive Wing,workspace,15,2026-07-21 23:00:00,0,0.0
ZN-08,Executive Wing,workspace,15,2026-07-21 23:15:00,0,0.0
ZN-08,Executive Wing,workspace,15,2026-07-21 23:30:00,0,0.0
ZN-08,Executive Wing,workspace,15,2026-07-21 23:45:00,0,0.0
ZN-08,Executive Wing,workspace,15,2026-07-22 00:00:00,1,6.7
ZN-08,Executive Wing,workspace,15,2026-07-22 00:15:00,0,0.0
ZN-08,Executive Wing,workspace,15,2026-07-22 00:30:00,0,0.0
ZN-08,Executive Wing,workspace,15,2026-07-22 00:45:00,0,0.0
ZN-08,Executive Wing,workspace,15,2026-07-22 01:00:00,0,0.0
ZN-08,Executive Wing,workspace,15,2026-07-22 01:15:00,0,0.0
ZN-08,Executive Wing,workspace,15,2026-07-22 01:30:00,1,6.7
ZN-08,Executive Wing,workspace,15,2026-07-22 01:45:00,0,0.0
ZN-08,Executive Wing,workspace,15,2026-07-22 02:00:00,0,0.0
ZN-08,Executive Wing,workspace,15,2026-07-22 02:15:00,1,6.7
ZN-08,Executive Wing,workspace,15,2026-07-22 02:30:00,0,0.0
ZN-08,Executive Wing,workspace,15,2026-07-22 02:45:00,0,0.0
ZN-08,Executive Wing,workspace,15,2026-07-22 03:00:00,0,0.0
ZN-08,Executive Wing,workspace,15,2026-07-22 03:15:00,0,0.0
ZN-08,Executive Wing,workspace,15,2026-07-22 03:30:00,0,0.0
ZN-08,Executive Wing,workspace,15,2026-07-22 03:45:00,1,6.7
ZN-08,Executive Wing,workspace,15,2026-07-22 04:00:00,1,6.7
ZN-08,Executive Wing,workspace,15,2026-07-22 04:15:00,0,0.0
ZN-08,Executive Wing,workspace,15,2026-07-22 04:30:00,0,0.0
ZN-08,Executive Wing,workspace,15,2026-07-22 04:45:00,0,0.0
ZN-08,Executive Wing,workspace,15,2026-07-22 05:00:00,0,0.0
ZN-08,Executive Wing,workspace,15,2026-07-22 05:15:00,0,0.0
ZN-08,Executive Wing,workspace,15,2026-07-22 05:30:00,1,6.7
ZN-08,Executive Wing,workspace,15,2026-07-22 05:45:00,6,40.0
ZN-08,Executive Wing,workspace,15,2026-07-22 06:00:00,11,73.3
ZN-08,Executive Wing,workspace,15,2026-07-22 06:15:00,14,93.3
ZN-08,Executive Wing,workspace,15,2026-07-22 06:30:00,14,93.3
ZN-08,Executive Wing,workspace,15,2026-07-22 06:45:00,14,93.3
ZN-08,Executive Wing,workspace,15,2026-07-22 07:00:00,14,93.3
ZN-08,Executive Wing,workspace,15,2026-07-22 07:15:00,15,100.0
ZN-08,Executive Wing,workspace,15,2026-07-22 07:30:00,15,100.0
ZN-08,Executive Wing,workspace,15,2026-07-22 07:45:00,13,86.7
ZN-08,Executive Wing,workspace,15,2026-07-22 08:00:00,13,86.7
ZN-08,Executive Wing,workspace,15,2026-07-22 08:15:00,12,80.0
ZN-08,Executive Wing,workspace,15,2026-07-22 08:30:00,13,86.7
ZN-08,Executive Wing,workspace,15,2026-07-22 08:45:00,12,80.0
ZN-08,Executive Wing,workspace,15,2026-07-22 09:00:00,12,80.0
ZN-08,Executive Wing,workspace,15,2026-07-22 09:15:00,13,86.7
ZN-08,Executive Wing,workspace,15,2026-07-22 09:30:00,12,80.0
ZN-08,Executive Wing,workspace,15,2026-07-22 09:45:00,12,80.0
ZN-08,Executive Wing,workspace,15,2026-07-22 10:00:00,11,73.3
ZN-08,Executive Wing,workspace,15,2026-07-22 10:15:00,8,53.3
ZN-08,Executive Wing,workspace,15,2026-07-22 10:30:00,3,20.0
ZN-08,Executive Wing,workspace,15,2026-07-22 10:45:00,5,33.3
ZN-08,Executive Wing,workspace,15,2026-07-22 11:00:00,14,93.3
ZN-08,Executive Wing,workspace,15,2026-07-22 11:15:00,12,80.0
ZN-08,Executive Wing,workspace,15,2026-07-22 11:30:00,13,86.7
ZN-08,Executive Wing,workspace,15,2026-07-22 11:45:00,13,86.7
ZN-08,Executive Wing,workspace,15,2026-07-22 12:00:00,8,53.3
ZN-08,Executive Wing,workspace,15,2026-07-22 12:15:00,9,60.0
ZN-08,Executive Wing,workspace,15,2026-07-22 12:30:00,9,60.0
ZN-08,Executive Wing,workspace,15,2026-07-22 12:45:00,9,60.0
ZN-08,Executive Wing,workspace,15,2026-07-22 13:00:00,8,53.3
ZN-08,Executive Wing,workspace,15,2026-07-22 13:15:00,10,66.7
ZN-08,Executive Wing,workspace,15,2026-07-22 13:30:00,10,66.7
ZN-08,Executive Wing,workspace,15,2026-07-22 13:45:00,12,80.0
ZN-08,Executive Wing,workspace,15,2026-07-22 14:00:00,15,100.0
ZN-08,Executive Wing,workspace,15,2026-07-22 14:15:00,15,100.0
ZN-08,Executive Wing,workspace,15,2026-07-22 14:30:00,15,100.0
ZN-08,Executive Wing,workspace,15,2026-07-22 14:45:00,15,100.0
ZN-08,Executive Wing,workspace,15,2026-07-22 15:00:00,13,86.7
ZN-08,Executive Wing,workspace,15,2026-07-22 15:15:00,6,40.0
ZN-08,Executive Wing,workspace,15,2026-07-22 15:30:00,5,33.3
ZN-08,Executive Wing,workspace,15,2026-07-22 15:45:00,4,26.7
ZN-08,Executive Wing,workspace,15,2026-07-22 16:00:00,4,26.7
ZN-08,Executive Wing,workspace,15,2026-07-22 16:15:00,1,6.7
ZN-08,Executive Wing,workspace,15,2026-07-22 16:30:00,0,0.0
ZN-08,Executive Wing,workspace,15,2026-07-22 16:45:00,0,0.0
ZN-08,Executive Wing,workspace,15,2026-07-22 17:00:00,0,0.0
ZN-08,Executive Wing,workspace,15,2026-07-22 17:15:00,0,0.0
ZN-08,Executive Wing,workspace,15,2026-07-22 17:30:00,0,0.0
ZN-08,Executive Wing,workspace,15,2026-07-22 17:45:00,1,6.7
ZN-08,Executive Wing,workspace,15,2026-07-22 18:00:00,0,0.0
ZN-08,Executive Wing,workspace,15,2026-07-22 18:15:00,1,6.7
ZN-08,Executive Wing,workspace,15,2026-07-22 18:30:00,0,0.0
ZN-08,Executive Wing,workspace,15,2026-07-22 18:45:00,1,6.7
ZN-08,Executive Wing,workspace,15,2026-07-22 19:00:00,0,0.0
ZN-08,Executive Wing,workspace,15,2026-07-22 19:15:00,0,0.0
ZN-08,Executive Wing,workspace,15,2026-07-22 19:30:00,0,0.0
ZN-08,Executive Wing,workspace,15,2026-07-22 19:45:00,1,6.7
ZN-08,Executive Wing,workspace,15,2026-07-22 20:00:00,0,0.0
ZN-08,Executive Wing,workspace,15,2026-07-22 20:15:00,0,0.0
ZN-08,Executive Wing,workspace,15,2026-07-22 20:30:00,0,0.0
ZN-08,Executive Wing,workspace,15,2026-07-22 20:45:00,0,0.0
ZN-08,Executive Wing,workspace,15,2026-07-22 21:00:00,1,6.7
ZN-08,Executive Wing,workspace,15,2026-07-22 21:15:00,0,0.0
ZN-08,Executive Wing,workspace,15,2026-07-22 21:30:00,0,0.0
ZN-08,Executive Wing,workspace,15,2026-07-22 21:45:00,0,0.0
ZN-08,Executive Wing,workspace,15,2026-07-22 22:00:00,1,6.7
ZN-08,Executive Wing,workspace,15,2026-07-22 22:15:00,0,0.0
ZN-08,Executive Wing,workspace,15,2026-07-22 22:30:00,0,0.0
ZN-08,Executive Wing,workspace,15,2026-07-22 22:45:00,1,6.7
ZN-08,Executive Wing,workspace,15,2026-07-22 23:00:00,0,0.0
ZN-08,Executive Wing,workspace,15,2026-07-22 23:15:00,0,0.0
ZN-08,Executive Wing,workspace,15,2026-07-22 23:30:00,0,0.0
ZN-08,Executive Wing,workspace,15,2026-07-22 23:45:00,0,0.0
ZN-08,Executive Wing,workspace,15,2026-07-23 00:00:00,0,0.0
ZN-08,Executive Wing,workspace,15,2026-07-23 00:15:00,0,0.0
ZN-08,Executive Wing,workspace,15,2026-07-23 00:30:00,0,0.0
ZN-08,Executive Wing,workspace,15,2026-07-23 00:45:00,1,6.7
ZN-08,Executive Wing,workspace,15,2026-07-23 01:00:00,0,0.0
ZN-08,Executive Wing,workspace,15,2026-07-23 01:15:00,0,0.0
ZN-08,Executive Wing,workspace,15,2026-07-23 01:30:00,0,0.0
ZN-08,Executive Wing,workspace,15,2026-07-23 01:45:00,0,0.0
ZN-08,Executive Wing,workspace,15,2026-07-23 02:00:00,1,6.7
ZN-08,Executive Wing,workspace,15,2026-07-23 02:15:00,0,0.0
ZN-08,Executive Wing,workspace,15,2026-07-23 02:30:00,1,6.7
ZN-08,Executive Wing,workspace,15,2026-07-23 02:45:00,0,0.0
ZN-08,Executive Wing,workspace,15,2026-07-23 03:00:00,1,6.7
ZN-08,Executive Wing,workspace,15,2026-07-23 03:15:00,0,0.0
ZN-08,Executive Wing,workspace,15,2026-07-23 03:30:00,0,0.0
ZN-08,Executive Wing,workspace,15,2026-07-23 03:45:00,0,0.0
ZN-08,Executive Wing,workspace,15,2026-07-23 04:00:00,1,6.7
ZN-08,Executive Wing,workspace,15,2026-07-23 04:15:00,0,0.0
ZN-08,Executive Wing,workspace,15,2026-07-23 04:30:00,0,0.0
ZN-08,Executive Wing,workspace,15,2026-07-23 04:45:00,1,6.7
ZN-08,Executive Wing,workspace,15,2026-07-23 05:00:00,0,0.0
ZN-08,Executive Wing,workspace,15,2026-07-23 05:15:00,0,0.0
ZN-08,Executive Wing,workspace,15,2026-07-23 05:30:00,3,20.0
ZN-08,Executive Wing,workspace,15,2026-07-23 05:45:00,5,33.3
ZN-08,Executive Wing,workspace,15,2026-07-23 06:00:00,13,86.7
ZN-08,Executive Wing,workspace,15,2026-07-23 06:15:00,13,86.7
ZN-08,Executive Wing,workspace,15,2026-07-23 06:30:00,15,100.0
ZN-08,Executive Wing,workspace,15,2026-07-23 06:45:00,15,100.0
ZN-08,Executive Wing,workspace,15,2026-07-23 07:00:00,15,100.0
ZN-08,Executive Wing,workspace,15,2026-07-23 07:15:00,14,93.3
ZN-08,Executive Wing,workspace,15,2026-07-23 07:30:00,15,100.0
ZN-08,Executive Wing,workspace,15,2026-07-23 07:45:00,13,86.7
ZN-08,Executive Wing,workspace,15,2026-07-23 08:00:00,15,100.0
ZN-08,Executive Wing,workspace,15,2026-07-23 08:15:00,13,86.7
ZN-08,Executive Wing,workspace,15,2026-07-23 08:30:00,12,80.0
ZN-08,Executive Wing,workspace,15,2026-07-23 08:45:00,13,86.7
ZN-08,Executive Wing,workspace,15,2026-07-23 09:00:00,13,86.7
ZN-08,Executive Wing,workspace,15,2026-07-23 09:15:00,14,93.3
ZN-08,Executive Wing,workspace,15,2026-07-23 09:30:00,14,93.3
ZN-08,Executive Wing,workspace,15,2026-07-23 09:45:00,11,73.3
ZN-08,Executive Wing,workspace,15,2026-07-23 10:00:00,11,73.3
ZN-08,Executive Wing,workspace,15,2026-07-23 10:15:00,7,46.7
ZN-08,Executive Wing,workspace,15,2026-07-23 10:30:00,3,20.0
ZN-08,Executive Wing,workspace,15,2026-07-23 10:45:00,5,33.3
ZN-08,Executive Wing,workspace,15,2026-07-23 11:00:00,11,73.3
ZN-08,Executive Wing,workspace,15,2026-07-23 11:15:00,12,80.0
ZN-08,Executive Wing,workspace,15,2026-07-23 11:30:00,13,86.7
ZN-08,Executive Wing,workspace,15,2026-07-23 11:45:00,12,80.0
ZN-08,Executive Wing,workspace,15,2026-07-23 12:00:00,8,53.3
ZN-08,Executive Wing,workspace,15,2026-07-23 12:15:00,9,60.0
ZN-08,Executive Wing,workspace,15,2026-07-23 12:30:00,9,60.0
ZN-08,Executive Wing,workspace,15,2026-07-23 12:45:00,10,66.7
ZN-08,Executive Wing,workspace,15,2026-07-23 13:00:00,9,60.0
ZN-08,Executive Wing,workspace,15,2026-07-23 13:15:00,9,60.0
ZN-08,Executive Wing,workspace,15,2026-07-23 13:30:00,9,60.0
ZN-08,Executive Wing,workspace,15,2026-07-23 13:45:00,14,93.3
ZN-08,Executive Wing,workspace,15,2026-07-23 14:00:00,15,100.0
ZN-08,Executive Wing,workspace,15,2026-07-23 14:15:00,15,100.0
ZN-08,Executive Wing,workspace,15,2026-07-23 14:30:00,15,100.0
ZN-08,Executive Wing,workspace,15,2026-07-23 14:45:00,13,86.7
ZN-08,Executive Wing,workspace,15,2026-07-23 15:00:00,12,80.0
ZN-08,Executive Wing,workspace,15,2026-07-23 15:15:00,6,40.0
ZN-08,Executive Wing,workspace,15,2026-07-23 15:30:00,5,33.3
ZN-08,Executive Wing,workspace,15,2026-07-23 15:45:00,6,40.0
ZN-08,Executive Wing,workspace,15,2026-07-23 16:00:00,3,20.0
ZN-08,Executive Wing,workspace,15,2026-07-23 16:15:00,3,20.0
ZN-08,Executive Wing,workspace,15,2026-07-23 16:30:00,0,0.0
ZN-08,Executive Wing,workspace,15,2026-07-23 16:45:00,3,20.0
ZN-08,Executive Wing,workspace,15,2026-07-23 17:00:00,0,0.0
ZN-08,Executive Wing,workspace,15,2026-07-23 17:15:00,0,0.0
ZN-08,Executive Wing,workspace,15,2026-07-23 17:30:00,0,0.0
ZN-08,Executive Wing,workspace,15,2026-07-23 17:45:00,0,0.0
ZN-08,Executive Wing,workspace,15,2026-07-23 18:00:00,1,6.7
ZN-08,Executive Wing,workspace,15,2026-07-23 18:15:00,0,0.0
ZN-08,Executive Wing,workspace,15,2026-07-23 18:30:00,0,0.0
ZN-08,Executive Wing,workspace,15,2026-07-23 18:45:00,0,0.0
ZN-08,Executive Wing,workspace,15,2026-07-23 19:00:00,0,0.0
ZN-08,Executive Wing,workspace,15,2026-07-23 19:15:00,1,6.7
ZN-08,Executive Wing,workspace,15,2026-07-23 19:30:00,0,0.0
ZN-08,Executive Wing,workspace,15,2026-07-23 19:45:00,0,0.0
ZN-08,Executive Wing,workspace,15,2026-07-23 20:00:00,0,0.0
ZN-08,Executive Wing,workspace,15,2026-07-23 20:15:00,0,0.0
ZN-08,Executive Wing,workspace,15,2026-07-23 20:30:00,1,6.7
ZN-08,Executive Wing,workspace,15,2026-07-23 20:45:00,0,0.0
ZN-08,Executive Wing,workspace,15,2026-07-23 21:00:00,1,6.7
ZN-08,Executive Wing,workspace,15,2026-07-23 21:15:00,0,0.0
ZN-08,Executive Wing,workspace,15,2026-07-23 21:30:00,0,0.0
ZN-08,Executive Wing,workspace,15,2026-07-23 21:45:00,1,6.7
ZN-08,Executive Wing,workspace,15,2026-07-23 22:00:00,0,0.0
ZN-08,Executive Wing,workspace,15,2026-07-23 22:15:00,1,6.7
ZN-08,Executive Wing,workspace,15,2026-07-23 22:30:00,0,0.0
ZN-08,Executive Wing,workspace,15,2026-07-23 22:45:00,0,0.0
ZN-08,Executive Wing,workspace,15,2026-07-23 23:00:00,1,6.7
ZN-08,Executive Wing,workspace,15,2026-07-23 23:15:00,0,0.0
ZN-08,Executive Wing,workspace,15,2026-07-23 23:30:00,0,0.0
ZN-08,Executive Wing,workspace,15,2026-07-23 23:45:00,0,0.0
ZN-08,Executive Wing,workspace,15,2026-07-24 00:00:00,1,6.7
ZN-08,Executive Wing,workspace,15,2026-07-24 00:15:00,1,6.7
ZN-08,Executive Wing,workspace,15,2026-07-24 00:30:00,0,0.0
ZN-08,Executive Wing,workspace,15,2026-07-24 00:45:00,1,6.7
ZN-08,Executive Wing,workspace,15,2026-07-24 01:00:00,0,0.0
ZN-08,Executive Wing,workspace,15,2026-07-24 01:15:00,1,6.7
ZN-08,Executive Wing,workspace,15,2026-07-24 01:30:00,1,6.7
ZN-08,Executive Wing,workspace,15,2026-07-24 01:45:00,0,0.0
ZN-08,Executive Wing,workspace,15,2026-07-24 02:00:00,1,6.7
ZN-08,Executive Wing,workspace,15,2026-07-24 02:15:00,0,0.0
ZN-08,Executive Wing,workspace,15,2026-07-24 02:30:00,0,0.0
ZN-08,Executive Wing,workspace,15,2026-07-24 02:45:00,0,0.0
ZN-08,Executive Wing,workspace,15,2026-07-24 03:00:00,0,0.0
ZN-08,Executive Wing,workspace,15,2026-07-24 03:15:00,1,6.7
ZN-08,Executive Wing,workspace,15,2026-07-24 03:30:00,0,0.0
ZN-08,Executive Wing,workspace,15,2026-07-24 03:45:00,0,0.0
ZN-08,Executive Wing,workspace,15,2026-07-24 04:00:00,0,0.0
ZN-08,Executive Wing,workspace,15,2026-07-24 04:15:00,1,6.7
ZN-08,Executive Wing,workspace,15,2026-07-24 04:30:00,0,0.0
ZN-08,Executive Wing,workspace,15,2026-07-24 04:45:00,0,0.0
ZN-08,Executive Wing,workspace,15,2026-07-24 05:00:00,0,0.0
ZN-08,Executive Wing,workspace,15,2026-07-24 05:15:00,1,6.7
ZN-08,Executive Wing,workspace,15,2026-07-24 05:30:00,0,0.0
ZN-08,Executive Wing,workspace,15,2026-07-24 05:45:00,7,46.7
ZN-08,Executive Wing,workspace,15,2026-07-24 06:00:00,13,86.7
ZN-08,Executive Wing,workspace,15,2026-07-24 06:15:00,14,93.3
ZN-08,Executive Wing,workspace,15,2026-07-24 06:30:00,15,100.0
ZN-08,Executive Wing,workspace,15,2026-07-24 06:45:00,15,100.0
ZN-08,Executive Wing,workspace,15,2026-07-24 07:00:00,15,100.0
ZN-08,Executive Wing,workspace,15,2026-07-24 07:15:00,15,100.0
ZN-08,Executive Wing,workspace,15,2026-07-24 07:30:00,14,93.3
ZN-08,Executive Wing,workspace,15,2026-07-24 07:45:00,14,93.3
ZN-08,Executive Wing,workspace,15,2026-07-24 08:00:00,14,93.3
ZN-08,Executive Wing,workspace,15,2026-07-24 08:15:00,13,86.7
ZN-08,Executive Wing,workspace,15,2026-07-24 08:30:00,14,93.3
ZN-08,Executive Wing,workspace,15,2026-07-24 08:45:00,13,86.7
ZN-08,Executive Wing,workspace,15,2026-07-24 09:00:00,14,93.3
ZN-08,Executive Wing,workspace,15,2026-07-24 09:15:00,12,80.0
ZN-08,Executive Wing,workspace,15,2026-07-24 09:30:00,15,100.0
ZN-08,Executive Wing,workspace,15,2026-07-24 09:45:00,11,73.3
ZN-08,Executive Wing,workspace,15,2026-07-24 10:00:00,10,66.7
ZN-08,Executive Wing,workspace,15,2026-07-24 10:15:00,7,46.7
ZN-08,Executive Wing,workspace,15,2026-07-24 10:30:00,3,20.0
ZN-08,Executive Wing,workspace,15,2026-07-24 10:45:00,3,20.0
ZN-08,Executive Wing,workspace,15,2026-07-24 11:00:00,13,86.7
ZN-08,Executive Wing,workspace,15,2026-07-24 11:15:00,11,73.3
ZN-08,Executive Wing,workspace,15,2026-07-24 11:30:00,12,80.0
ZN-08,Executive Wing,workspace,15,2026-07-24 11:45:00,13,86.7
ZN-08,Executive Wing,workspace,15,2026-07-24 12:00:00,8,53.3
ZN-08,Executive Wing,workspace,15,2026-07-24 12:15:00,8,53.3
ZN-08,Executive Wing,workspace,15,2026-07-24 12:30:00,8,53.3
ZN-08,Executive Wing,workspace,15,2026-07-24 12:45:00,9,60.0
ZN-08,Executive Wing,workspace,15,2026-07-24 13:00:00,9,60.0
ZN-08,Executive Wing,workspace,15,2026-07-24 13:15:00,10,66.7
ZN-08,Executive Wing,workspace,15,2026-07-24 13:30:00,9,60.0
ZN-08,Executive Wing,workspace,15,2026-07-24 13:45:00,15,100.0
ZN-08,Executive Wing,workspace,15,2026-07-24 14:00:00,15,100.0
ZN-08,Executive Wing,workspace,15,2026-07-24 14:15:00,15,100.0
ZN-08,Executive Wing,workspace,15,2026-07-24 14:30:00,15,100.0
ZN-08,Executive Wing,workspace,15,2026-07-24 14:45:00,12,80.0
ZN-08,Executive Wing,workspace,15,2026-07-24 15:00:00,10,66.7
ZN-08,Executive Wing,workspace,15,2026-07-24 15:15:00,5,33.3
ZN-08,Executive Wing,workspace,15,2026-07-24 15:30:00,6,40.0
ZN-08,Executive Wing,workspace,15,2026-07-24 15:45:00,4,26.7
ZN-08,Executive Wing,workspace,15,2026-07-24 16:00:00,3,20.0
ZN-08,Executive Wing,workspace,15,2026-07-24 16:15:00,1,6.7
ZN-08,Executive Wing,workspace,15,2026-07-24 16:30:00,0,0.0
ZN-08,Executive Wing,workspace,15,2026-07-24 16:45:00,0,0.0
ZN-08,Executive Wing,workspace,15,2026-07-24 17:00:00,1,6.7
ZN-08,Executive Wing,workspace,15,2026-07-24 17:15:00,1,6.7
ZN-08,Executive Wing,workspace,15,2026-07-24 17:30:00,0,0.0
ZN-08,Executive Wing,workspace,15,2026-07-24 17:45:00,2,13.3
ZN-08,Executive Wing,workspace,15,2026-07-24 18:00:00,0,0.0
ZN-08,Executive Wing,workspace,15,2026-07-24 18:15:00,1,6.7
ZN-08,Executive Wing,workspace,15,2026-07-24 18:30:00,0,0.0
ZN-08,Executive Wing,workspace,15,2026-07-24 18:45:00,0,0.0
ZN-08,Executive Wing,workspace,15,2026-07-24 19:00:00,2,13.3
ZN-08,Executive Wing,workspace,15,2026-07-24 19:15:00,0,0.0
ZN-08,Executive Wing,workspace,15,2026-07-24 19:30:00,0,0.0
ZN-08,Executive Wing,workspace,15,2026-07-24 19:45:00,1,6.7
ZN-08,Executive Wing,workspace,15,2026-07-24 20:00:00,0,0.0
ZN-08,Executive Wing,workspace,15,2026-07-24 20:15:00,0,0.0
ZN-08,Executive Wing,workspace,15,2026-07-24 20:30:00,0,0.0
ZN-08,Executive Wing,workspace,15,2026-07-24 20:45:00,0,0.0
ZN-08,Executive Wing,workspace,15,2026-07-24 21:00:00,0,0.0
ZN-08,Executive Wing,workspace,15,2026-07-24 21:15:00,0,0.0
ZN-08,Executive Wing,workspace,15,2026-07-24 21:30:00,0,0.0
ZN-08,Executive Wing,workspace,15,2026-07-24 21:45:00,0,0.0
ZN-08,Executive Wing,workspace,15,2026-07-24 22:00:00,1,6.7
ZN-08,Executive Wing,workspace,15,2026-07-24 22:15:00,0,0.0
ZN-08,Executive Wing,workspace,15,2026-07-24 22:30:00,0,0.0
ZN-08,Executive Wing,workspace,15,2026-07-24 22:45:00,2,13.3
ZN-08,Executive Wing,workspace,15,2026-07-24 23:00:00,0,0.0
ZN-08,Executive Wing,workspace,15,2026-07-24 23:15:00,0,0.0
ZN-08,Executive Wing,workspace,15,2026-07-24 23:30:00,0,0.0
ZN-08,Executive Wing,workspace,15,2026-07-24 23:45:00,0,0.0
ZN-08,Executive Wing,workspace,15,2026-07-25 00:00:00,1,6.7
ZN-08,Executive Wing,workspace,15,2026-07-25 00:15:00,0,0.0
ZN-08,Executive Wing,workspace,15,2026-07-25 00:30:00,1,6.7
ZN-08,Executive Wing,workspace,15,2026-07-25 00:45:00,1,6.7
ZN-08,Executive Wing,workspace,15,2026-07-25 01:00:00,1,6.7
ZN-08,Executive Wing,workspace,15,2026-07-25 01:15:00,0,0.0
ZN-08,Executive Wing,workspace,15,2026-07-25 01:30:00,0,0.0
ZN-08,Executive Wing,workspace,15,2026-07-25 01:45:00,0,0.0
ZN-08,Executive Wing,workspace,15,2026-07-25 02:00:00,0,0.0
ZN-08,Executive Wing,workspace,15,2026-07-25 02:15:00,0,0.0
ZN-08,Executive Wing,workspace,15,2026-07-25 02:30:00,1,6.7
ZN-08,Executive Wing,workspace,15,2026-07-25 02:45:00,2,13.3
ZN-08,Executive Wing,workspace,15,2026-07-25 03:00:00,0,0.0
ZN-08,Executive Wing,workspace,15,2026-07-25 03:15:00,0,0.0
ZN-08,Executive Wing,workspace,15,2026-07-25 03:30:00,0,0.0
ZN-08,Executive Wing,workspace,15,2026-07-25 03:45:00,1,6.7
ZN-08,Executive Wing,workspace,15,2026-07-25 04:00:00,1,6.7
ZN-08,Executive Wing,workspace,15,2026-07-25 04:15:00,0,0.0
ZN-08,Executive Wing,workspace,15,2026-07-25 04:30:00,0,0.0
ZN-08,Executive Wing,workspace,15,2026-07-25 04:45:00,0,0.0
ZN-08,Executive Wing,workspace,15,2026-07-25 05:00:00,0,0.0
ZN-08,Executive Wing,workspace,15,2026-07-25 05:15:00,0,0.0
ZN-08,Executive Wing,workspace,15,2026-07-25 05:30:00,0,0.0
ZN-08,Executive Wing,workspace,15,2026-07-25 05:45:00,0,0.0
ZN-08,Executive Wing,workspace,15,2026-07-25 06:00:00,2,13.3
ZN-08,Executive Wing,workspace,15,2026-07-25 06:15:00,0,0.0
ZN-08,Executive Wing,workspace,15,2026-07-25 06:30:00,1,6.7
ZN-08,Executive Wing,workspace,15,2026-07-25 06:45:00,0,0.0
ZN-08,Executive Wing,workspace,15,2026-07-25 07:00:00,0,0.0
ZN-08,Executive Wing,workspace,15,2026-07-25 07:15:00,0,0.0
ZN-08,Executive Wing,workspace,15,2026-07-25 07:30:00,0,0.0
ZN-08,Executive Wing,workspace,15,2026-07-25 07:45:00,0,0.0
ZN-08,Executive Wing,workspace,15,2026-07-25 08:00:00,0,0.0
ZN-08,Executive Wing,workspace,15,2026-07-25 08:15:00,2,13.3
ZN-08,Executive Wing,workspace,15,2026-07-25 08:30:00,2,13.3
ZN-08,Executive Wing,workspace,15,2026-07-25 08:45:00,1,6.7
ZN-08,Executive Wing,workspace,15,2026-07-25 09:00:00,0,0.0
ZN-08,Executive Wing,workspace,15,2026-07-25 09:15:00,1,6.7
ZN-08,Executive Wing,workspace,15,2026-07-25 09:30:00,0,0.0
ZN-08,Executive Wing,workspace,15,2026-07-25 09:45:00,0,0.0
ZN-08,Executive Wing,workspace,15,2026-07-25 10:00:00,1,6.7
ZN-08,Executive Wing,workspace,15,2026-07-25 10:15:00,1,6.7
ZN-08,Executive Wing,workspace,15,2026-07-25 10:30:00,1,6.7
ZN-08,Executive Wing,workspace,15,2026-07-25 10:45:00,0,0.0
ZN-08,Executive Wing,workspace,15,2026-07-25 11:00:00,0,0.0
ZN-08,Executive Wing,workspace,15,2026-07-25 11:15:00,0,0.0
ZN-08,Executive Wing,workspace,15,2026-07-25 11:30:00,0,0.0
ZN-08,Executive Wing,workspace,15,2026-07-25 11:45:00,0,0.0
ZN-08,Executive Wing,workspace,15,2026-07-25 12:00:00,0,0.0
ZN-08,Executive Wing,workspace,15,2026-07-25 12:15:00,1,6.7
ZN-08,Executive Wing,workspace,15,2026-07-25 12:30:00,0,0.0
ZN-08,Executive Wing,workspace,15,2026-07-25 12:45:00,1,6.7
ZN-08,Executive Wing,workspace,15,2026-07-25 13:00:00,0,0.0
ZN-08,Executive Wing,workspace,15,2026-07-25 13:15:00,2,13.3
ZN-08,Executive Wing,workspace,15,2026-07-25 13:30:00,1,6.7
ZN-08,Executive Wing,workspace,15,2026-07-25 13:45:00,0,0.0
ZN-08,Executive Wing,workspace,15,2026-07-25 14:00:00,1,6.7
ZN-08,Executive Wing,workspace,15,2026-07-25 14:15:00,2,13.3
ZN-08,Executive Wing,workspace,15,2026-07-25 14:30:00,0,0.0
ZN-08,Executive Wing,workspace,15,2026-07-25 14:45:00,2,13.3
ZN-08,Executive Wing,workspace,15,2026-07-25 15:00:00,2,13.3
ZN-08,Executive Wing,workspace,15,2026-07-25 15:15:00,1,6.7
ZN-08,Executive Wing,workspace,15,2026-07-25 15:30:00,1,6.7
ZN-08,Executive Wing,workspace,15,2026-07-25 15:45:00,0,0.0
ZN-08,Executive Wing,workspace,15,2026-07-25 16:00:00,0,0.0
ZN-08,Executive Wing,workspace,15,2026-07-25 16:15:00,0,0.0
ZN-08,Executive Wing,workspace,15,2026-07-25 16:30:00,1,6.7
ZN-08,Executive Wing,workspace,15,2026-07-25 16:45:00,0,0.0
ZN-08,Executive Wing,workspace,15,2026-07-25 17:00:00,1,6.7
ZN-08,Executive Wing,workspace,15,2026-07-25 17:15:00,1,6.7
ZN-08,Executive Wing,workspace,15,2026-07-25 17:30:00,1,6.7
ZN-08,Executive Wing,workspace,15,2026-07-25 17:45:00,0,0.0
ZN-08,Executive Wing,workspace,15,2026-07-25 18:00:00,1,6.7
ZN-08,Executive Wing,workspace,15,2026-07-25 18:15:00,0,0.0
ZN-08,Executive Wing,workspace,15,2026-07-25 18:30:00,1,6.7
ZN-08,Executive Wing,workspace,15,2026-07-25 18:45:00,2,13.3
ZN-08,Executive Wing,workspace,15,2026-07-25 19:00:00,0,0.0
ZN-08,Executive Wing,workspace,15,2026-07-25 19:15:00,0,0.0
ZN-08,Executive Wing,workspace,15,2026-07-25 19:30:00,0,0.0
ZN-08,Executive Wing,workspace,15,2026-07-25 19:45:00,0,0.0
ZN-08,Executive Wing,workspace,15,2026-07-25 20:00:00,1,6.7
ZN-08,Executive Wing,workspace,15,2026-07-25 20:15:00,0,0.0
ZN-08,Executive Wing,workspace,15,2026-07-25 20:30:00,0,0.0
ZN-08,Executive Wing,workspace,15,2026-07-25 20:45:00,0,0.0
ZN-08,Executive Wing,workspace,15,2026-07-25 21:00:00,0,0.0
ZN-08,Executive Wing,workspace,15,2026-07-25 21:15:00,0,0.0
ZN-08,Executive Wing,workspace,15,2026-07-25 21:30:00,1,6.7
ZN-08,Executive Wing,workspace,15,2026-07-25 21:45:00,0,0.0
ZN-08,Executive Wing,workspace,15,2026-07-25 22:00:00,0,0.0
ZN-08,Executive Wing,workspace,15,2026-07-25 22:15:00,0,0.0
ZN-08,Executive Wing,workspace,15,2026-07-25 22:30:00,1,6.7
ZN-08,Executive Wing,workspace,15,2026-07-25 22:45:00,0,0.0
ZN-08,Executive Wing,workspace,15,2026-07-25 23:00:00,0,0.0
ZN-08,Executive Wing,workspace,15,2026-07-25 23:15:00,0,0.0
ZN-08,Executive Wing,workspace,15,2026-07-25 23:30:00,0,0.0
ZN-08,Executive Wing,workspace,15,2026-07-25 23:45:00,0,0.0
ZN-08,Executive Wing,workspace,15,2026-07-26 00:00:00,1,6.7
ZN-08,Executive Wing,workspace,15,2026-07-26 00:15:00,2,13.3
ZN-08,Executive Wing,workspace,15,2026-07-26 00:30:00,1,6.7
ZN-08,Executive Wing,workspace,15,2026-07-26 00:45:00,0,0.0
ZN-08,Executive Wing,workspace,15,2026-07-26 01:00:00,0,0.0
ZN-08,Executive Wing,workspace,15,2026-07-26 01:15:00,0,0.0
ZN-08,Executive Wing,workspace,15,2026-07-26 01:30:00,0,0.0
ZN-08,Executive Wing,workspace,15,2026-07-26 01:45:00,0,0.0
ZN-08,Executive Wing,workspace,15,2026-07-26 02:00:00,1,6.7
ZN-08,Executive Wing,workspace,15,2026-07-26 02:15:00,1,6.7
ZN-08,Executive Wing,workspace,15,2026-07-26 02:30:00,0,0.0
ZN-08,Executive Wing,workspace,15,2026-07-26 02:45:00,0,0.0
ZN-08,Executive Wing,workspace,15,2026-07-26 03:00:00,0,0.0
ZN-08,Executive Wing,workspace,15,2026-07-26 03:15:00,0,0.0
ZN-08,Executive Wing,workspace,15,2026-07-26 03:30:00,1,6.7
ZN-08,Executive Wing,workspace,15,2026-07-26 03:45:00,0,0.0
ZN-08,Executive Wing,workspace,15,2026-07-26 04:00:00,0,0.0
ZN-08,Executive Wing,workspace,15,2026-07-26 04:15:00,0,0.0
ZN-08,Executive Wing,workspace,15,2026-07-26 04:30:00,1,6.7
ZN-08,Executive Wing,workspace,15,2026-07-26 04:45:00,0,0.0
ZN-08,Executive Wing,workspace,15,2026-07-26 05:00:00,1,6.7
ZN-08,Executive Wing,workspace,15,2026-07-26 05:15:00,1,6.7
ZN-08,Executive Wing,workspace,15,2026-07-26 05:30:00,0,0.0
ZN-08,Executive Wing,workspace,15,2026-07-26 05:45:00,0,0.0
ZN-08,Executive Wing,workspace,15,2026-07-26 06:00:00,1,6.7
ZN-08,Executive Wing,workspace,15,2026-07-26 06:15:00,1,6.7
ZN-08,Executive Wing,workspace,15,2026-07-26 06:30:00,1,6.7
ZN-08,Executive Wing,workspace,15,2026-07-26 06:45:00,0,0.0
ZN-08,Executive Wing,workspace,15,2026-07-26 07:00:00,1,6.7
ZN-08,Executive Wing,workspace,15,2026-07-26 07:15:00,2,13.3
ZN-08,Executive Wing,workspace,15,2026-07-26 07:30:00,1,6.7
ZN-08,Executive Wing,workspace,15,2026-07-26 07:45:00,1,6.7
ZN-08,Executive Wing,workspace,15,2026-07-26 08:00:00,1,6.7
ZN-08,Executive Wing,workspace,15,2026-07-26 08:15:00,0,0.0
ZN-08,Executive Wing,workspace,15,2026-07-26 08:30:00,2,13.3
ZN-08,Executive Wing,workspace,15,2026-07-26 08:45:00,0,0.0
ZN-08,Executive Wing,workspace,15,2026-07-26 09:00:00,1,6.7
ZN-08,Executive Wing,workspace,15,2026-07-26 09:15:00,0,0.0
ZN-08,Executive Wing,workspace,15,2026-07-26 09:30:00,1,6.7
ZN-08,Executive Wing,workspace,15,2026-07-26 09:45:00,2,13.3
ZN-08,Executive Wing,workspace,15,2026-07-26 10:00:00,2,13.3
ZN-08,Executive Wing,workspace,15,2026-07-26 10:15:00,1,6.7
ZN-08,Executive Wing,workspace,15,2026-07-26 10:30:00,2,13.3
ZN-08,Executive Wing,workspace,15,2026-07-26 10:45:00,1,6.7
ZN-08,Executive Wing,workspace,15,2026-07-26 11:00:00,0,0.0
ZN-08,Executive Wing,workspace,15,2026-07-26 11:15:00,0,0.0
ZN-08,Executive Wing,workspace,15,2026-07-26 11:30:00,0,0.0
ZN-08,Executive Wing,workspace,15,2026-07-26 11:45:00,1,6.7
ZN-08,Executive Wing,workspace,15,2026-07-26 12:00:00,1,6.7
ZN-08,Executive Wing,workspace,15,2026-07-26 12:15:00,1,6.7
ZN-08,Executive Wing,workspace,15,2026-07-26 12:30:00,1,6.7
ZN-08,Executive Wing,workspace,15,2026-07-26 12:45:00,0,0.0
ZN-08,Executive Wing,workspace,15,2026-07-26 13:00:00,0,0.0
ZN-08,Executive Wing,workspace,15,2026-07-26 13:15:00,1,6.7
ZN-08,Executive Wing,workspace,15,2026-07-26 13:30:00,1,6.7
ZN-08,Executive Wing,workspace,15,2026-07-26 13:45:00,1,6.7
ZN-08,Executive Wing,workspace,15,2026-07-26 14:00:00,0,0.0
ZN-08,Executive Wing,workspace,15,2026-07-26 14:15:00,1,6.7
ZN-08,Executive Wing,workspace,15,2026-07-26 14:30:00,0,0.0
ZN-08,Executive Wing,workspace,15,2026-07-26 14:45:00,1,6.7
ZN-08,Executive Wing,workspace,15,2026-07-26 15:00:00,2,13.3
ZN-08,Executive Wing,workspace,15,2026-07-26 15:15:00,2,13.3
ZN-08,Executive Wing,workspace,15,2026-07-26 15:30:00,1,6.7
ZN-08,Executive Wing,workspace,15,2026-07-26 15:45:00,3,20.0
ZN-08,Executive Wing,workspace,15,2026-07-26 16:00:00,0,0.0
ZN-08,Executive Wing,workspace,15,2026-07-26 16:15:00,0,0.0
ZN-08,Executive Wing,workspace,15,2026-07-26 16:30:00,1,6.7
ZN-08,Executive Wing,workspace,15,2026-07-26 16:45:00,1,6.7
ZN-08,Executive Wing,workspace,15,2026-07-26 17:00:00,1,6.7
ZN-08,Executive Wing,workspace,15,2026-07-26 17:15:00,2,13.3
ZN-08,Executive Wing,workspace,15,2026-07-26 17:30:00,0,0.0
ZN-08,Executive Wing,workspace,15,2026-07-26 17:45:00,1,6.7
ZN-08,Executive Wing,workspace,15,2026-07-26 18:00:00,1,6.7
ZN-08,Executive Wing,workspace,15,2026-07-26 18:15:00,1,6.7
ZN-08,Executive Wing,workspace,15,2026-07-26 18:30:00,0,0.0
ZN-08,Executive Wing,workspace,15,2026-07-26 18:45:00,0,0.0
ZN-08,Executive Wing,workspace,15,2026-07-26 19:00:00,3,20.0
ZN-08,Executive Wing,workspace,15,2026-07-26 19:15:00,0,0.0
ZN-08,Executive Wing,workspace,15,2026-07-26 19:30:00,1,6.7
ZN-08,Executive Wing,workspace,15,2026-07-26 19:45:00,1,6.7
ZN-08,Executive Wing,workspace,15,2026-07-26 20:00:00,0,0.0
ZN-08,Executive Wing,workspace,15,2026-07-26 20:15:00,1,6.7
ZN-08,Executive Wing,workspace,15,2026-07-26 20:30:00,0,0.0
ZN-08,Executive Wing,workspace,15,2026-07-26 20:45:00,0,0.0
ZN-08,Executive Wing,workspace,15,2026-07-26 21:00:00,1,6.7
ZN-08,Executive Wing,workspace,15,2026-07-26 21:15:00,0,0.0
ZN-08,Executive Wing,workspace,15,2026-07-26 21:30:00,1,6.7
ZN-08,Executive Wing,workspace,15,2026-07-26 21:45:00,0,0.0
ZN-08,Executive Wing,workspace,15,2026-07-26 22:00:00,1,6.7
ZN-08,Executive Wing,workspace,15,2026-07-26 22:15:00,0,0.0
ZN-08,Executive Wing,workspace,15,2026-07-26 22:30:00,0,0.0
ZN-08,Executive Wing,workspace,15,2026-07-26 22:45:00,0,0.0
ZN-08,Executive Wing,workspace,15,2026-07-26 23:00:00,1,6.7
ZN-08,Executive Wing,workspace,15,2026-07-26 23:15:00,0,0.0
ZN-08,Executive Wing,workspace,15,2026-07-26 23:30:00,3,20.0
ZN-08,Executive Wing,workspace,15,2026-07-26 23:45:00,1,6.7
ZN-08,Executive Wing,workspace,15,2026-07-27 00:00:00,0,0.0
ZN-08,Executive Wing,workspace,15,2026-07-27 00:15:00,1,6.7
ZN-08,Executive Wing,workspace,15,2026-07-27 00:30:00,0,0.0
ZN-08,Executive Wing,workspace,15,2026-07-27 00:45:00,0,0.0
ZN-08,Executive Wing,workspace,15,2026-07-27 01:00:00,0,0.0
ZN-08,Executive Wing,workspace,15,2026-07-27 01:15:00,0,0.0
ZN-08,Executive Wing,workspace,15,2026-07-27 01:30:00,0,0.0
ZN-08,Executive Wing,workspace,15,2026-07-27 01:45:00,0,0.0
ZN-08,Executive Wing,workspace,15,2026-07-27 02:00:00,0,0.0
ZN-08,Executive Wing,workspace,15,2026-07-27 02:15:00,0,0.0
ZN-08,Executive Wing,workspace,15,2026-07-27 02:30:00,0,0.0
ZN-08,Executive Wing,workspace,15,2026-07-27 02:45:00,1,6.7
ZN-08,Executive Wing,workspace,15,2026-07-27 03:00:00,0,0.0
ZN-08,Executive Wing,workspace,15,2026-07-27 03:15:00,0,0.0
ZN-08,Executive Wing,workspace,15,2026-07-27 03:30:00,0,0.0
ZN-08,Executive Wing,workspace,15,2026-07-27 03:45:00,0,0.0
ZN-08,Executive Wing,workspace,15,2026-07-27 04:00:00,2,13.3
ZN-08,Executive Wing,workspace,15,2026-07-27 04:15:00,1,6.7
ZN-08,Executive Wing,workspace,15,2026-07-27 04:30:00,1,6.7
ZN-08,Executive Wing,workspace,15,2026-07-27 04:45:00,0,0.0
ZN-08,Executive Wing,workspace,15,2026-07-27 05:00:00,1,6.7
ZN-08,Executive Wing,workspace,15,2026-07-27 05:15:00,0,0.0
ZN-08,Executive Wing,workspace,15,2026-07-27 05:30:00,1,6.7
ZN-08,Executive Wing,workspace,15,2026-07-27 05:45:00,6,40.0
ZN-08,Executive Wing,workspace,15,2026-07-27 06:00:00,12,80.0
ZN-08,Executive Wing,workspace,15,2026-07-27 06:15:00,15,100.0
ZN-08,Executive Wing,workspace,15,2026-07-27 06:30:00,13,86.7
ZN-08,Executive Wing,workspace,15,2026-07-27 06:45:00,14,93.3
ZN-08,Executive Wing,workspace,15,2026-07-27 07:00:00,15,100.0
ZN-08,Executive Wing,workspace,15,2026-07-27 07:15:00,15,100.0
ZN-08,Executive Wing,workspace,15,2026-07-27 07:30:00,15,100.0
ZN-08,Executive Wing,workspace,15,2026-07-27 07:45:00,14,93.3
ZN-08,Executive Wing,workspace,15,2026-07-27 08:00:00,14,93.3
ZN-08,Executive Wing,workspace,15,2026-07-27 08:15:00,13,86.7
ZN-08,Executive Wing,workspace,15,2026-07-27 08:30:00,14,93.3
ZN-08,Executive Wing,workspace,15,2026-07-27 08:45:00,15,100.0
ZN-08,Executive Wing,workspace,15,2026-07-27 09:00:00,14,93.3
ZN-08,Executive Wing,workspace,15,2026-07-27 09:15:00,11,73.3
ZN-08,Executive Wing,workspace,15,2026-07-27 09:30:00,13,86.7
ZN-08,Executive Wing,workspace,15,2026-07-27 09:45:00,12,80.0
ZN-08,Executive Wing,workspace,15,2026-07-27 10:00:00,12,80.0
ZN-08,Executive Wing,workspace,15,2026-07-27 10:15:00,10,66.7
ZN-08,Executive Wing,workspace,15,2026-07-27 10:30:00,3,20.0
ZN-08,Executive Wing,workspace,15,2026-07-27 10:45:00,6,40.0
ZN-08,Executive Wing,workspace,15,2026-07-27 11:00:00,10,66.7
ZN-08,Executive Wing,workspace,15,2026-07-27 11:15:00,12,80.0
ZN-08,Executive Wing,workspace,15,2026-07-27 11:30:00,10,66.7
ZN-08,Executive Wing,workspace,15,2026-07-27 11:45:00,13,86.7
ZN-08,Executive Wing,workspace,15,2026-07-27 12:00:00,7,46.7
ZN-08,Executive Wing,workspace,15,2026-07-27 12:15:00,7,46.7
ZN-08,Executive Wing,workspace,15,2026-07-27 12:30:00,10,66.7
ZN-08,Executive Wing,workspace,15,2026-07-27 12:45:00,11,73.3
ZN-08,Executive Wing,workspace,15,2026-07-27 13:00:00,7,46.7
ZN-08,Executive Wing,workspace,15,2026-07-27 13:15:00,10,66.7
ZN-08,Executive Wing,workspace,15,2026-07-27 13:30:00,9,60.0
ZN-08,Executive Wing,workspace,15,2026-07-27 13:45:00,14,93.3
ZN-08,Executive Wing,workspace,15,2026-07-27 14:00:00,15,100.0
ZN-08,Executive Wing,workspace,15,2026-07-27 14:15:00,15,100.0
ZN-08,Executive Wing,workspace,15,2026-07-27 14:30:00,15,100.0
ZN-08,Executive Wing,workspace,15,2026-07-27 14:45:00,15,100.0
ZN-08,Executive Wing,workspace,15,2026-07-27 15:00:00,12,80.0
ZN-08,Executive Wing,workspace,15,2026-07-27 15:15:00,6,40.0
ZN-08,Executive Wing,workspace,15,2026-07-27 15:30:00,5,33.3
ZN-08,Executive Wing,workspace,15,2026-07-27 15:45:00,6,40.0
ZN-08,Executive Wing,workspace,15,2026-07-27 16:00:00,6,40.0
ZN-08,Executive Wing,workspace,15,2026-07-27 16:15:00,3,20.0
ZN-08,Executive Wing,workspace,15,2026-07-27 16:30:00,0,0.0
ZN-08,Executive Wing,workspace,15,2026-07-27 16:45:00,0,0.0
ZN-08,Executive Wing,workspace,15,2026-07-27 17:00:00,0,0.0
ZN-08,Executive Wing,workspace,15,2026-07-27 17:15:00,0,0.0
ZN-08,Executive Wing,workspace,15,2026-07-27 17:30:00,1,6.7
ZN-08,Executive Wing,workspace,15,2026-07-27 17:45:00,0,0.0
ZN-08,Executive Wing,workspace,15,2026-07-27 18:00:00,1,6.7
ZN-08,Executive Wing,workspace,15,2026-07-27 18:15:00,0,0.0
ZN-08,Executive Wing,workspace,15,2026-07-27 18:30:00,0,0.0
ZN-08,Executive Wing,workspace,15,2026-07-27 18:45:00,0,0.0
ZN-08,Executive Wing,workspace,15,2026-07-27 19:00:00,0,0.0
ZN-08,Executive Wing,workspace,15,2026-07-27 19:15:00,3,20.0
ZN-08,Executive Wing,workspace,15,2026-07-27 19:30:00,1,6.7
ZN-08,Executive Wing,workspace,15,2026-07-27 19:45:00,2,13.3
ZN-08,Executive Wing,workspace,15,2026-07-27 20:00:00,1,6.7
ZN-08,Executive Wing,workspace,15,2026-07-27 20:15:00,1,6.7
ZN-08,Executive Wing,workspace,15,2026-07-27 20:30:00,0,0.0
ZN-08,Executive Wing,workspace,15,2026-07-27 20:45:00,0,0.0
ZN-08,Executive Wing,workspace,15,2026-07-27 21:00:00,0,0.0
ZN-08,Executive Wing,workspace,15,2026-07-27 21:15:00,0,0.0
ZN-08,Executive Wing,workspace,15,2026-07-27 21:30:00,0,0.0
ZN-08,Executive Wing,workspace,15,2026-07-27 21:45:00,2,13.3
ZN-08,Executive Wing,workspace,15,2026-07-27 22:00:00,0,0.0
ZN-08,Executive Wing,workspace,15,2026-07-27 22:15:00,1,6.7
ZN-08,Executive Wing,workspace,15,2026-07-27 22:30:00,1,6.7
ZN-08,Executive Wing,workspace,15,2026-07-27 22:45:00,0,0.0
ZN-08,Executive Wing,workspace,15,2026-07-27 23:00:00,0,0.0
ZN-08,Executive Wing,workspace,15,2026-07-27 23:15:00,0,0.0
ZN-08,Executive Wing,workspace,15,2026-07-27 23:30:00,2,13.3
ZN-08,Executive Wing,workspace,15,2026-07-27 23:45:00,0,0.0
ZN-08,Executive Wing,workspace,15,2026-07-28 00:00:00,1,6.7
ZN-08,Executive Wing,workspace,15,2026-07-28 00:15:00,0,0.0
ZN-08,Executive Wing,workspace,15,2026-07-28 00:30:00,0,0.0
ZN-08,Executive Wing,workspace,15,2026-07-28 00:45:00,1,6.7
ZN-08,Executive Wing,workspace,15,2026-07-28 01:00:00,1,6.7
ZN-08,Executive Wing,workspace,15,2026-07-28 01:15:00,0,0.0
ZN-08,Executive Wing,workspace,15,2026-07-28 01:30:00,0,0.0
ZN-08,Executive Wing,workspace,15,2026-07-28 01:45:00,0,0.0
ZN-08,Executive Wing,workspace,15,2026-07-28 02:00:00,0,0.0
ZN-08,Executive Wing,workspace,15,2026-07-28 02:15:00,0,0.0
ZN-08,Executive Wing,workspace,15,2026-07-28 02:30:00,2,13.3
ZN-08,Executive Wing,workspace,15,2026-07-28 02:45:00,2,13.3
ZN-08,Executive Wing,workspace,15,2026-07-28 03:00:00,1,6.7
ZN-08,Executive Wing,workspace,15,2026-07-28 03:15:00,0,0.0
ZN-08,Executive Wing,workspace,15,2026-07-28 03:30:00,0,0.0
ZN-08,Executive Wing,workspace,15,2026-07-28 03:45:00,0,0.0
ZN-08,Executive Wing,workspace,15,2026-07-28 04:00:00,0,0.0
ZN-08,Executive Wing,workspace,15,2026-07-28 04:15:00,1,6.7
ZN-08,Executive Wing,workspace,15,2026-07-28 04:30:00,1,6.7
ZN-08,Executive Wing,workspace,15,2026-07-28 04:45:00,0,0.0
ZN-08,Executive Wing,workspace,15,2026-07-28 05:00:00,1,6.7
ZN-08,Executive Wing,workspace,15,2026-07-28 05:15:00,0,0.0
ZN-08,Executive Wing,workspace,15,2026-07-28 05:30:00,1,6.7
ZN-08,Executive Wing,workspace,15,2026-07-28 05:45:00,5,33.3
ZN-08,Executive Wing,workspace,15,2026-07-28 06:00:00,12,80.0
ZN-08,Executive Wing,workspace,15,2026-07-28 06:15:00,13,86.7
ZN-08,Executive Wing,workspace,15,2026-07-28 06:30:00,15,100.0
ZN-08,Executive Wing,workspace,15,2026-07-28 06:45:00,14,93.3
ZN-08,Executive Wing,workspace,15,2026-07-28 07:00:00,15,100.0
ZN-08,Executive Wing,workspace,15,2026-07-28 07:15:00,15,100.0
ZN-08,Executive Wing,workspace,15,2026-07-28 07:30:00,15,100.0
ZN-08,Executive Wing,workspace,15,2026-07-28 07:45:00,15,100.0
ZN-08,Executive Wing,workspace,15,2026-07-28 08:00:00,12,80.0
ZN-08,Executive Wing,workspace,15,2026-07-28 08:15:00,14,93.3
ZN-08,Executive Wing,workspace,15,2026-07-28 08:30:00,13,86.7
ZN-08,Executive Wing,workspace,15,2026-07-28 08:45:00,14,93.3
ZN-08,Executive Wing,workspace,15,2026-07-28 09:00:00,14,93.3
ZN-08,Executive Wing,workspace,15,2026-07-28 09:15:00,14,93.3
ZN-08,Executive Wing,workspace,15,2026-07-28 09:30:00,13,86.7
ZN-08,Executive Wing,workspace,15,2026-07-28 09:45:00,11,73.3
ZN-08,Executive Wing,workspace,15,2026-07-28 10:00:00,12,80.0
ZN-08,Executive Wing,workspace,15,2026-07-28 10:15:00,9,60.0
ZN-08,Executive Wing,workspace,15,2026-07-28 10:30:00,5,33.3
ZN-08,Executive Wing,workspace,15,2026-07-28 10:45:00,5,33.3
ZN-08,Executive Wing,workspace,15,2026-07-28 11:00:00,13,86.7
ZN-08,Executive Wing,workspace,15,2026-07-28 11:15:00,12,80.0
ZN-08,Executive Wing,workspace,15,2026-07-28 11:30:00,12,80.0
ZN-08,Executive Wing,workspace,15,2026-07-28 11:45:00,14,93.3
ZN-08,Executive Wing,workspace,15,2026-07-28 12:00:00,9,60.0
ZN-08,Executive Wing,workspace,15,2026-07-28 12:15:00,8,53.3
ZN-08,Executive Wing,workspace,15,2026-07-28 12:30:00,7,46.7
ZN-08,Executive Wing,workspace,15,2026-07-28 12:45:00,10,66.7
ZN-08,Executive Wing,workspace,15,2026-07-28 13:00:00,9,60.0
ZN-08,Executive Wing,workspace,15,2026-07-28 13:15:00,9,60.0
ZN-08,Executive Wing,workspace,15,2026-07-28 13:30:00,10,66.7
ZN-08,Executive Wing,workspace,15,2026-07-28 13:45:00,15,100.0
ZN-08,Executive Wing,workspace,15,2026-07-28 14:00:00,13,86.7
ZN-08,Executive Wing,workspace,15,2026-07-28 14:15:00,14,93.3
ZN-08,Executive Wing,workspace,15,2026-07-28 14:30:00,14,93.3
ZN-08,Executive Wing,workspace,15,2026-07-28 14:45:00,14,93.3
ZN-08,Executive Wing,workspace,15,2026-07-28 15:00:00,10,66.7
ZN-08,Executive Wing,workspace,15,2026-07-28 15:15:00,7,46.7
ZN-08,Executive Wing,workspace,15,2026-07-28 15:30:00,5,33.3
ZN-08,Executive Wing,workspace,15,2026-07-28 15:45:00,6,40.0
ZN-08,Executive Wing,workspace,15,2026-07-28 16:00:00,5,33.3
ZN-08,Executive Wing,workspace,15,2026-07-28 16:15:00,2,13.3
ZN-08,Executive Wing,workspace,15,2026-07-28 16:30:00,0,0.0
ZN-08,Executive Wing,workspace,15,2026-07-28 16:45:00,1,6.7
ZN-08,Executive Wing,workspace,15,2026-07-28 17:00:00,0,0.0
ZN-08,Executive Wing,workspace,15,2026-07-28 17:15:00,0,0.0
ZN-08,Executive Wing,workspace,15,2026-07-28 17:30:00,0,0.0
ZN-08,Executive Wing,workspace,15,2026-07-28 17:45:00,0,0.0
ZN-08,Executive Wing,workspace,15,2026-07-28 18:00:00,0,0.0
ZN-08,Executive Wing,workspace,15,2026-07-28 18:15:00,0,0.0
ZN-08,Executive Wing,workspace,15,2026-07-28 18:30:00,0,0.0
ZN-08,Executive Wing,workspace,15,2026-07-28 18:45:00,0,0.0
ZN-08,Executive Wing,workspace,15,2026-07-28 19:00:00,2,13.3
ZN-08,Executive Wing,workspace,15,2026-07-28 19:15:00,0,0.0
ZN-08,Executive Wing,workspace,15,2026-07-28 19:30:00,1,6.7
ZN-08,Executive Wing,workspace,15,2026-07-28 19:45:00,0,0.0
ZN-08,Executive Wing,workspace,15,2026-07-28 20:00:00,1,6.7
ZN-08,Executive Wing,workspace,15,2026-07-28 20:15:00,0,0.0
ZN-08,Executive Wing,workspace,15,2026-07-28 20:30:00,0,0.0
ZN-08,Executive Wing,workspace,15,2026-07-28 20:45:00,0,0.0
ZN-08,Executive Wing,workspace,15,2026-07-28 21:00:00,0,0.0
ZN-08,Executive Wing,workspace,15,2026-07-28 21:15:00,0,0.0
ZN-08,Executive Wing,workspace,15,2026-07-28 21:30:00,1,6.7
ZN-08,Executive Wing,workspace,15,2026-07-28 21:45:00,1,6.7
ZN-08,Executive Wing,workspace,15,2026-07-28 22:00:00,0,0.0
ZN-08,Executive Wing,workspace,15,2026-07-28 22:15:00,0,0.0
ZN-08,Executive Wing,workspace,15,2026-07-28 22:30:00,0,0.0
ZN-08,Executive Wing,workspace,15,2026-07-28 22:45:00,1,6.7
ZN-08,Executive Wing,workspace,15,2026-07-28 23:00:00,0,0.0
ZN-08,Executive Wing,workspace,15,2026-07-28 23:15:00,0,0.0
ZN-08,Executive Wing,workspace,15,2026-07-28 23:30:00,1,6.7
ZN-08,Executive Wing,workspace,15,2026-07-28 23:45:00,1,6.7
ZN-08,Executive Wing,workspace,15,2026-07-29 00:00:00,0,0.0
ZN-08,Executive Wing,workspace,15,2026-07-29 00:15:00,1,6.7
ZN-08,Executive Wing,workspace,15,2026-07-29 00:30:00,0,0.0
ZN-08,Executive Wing,workspace,15,2026-07-29 00:45:00,0,0.0
ZN-08,Executive Wing,workspace,15,2026-07-29 01:00:00,0,0.0
ZN-08,Executive Wing,workspace,15,2026-07-29 01:15:00,0,0.0
ZN-08,Executive Wing,workspace,15,2026-07-29 01:30:00,1,6.7
ZN-08,Executive Wing,workspace,15,2026-07-29 01:45:00,1,6.7
ZN-08,Executive Wing,workspace,15,2026-07-29 02:00:00,1,6.7
ZN-08,Executive Wing,workspace,15,2026-07-29 02:15:00,0,0.0
ZN-08,Executive Wing,workspace,15,2026-07-29 02:30:00,1,6.7
ZN-08,Executive Wing,workspace,15,2026-07-29 02:45:00,2,13.3
ZN-08,Executive Wing,workspace,15,2026-07-29 03:00:00,0,0.0
ZN-08,Executive Wing,workspace,15,2026-07-29 03:15:00,0,0.0
ZN-08,Executive Wing,workspace,15,2026-07-29 03:30:00,0,0.0
ZN-08,Executive Wing,workspace,15,2026-07-29 03:45:00,2,13.3
ZN-08,Executive Wing,workspace,15,2026-07-29 04:00:00,0,0.0
ZN-08,Executive Wing,workspace,15,2026-07-29 04:15:00,0,0.0
ZN-08,Executive Wing,workspace,15,2026-07-29 04:30:00,0,0.0
ZN-08,Executive Wing,workspace,15,2026-07-29 04:45:00,0,0.0
ZN-08,Executive Wing,workspace,15,2026-07-29 05:00:00,2,13.3
ZN-08,Executive Wing,workspace,15,2026-07-29 05:15:00,0,0.0
ZN-08,Executive Wing,workspace,15,2026-07-29 05:30:00,0,0.0
ZN-08,Executive Wing,workspace,15,2026-07-29 05:45:00,8,53.3
ZN-08,Executive Wing,workspace,15,2026-07-29 06:00:00,13,86.7
ZN-08,Executive Wing,workspace,15,2026-07-29 06:15:00,13,86.7
ZN-08,Executive Wing,workspace,15,2026-07-29 06:30:00,14,93.3
ZN-08,Executive Wing,workspace,15,2026-07-29 06:45:00,15,100.0
ZN-08,Executive Wing,workspace,15,2026-07-29 07:00:00,15,100.0
ZN-08,Executive Wing,workspace,15,2026-07-29 07:15:00,15,100.0
ZN-08,Executive Wing,workspace,15,2026-07-29 07:30:00,15,100.0
ZN-08,Executive Wing,workspace,15,2026-07-29 07:45:00,15,100.0
ZN-08,Executive Wing,workspace,15,2026-07-29 08:00:00,13,86.7
ZN-08,Executive Wing,workspace,15,2026-07-29 08:15:00,14,93.3
ZN-08,Executive Wing,workspace,15,2026-07-29 08:30:00,13,86.7
ZN-08,Executive Wing,workspace,15,2026-07-29 08:45:00,13,86.7
ZN-08,Executive Wing,workspace,15,2026-07-29 09:00:00,13,86.7
ZN-08,Executive Wing,workspace,15,2026-07-29 09:15:00,13,86.7
ZN-08,Executive Wing,workspace,15,2026-07-29 09:30:00,12,80.0
ZN-08,Executive Wing,workspace,15,2026-07-29 09:45:00,11,73.3
ZN-08,Executive Wing,workspace,15,2026-07-29 10:00:00,9,60.0
ZN-08,Executive Wing,workspace,15,2026-07-29 10:15:00,9,60.0
ZN-08,Executive Wing,workspace,15,2026-07-29 10:30:00,5,33.3
ZN-08,Executive Wing,workspace,15,2026-07-29 10:45:00,5,33.3
ZN-08,Executive Wing,workspace,15,2026-07-29 11:00:00,13,86.7
ZN-08,Executive Wing,workspace,15,2026-07-29 11:15:00,12,80.0
ZN-08,Executive Wing,workspace,15,2026-07-29 11:30:00,12,80.0
ZN-08,Executive Wing,workspace,15,2026-07-29 11:45:00,12,80.0
ZN-08,Executive Wing,workspace,15,2026-07-29 12:00:00,6,40.0
ZN-08,Executive Wing,workspace,15,2026-07-29 12:15:00,7,46.7
ZN-08,Executive Wing,workspace,15,2026-07-29 12:30:00,9,60.0
ZN-08,Executive Wing,workspace,15,2026-07-29 12:45:00,8,53.3
ZN-08,Executive Wing,workspace,15,2026-07-29 13:00:00,8,53.3
ZN-08,Executive Wing,workspace,15,2026-07-29 13:15:00,9,60.0
ZN-08,Executive Wing,workspace,15,2026-07-29 13:30:00,9,60.0
ZN-08,Executive Wing,workspace,15,2026-07-29 13:45:00,15,100.0
ZN-08,Executive Wing,workspace,15,2026-07-29 14:00:00,15,100.0
ZN-08,Executive Wing,workspace,15,2026-07-29 14:15:00,15,100.0
ZN-08,Executive Wing,workspace,15,2026-07-29 14:30:00,14,93.3
ZN-08,Executive Wing,workspace,15,2026-07-29 14:45:00,14,93.3
ZN-08,Executive Wing,workspace,15,2026-07-29 15:00:00,11,73.3
ZN-08,Executive Wing,workspace,15,2026-07-29 15:15:00,9,60.0
ZN-08,Executive Wing,workspace,15,2026-07-29 15:30:00,7,46.7
ZN-08,Executive Wing,workspace,15,2026-07-29 15:45:00,6,40.0
ZN-08,Executive Wing,workspace,15,2026-07-29 16:00:00,6,40.0
ZN-08,Executive Wing,workspace,15,2026-07-29 16:15:00,2,13.3
ZN-08,Executive Wing,workspace,15,2026-07-29 16:30:00,0,0.0
ZN-08,Executive Wing,workspace,15,2026-07-29 16:45:00,0,0.0
ZN-08,Executive Wing,workspace,15,2026-07-29 17:00:00,0,0.0
ZN-08,Executive Wing,workspace,15,2026-07-29 17:15:00,0,0.0
ZN-08,Executive Wing,workspace,15,2026-07-29 17:30:00,2,13.3
ZN-08,Executive Wing,workspace,15,2026-07-29 17:45:00,0,0.0
ZN-08,Executive Wing,workspace,15,2026-07-29 18:00:00,1,6.7
ZN-08,Executive Wing,workspace,15,2026-07-29 18:15:00,0,0.0
ZN-08,Executive Wing,workspace,15,2026-07-29 18:30:00,0,0.0
ZN-08,Executive Wing,workspace,15,2026-07-29 18:45:00,0,0.0
ZN-08,Executive Wing,workspace,15,2026-07-29 19:00:00,1,6.7
ZN-08,Executive Wing,workspace,15,2026-07-29 19:15:00,0,0.0
ZN-08,Executive Wing,workspace,15,2026-07-29 19:30:00,0,0.0
ZN-08,Executive Wing,workspace,15,2026-07-29 19:45:00,0,0.0
ZN-08,Executive Wing,workspace,15,2026-07-29 20:00:00,0,0.0
ZN-08,Executive Wing,workspace,15,2026-07-29 20:15:00,1,6.7
ZN-08,Executive Wing,workspace,15,2026-07-29 20:30:00,0,0.0
ZN-08,Executive Wing,workspace,15,2026-07-29 20:45:00,1,6.7
ZN-08,Executive Wing,workspace,15,2026-07-29 21:00:00,0,0.0
ZN-08,Executive Wing,workspace,15,2026-07-29 21:15:00,1,6.7
ZN-08,Executive Wing,workspace,15,2026-07-29 21:30:00,0,0.0
ZN-08,Executive Wing,workspace,15,2026-07-29 21:45:00,0,0.0
ZN-08,Executive Wing,workspace,15,2026-07-29 22:00:00,1,6.7
ZN-08,Executive Wing,workspace,15,2026-07-29 22:15:00,1,6.7
ZN-08,Executive Wing,workspace,15,2026-07-29 22:30:00,0,0.0
ZN-08,Executive Wing,workspace,15,2026-07-29 22:45:00,0,0.0
ZN-08,Executive Wing,workspace,15,2026-07-29 23:00:00,2,13.3
ZN-08,Executive Wing,workspace,15,2026-07-29 23:15:00,0,0.0
ZN-08,Executive Wing,workspace,15,2026-07-29 23:30:00,0,0.0
ZN-08,Executive Wing,workspace,15,2026-07-29 23:45:00,1,6.7
ZN-08,Executive Wing,workspace,15,2026-07-30 00:00:00,0,0.0
ZN-08,Executive Wing,workspace,15,2026-07-30 00:15:00,0,0.0
ZN-08,Executive Wing,workspace,15,2026-07-30 00:30:00,0,0.0
ZN-08,Executive Wing,workspace,15,2026-07-30 00:45:00,0,0.0
ZN-08,Executive Wing,workspace,15,2026-07-30 01:00:00,0,0.0
ZN-08,Executive Wing,workspace,15,2026-07-30 01:15:00,0,0.0
ZN-08,Executive Wing,workspace,15,2026-07-30 01:30:00,0,0.0
ZN-08,Executive Wing,workspace,15,2026-07-30 01:45:00,0,0.0
ZN-08,Executive Wing,workspace,15,2026-07-30 02:00:00,0,0.0
ZN-08,Executive Wing,workspace,15,2026-07-30 02:15:00,1,6.7
ZN-08,Executive Wing,workspace,15,2026-07-30 02:30:00,0,0.0
ZN-08,Executive Wing,workspace,15,2026-07-30 02:45:00,0,0.0
ZN-08,Executive Wing,workspace,15,2026-07-30 03:00:00,0,0.0
ZN-08,Executive Wing,workspace,15,2026-07-30 03:15:00,0,0.0
ZN-08,Executive Wing,workspace,15,2026-07-30 03:30:00,1,6.7
ZN-08,Executive Wing,workspace,15,2026-07-30 03:45:00,1,6.7
ZN-08,Executive Wing,workspace,15,2026-07-30 04:00:00,0,0.0
ZN-08,Executive Wing,workspace,15,2026-07-30 04:15:00,0,0.0
ZN-08,Executive Wing,workspace,15,2026-07-30 04:30:00,0,0.0
ZN-08,Executive Wing,workspace,15,2026-07-30 04:45:00,0,0.0
ZN-08,Executive Wing,workspace,15,2026-07-30 05:00:00,1,6.7
ZN-08,Executive Wing,workspace,15,2026-07-30 05:15:00,1,6.7
ZN-08,Executive Wing,workspace,15,2026-07-30 05:30:00,0,0.0
ZN-08,Executive Wing,workspace,15,2026-07-30 05:45:00,6,40.0
ZN-08,Executive Wing,workspace,15,2026-07-30 06:00:00,13,86.7
ZN-08,Executive Wing,workspace,15,2026-07-30 06:15:00,13,86.7
ZN-08,Executive Wing,workspace,15,2026-07-30 06:30:00,15,100.0
ZN-08,Executive Wing,workspace,15,2026-07-30 06:45:00,15,100.0
ZN-08,Executive Wing,workspace,15,2026-07-30 07:00:00,15,100.0
ZN-08,Executive Wing,workspace,15,2026-07-30 07:15:00,15,100.0
ZN-08,Executive Wing,workspace,15,2026-07-30 07:30:00,15,100.0
ZN-08,Executive Wing,workspace,15,2026-07-30 07:45:00,13,86.7
ZN-08,Executive Wing,workspace,15,2026-07-30 08:00:00,12,80.0
ZN-08,Executive Wing,workspace,15,2026-07-30 08:15:00,13,86.7
ZN-08,Executive Wing,workspace,15,2026-07-30 08:30:00,14,93.3
ZN-08,Executive Wing,workspace,15,2026-07-30 08:45:00,15,100.0
ZN-08,Executive Wing,workspace,15,2026-07-30 09:00:00,13,86.7
ZN-08,Executive Wing,workspace,15,2026-07-30 09:15:00,14,93.3
ZN-08,Executive Wing,workspace,15,2026-07-30 09:30:00,14,93.3
ZN-08,Executive Wing,workspace,15,2026-07-30 09:45:00,11,73.3
ZN-08,Executive Wing,workspace,15,2026-07-30 10:00:00,12,80.0
ZN-08,Executive Wing,workspace,15,2026-07-30 10:15:00,10,66.7
ZN-08,Executive Wing,workspace,15,2026-07-30 10:30:00,6,40.0
ZN-08,Executive Wing,workspace,15,2026-07-30 10:45:00,5,33.3
ZN-08,Executive Wing,workspace,15,2026-07-30 11:00:00,12,80.0
ZN-08,Executive Wing,workspace,15,2026-07-30 11:15:00,13,86.7
ZN-08,Executive Wing,workspace,15,2026-07-30 11:30:00,12,80.0
ZN-08,Executive Wing,workspace,15,2026-07-30 11:45:00,14,93.3
ZN-08,Executive Wing,workspace,15,2026-07-30 12:00:00,7,46.7
ZN-08,Executive Wing,workspace,15,2026-07-30 12:15:00,8,53.3
ZN-08,Executive Wing,workspace,15,2026-07-30 12:30:00,10,66.7
ZN-08,Executive Wing,workspace,15,2026-07-30 12:45:00,8,53.3
ZN-08,Executive Wing,workspace,15,2026-07-30 13:00:00,9,60.0
ZN-08,Executive Wing,workspace,15,2026-07-30 13:15:00,9,60.0
ZN-08,Executive Wing,workspace,15,2026-07-30 13:30:00,9,60.0
ZN-08,Executive Wing,workspace,15,2026-07-30 13:45:00,15,100.0
ZN-08,Executive Wing,workspace,15,2026-07-30 14:00:00,12,80.0
ZN-08,Executive Wing,workspace,15,2026-07-30 14:15:00,15,100.0
ZN-08,Executive Wing,workspace,15,2026-07-30 14:30:00,14,93.3
ZN-08,Executive Wing,workspace,15,2026-07-30 14:45:00,15,100.0
ZN-08,Executive Wing,workspace,15,2026-07-30 15:00:00,11,73.3
ZN-08,Executive Wing,workspace,15,2026-07-30 15:15:00,7,46.7
ZN-08,Executive Wing,workspace,15,2026-07-30 15:30:00,6,40.0
ZN-08,Executive Wing,workspace,15,2026-07-30 15:45:00,4,26.7
ZN-08,Executive Wing,workspace,15,2026-07-30 16:00:00,5,33.3
ZN-08,Executive Wing,workspace,15,2026-07-30 16:15:00,2,13.3
ZN-08,Executive Wing,workspace,15,2026-07-30 16:30:00,0,0.0
ZN-08,Executive Wing,workspace,15,2026-07-30 16:45:00,0,0.0
ZN-08,Executive Wing,workspace,15,2026-07-30 17:00:00,0,0.0
ZN-08,Executive Wing,workspace,15,2026-07-30 17:15:00,0,0.0
ZN-08,Executive Wing,workspace,15,2026-07-30 17:30:00,0,0.0
ZN-08,Executive Wing,workspace,15,2026-07-30 17:45:00,0,0.0
ZN-08,Executive Wing,workspace,15,2026-07-30 18:00:00,0,0.0
ZN-08,Executive Wing,workspace,15,2026-07-30 18:15:00,0,0.0
ZN-08,Executive Wing,workspace,15,2026-07-30 18:30:00,0,0.0
ZN-08,Executive Wing,workspace,15,2026-07-30 18:45:00,0,0.0
ZN-08,Executive Wing,workspace,15,2026-07-30 19:00:00,0,0.0
ZN-08,Executive Wing,workspace,15,2026-07-30 19:15:00,0,0.0
ZN-08,Executive Wing,workspace,15,2026-07-30 19:30:00,0,0.0
ZN-08,Executive Wing,workspace,15,2026-07-30 19:45:00,0,0.0
ZN-08,Executive Wing,workspace,15,2026-07-30 20:00:00,0,0.0
ZN-08,Executive Wing,workspace,15,2026-07-30 20:15:00,0,0.0
ZN-08,Executive Wing,workspace,15,2026-07-30 20:30:00,0,0.0
ZN-08,Executive Wing,workspace,15,2026-07-30 20:45:00,0,0.0
ZN-08,Executive Wing,workspace,15,2026-07-30 21:00:00,0,0.0
ZN-08,Executive Wing,workspace,15,2026-07-30 21:15:00,1,6.7
ZN-08,Executive Wing,workspace,15,2026-07-30 21:30:00,1,6.7
ZN-08,Executive Wing,workspace,15,2026-07-30 21:45:00,0,0.0
ZN-08,Executive Wing,workspace,15,2026-07-30 22:00:00,0,0.0
ZN-08,Executive Wing,workspace,15,2026-07-30 22:15:00,0,0.0
ZN-08,Executive Wing,workspace,15,2026-07-30 22:30:00,0,0.0
ZN-08,Executive Wing,workspace,15,2026-07-30 22:45:00,1,6.7
ZN-08,Executive Wing,workspace,15,2026-07-30 23:00:00,0,0.0
ZN-08,Executive Wing,workspace,15,2026-07-30 23:15:00,1,6.7
ZN-08,Executive Wing,workspace,15,2026-07-30 23:30:00,1,6.7
ZN-08,Executive Wing,workspace,15,2026-07-30 23:45:00,1,6.7
ZN-08,Executive Wing,workspace,15,2026-07-31 00:00:00,1,6.7
ZN-08,Executive Wing,workspace,15,2026-07-31 00:15:00,0,0.0
ZN-08,Executive Wing,workspace,15,2026-07-31 00:30:00,2,13.3
ZN-08,Executive Wing,workspace,15,2026-07-31 00:45:00,0,0.0
ZN-08,Executive Wing,workspace,15,2026-07-31 01:00:00,0,0.0
ZN-08,Executive Wing,workspace,15,2026-07-31 01:15:00,1,6.7
ZN-08,Executive Wing,workspace,15,2026-07-31 01:30:00,1,6.7
ZN-08,Executive Wing,workspace,15,2026-07-31 01:45:00,1,6.7
ZN-08,Executive Wing,workspace,15,2026-07-31 02:00:00,0,0.0
ZN-08,Executive Wing,workspace,15,2026-07-31 02:15:00,0,0.0
ZN-08,Executive Wing,workspace,15,2026-07-31 02:30:00,0,0.0
ZN-08,Executive Wing,workspace,15,2026-07-31 02:45:00,0,0.0
ZN-08,Executive Wing,workspace,15,2026-07-31 03:00:00,1,6.7
ZN-08,Executive Wing,workspace,15,2026-07-31 03:15:00,0,0.0
ZN-08,Executive Wing,workspace,15,2026-07-31 03:30:00,0,0.0
ZN-08,Executive Wing,workspace,15,2026-07-31 03:45:00,2,13.3
ZN-08,Executive Wing,workspace,15,2026-07-31 04:00:00,1,6.7
ZN-08,Executive Wing,workspace,15,2026-07-31 04:15:00,0,0.0
ZN-08,Executive Wing,workspace,15,2026-07-31 04:30:00,0,0.0
ZN-08,Executive Wing,workspace,15,2026-07-31 04:45:00,0,0.0
ZN-08,Executive Wing,workspace,15,2026-07-31 05:00:00,0,0.0
ZN-08,Executive Wing,workspace,15,2026-07-31 05:15:00,0,0.0
ZN-08,Executive Wing,workspace,15,2026-07-31 05:30:00,0,0.0
ZN-08,Executive Wing,workspace,15,2026-07-31 05:45:00,6,40.0
ZN-08,Executive Wing,workspace,15,2026-07-31 06:00:00,13,86.7
ZN-08,Executive Wing,workspace,15,2026-07-31 06:15:00,12,80.0
ZN-08,Executive Wing,workspace,15,2026-07-31 06:30:00,14,93.3
ZN-08,Executive Wing,workspace,15,2026-07-31 06:45:00,15,100.0
ZN-08,Executive Wing,workspace,15,2026-07-31 07:00:00,15,100.0
ZN-08,Executive Wing,workspace,15,2026-07-31 07:15:00,14,93.3
ZN-08,Executive Wing,workspace,15,2026-07-31 07:30:00,15,100.0
ZN-08,Executive Wing,workspace,15,2026-07-31 07:45:00,13,86.7
ZN-08,Executive Wing,workspace,15,2026-07-31 08:00:00,13,86.7
ZN-08,Executive Wing,workspace,15,2026-07-31 08:15:00,13,86.7
ZN-08,Executive Wing,workspace,15,2026-07-31 08:30:00,13,86.7
ZN-08,Executive Wing,workspace,15,2026-07-31 08:45:00,13,86.7
ZN-08,Executive Wing,workspace,15,2026-07-31 09:00:00,14,93.3
ZN-08,Executive Wing,workspace,15,2026-07-31 09:15:00,14,93.3
ZN-08,Executive Wing,workspace,15,2026-07-31 09:30:00,14,93.3
ZN-08,Executive Wing,workspace,15,2026-07-31 09:45:00,12,80.0
ZN-08,Executive Wing,workspace,15,2026-07-31 10:00:00,13,86.7
ZN-08,Executive Wing,workspace,15,2026-07-31 10:15:00,9,60.0
ZN-08,Executive Wing,workspace,15,2026-07-31 10:30:00,3,20.0
ZN-08,Executive Wing,workspace,15,2026-07-31 10:45:00,5,33.3
ZN-08,Executive Wing,workspace,15,2026-07-31 11:00:00,12,80.0
ZN-08,Executive Wing,workspace,15,2026-07-31 11:15:00,12,80.0
ZN-08,Executive Wing,workspace,15,2026-07-31 11:30:00,11,73.3
ZN-08,Executive Wing,workspace,15,2026-07-31 11:45:00,14,93.3
ZN-08,Executive Wing,workspace,15,2026-07-31 12:00:00,9,60.0
ZN-08,Executive Wing,workspace,15,2026-07-31 12:15:00,9,60.0
ZN-08,Executive Wing,workspace,15,2026-07-31 12:30:00,9,60.0
ZN-08,Executive Wing,workspace,15,2026-07-31 12:45:00,8,53.3
ZN-08,Executive Wing,workspace,15,2026-07-31 13:00:00,9,60.0
ZN-08,Executive Wing,workspace,15,2026-07-31 13:15:00,10,66.7
ZN-08,Executive Wing,workspace,15,2026-07-31 13:30:00,10,66.7
ZN-08,Executive Wing,workspace,15,2026-07-31 13:45:00,14,93.3
ZN-08,Executive Wing,workspace,15,2026-07-31 14:00:00,15,100.0
ZN-08,Executive Wing,workspace,15,2026-07-31 14:15:00,15,100.0
ZN-08,Executive Wing,workspace,15,2026-07-31 14:30:00,15,100.0
ZN-08,Executive Wing,workspace,15,2026-07-31 14:45:00,14,93.3
ZN-08,Executive Wing,workspace,15,2026-07-31 15:00:00,11,73.3
ZN-08,Executive Wing,workspace,15,2026-07-31 15:15:00,8,53.3
ZN-08,Executive Wing,workspace,15,2026-07-31 15:30:00,5,33.3
ZN-08,Executive Wing,workspace,15,2026-07-31 15:45:00,3,20.0
ZN-08,Executive Wing,workspace,15,2026-07-31 16:00:00,5,33.3
ZN-08,Executive Wing,workspace,15,2026-07-31 16:15:00,0,0.0
ZN-08,Executive Wing,workspace,15,2026-07-31 16:30:00,0,0.0
ZN-08,Executive Wing,workspace,15,2026-07-31 16:45:00,2,13.3
ZN-08,Executive Wing,workspace,15,2026-07-31 17:00:00,0,0.0
ZN-08,Executive Wing,workspace,15,2026-07-31 17:15:00,0,0.0
ZN-08,Executive Wing,workspace,15,2026-07-31 17:30:00,0,0.0
ZN-08,Executive Wing,workspace,15,2026-07-31 17:45:00,0,0.0
ZN-08,Executive Wing,workspace,15,2026-07-31 18:00:00,0,0.0
ZN-08,Executive Wing,workspace,15,2026-07-31 18:15:00,0,0.0
ZN-08,Executive Wing,workspace,15,2026-07-31 18:30:00,0,0.0
ZN-08,Executive Wing,workspace,15,2026-07-31 18:45:00,0,0.0
ZN-08,Executive Wing,workspace,15,2026-07-31 19:00:00,0,0.0
ZN-08,Executive Wing,workspace,15,2026-07-31 19:15:00,0,0.0
ZN-08,Executive Wing,workspace,15,2026-07-31 19:30:00,0,0.0
ZN-08,Executive Wing,workspace,15,2026-07-31 19:45:00,2,13.3
ZN-08,Executive Wing,workspace,15,2026-07-31 20:00:00,0,0.0
ZN-08,Executive Wing,workspace,15,2026-07-31 20:15:00,2,13.3
ZN-08,Executive Wing,workspace,15,2026-07-31 20:30:00,1,6.7
ZN-08,Executive Wing,workspace,15,2026-07-31 20:45:00,0,0.0
ZN-08,Executive Wing,workspace,15,2026-07-31 21:00:00,0,0.0
ZN-08,Executive Wing,workspace,15,2026-07-31 21:15:00,0,0.0
ZN-08,Executive Wing,workspace,15,2026-07-31 21:30:00,0,0.0
ZN-08,Executive Wing,workspace,15,2026-07-31 21:45:00,0,0.0
ZN-08,Executive Wing,workspace,15,2026-07-31 22:00:00,0,0.0
ZN-08,Executive Wing,workspace,15,2026-07-31 22:15:00,0,0.0
ZN-08,Executive Wing,workspace,15,2026-07-31 22:30:00,0,0.0
ZN-08,Executive Wing,workspace,15,2026-07-31 22:45:00,0,0.0
ZN-08,Executive Wing,workspace,15,2026-07-31 23:00:00,0,0.0
ZN-08,Executive Wing,workspace,15,2026-07-31 23:15:00,0,0.0
ZN-08,Executive Wing,workspace,15,2026-07-31 23:30:00,0,0.0
ZN-08,Executive Wing,workspace,15,2026-07-31 23:45:00,0,0.0
ZN-08,Executive Wing,workspace,15,2026-08-01 00:00:00,0,0.0
ZN-08,Executive Wing,workspace,15,2026-08-01 00:15:00,0,0.0
ZN-08,Executive Wing,workspace,15,2026-08-01 00:30:00,1,6.7
ZN-08,Executive Wing,workspace,15,2026-08-01 00:45:00,1,6.7
ZN-08,Executive Wing,workspace,15,2026-08-01 01:00:00,1,6.7
ZN-08,Executive Wing,workspace,15,2026-08-01 01:15:00,2,13.3
ZN-08,Executive Wing,workspace,15,2026-08-01 01:30:00,2,13.3
ZN-08,Executive Wing,workspace,15,2026-08-01 01:45:00,0,0.0
ZN-08,Executive Wing,workspace,15,2026-08-01 02:00:00,1,6.7
ZN-08,Executive Wing,workspace,15,2026-08-01 02:15:00,2,13.3
ZN-08,Executive Wing,workspace,15,2026-08-01 02:30:00,1,6.7
ZN-08,Executive Wing,workspace,15,2026-08-01 02:45:00,0,0.0
ZN-08,Executive Wing,workspace,15,2026-08-01 03:00:00,0,0.0
ZN-08,Executive Wing,workspace,15,2026-08-01 03:15:00,0,0.0
ZN-08,Executive Wing,workspace,15,2026-08-01 03:30:00,0,0.0
ZN-08,Executive Wing,workspace,15,2026-08-01 03:45:00,0,0.0
ZN-08,Executive Wing,workspace,15,2026-08-01 04:00:00,0,0.0
ZN-08,Executive Wing,workspace,15,2026-08-01 04:15:00,0,0.0
ZN-08,Executive Wing,workspace,15,2026-08-01 04:30:00,0,0.0
ZN-08,Executive Wing,workspace,15,2026-08-01 04:45:00,0,0.0
ZN-08,Executive Wing,workspace,15,2026-08-01 05:00:00,1,6.7
ZN-08,Executive Wing,workspace,15,2026-08-01 05:15:00,0,0.0
ZN-08,Executive Wing,workspace,15,2026-08-01 05:30:00,0,0.0
ZN-08,Executive Wing,workspace,15,2026-08-01 05:45:00,0,0.0
ZN-08,Executive Wing,workspace,15,2026-08-01 06:00:00,1,6.7
ZN-08,Executive Wing,workspace,15,2026-08-01 06:15:00,0,0.0
ZN-08,Executive Wing,workspace,15,2026-08-01 06:30:00,1,6.7
ZN-08,Executive Wing,workspace,15,2026-08-01 06:45:00,1,6.7
ZN-08,Executive Wing,workspace,15,2026-08-01 07:00:00,0,0.0
ZN-08,Executive Wing,workspace,15,2026-08-01 07:15:00,0,0.0
ZN-08,Executive Wing,workspace,15,2026-08-01 07:30:00,1,6.7
ZN-08,Executive Wing,workspace,15,2026-08-01 07:45:00,0,0.0
ZN-08,Executive Wing,workspace,15,2026-08-01 08:00:00,2,13.3
ZN-08,Executive Wing,workspace,15,2026-08-01 08:15:00,0,0.0
ZN-08,Executive Wing,workspace,15,2026-08-01 08:30:00,1,6.7
ZN-08,Executive Wing,workspace,15,2026-08-01 08:45:00,1,6.7
ZN-08,Executive Wing,workspace,15,2026-08-01 09:00:00,0,0.0
ZN-08,Executive Wing,workspace,15,2026-08-01 09:15:00,1,6.7
ZN-08,Executive Wing,workspace,15,2026-08-01 09:30:00,2,13.3
ZN-08,Executive Wing,workspace,15,2026-08-01 09:45:00,0,0.0
ZN-08,Executive Wing,workspace,15,2026-08-01 10:00:00,0,0.0
ZN-08,Executive Wing,workspace,15,2026-08-01 10:15:00,0,0.0
ZN-08,Executive Wing,workspace,15,2026-08-01 10:30:00,1,6.7
ZN-08,Executive Wing,workspace,15,2026-08-01 10:45:00,1,6.7
ZN-08,Executive Wing,workspace,15,2026-08-01 11:00:00,1,6.7
ZN-08,Executive Wing,workspace,15,2026-08-01 11:15:00,1,6.7
ZN-08,Executive Wing,workspace,15,2026-08-01 11:30:00,1,6.7
ZN-08,Executive Wing,workspace,15,2026-08-01 11:45:00,0,0.0
ZN-08,Executive Wing,workspace,15,2026-08-01 12:00:00,0,0.0
ZN-08,Executive Wing,workspace,15,2026-08-01 12:15:00,0,0.0
ZN-08,Executive Wing,workspace,15,2026-08-01 12:30:00,0,0.0
ZN-08,Executive Wing,workspace,15,2026-08-01 12:45:00,1,6.7
ZN-08,Executive Wing,workspace,15,2026-08-01 13:00:00,0,0.0
ZN-08,Executive Wing,workspace,15,2026-08-01 13:15:00,1,6.7
ZN-08,Executive Wing,workspace,15,2026-08-01 13:30:00,1,6.7
ZN-08,Executive Wing,workspace,15,2026-08-01 13:45:00,1,6.7
ZN-08,Executive Wing,workspace,15,2026-08-01 14:00:00,0,0.0
ZN-08,Executive Wing,workspace,15,2026-08-01 14:15:00,2,13.3
ZN-08,Executive Wing,workspace,15,2026-08-01 14:30:00,0,0.0
ZN-08,Executive Wing,workspace,15,2026-08-01 14:45:00,0,0.0
ZN-08,Executive Wing,workspace,15,2026-08-01 15:00:00,0,0.0
ZN-08,Executive Wing,workspace,15,2026-08-01 15:15:00,1,6.7
ZN-08,Executive Wing,workspace,15,2026-08-01 15:30:00,1,6.7
ZN-08,Executive Wing,workspace,15,2026-08-01 15:45:00,0,0.0
ZN-08,Executive Wing,workspace,15,2026-08-01 16:00:00,1,6.7
ZN-08,Executive Wing,workspace,15,2026-08-01 16:15:00,1,6.7
ZN-08,Executive Wing,workspace,15,2026-08-01 16:30:00,0,0.0
ZN-08,Executive Wing,workspace,15,2026-08-01 16:45:00,0,0.0
ZN-08,Executive Wing,workspace,15,2026-08-01 17:00:00,0,0.0
ZN-08,Executive Wing,workspace,15,2026-08-01 17:15:00,1,6.7
ZN-08,Executive Wing,workspace,15,2026-08-01 17:30:00,2,13.3
ZN-08,Executive Wing,workspace,15,2026-08-01 17:45:00,1,6.7
ZN-08,Executive Wing,workspace,15,2026-08-01 18:00:00,1,6.7
ZN-08,Executive Wing,workspace,15,2026-08-01 18:15:00,1,6.7
ZN-08,Executive Wing,workspace,15,2026-08-01 18:30:00,1,6.7
ZN-08,Executive Wing,workspace,15,2026-08-01 18:45:00,0,0.0
ZN-08,Executive Wing,workspace,15,2026-08-01 19:00:00,1,6.7
ZN-08,Executive Wing,workspace,15,2026-08-01 19:15:00,1,6.7
ZN-08,Executive Wing,workspace,15,2026-08-01 19:30:00,0,0.0
ZN-08,Executive Wing,workspace,15,2026-08-01 19:45:00,1,6.7
ZN-08,Executive Wing,workspace,15,2026-08-01 20:00:00,2,13.3
ZN-08,Executive Wing,workspace,15,2026-08-01 20:15:00,0,0.0
ZN-08,Executive Wing,workspace,15,2026-08-01 20:30:00,0,0.0
ZN-08,Executive Wing,workspace,15,2026-08-01 20:45:00,1,6.7
ZN-08,Executive Wing,workspace,15,2026-08-01 21:00:00,0,0.0
ZN-08,Executive Wing,workspace,15,2026-08-01 21:15:00,0,0.0
ZN-08,Executive Wing,workspace,15,2026-08-01 21:30:00,2,13.3
ZN-08,Executive Wing,workspace,15,2026-08-01 21:45:00,0,0.0
ZN-08,Executive Wing,workspace,15,2026-08-01 22:00:00,0,0.0
ZN-08,Executive Wing,workspace,15,2026-08-01 22:15:00,0,0.0
ZN-08,Executive Wing,workspace,15,2026-08-01 22:30:00,2,13.3
ZN-08,Executive Wing,workspace,15,2026-08-01 22:45:00,1,6.7
ZN-08,Executive Wing,workspace,15,2026-08-01 23:00:00,1,6.7
ZN-08,Executive Wing,workspace,15,2026-08-01 23:15:00,1,6.7
ZN-08,Executive Wing,workspace,15,2026-08-01 23:30:00,0,0.0
ZN-08,Executive Wing,workspace,15,2026-08-01 23:45:00,1,6.7
ZN-08,Executive Wing,workspace,15,2026-08-02 00:00:00,0,0.0
ZN-08,Executive Wing,workspace,15,2026-08-02 00:15:00,1,6.7
ZN-08,Executive Wing,workspace,15,2026-08-02 00:30:00,1,6.7
ZN-08,Executive Wing,workspace,15,2026-08-02 00:45:00,1,6.7
ZN-08,Executive Wing,workspace,15,2026-08-02 01:00:00,0,0.0
ZN-08,Executive Wing,workspace,15,2026-08-02 01:15:00,1,6.7
ZN-08,Executive Wing,workspace,15,2026-08-02 01:30:00,1,6.7
ZN-08,Executive Wing,workspace,15,2026-08-02 01:45:00,2,13.3
ZN-08,Executive Wing,workspace,15,2026-08-02 02:00:00,1,6.7
ZN-08,Executive Wing,workspace,15,2026-08-02 02:15:00,0,0.0
ZN-08,Executive Wing,workspace,15,2026-08-02 02:30:00,0,0.0
ZN-08,Executive Wing,workspace,15,2026-08-02 02:45:00,0,0.0
ZN-08,Executive Wing,workspace,15,2026-08-02 03:00:00,0,0.0
ZN-08,Executive Wing,workspace,15,2026-08-02 03:15:00,0,0.0
ZN-08,Executive Wing,workspace,15,2026-08-02 03:30:00,1,6.7
ZN-08,Executive Wing,workspace,15,2026-08-02 03:45:00,0,0.0
ZN-08,Executive Wing,workspace,15,2026-08-02 04:00:00,1,6.7
ZN-08,Executive Wing,workspace,15,2026-08-02 04:15:00,0,0.0
ZN-08,Executive Wing,workspace,15,2026-08-02 04:30:00,2,13.3
ZN-08,Executive Wing,workspace,15,2026-08-02 04:45:00,0,0.0
ZN-08,Executive Wing,workspace,15,2026-08-02 05:00:00,1,6.7
ZN-08,Executive Wing,workspace,15,2026-08-02 05:15:00,1,6.7
ZN-08,Executive Wing,workspace,15,2026-08-02 05:30:00,0,0.0
ZN-08,Executive Wing,workspace,15,2026-08-02 05:45:00,0,0.0
ZN-08,Executive Wing,workspace,15,2026-08-02 06:00:00,0,0.0
ZN-08,Executive Wing,workspace,15,2026-08-02 06:15:00,1,6.7
ZN-08,Executive Wing,workspace,15,2026-08-02 06:30:00,0,0.0
ZN-08,Executive Wing,workspace,15,2026-08-02 06:45:00,1,6.7
ZN-08,Executive Wing,workspace,15,2026-08-02 07:00:00,1,6.7
ZN-08,Executive Wing,workspace,15,2026-08-02 07:15:00,0,0.0
ZN-08,Executive Wing,workspace,15,2026-08-02 07:30:00,1,6.7
ZN-08,Executive Wing,workspace,15,2026-08-02 07:45:00,0,0.0
ZN-08,Executive Wing,workspace,15,2026-08-02 08:00:00,0,0.0
ZN-08,Executive Wing,workspace,15,2026-08-02 08:15:00,0,0.0
ZN-08,Executive Wing,workspace,15,2026-08-02 08:30:00,0,0.0
ZN-08,Executive Wing,workspace,15,2026-08-02 08:45:00,1,6.7
ZN-08,Executive Wing,workspace,15,2026-08-02 09:00:00,1,6.7
ZN-08,Executive Wing,workspace,15,2026-08-02 09:15:00,1,6.7
ZN-08,Executive Wing,workspace,15,2026-08-02 09:30:00,1,6.7
ZN-08,Executive Wing,workspace,15,2026-08-02 09:45:00,0,0.0
ZN-08,Executive Wing,workspace,15,2026-08-02 10:00:00,0,0.0
ZN-08,Executive Wing,workspace,15,2026-08-02 10:15:00,2,13.3
ZN-08,Executive Wing,workspace,15,2026-08-02 10:30:00,0,0.0
ZN-08,Executive Wing,workspace,15,2026-08-02 10:45:00,0,0.0
ZN-08,Executive Wing,workspace,15,2026-08-02 11:00:00,0,0.0
ZN-08,Executive Wing,workspace,15,2026-08-02 11:15:00,0,0.0
ZN-08,Executive Wing,workspace,15,2026-08-02 11:30:00,1,6.7
ZN-08,Executive Wing,workspace,15,2026-08-02 11:45:00,0,0.0
ZN-08,Executive Wing,workspace,15,2026-08-02 12:00:00,0,0.0
ZN-08,Executive Wing,workspace,15,2026-08-02 12:15:00,0,0.0
ZN-08,Executive Wing,workspace,15,2026-08-02 12:30:00,0,0.0
ZN-08,Executive Wing,workspace,15,2026-08-02 12:45:00,0,0.0
ZN-08,Executive Wing,workspace,15,2026-08-02 13:00:00,0,0.0
ZN-08,Executive Wing,workspace,15,2026-08-02 13:15:00,1,6.7
ZN-08,Executive Wing,workspace,15,2026-08-02 13:30:00,2,13.3
ZN-08,Executive Wing,workspace,15,2026-08-02 13:45:00,0,0.0
ZN-08,Executive Wing,workspace,15,2026-08-02 14:00:00,1,6.7
ZN-08,Executive Wing,workspace,15,2026-08-02 14:15:00,2,13.3
ZN-08,Executive Wing,workspace,15,2026-08-02 14:30:00,0,0.0
ZN-08,Executive Wing,workspace,15,2026-08-02 14:45:00,1,6.7
ZN-08,Executive Wing,workspace,15,2026-08-02 15:00:00,1,6.7
ZN-08,Executive Wing,workspace,15,2026-08-02 15:15:00,0,0.0
ZN-08,Executive Wing,workspace,15,2026-08-02 15:30:00,0,0.0
ZN-08,Executive Wing,workspace,15,2026-08-02 15:45:00,1,6.7
ZN-08,Executive Wing,workspace,15,2026-08-02 16:00:00,1,6.7
ZN-08,Executive Wing,workspace,15,2026-08-02 16:15:00,0,0.0
ZN-08,Executive Wing,workspace,15,2026-08-02 16:30:00,1,6.7
ZN-08,Executive Wing,workspace,15,2026-08-02 16:45:00,0,0.0
ZN-08,Executive Wing,workspace,15,2026-08-02 17:00:00,1,6.7
ZN-08,Executive Wing,workspace,15,2026-08-02 17:15:00,1,6.7
ZN-08,Executive Wing,workspace,15,2026-08-02 17:30:00,0,0.0
ZN-08,Executive Wing,workspace,15,2026-08-02 17:45:00,2,13.3
ZN-08,Executive Wing,workspace,15,2026-08-02 18:00:00,2,13.3
ZN-08,Executive Wing,workspace,15,2026-08-02 18:15:00,0,0.0
ZN-08,Executive Wing,workspace,15,2026-08-02 18:30:00,1,6.7
ZN-08,Executive Wing,workspace,15,2026-08-02 18:45:00,0,0.0
ZN-08,Executive Wing,workspace,15,2026-08-02 19:00:00,1,6.7
ZN-08,Executive Wing,workspace,15,2026-08-02 19:15:00,0,0.0
ZN-08,Executive Wing,workspace,15,2026-08-02 19:30:00,1,6.7
ZN-08,Executive Wing,workspace,15,2026-08-02 19:45:00,0,0.0
ZN-08,Executive Wing,workspace,15,2026-08-02 20:00:00,1,6.7
ZN-08,Executive Wing,workspace,15,2026-08-02 20:15:00,2,13.3
ZN-08,Executive Wing,workspace,15,2026-08-02 20:30:00,1,6.7
ZN-08,Executive Wing,workspace,15,2026-08-02 20:45:00,1,6.7
ZN-08,Executive Wing,workspace,15,2026-08-02 21:00:00,0,0.0
ZN-08,Executive Wing,workspace,15,2026-08-02 21:15:00,0,0.0
ZN-08,Executive Wing,workspace,15,2026-08-02 21:30:00,2,13.3
ZN-08,Executive Wing,workspace,15,2026-08-02 21:45:00,2,13.3
ZN-08,Executive Wing,workspace,15,2026-08-02 22:00:00,2,13.3
ZN-08,Executive Wing,workspace,15,2026-08-02 22:15:00,1,6.7
ZN-08,Executive Wing,workspace,15,2026-08-02 22:30:00,1,6.7
ZN-08,Executive Wing,workspace,15,2026-08-02 22:45:00,3,20.0
ZN-08,Executive Wing,workspace,15,2026-08-02 23:00:00,0,0.0
ZN-08,Executive Wing,workspace,15,2026-08-02 23:15:00,0,0.0
ZN-08,Executive Wing,workspace,15,2026-08-02 23:30:00,0,0.0
ZN-08,Executive Wing,workspace,15,2026-08-02 23:45:00,0,0.0
ZN-08,Executive Wing,workspace,15,2026-08-03 00:00:00,0,0.0
ZN-08,Executive Wing,workspace,15,2026-08-03 00:15:00,0,0.0
ZN-08,Executive Wing,workspace,15,2026-08-03 00:30:00,0,0.0
ZN-08,Executive Wing,workspace,15,2026-08-03 00:45:00,2,13.3
ZN-08,Executive Wing,workspace,15,2026-08-03 01:00:00,1,6.7
ZN-08,Executive Wing,workspace,15,2026-08-03 01:15:00,1,6.7
ZN-08,Executive Wing,workspace,15,2026-08-03 01:30:00,0,0.0
ZN-08,Executive Wing,workspace,15,2026-08-03 01:45:00,0,0.0
ZN-08,Executive Wing,workspace,15,2026-08-03 02:00:00,0,0.0
ZN-08,Executive Wing,workspace,15,2026-08-03 02:15:00,0,0.0
ZN-08,Executive Wing,workspace,15,2026-08-03 02:30:00,2,13.3
ZN-08,Executive Wing,workspace,15,2026-08-03 02:45:00,0,0.0
ZN-08,Executive Wing,workspace,15,2026-08-03 03:00:00,0,0.0
ZN-08,Executive Wing,workspace,15,2026-08-03 03:15:00,0,0.0
ZN-08,Executive Wing,workspace,15,2026-08-03 03:30:00,0,0.0
ZN-08,Executive Wing,workspace,15,2026-08-03 03:45:00,0,0.0
ZN-08,Executive Wing,workspace,15,2026-08-03 04:00:00,0,0.0
ZN-08,Executive Wing,workspace,15,2026-08-03 04:15:00,1,6.7
ZN-08,Executive Wing,workspace,15,2026-08-03 04:30:00,0,0.0
ZN-08,Executive Wing,workspace,15,2026-08-03 04:45:00,1,6.7
ZN-08,Executive Wing,workspace,15,2026-08-03 05:00:00,0,0.0
ZN-08,Executive Wing,workspace,15,2026-08-03 05:15:00,0,0.0
ZN-08,Executive Wing,workspace,15,2026-08-03 05:30:00,1,6.7
ZN-08,Executive Wing,workspace,15,2026-08-03 05:45:00,5,33.3
ZN-08,Executive Wing,workspace,15,2026-08-03 06:00:00,12,80.0
ZN-08,Executive Wing,workspace,15,2026-08-03 06:15:00,14,93.3
ZN-08,Executive Wing,workspace,15,2026-08-03 06:30:00,14,93.3
ZN-08,Executive Wing,workspace,15,2026-08-03 06:45:00,14,93.3
ZN-08,Executive Wing,workspace,15,2026-08-03 07:00:00,14,93.3
ZN-08,Executive Wing,workspace,15,2026-08-03 07:15:00,15,100.0
ZN-08,Executive Wing,workspace,15,2026-08-03 07:30:00,15,100.0
ZN-08,Executive Wing,workspace,15,2026-08-03 07:45:00,15,100.0
ZN-08,Executive Wing,workspace,15,2026-08-03 08:00:00,13,86.7
ZN-08,Executive Wing,workspace,15,2026-08-03 08:15:00,14,93.3
ZN-08,Executive Wing,workspace,15,2026-08-03 08:30:00,14,93.3
ZN-08,Executive Wing,workspace,15,2026-08-03 08:45:00,15,100.0
ZN-08,Executive Wing,workspace,15,2026-08-03 09:00:00,13,86.7
ZN-08,Executive Wing,workspace,15,2026-08-03 09:15:00,15,100.0
ZN-08,Executive Wing,workspace,15,2026-08-03 09:30:00,15,100.0
ZN-08,Executive Wing,workspace,15,2026-08-03 09:45:00,10,66.7
ZN-08,Executive Wing,workspace,15,2026-08-03 10:00:00,12,80.0
ZN-08,Executive Wing,workspace,15,2026-08-03 10:15:00,9,60.0
ZN-08,Executive Wing,workspace,15,2026-08-03 10:30:00,5,33.3
ZN-08,Executive Wing,workspace,15,2026-08-03 10:45:00,4,26.7
ZN-08,Executive Wing,workspace,15,2026-08-03 11:00:00,13,86.7
ZN-08,Executive Wing,workspace,15,2026-08-03 11:15:00,11,73.3
ZN-08,Executive Wing,workspace,15,2026-08-03 11:30:00,13,86.7
ZN-08,Executive Wing,workspace,15,2026-08-03 11:45:00,14,93.3
ZN-08,Executive Wing,workspace,15,2026-08-03 12:00:00,7,46.7
ZN-08,Executive Wing,workspace,15,2026-08-03 12:15:00,10,66.7
ZN-08,Executive Wing,workspace,15,2026-08-03 12:30:00,11,73.3
ZN-08,Executive Wing,workspace,15,2026-08-03 12:45:00,10,66.7
ZN-08,Executive Wing,workspace,15,2026-08-03 13:00:00,8,53.3
ZN-08,Executive Wing,workspace,15,2026-08-03 13:15:00,10,66.7
ZN-08,Executive Wing,workspace,15,2026-08-03 13:30:00,11,73.3
ZN-08,Executive Wing,workspace,15,2026-08-03 13:45:00,13,86.7
ZN-08,Executive Wing,workspace,15,2026-08-03 14:00:00,15,100.0
ZN-08,Executive Wing,workspace,15,2026-08-03 14:15:00,15,100.0
ZN-08,Executive Wing,workspace,15,2026-08-03 14:30:00,15,100.0
ZN-08,Executive Wing,workspace,15,2026-08-03 14:45:00,14,93.3
ZN-08,Executive Wing,workspace,15,2026-08-03 15:00:00,13,86.7
ZN-08,Executive Wing,workspace,15,2026-08-03 15:15:00,7,46.7
ZN-08,Executive Wing,workspace,15,2026-08-03 15:30:00,5,33.3
ZN-08,Executive Wing,workspace,15,2026-08-03 15:45:00,7,46.7
ZN-08,Executive Wing,workspace,15,2026-08-03 16:00:00,4,26.7
ZN-08,Executive Wing,workspace,15,2026-08-03 16:15:00,1,6.7
ZN-08,Executive Wing,workspace,15,2026-08-03 16:30:00,0,0.0
ZN-08,Executive Wing,workspace,15,2026-08-03 16:45:00,0,0.0
ZN-08,Executive Wing,workspace,15,2026-08-03 17:00:00,0,0.0
ZN-08,Executive Wing,workspace,15,2026-08-03 17:15:00,0,0.0
ZN-08,Executive Wing,workspace,15,2026-08-03 17:30:00,0,0.0
ZN-08,Executive Wing,workspace,15,2026-08-03 17:45:00,0,0.0
ZN-08,Executive Wing,workspace,15,2026-08-03 18:00:00,2,13.3
ZN-08,Executive Wing,workspace,15,2026-08-03 18:15:00,1,6.7
ZN-08,Executive Wing,workspace,15,2026-08-03 18:30:00,0,0.0
ZN-08,Executive Wing,workspace,15,2026-08-03 18:45:00,0,0.0
ZN-08,Executive Wing,workspace,15,2026-08-03 19:00:00,0,0.0
ZN-08,Executive Wing,workspace,15,2026-08-03 19:15:00,0,0.0
ZN-08,Executive Wing,workspace,15,2026-08-03 19:30:00,1,6.7
ZN-08,Executive Wing,workspace,15,2026-08-03 19:45:00,1,6.7
ZN-08,Executive Wing,workspace,15,2026-08-03 20:00:00,0,0.0
ZN-08,Executive Wing,workspace,15,2026-08-03 20:15:00,0,0.0
ZN-08,Executive Wing,workspace,15,2026-08-03 20:30:00,0,0.0
ZN-08,Executive Wing,workspace,15,2026-08-03 20:45:00,0,0.0
ZN-08,Executive Wing,workspace,15,2026-08-03 21:00:00,0,0.0
ZN-08,Executive Wing,workspace,15,2026-08-03 21:15:00,0,0.0
ZN-08,Executive Wing,workspace,15,2026-08-03 21:30:00,0,0.0
ZN-08,Executive Wing,workspace,15,2026-08-03 21:45:00,2,13.3
ZN-08,Executive Wing,workspace,15,2026-08-03 22:00:00,0,0.0
ZN-08,Executive Wing,workspace,15,2026-08-03 22:15:00,0,0.0
ZN-08,Executive Wing,workspace,15,2026-08-03 22:30:00,0,0.0
ZN-08,Executive Wing,workspace,15,2026-08-03 22:45:00,2,13.3
ZN-08,Executive Wing,workspace,15,2026-08-03 23:00:00,0,0.0
ZN-08,Executive Wing,workspace,15,2026-08-03 23:15:00,0,0.0
ZN-08,Executive Wing,workspace,15,2026-08-03 23:30:00,0,0.0
ZN-08,Executive Wing,workspace,15,2026-08-03 23:45:00,0,0.0
ZN-08,Executive Wing,workspace,15,2026-08-04 00:00:00,0,0.0
ZN-08,Executive Wing,workspace,15,2026-08-04 00:15:00,0,0.0
ZN-08,Executive Wing,workspace,15,2026-08-04 00:30:00,1,6.7
ZN-08,Executive Wing,workspace,15,2026-08-04 00:45:00,0,0.0
ZN-08,Executive Wing,workspace,15,2026-08-04 01:00:00,0,0.0
ZN-08,Executive Wing,workspace,15,2026-08-04 01:15:00,0,0.0
ZN-08,Executive Wing,workspace,15,2026-08-04 01:30:00,1,6.7
ZN-08,Executive Wing,workspace,15,2026-08-04 01:45:00,1,6.7
ZN-08,Executive Wing,workspace,15,2026-08-04 02:00:00,0,0.0
ZN-08,Executive Wing,workspace,15,2026-08-04 02:15:00,0,0.0
ZN-08,Executive Wing,workspace,15,2026-08-04 02:30:00,0,0.0
ZN-08,Executive Wing,workspace,15,2026-08-04 02:45:00,1,6.7
ZN-08,Executive Wing,workspace,15,2026-08-04 03:00:00,1,6.7
ZN-08,Executive Wing,workspace,15,2026-08-04 03:15:00,0,0.0
ZN-08,Executive Wing,workspace,15,2026-08-04 03:30:00,0,0.0
ZN-08,Executive Wing,workspace,15,2026-08-04 03:45:00,0,0.0
ZN-08,Executive Wing,workspace,15,2026-08-04 04:00:00,0,0.0
ZN-08,Executive Wing,workspace,15,2026-08-04 04:15:00,0,0.0
ZN-08,Executive Wing,workspace,15,2026-08-04 04:30:00,1,6.7
ZN-08,Executive Wing,workspace,15,2026-08-04 04:45:00,1,6.7
ZN-08,Executive Wing,workspace,15,2026-08-04 05:00:00,1,6.7
ZN-08,Executive Wing,workspace,15,2026-08-04 05:15:00,2,13.3
ZN-08,Executive Wing,workspace,15,2026-08-04 05:30:00,1,6.7
ZN-08,Executive Wing,workspace,15,2026-08-04 05:45:00,5,33.3
ZN-08,Executive Wing,workspace,15,2026-08-04 06:00:00,13,86.7
ZN-08,Executive Wing,workspace,15,2026-08-04 06:15:00,15,100.0
ZN-08,Executive Wing,workspace,15,2026-08-04 06:30:00,14,93.3
ZN-08,Executive Wing,workspace,15,2026-08-04 06:45:00,14,93.3
ZN-08,Executive Wing,workspace,15,2026-08-04 07:00:00,15,100.0
ZN-08,Executive Wing,workspace,15,2026-08-04 07:15:00,15,100.0
ZN-08,Executive Wing,workspace,15,2026-08-04 07:30:00,15,100.0
ZN-08,Executive Wing,workspace,15,2026-08-04 07:45:00,14,93.3
ZN-08,Executive Wing,workspace,15,2026-08-04 08:00:00,14,93.3
ZN-08,Executive Wing,workspace,15,2026-08-04 08:15:00,13,86.7
ZN-08,Executive Wing,workspace,15,2026-08-04 08:30:00,13,86.7
ZN-08,Executive Wing,workspace,15,2026-08-04 08:45:00,13,86.7
ZN-08,Executive Wing,workspace,15,2026-08-04 09:00:00,14,93.3
ZN-08,Executive Wing,workspace,15,2026-08-04 09:15:00,14,93.3
ZN-08,Executive Wing,workspace,15,2026-08-04 09:30:00,13,86.7
ZN-08,Executive Wing,workspace,15,2026-08-04 09:45:00,12,80.0
ZN-08,Executive Wing,workspace,15,2026-08-04 10:00:00,11,73.3
ZN-08,Executive Wing,workspace,15,2026-08-04 10:15:00,10,66.7
ZN-08,Executive Wing,workspace,15,2026-08-04 10:30:00,4,26.7
ZN-08,Executive Wing,workspace,15,2026-08-04 10:45:00,6,40.0
ZN-08,Executive Wing,workspace,15,2026-08-04 11:00:00,13,86.7
ZN-08,Executive Wing,workspace,15,2026-08-04 11:15:00,11,73.3
ZN-08,Executive Wing,workspace,15,2026-08-04 11:30:00,14,93.3
ZN-08,Executive Wing,workspace,15,2026-08-04 11:45:00,13,86.7
ZN-08,Executive Wing,workspace,15,2026-08-04 12:00:00,7,46.7
ZN-08,Executive Wing,workspace,15,2026-08-04 12:15:00,7,46.7
ZN-08,Executive Wing,workspace,15,2026-08-04 12:30:00,7,46.7
ZN-08,Executive Wing,workspace,15,2026-08-04 12:45:00,11,73.3
ZN-08,Executive Wing,workspace,15,2026-08-04 13:00:00,9,60.0
ZN-08,Executive Wing,workspace,15,2026-08-04 13:15:00,11,73.3
ZN-08,Executive Wing,workspace,15,2026-08-04 13:30:00,11,73.3
ZN-08,Executive Wing,workspace,15,2026-08-04 13:45:00,15,100.0
ZN-08,Executive Wing,workspace,15,2026-08-04 14:00:00,15,100.0
ZN-08,Executive Wing,workspace,15,2026-08-04 14:15:00,14,93.3
ZN-08,Executive Wing,workspace,15,2026-08-04 14:30:00,15,100.0
ZN-08,Executive Wing,workspace,15,2026-08-04 14:45:00,15,100.0
ZN-08,Executive Wing,workspace,15,2026-08-04 15:00:00,11,73.3
ZN-08,Executive Wing,workspace,15,2026-08-04 15:15:00,6,40.0
ZN-08,Executive Wing,workspace,15,2026-08-04 15:30:00,5,33.3
ZN-08,Executive Wing,workspace,15,2026-08-04 15:45:00,5,33.3
ZN-08,Executive Wing,workspace,15,2026-08-04 16:00:00,5,33.3
ZN-08,Executive Wing,workspace,15,2026-08-04 16:15:00,1,6.7
ZN-08,Executive Wing,workspace,15,2026-08-04 16:30:00,1,6.7
ZN-08,Executive Wing,workspace,15,2026-08-04 16:45:00,1,6.7
ZN-08,Executive Wing,workspace,15,2026-08-04 17:00:00,0,0.0
ZN-08,Executive Wing,workspace,15,2026-08-04 17:15:00,0,0.0
ZN-08,Executive Wing,workspace,15,2026-08-04 17:30:00,1,6.7
ZN-08,Executive Wing,workspace,15,2026-08-04 17:45:00,0,0.0
ZN-08,Executive Wing,workspace,15,2026-08-04 18:00:00,1,6.7
ZN-08,Executive Wing,workspace,15,2026-08-04 18:15:00,0,0.0
ZN-08,Executive Wing,workspace,15,2026-08-04 18:30:00,1,6.7
ZN-08,Executive Wing,workspace,15,2026-08-04 18:45:00,0,0.0
ZN-08,Executive Wing,workspace,15,2026-08-04 19:00:00,0,0.0
ZN-08,Executive Wing,workspace,15,2026-08-04 19:15:00,0,0.0
ZN-08,Executive Wing,workspace,15,2026-08-04 19:30:00,0,0.0
ZN-08,Executive Wing,workspace,15,2026-08-04 19:45:00,0,0.0
ZN-08,Executive Wing,workspace,15,2026-08-04 20:00:00,0,0.0
ZN-08,Executive Wing,workspace,15,2026-08-04 20:15:00,1,6.7
ZN-08,Executive Wing,workspace,15,2026-08-04 20:30:00,2,13.3
ZN-08,Executive Wing,workspace,15,2026-08-04 20:45:00,1,6.7
ZN-08,Executive Wing,workspace,15,2026-08-04 21:00:00,0,0.0
ZN-08,Executive Wing,workspace,15,2026-08-04 21:15:00,0,0.0
ZN-08,Executive Wing,workspace,15,2026-08-04 21:30:00,0,0.0
ZN-08,Executive Wing,workspace,15,2026-08-04 21:45:00,0,0.0
ZN-08,Executive Wing,workspace,15,2026-08-04 22:00:00,1,6.7
ZN-08,Executive Wing,workspace,15,2026-08-04 22:15:00,1,6.7
ZN-08,Executive Wing,workspace,15,2026-08-04 22:30:00,2,13.3
ZN-08,Executive Wing,workspace,15,2026-08-04 22:45:00,1,6.7
ZN-08,Executive Wing,workspace,15,2026-08-04 23:00:00,0,0.0
ZN-08,Executive Wing,workspace,15,2026-08-04 23:15:00,0,0.0
ZN-08,Executive Wing,workspace,15,2026-08-04 23:30:00,0,0.0
ZN-08,Executive Wing,workspace,15,2026-08-04 23:45:00,1,6.7
ZN-08,Executive Wing,workspace,15,2026-08-05 00:00:00,0,0.0
ZN-08,Executive Wing,workspace,15,2026-08-05 00:15:00,0,0.0
ZN-08,Executive Wing,workspace,15,2026-08-05 00:30:00,0,0.0
ZN-08,Executive Wing,workspace,15,2026-08-05 00:45:00,0,0.0
ZN-08,Executive Wing,workspace,15,2026-08-05 01:00:00,0,0.0
ZN-08,Executive Wing,workspace,15,2026-08-05 01:15:00,0,0.0
ZN-08,Executive Wing,workspace,15,2026-08-05 01:30:00,0,0.0
ZN-08,Executive Wing,workspace,15,2026-08-05 01:45:00,3,20.0
ZN-08,Executive Wing,workspace,15,2026-08-05 02:00:00,0,0.0
ZN-08,Executive Wing,workspace,15,2026-08-05 02:15:00,1,6.7
ZN-08,Executive Wing,workspace,15,2026-08-05 02:30:00,0,0.0
ZN-08,Executive Wing,workspace,15,2026-08-05 02:45:00,1,6.7
ZN-08,Executive Wing,workspace,15,2026-08-05 03:00:00,1,6.7
ZN-08,Executive Wing,workspace,15,2026-08-05 03:15:00,0,0.0
ZN-08,Executive Wing,workspace,15,2026-08-05 03:30:00,0,0.0
ZN-08,Executive Wing,workspace,15,2026-08-05 03:45:00,0,0.0
ZN-08,Executive Wing,workspace,15,2026-08-05 04:00:00,0,0.0
ZN-08,Executive Wing,workspace,15,2026-08-05 04:15:00,0,0.0
ZN-08,Executive Wing,workspace,15,2026-08-05 04:30:00,0,0.0
ZN-08,Executive Wing,workspace,15,2026-08-05 04:45:00,1,6.7
ZN-08,Executive Wing,workspace,15,2026-08-05 05:00:00,0,0.0
ZN-08,Executive Wing,workspace,15,2026-08-05 05:15:00,1,6.7
ZN-08,Executive Wing,workspace,15,2026-08-05 05:30:00,0,0.0
ZN-08,Executive Wing,workspace,15,2026-08-05 05:45:00,7,46.7
ZN-08,Executive Wing,workspace,15,2026-08-05 06:00:00,13,86.7
ZN-08,Executive Wing,workspace,15,2026-08-05 06:15:00,13,86.7
ZN-08,Executive Wing,workspace,15,2026-08-05 06:30:00,13,86.7
ZN-08,Executive Wing,workspace,15,2026-08-05 06:45:00,15,100.0
ZN-08,Executive Wing,workspace,15,2026-08-05 07:00:00,15,100.0
ZN-08,Executive Wing,workspace,15,2026-08-05 07:15:00,14,93.3
ZN-08,Executive Wing,workspace,15,2026-08-05 07:30:00,15,100.0
ZN-08,Executive Wing,workspace,15,2026-08-05 07:45:00,13,86.7
ZN-08,Executive Wing,workspace,15,2026-08-05 08:00:00,15,100.0
ZN-08,Executive Wing,workspace,15,2026-08-05 08:15:00,15,100.0
ZN-08,Executive Wing,workspace,15,2026-08-05 08:30:00,13,86.7
ZN-08,Executive Wing,workspace,15,2026-08-05 08:45:00,14,93.3
ZN-08,Executive Wing,workspace,15,2026-08-05 09:00:00,13,86.7
ZN-08,Executive Wing,workspace,15,2026-08-05 09:15:00,13,86.7
ZN-08,Executive Wing,workspace,15,2026-08-05 09:30:00,13,86.7
ZN-08,Executive Wing,workspace,15,2026-08-05 09:45:00,12,80.0
ZN-08,Executive Wing,workspace,15,2026-08-05 10:00:00,10,66.7
ZN-08,Executive Wing,workspace,15,2026-08-05 10:15:00,9,60.0
ZN-08,Executive Wing,workspace,15,2026-08-05 10:30:00,4,26.7
ZN-08,Executive Wing,workspace,15,2026-08-05 10:45:00,4,26.7
ZN-08,Executive Wing,workspace,15,2026-08-05 11:00:00,13,86.7
ZN-08,Executive Wing,workspace,15,2026-08-05 11:15:00,11,73.3
ZN-08,Executive Wing,workspace,15,2026-08-05 11:30:00,13,86.7
ZN-08,Executive Wing,workspace,15,2026-08-05 11:45:00,13,86.7
ZN-08,Executive Wing,workspace,15,2026-08-05 12:00:00,7,46.7
ZN-08,Executive Wing,workspace,15,2026-08-05 12:15:00,9,60.0
ZN-08,Executive Wing,workspace,15,2026-08-05 12:30:00,8,53.3
ZN-08,Executive Wing,workspace,15,2026-08-05 12:45:00,7,46.7
ZN-08,Executive Wing,workspace,15,2026-08-05 13:00:00,7,46.7
ZN-08,Executive Wing,workspace,15,2026-08-05 13:15:00,9,60.0
ZN-08,Executive Wing,workspace,15,2026-08-05 13:30:00,9,60.0
ZN-08,Executive Wing,workspace,15,2026-08-05 13:45:00,15,100.0
ZN-08,Executive Wing,workspace,15,2026-08-05 14:00:00,15,100.0
ZN-08,Executive Wing,workspace,15,2026-08-05 14:15:00,15,100.0
ZN-08,Executive Wing,workspace,15,2026-08-05 14:30:00,15,100.0
ZN-08,Executive Wing,workspace,15,2026-08-05 14:45:00,14,93.3
ZN-08,Executive Wing,workspace,15,2026-08-05 15:00:00,12,80.0
ZN-08,Executive Wing,workspace,15,2026-08-05 15:15:00,7,46.7
ZN-08,Executive Wing,workspace,15,2026-08-05 15:30:00,6,40.0
ZN-08,Executive Wing,workspace,15,2026-08-05 15:45:00,3,20.0
ZN-08,Executive Wing,workspace,15,2026-08-05 16:00:00,3,20.0
ZN-08,Executive Wing,workspace,15,2026-08-05 16:15:00,1,6.7
ZN-08,Executive Wing,workspace,15,2026-08-05 16:30:00,1,6.7
ZN-08,Executive Wing,workspace,15,2026-08-05 16:45:00,0,0.0
ZN-08,Executive Wing,workspace,15,2026-08-05 17:00:00,1,6.7
ZN-08,Executive Wing,workspace,15,2026-08-05 17:15:00,1,6.7
ZN-08,Executive Wing,workspace,15,2026-08-05 17:30:00,1,6.7
ZN-08,Executive Wing,workspace,15,2026-08-05 17:45:00,0,0.0
ZN-08,Executive Wing,workspace,15,2026-08-05 18:00:00,0,0.0
ZN-08,Executive Wing,workspace,15,2026-08-05 18:15:00,1,6.7
ZN-08,Executive Wing,workspace,15,2026-08-05 18:30:00,0,0.0
ZN-08,Executive Wing,workspace,15,2026-08-05 18:45:00,1,6.7
ZN-08,Executive Wing,workspace,15,2026-08-05 19:00:00,0,0.0
ZN-08,Executive Wing,workspace,15,2026-08-05 19:15:00,0,0.0
ZN-08,Executive Wing,workspace,15,2026-08-05 19:30:00,2,13.3
ZN-08,Executive Wing,workspace,15,2026-08-05 19:45:00,0,0.0
ZN-08,Executive Wing,workspace,15,2026-08-05 20:00:00,0,0.0
ZN-08,Executive Wing,workspace,15,2026-08-05 20:15:00,0,0.0
ZN-08,Executive Wing,workspace,15,2026-08-05 20:30:00,0,0.0
ZN-08,Executive Wing,workspace,15,2026-08-05 20:45:00,0,0.0
ZN-08,Executive Wing,workspace,15,2026-08-05 21:00:00,1,6.7
ZN-08,Executive Wing,workspace,15,2026-08-05 21:15:00,0,0.0
ZN-08,Executive Wing,workspace,15,2026-08-05 21:30:00,1,6.7
ZN-08,Executive Wing,workspace,15,2026-08-05 21:45:00,0,0.0
ZN-08,Executive Wing,workspace,15,2026-08-05 22:00:00,0,0.0
ZN-08,Executive Wing,workspace,15,2026-08-05 22:15:00,0,0.0
ZN-08,Executive Wing,workspace,15,2026-08-05 22:30:00,0,0.0
ZN-08,Executive Wing,workspace,15,2026-08-05 22:45:00,0,0.0
ZN-08,Executive Wing,workspace,15,2026-08-05 23:00:00,0,0.0
ZN-08,Executive Wing,workspace,15,2026-08-05 23:15:00,0,0.0
ZN-08,Executive Wing,workspace,15,2026-08-05 23:30:00,0,0.0
ZN-08,Executive Wing,workspace,15,2026-08-05 23:45:00,0,0.0
ZN-08,Executive Wing,workspace,15,2026-08-06 00:00:00,0,0.0
ZN-08,Executive Wing,workspace,15,2026-08-06 00:15:00,2,13.3
ZN-08,Executive Wing,workspace,15,2026-08-06 00:30:00,0,0.0
ZN-08,Executive Wing,workspace,15,2026-08-06 00:45:00,0,0.0
ZN-08,Executive Wing,workspace,15,2026-08-06 01:00:00,0,0.0
ZN-08,Executive Wing,workspace,15,2026-08-06 01:15:00,1,6.7
ZN-08,Executive Wing,workspace,15,2026-08-06 01:30:00,0,0.0
ZN-08,Executive Wing,workspace,15,2026-08-06 01:45:00,1,6.7
ZN-08,Executive Wing,workspace,15,2026-08-06 02:00:00,0,0.0
ZN-08,Executive Wing,workspace,15,2026-08-06 02:15:00,0,0.0
ZN-08,Executive Wing,workspace,15,2026-08-06 02:30:00,0,0.0
ZN-08,Executive Wing,workspace,15,2026-08-06 02:45:00,0,0.0
ZN-08,Executive Wing,workspace,15,2026-08-06 03:00:00,0,0.0
ZN-08,Executive Wing,workspace,15,2026-08-06 03:15:00,0,0.0
ZN-08,Executive Wing,workspace,15,2026-08-06 03:30:00,0,0.0
ZN-08,Executive Wing,workspace,15,2026-08-06 03:45:00,0,0.0
ZN-08,Executive Wing,workspace,15,2026-08-06 04:00:00,0,0.0
ZN-08,Executive Wing,workspace,15,2026-08-06 04:15:00,0,0.0
ZN-08,Executive Wing,workspace,15,2026-08-06 04:30:00,0,0.0
ZN-08,Executive Wing,workspace,15,2026-08-06 04:45:00,1,6.7
ZN-08,Executive Wing,workspace,15,2026-08-06 05:00:00,1,6.7
ZN-08,Executive Wing,workspace,15,2026-08-06 05:15:00,1,6.7
ZN-08,Executive Wing,workspace,15,2026-08-06 05:30:00,1,6.7
ZN-08,Executive Wing,workspace,15,2026-08-06 05:45:00,5,33.3
ZN-08,Executive Wing,workspace,15,2026-08-06 06:00:00,14,93.3
ZN-08,Executive Wing,workspace,15,2026-08-06 06:15:00,15,100.0
ZN-08,Executive Wing,workspace,15,2026-08-06 06:30:00,13,86.7
ZN-08,Executive Wing,workspace,15,2026-08-06 06:45:00,15,100.0
ZN-08,Executive Wing,workspace,15,2026-08-06 07:00:00,15,100.0
ZN-08,Executive Wing,workspace,15,2026-08-06 07:15:00,15,100.0
ZN-08,Executive Wing,workspace,15,2026-08-06 07:30:00,15,100.0
ZN-08,Executive Wing,workspace,15,2026-08-06 07:45:00,14,93.3
ZN-08,Executive Wing,workspace,15,2026-08-06 08:00:00,14,93.3
ZN-08,Executive Wing,workspace,15,2026-08-06 08:15:00,13,86.7
ZN-08,Executive Wing,workspace,15,2026-08-06 08:30:00,14,93.3
ZN-08,Executive Wing,workspace,15,2026-08-06 08:45:00,14,93.3
ZN-08,Executive Wing,workspace,15,2026-08-06 09:00:00,14,93.3
ZN-08,Executive Wing,workspace,15,2026-08-06 09:15:00,14,93.3
ZN-08,Executive Wing,workspace,15,2026-08-06 09:30:00,14,93.3
ZN-08,Executive Wing,workspace,15,2026-08-06 09:45:00,11,73.3
ZN-08,Executive Wing,workspace,15,2026-08-06 10:00:00,12,80.0
ZN-08,Executive Wing,workspace,15,2026-08-06 10:15:00,8,53.3
ZN-08,Executive Wing,workspace,15,2026-08-06 10:30:00,3,20.0
ZN-08,Executive Wing,workspace,15,2026-08-06 10:45:00,5,33.3
ZN-08,Executive Wing,workspace,15,2026-08-06 11:00:00,13,86.7
ZN-08,Executive Wing,workspace,15,2026-08-06 11:15:00,12,80.0
ZN-08,Executive Wing,workspace,15,2026-08-06 11:30:00,14,93.3
ZN-08,Executive Wing,workspace,15,2026-08-06 11:45:00,14,93.3
ZN-08,Executive Wing,workspace,15,2026-08-06 12:00:00,8,53.3
ZN-08,Executive Wing,workspace,15,2026-08-06 12:15:00,9,60.0
ZN-08,Executive Wing,workspace,15,2026-08-06 12:30:00,8,53.3
ZN-08,Executive Wing,workspace,15,2026-08-06 12:45:00,8,53.3
ZN-08,Executive Wing,workspace,15,2026-08-06 13:00:00,9,60.0
ZN-08,Executive Wing,workspace,15,2026-08-06 13:15:00,9,60.0
ZN-08,Executive Wing,workspace,15,2026-08-06 13:30:00,10,66.7
ZN-08,Executive Wing,workspace,15,2026-08-06 13:45:00,15,100.0
ZN-08,Executive Wing,workspace,15,2026-08-06 14:00:00,15,100.0
ZN-08,Executive Wing,workspace,15,2026-08-06 14:15:00,14,93.3
ZN-08,Executive Wing,workspace,15,2026-08-06 14:30:00,15,100.0
ZN-08,Executive Wing,workspace,15,2026-08-06 14:45:00,14,93.3
ZN-08,Executive Wing,workspace,15,2026-08-06 15:00:00,12,80.0
ZN-08,Executive Wing,workspace,15,2026-08-06 15:15:00,9,60.0
ZN-08,Executive Wing,workspace,15,2026-08-06 15:30:00,6,40.0
ZN-08,Executive Wing,workspace,15,2026-08-06 15:45:00,5,33.3
ZN-08,Executive Wing,workspace,15,2026-08-06 16:00:00,6,40.0
ZN-08,Executive Wing,workspace,15,2026-08-06 16:15:00,3,20.0
ZN-08,Executive Wing,workspace,15,2026-08-06 16:30:00,0,0.0
ZN-08,Executive Wing,workspace,15,2026-08-06 16:45:00,1,6.7
ZN-08,Executive Wing,workspace,15,2026-08-06 17:00:00,0,0.0
ZN-08,Executive Wing,workspace,15,2026-08-06 17:15:00,0,0.0
ZN-08,Executive Wing,workspace,15,2026-08-06 17:30:00,0,0.0
ZN-08,Executive Wing,workspace,15,2026-08-06 17:45:00,0,0.0
ZN-08,Executive Wing,workspace,15,2026-08-06 18:00:00,0,0.0
ZN-08,Executive Wing,workspace,15,2026-08-06 18:15:00,1,6.7
ZN-08,Executive Wing,workspace,15,2026-08-06 18:30:00,1,6.7
ZN-08,Executive Wing,workspace,15,2026-08-06 18:45:00,2,13.3
ZN-08,Executive Wing,workspace,15,2026-08-06 19:00:00,0,0.0
ZN-08,Executive Wing,workspace,15,2026-08-06 19:15:00,1,6.7
ZN-08,Executive Wing,workspace,15,2026-08-06 19:30:00,0,0.0
ZN-08,Executive Wing,workspace,15,2026-08-06 19:45:00,0,0.0
ZN-08,Executive Wing,workspace,15,2026-08-06 20:00:00,0,0.0
ZN-08,Executive Wing,workspace,15,2026-08-06 20:15:00,1,6.7
ZN-08,Executive Wing,workspace,15,2026-08-06 20:30:00,0,0.0
ZN-08,Executive Wing,workspace,15,2026-08-06 20:45:00,0,0.0
ZN-08,Executive Wing,workspace,15,2026-08-06 21:00:00,1,6.7
ZN-08,Executive Wing,workspace,15,2026-08-06 21:15:00,1,6.7
ZN-08,Executive Wing,workspace,15,2026-08-06 21:30:00,0,0.0
ZN-08,Executive Wing,workspace,15,2026-08-06 21:45:00,0,0.0
ZN-08,Executive Wing,workspace,15,2026-08-06 22:00:00,0,0.0
ZN-08,Executive Wing,workspace,15,2026-08-06 22:15:00,1,6.7
ZN-08,Executive Wing,workspace,15,2026-08-06 22:30:00,0,0.0
ZN-08,Executive Wing,workspace,15,2026-08-06 22:45:00,0,0.0
ZN-08,Executive Wing,workspace,15,2026-08-06 23:00:00,1,6.7
ZN-08,Executive Wing,workspace,15,2026-08-06 23:15:00,0,0.0
ZN-08,Executive Wing,workspace,15,2026-08-06 23:30:00,0,0.0
ZN-08,Executive Wing,workspace,15,2026-08-06 23:45:00,0,0.0
ZN-08,Executive Wing,workspace,15,2026-08-07 00:00:00,0,0.0
ZN-08,Executive Wing,workspace,15,2026-08-07 00:15:00,1,6.7
ZN-08,Executive Wing,workspace,15,2026-08-07 00:30:00,2,13.3
ZN-08,Executive Wing,workspace,15,2026-08-07 00:45:00,0,0.0
ZN-08,Executive Wing,workspace,15,2026-08-07 01:00:00,0,0.0
ZN-08,Executive Wing,workspace,15,2026-08-07 01:15:00,0,0.0
ZN-08,Executive Wing,workspace,15,2026-08-07 01:30:00,0,0.0
ZN-08,Executive Wing,workspace,15,2026-08-07 01:45:00,0,0.0
ZN-08,Executive Wing,workspace,15,2026-08-07 02:00:00,0,0.0
ZN-08,Executive Wing,workspace,15,2026-08-07 02:15:00,0,0.0
ZN-08,Executive Wing,workspace,15,2026-08-07 02:30:00,0,0.0
ZN-08,Executive Wing,workspace,15,2026-08-07 02:45:00,0,0.0
ZN-08,Executive Wing,workspace,15,2026-08-07 03:00:00,1,6.7
ZN-08,Executive Wing,workspace,15,2026-08-07 03:15:00,0,0.0
ZN-08,Executive Wing,workspace,15,2026-08-07 03:30:00,1,6.7
ZN-08,Executive Wing,workspace,15,2026-08-07 03:45:00,1,6.7
ZN-08,Executive Wing,workspace,15,2026-08-07 04:00:00,0,0.0
ZN-08,Executive Wing,workspace,15,2026-08-07 04:15:00,0,0.0
ZN-08,Executive Wing,workspace,15,2026-08-07 04:30:00,0,0.0
ZN-08,Executive Wing,workspace,15,2026-08-07 04:45:00,0,0.0
ZN-08,Executive Wing,workspace,15,2026-08-07 05:00:00,0,0.0
ZN-08,Executive Wing,workspace,15,2026-08-07 05:15:00,2,13.3
ZN-08,Executive Wing,workspace,15,2026-08-07 05:30:00,2,13.3
ZN-08,Executive Wing,workspace,15,2026-08-07 05:45:00,5,33.3
ZN-08,Executive Wing,workspace,15,2026-08-07 06:00:00,14,93.3
ZN-08,Executive Wing,workspace,15,2026-08-07 06:15:00,13,86.7
ZN-08,Executive Wing,workspace,15,2026-08-07 06:30:00,15,100.0
ZN-08,Executive Wing,workspace,15,2026-08-07 06:45:00,14,93.3
ZN-08,Executive Wing,workspace,15,2026-08-07 07:00:00,15,100.0
ZN-08,Executive Wing,workspace,15,2026-08-07 07:15:00,15,100.0
ZN-08,Executive Wing,workspace,15,2026-08-07 07:30:00,14,93.3
ZN-08,Executive Wing,workspace,15,2026-08-07 07:45:00,15,100.0
ZN-08,Executive Wing,workspace,15,2026-08-07 08:00:00,14,93.3
ZN-08,Executive Wing,workspace,15,2026-08-07 08:15:00,14,93.3
ZN-08,Executive Wing,workspace,15,2026-08-07 08:30:00,13,86.7
ZN-08,Executive Wing,workspace,15,2026-08-07 08:45:00,13,86.7
ZN-08,Executive Wing,workspace,15,2026-08-07 09:00:00,15,100.0
ZN-08,Executive Wing,workspace,15,2026-08-07 09:15:00,13,86.7
ZN-08,Executive Wing,workspace,15,2026-08-07 09:30:00,14,93.3
ZN-08,Executive Wing,workspace,15,2026-08-07 09:45:00,13,86.7
ZN-08,Executive Wing,workspace,15,2026-08-07 10:00:00,14,93.3
ZN-08,Executive Wing,workspace,15,2026-08-07 10:15:00,9,60.0
ZN-08,Executive Wing,workspace,15,2026-08-07 10:30:00,5,33.3
ZN-08,Executive Wing,workspace,15,2026-08-07 10:45:00,3,20.0
ZN-08,Executive Wing,workspace,15,2026-08-07 11:00:00,12,80.0
ZN-08,Executive Wing,workspace,15,2026-08-07 11:15:00,12,80.0
ZN-08,Executive Wing,workspace,15,2026-08-07 11:30:00,13,86.7
ZN-08,Executive Wing,workspace,15,2026-08-07 11:45:00,13,86.7
ZN-08,Executive Wing,workspace,15,2026-08-07 12:00:00,7,46.7
ZN-08,Executive Wing,workspace,15,2026-08-07 12:15:00,9,60.0
ZN-08,Executive Wing,workspace,15,2026-08-07 12:30:00,8,53.3
ZN-08,Executive Wing,workspace,15,2026-08-07 12:45:00,10,66.7
ZN-08,Executive Wing,workspace,15,2026-08-07 13:00:00,9,60.0
ZN-08,Executive Wing,workspace,15,2026-08-07 13:15:00,8,53.3
ZN-08,Executive Wing,workspace,15,2026-08-07 13:30:00,9,60.0
ZN-08,Executive Wing,workspace,15,2026-08-07 13:45:00,15,100.0
ZN-08,Executive Wing,workspace,15,2026-08-07 14:00:00,15,100.0
ZN-08,Executive Wing,workspace,15,2026-08-07 14:15:00,15,100.0
ZN-08,Executive Wing,workspace,15,2026-08-07 14:30:00,15,100.0
ZN-08,Executive Wing,workspace,15,2026-08-07 14:45:00,12,80.0
ZN-08,Executive Wing,workspace,15,2026-08-07 15:00:00,10,66.7
ZN-08,Executive Wing,workspace,15,2026-08-07 15:15:00,6,40.0
ZN-08,Executive Wing,workspace,15,2026-08-07 15:30:00,6,40.0
ZN-08,Executive Wing,workspace,15,2026-08-07 15:45:00,5,33.3
ZN-08,Executive Wing,workspace,15,2026-08-07 16:00:00,4,26.7
ZN-08,Executive Wing,workspace,15,2026-08-07 16:15:00,2,13.3
ZN-08,Executive Wing,workspace,15,2026-08-07 16:30:00,0,0.0
ZN-08,Executive Wing,workspace,15,2026-08-07 16:45:00,0,0.0
ZN-08,Executive Wing,workspace,15,2026-08-07 17:00:00,0,0.0
ZN-08,Executive Wing,workspace,15,2026-08-07 17:15:00,0,0.0
ZN-08,Executive Wing,workspace,15,2026-08-07 17:30:00,1,6.7
ZN-08,Executive Wing,workspace,15,2026-08-07 17:45:00,1,6.7
ZN-08,Executive Wing,workspace,15,2026-08-07 18:00:00,1,6.7
ZN-08,Executive Wing,workspace,15,2026-08-07 18:15:00,1,6.7
ZN-08,Executive Wing,workspace,15,2026-08-07 18:30:00,0,0.0
ZN-08,Executive Wing,workspace,15,2026-08-07 18:45:00,0,0.0
ZN-08,Executive Wing,workspace,15,2026-08-07 19:00:00,1,6.7
ZN-08,Executive Wing,workspace,15,2026-08-07 19:15:00,1,6.7
ZN-08,Executive Wing,workspace,15,2026-08-07 19:30:00,0,0.0
ZN-08,Executive Wing,workspace,15,2026-08-07 19:45:00,1,6.7
ZN-08,Executive Wing,workspace,15,2026-08-07 20:00:00,1,6.7
ZN-08,Executive Wing,workspace,15,2026-08-07 20:15:00,0,0.0
ZN-08,Executive Wing,workspace,15,2026-08-07 20:30:00,0,0.0
ZN-08,Executive Wing,workspace,15,2026-08-07 20:45:00,0,0.0
ZN-08,Executive Wing,workspace,15,2026-08-07 21:00:00,0,0.0
ZN-08,Executive Wing,workspace,15,2026-08-07 21:15:00,0,0.0
ZN-08,Executive Wing,workspace,15,2026-08-07 21:30:00,2,13.3
ZN-08,Executive Wing,workspace,15,2026-08-07 21:45:00,0,0.0
ZN-08,Executive Wing,workspace,15,2026-08-07 22:00:00,0,0.0
ZN-08,Executive Wing,workspace,15,2026-08-07 22:15:00,0,0.0
ZN-08,Executive Wing,workspace,15,2026-08-07 22:30:00,0,0.0
ZN-08,Executive Wing,workspace,15,2026-08-07 22:45:00,0,0.0
ZN-08,Executive Wing,workspace,15,2026-08-07 23:00:00,0,0.0
ZN-08,Executive Wing,workspace,15,2026-08-07 23:15:00,0,0.0
ZN-08,Executive Wing,workspace,15,2026-08-07 23:30:00,1,6.7
ZN-08,Executive Wing,workspace,15,2026-08-07 23:45:00,0,0.0
ZN-08,Executive Wing,workspace,15,2026-08-08 00:00:00,1,6.7
ZN-08,Executive Wing,workspace,15,2026-08-08 00:15:00,1,6.7
ZN-08,Executive Wing,workspace,15,2026-08-08 00:30:00,1,6.7
ZN-08,Executive Wing,workspace,15,2026-08-08 00:45:00,1,6.7
ZN-08,Executive Wing,workspace,15,2026-08-08 01:00:00,0,0.0
ZN-08,Executive Wing,workspace,15,2026-08-08 01:15:00,0,0.0
ZN-08,Executive Wing,workspace,15,2026-08-08 01:30:00,0,0.0
ZN-08,Executive Wing,workspace,15,2026-08-08 01:45:00,0,0.0
ZN-08,Executive Wing,workspace,15,2026-08-08 02:00:00,1,6.7
ZN-08,Executive Wing,workspace,15,2026-08-08 02:15:00,2,13.3
ZN-08,Executive Wing,workspace,15,2026-08-08 02:30:00,2,13.3
ZN-08,Executive Wing,workspace,15,2026-08-08 02:45:00,1,6.7
ZN-08,Executive Wing,workspace,15,2026-08-08 03:00:00,0,0.0
ZN-08,Executive Wing,workspace,15,2026-08-08 03:15:00,0,0.0
ZN-08,Executive Wing,workspace,15,2026-08-08 03:30:00,1,6.7
ZN-08,Executive Wing,workspace,15,2026-08-08 03:45:00,1,6.7
ZN-08,Executive Wing,workspace,15,2026-08-08 04:00:00,1,6.7
ZN-08,Executive Wing,workspace,15,2026-08-08 04:15:00,1,6.7
ZN-08,Executive Wing,workspace,15,2026-08-08 04:30:00,0,0.0
ZN-08,Executive Wing,workspace,15,2026-08-08 04:45:00,1,6.7
ZN-08,Executive Wing,workspace,15,2026-08-08 05:00:00,0,0.0
ZN-08,Executive Wing,workspace,15,2026-08-08 05:15:00,2,13.3
ZN-08,Executive Wing,workspace,15,2026-08-08 05:30:00,1,6.7
ZN-08,Executive Wing,workspace,15,2026-08-08 05:45:00,1,6.7
ZN-08,Executive Wing,workspace,15,2026-08-08 06:00:00,0,0.0
ZN-08,Executive Wing,workspace,15,2026-08-08 06:15:00,0,0.0
ZN-08,Executive Wing,workspace,15,2026-08-08 06:30:00,1,6.7
ZN-08,Executive Wing,workspace,15,2026-08-08 06:45:00,0,0.0
ZN-08,Executive Wing,workspace,15,2026-08-08 07:00:00,0,0.0
ZN-08,Executive Wing,workspace,15,2026-08-08 07:15:00,2,13.3
ZN-08,Executive Wing,workspace,15,2026-08-08 07:30:00,0,0.0
ZN-08,Executive Wing,workspace,15,2026-08-08 07:45:00,1,6.7
ZN-08,Executive Wing,workspace,15,2026-08-08 08:00:00,1,6.7
ZN-08,Executive Wing,workspace,15,2026-08-08 08:15:00,0,0.0
ZN-08,Executive Wing,workspace,15,2026-08-08 08:30:00,0,0.0
ZN-08,Executive Wing,workspace,15,2026-08-08 08:45:00,1,6.7
ZN-08,Executive Wing,workspace,15,2026-08-08 09:00:00,2,13.3
ZN-08,Executive Wing,workspace,15,2026-08-08 09:15:00,1,6.7
ZN-08,Executive Wing,workspace,15,2026-08-08 09:30:00,0,0.0
ZN-08,Executive Wing,workspace,15,2026-08-08 09:45:00,0,0.0
ZN-08,Executive Wing,workspace,15,2026-08-08 10:00:00,0,0.0
ZN-08,Executive Wing,workspace,15,2026-08-08 10:15:00,0,0.0
ZN-08,Executive Wing,workspace,15,2026-08-08 10:30:00,0,0.0
ZN-08,Executive Wing,workspace,15,2026-08-08 10:45:00,0,0.0
ZN-08,Executive Wing,workspace,15,2026-08-08 11:00:00,2,13.3
ZN-08,Executive Wing,workspace,15,2026-08-08 11:15:00,1,6.7
ZN-08,Executive Wing,workspace,15,2026-08-08 11:30:00,0,0.0
ZN-08,Executive Wing,workspace,15,2026-08-08 11:45:00,0,0.0
ZN-08,Executive Wing,workspace,15,2026-08-08 12:00:00,0,0.0
ZN-08,Executive Wing,workspace,15,2026-08-08 12:15:00,2,13.3
ZN-08,Executive Wing,workspace,15,2026-08-08 12:30:00,0,0.0
ZN-08,Executive Wing,workspace,15,2026-08-08 12:45:00,1,6.7
ZN-08,Executive Wing,workspace,15,2026-08-08 13:00:00,2,13.3
ZN-08,Executive Wing,workspace,15,2026-08-08 13:15:00,1,6.7
ZN-08,Executive Wing,workspace,15,2026-08-08 13:30:00,1,6.7
ZN-08,Executive Wing,workspace,15,2026-08-08 13:45:00,0,0.0
ZN-08,Executive Wing,workspace,15,2026-08-08 14:00:00,2,13.3
ZN-08,Executive Wing,workspace,15,2026-08-08 14:15:00,0,0.0
ZN-08,Executive Wing,workspace,15,2026-08-08 14:30:00,0,0.0
ZN-08,Executive Wing,workspace,15,2026-08-08 14:45:00,0,0.0
ZN-08,Executive Wing,workspace,15,2026-08-08 15:00:00,1,6.7
ZN-08,Executive Wing,workspace,15,2026-08-08 15:15:00,2,13.3
ZN-08,Executive Wing,workspace,15,2026-08-08 15:30:00,0,0.0
ZN-08,Executive Wing,workspace,15,2026-08-08 15:45:00,0,0.0
ZN-08,Executive Wing,workspace,15,2026-08-08 16:00:00,0,0.0
ZN-08,Executive Wing,workspace,15,2026-08-08 16:15:00,0,0.0
ZN-08,Executive Wing,workspace,15,2026-08-08 16:30:00,0,0.0
ZN-08,Executive Wing,workspace,15,2026-08-08 16:45:00,0,0.0
ZN-08,Executive Wing,workspace,15,2026-08-08 17:00:00,1,6.7
ZN-08,Executive Wing,workspace,15,2026-08-08 17:15:00,1,6.7
ZN-08,Executive Wing,workspace,15,2026-08-08 17:30:00,1,6.7
ZN-08,Executive Wing,workspace,15,2026-08-08 17:45:00,1,6.7
ZN-08,Executive Wing,workspace,15,2026-08-08 18:00:00,1,6.7
ZN-08,Executive Wing,workspace,15,2026-08-08 18:15:00,1,6.7
ZN-08,Executive Wing,workspace,15,2026-08-08 18:30:00,0,0.0
ZN-08,Executive Wing,workspace,15,2026-08-08 18:45:00,3,20.0
ZN-08,Executive Wing,workspace,15,2026-08-08 19:00:00,1,6.7
ZN-08,Executive Wing,workspace,15,2026-08-08 19:15:00,1,6.7
ZN-08,Executive Wing,workspace,15,2026-08-08 19:30:00,0,0.0
ZN-08,Executive Wing,workspace,15,2026-08-08 19:45:00,0,0.0
ZN-08,Executive Wing,workspace,15,2026-08-08 20:00:00,0,0.0
ZN-08,Executive Wing,workspace,15,2026-08-08 20:15:00,2,13.3
ZN-08,Executive Wing,workspace,15,2026-08-08 20:30:00,1,6.7
ZN-08,Executive Wing,workspace,15,2026-08-08 20:45:00,1,6.7
ZN-08,Executive Wing,workspace,15,2026-08-08 21:00:00,0,0.0
ZN-08,Executive Wing,workspace,15,2026-08-08 21:15:00,2,13.3
ZN-08,Executive Wing,workspace,15,2026-08-08 21:30:00,0,0.0
ZN-08,Executive Wing,workspace,15,2026-08-08 21:45:00,2,13.3
ZN-08,Executive Wing,workspace,15,2026-08-08 22:00:00,1,6.7
ZN-08,Executive Wing,workspace,15,2026-08-08 22:15:00,4,26.7
ZN-08,Executive Wing,workspace,15,2026-08-08 22:30:00,1,6.7
ZN-08,Executive Wing,workspace,15,2026-08-08 22:45:00,1,6.7
ZN-08,Executive Wing,workspace,15,2026-08-08 23:00:00,0,0.0
ZN-08,Executive Wing,workspace,15,2026-08-08 23:15:00,2,13.3
ZN-08,Executive Wing,workspace,15,2026-08-08 23:30:00,3,20.0
ZN-08,Executive Wing,workspace,15,2026-08-08 23:45:00,0,0.0
ZN-08,Executive Wing,workspace,15,2026-08-09 00:00:00,2,13.3
ZN-08,Executive Wing,workspace,15,2026-08-09 00:15:00,0,0.0
ZN-08,Executive Wing,workspace,15,2026-08-09 00:30:00,1,6.7
ZN-08,Executive Wing,workspace,15,2026-08-09 00:45:00,1,6.7
ZN-08,Executive Wing,workspace,15,2026-08-09 01:00:00,2,13.3
ZN-08,Executive Wing,workspace,15,2026-08-09 01:15:00,1,6.7
ZN-08,Executive Wing,workspace,15,2026-08-09 01:30:00,0,0.0
ZN-08,Executive Wing,workspace,15,2026-08-09 01:45:00,1,6.7
ZN-08,Executive Wing,workspace,15,2026-08-09 02:00:00,1,6.7
ZN-08,Executive Wing,workspace,15,2026-08-09 02:15:00,1,6.7
ZN-08,Executive Wing,workspace,15,2026-08-09 02:30:00,1,6.7
ZN-08,Executive Wing,workspace,15,2026-08-09 02:45:00,0,0.0
ZN-08,Executive Wing,workspace,15,2026-08-09 03:00:00,0,0.0
ZN-08,Executive Wing,workspace,15,2026-08-09 03:15:00,1,6.7
ZN-08,Executive Wing,workspace,15,2026-08-09 03:30:00,0,0.0
ZN-08,Executive Wing,workspace,15,2026-08-09 03:45:00,0,0.0
ZN-08,Executive Wing,workspace,15,2026-08-09 04:00:00,2,13.3
ZN-08,Executive Wing,workspace,15,2026-08-09 04:15:00,0,0.0
ZN-08,Executive Wing,workspace,15,2026-08-09 04:30:00,0,0.0
ZN-08,Executive Wing,workspace,15,2026-08-09 04:45:00,1,6.7
ZN-08,Executive Wing,workspace,15,2026-08-09 05:00:00,0,0.0
ZN-08,Executive Wing,workspace,15,2026-08-09 05:15:00,2,13.3
ZN-08,Executive Wing,workspace,15,2026-08-09 05:30:00,0,0.0
ZN-08,Executive Wing,workspace,15,2026-08-09 05:45:00,2,13.3
ZN-08,Executive Wing,workspace,15,2026-08-09 06:00:00,0,0.0
ZN-08,Executive Wing,workspace,15,2026-08-09 06:15:00,0,0.0
ZN-08,Executive Wing,workspace,15,2026-08-09 06:30:00,1,6.7
ZN-08,Executive Wing,workspace,15,2026-08-09 06:45:00,0,0.0
ZN-08,Executive Wing,workspace,15,2026-08-09 07:00:00,0,0.0
ZN-08,Executive Wing,workspace,15,2026-08-09 07:15:00,0,0.0
ZN-08,Executive Wing,workspace,15,2026-08-09 07:30:00,0,0.0
ZN-08,Executive Wing,workspace,15,2026-08-09 07:45:00,1,6.7
ZN-08,Executive Wing,workspace,15,2026-08-09 08:00:00,3,20.0
ZN-08,Executive Wing,workspace,15,2026-08-09 08:15:00,0,0.0
ZN-08,Executive Wing,workspace,15,2026-08-09 08:30:00,1,6.7
ZN-08,Executive Wing,workspace,15,2026-08-09 08:45:00,1,6.7
ZN-08,Executive Wing,workspace,15,2026-08-09 09:00:00,0,0.0
ZN-08,Executive Wing,workspace,15,2026-08-09 09:15:00,1,6.7
ZN-08,Executive Wing,workspace,15,2026-08-09 09:30:00,0,0.0
ZN-08,Executive Wing,workspace,15,2026-08-09 09:45:00,1,6.7
ZN-08,Executive Wing,workspace,15,2026-08-09 10:00:00,0,0.0
ZN-08,Executive Wing,workspace,15,2026-08-09 10:15:00,0,0.0
ZN-08,Executive Wing,workspace,15,2026-08-09 10:30:00,0,0.0
ZN-08,Executive Wing,workspace,15,2026-08-09 10:45:00,0,0.0
ZN-08,Executive Wing,workspace,15,2026-08-09 11:00:00,1,6.7
ZN-08,Executive Wing,workspace,15,2026-08-09 11:15:00,1,6.7
ZN-08,Executive Wing,workspace,15,2026-08-09 11:30:00,1,6.7
ZN-08,Executive Wing,workspace,15,2026-08-09 11:45:00,2,13.3
ZN-08,Executive Wing,workspace,15,2026-08-09 12:00:00,0,0.0
ZN-08,Executive Wing,workspace,15,2026-08-09 12:15:00,2,13.3
ZN-08,Executive Wing,workspace,15,2026-08-09 12:30:00,1,6.7
ZN-08,Executive Wing,workspace,15,2026-08-09 12:45:00,1,6.7
ZN-08,Executive Wing,workspace,15,2026-08-09 13:00:00,1,6.7
ZN-08,Executive Wing,workspace,15,2026-08-09 13:15:00,2,13.3
ZN-08,Executive Wing,workspace,15,2026-08-09 13:30:00,0,0.0
ZN-08,Executive Wing,workspace,15,2026-08-09 13:45:00,0,0.0
ZN-08,Executive Wing,workspace,15,2026-08-09 14:00:00,0,0.0
ZN-08,Executive Wing,workspace,15,2026-08-09 14:15:00,1,6.7
ZN-08,Executive Wing,workspace,15,2026-08-09 14:30:00,1,6.7
ZN-08,Executive Wing,workspace,15,2026-08-09 14:45:00,1,6.7
ZN-08,Executive Wing,workspace,15,2026-08-09 15:00:00,1,6.7
ZN-08,Executive Wing,workspace,15,2026-08-09 15:15:00,0,0.0
ZN-08,Executive Wing,workspace,15,2026-08-09 15:30:00,0,0.0
ZN-08,Executive Wing,workspace,15,2026-08-09 15:45:00,0,0.0
ZN-08,Executive Wing,workspace,15,2026-08-09 16:00:00,1,6.7
ZN-08,Executive Wing,workspace,15,2026-08-09 16:15:00,0,0.0
ZN-08,Executive Wing,workspace,15,2026-08-09 16:30:00,0,0.0
ZN-08,Executive Wing,workspace,15,2026-08-09 16:45:00,0,0.0
ZN-08,Executive Wing,workspace,15,2026-08-09 17:00:00,0,0.0
ZN-08,Executive Wing,workspace,15,2026-08-09 17:15:00,1,6.7
ZN-08,Executive Wing,workspace,15,2026-08-09 17:30:00,0,0.0
ZN-08,Executive Wing,workspace,15,2026-08-09 17:45:00,1,6.7
ZN-08,Executive Wing,workspace,15,2026-08-09 18:00:00,1,6.7
ZN-08,Executive Wing,workspace,15,2026-08-09 18:15:00,0,0.0
ZN-08,Executive Wing,workspace,15,2026-08-09 18:30:00,0,0.0
ZN-08,Executive Wing,workspace,15,2026-08-09 18:45:00,2,13.3
ZN-08,Executive Wing,workspace,15,2026-08-09 19:00:00,1,6.7
ZN-08,Executive Wing,workspace,15,2026-08-09 19:15:00,0,0.0
ZN-08,Executive Wing,workspace,15,2026-08-09 19:30:00,1,6.7
ZN-08,Executive Wing,workspace,15,2026-08-09 19:45:00,1,6.7
ZN-08,Executive Wing,workspace,15,2026-08-09 20:00:00,0,0.0
ZN-08,Executive Wing,workspace,15,2026-08-09 20:15:00,1,6.7
ZN-08,Executive Wing,workspace,15,2026-08-09 20:30:00,1,6.7
ZN-08,Executive Wing,workspace,15,2026-08-09 20:45:00,1,6.7
ZN-08,Executive Wing,workspace,15,2026-08-09 21:00:00,1,6.7
ZN-08,Executive Wing,workspace,15,2026-08-09 21:15:00,0,0.0
ZN-08,Executive Wing,workspace,15,2026-08-09 21:30:00,1,6.7
ZN-08,Executive Wing,workspace,15,2026-08-09 21:45:00,0,0.0
ZN-08,Executive Wing,workspace,15,2026-08-09 22:00:00,1,6.7
ZN-08,Executive Wing,workspace,15,2026-08-09 22:15:00,2,13.3
ZN-08,Executive Wing,workspace,15,2026-08-09 22:30:00,1,6.7
ZN-08,Executive Wing,workspace,15,2026-08-09 22:45:00,1,6.7
ZN-08,Executive Wing,workspace,15,2026-08-09 23:00:00,0,0.0
ZN-08,Executive Wing,workspace,15,2026-08-09 23:15:00,0,0.0
ZN-08,Executive Wing,workspace,15,2026-08-09 23:30:00,0,0.0
ZN-08,Executive Wing,workspace,15,2026-08-09 23:45:00,2,13.3
ZN-08,Executive Wing,workspace,15,2026-08-10 00:00:00,0,0.0
ZN-08,Executive Wing,workspace,15,2026-08-10 00:15:00,0,0.0
ZN-08,Executive Wing,workspace,15,2026-08-10 00:30:00,1,6.7
ZN-08,Executive Wing,workspace,15,2026-08-10 00:45:00,0,0.0
ZN-08,Executive Wing,workspace,15,2026-08-10 01:00:00,0,0.0
ZN-08,Executive Wing,workspace,15,2026-08-10 01:15:00,0,0.0
ZN-08,Executive Wing,workspace,15,2026-08-10 01:30:00,0,0.0
ZN-08,Executive Wing,workspace,15,2026-08-10 01:45:00,1,6.7
ZN-08,Executive Wing,workspace,15,2026-08-10 02:00:00,1,6.7
ZN-08,Executive Wing,workspace,15,2026-08-10 02:15:00,0,0.0
ZN-08,Executive Wing,workspace,15,2026-08-10 02:30:00,0,0.0
ZN-08,Executive Wing,workspace,15,2026-08-10 02:45:00,0,0.0
ZN-08,Executive Wing,workspace,15,2026-08-10 03:00:00,1,6.7
ZN-08,Executive Wing,workspace,15,2026-08-10 03:15:00,2,13.3
ZN-08,Executive Wing,workspace,15,2026-08-10 03:30:00,0,0.0
ZN-08,Executive Wing,workspace,15,2026-08-10 03:45:00,0,0.0
ZN-08,Executive Wing,workspace,15,2026-08-10 04:00:00,0,0.0
ZN-08,Executive Wing,workspace,15,2026-08-10 04:15:00,0,0.0
ZN-08,Executive Wing,workspace,15,2026-08-10 04:30:00,2,13.3
ZN-08,Executive Wing,workspace,15,2026-08-10 04:45:00,0,0.0
ZN-08,Executive Wing,workspace,15,2026-08-10 05:00:00,0,0.0
ZN-08,Executive Wing,workspace,15,2026-08-10 05:15:00,0,0.0
ZN-08,Executive Wing,workspace,15,2026-08-10 05:30:00,1,6.7
ZN-08,Executive Wing,workspace,15,2026-08-10 05:45:00,6,40.0
ZN-08,Executive Wing,workspace,15,2026-08-10 06:00:00,12,80.0
ZN-08,Executive Wing,workspace,15,2026-08-10 06:15:00,12,80.0
ZN-08,Executive Wing,workspace,15,2026-08-10 06:30:00,14,93.3
ZN-08,Executive Wing,workspace,15,2026-08-10 06:45:00,15,100.0
ZN-08,Executive Wing,workspace,15,2026-08-10 07:00:00,15,100.0
ZN-08,Executive Wing,workspace,15,2026-08-10 07:15:00,15,100.0
ZN-08,Executive Wing,workspace,15,2026-08-10 07:30:00,15,100.0
ZN-08,Executive Wing,workspace,15,2026-08-10 07:45:00,13,86.7
ZN-08,Executive Wing,workspace,15,2026-08-10 08:00:00,14,93.3
ZN-08,Executive Wing,workspace,15,2026-08-10 08:15:00,12,80.0
ZN-08,Executive Wing,workspace,15,2026-08-10 08:30:00,14,93.3
ZN-08,Executive Wing,workspace,15,2026-08-10 08:45:00,14,93.3
ZN-08,Executive Wing,workspace,15,2026-08-10 09:00:00,14,93.3
ZN-08,Executive Wing,workspace,15,2026-08-10 09:15:00,15,100.0
ZN-08,Executive Wing,workspace,15,2026-08-10 09:30:00,12,80.0
ZN-08,Executive Wing,workspace,15,2026-08-10 09:45:00,12,80.0
ZN-08,Executive Wing,workspace,15,2026-08-10 10:00:00,11,73.3
