Date,openDoors,humidity,co2,temperature,motion,light,soundAvg,soundPeak,openWindows
2023-11-24 00:00:00+00:00,0.0,25.0,606.0,21.2,0.0,2.0,34.0,59.0,0.0
2023-11-24 00:05:00+00:00,0.0,25.0,601.0,21.3,0.0,2.0,33.0,59.0,0.0
2023-11-24 00:10:00+00:00,0.0,25.0,593.0,21.3,0.0,2.0,33.0,59.0,0.0
2023-11-24 00:15:00+00:00,0.0,25.0,600.0,21.3,0.0,2.0,33.0,59.0,0.0
2023-11-24 00:20:00+00:00,0.0,25.0,608.0,21.3,0.0,2.0,34.0,59.0,0.0
2023-11-24 00:25:00+00:00,0.0,25.0,625.0,21.2,0.0,2.0,34.0,59.0,0.0
2023-11-24 00:30:00+00:00,0.0,25.0,601.0,21.2,0.0,2.0,34.0,59.0,0.0
2023-11-24 00:35:00+00:00,0.0,25.0,594.0,21.2,0.0,2.0,34.0,59.0,0.0
2023-11-24 00:40:00+00:00,0.0,25.0,596.0,21.2,0.0,2.0,33.0,59.0,0.0
2023-11-24 00:45:00+00:00,0.0,25.0,611.0,21.2,0.0,2.0,33.0,59.0,0.0
2023-11-24 00:50:00+00:00,0.0,25.0,610.0,21.2,0.0,2.0,34.0,59.0,0.0
2023-11-24 00:55:00+00:00,0.0,25.0,587.0,21.2,0.0,2.0,34.0,59.0,0.0
2023-11-24 01:00:00+00:00,0.0,25.0,606.0,21.2,0.0,2.0,34.0,59.0,0.0
2023-11-24 01:05:00+00:00,0.0,25.0,606.0,21.2,0.0,2.0,34.0,59.0,0.0
2023-11-24 01:10:00+00:00,0.0,25.0,605.0,21.2,0.0,2.0,33.0,59.0,0.0
2023-11-24 01:15:00+00:00,0.0,25.0,596.0,21.2,0.0,2.0,34.0,59.0,0.0
2023-11-24 01:20:00+00:00,0.0,25.0,590.0,21.2,0.0,2.0,33.0,59.0,0.0
2023-11-24 01:25:00+00:00,0.0,25.0,605.0,21.2,0.0,2.0,34.0,59.0,0.0
2023-11-24 01:30:00+00:00,0.0,25.0,610.0,21.2,0.0,2.0,33.0,59.0,0.0
2023-11-24 01:35:00+00:00,0.0,25.0,585.0,21.2,0.0,2.0,33.0,59.0,0.0
2023-11-24 01:40:00+00:00,0.0,25.0,592.0,21.2,0.0,2.0,34.0,59.0,0.0
2023-11-24 01:45:00+00:00,0.0,25.0,606.0,21.2,0.0,2.0,33.0,59.0,0.0
2023-11-24 01:50:00+00:00,0.0,25.0,599.0,21.2,0.0,2.0,33.0,59.0,0.0
2023-11-24 01:55:00+00:00,0.0,25.0,593.0,21.2,0.0,2.0,34.0,59.0,0.0
2023-11-24 02:00:00+00:00,0.0,25.0,602.0,21.2,0.0,2.0,33.0,59.0,0.0
2023-11-24 02:05:00+00:00,0.0,25.0,584.0,21.2,0.0,2.0,33.0,59.0,0.0
2023-11-24 02:10:00+00:00,0.0,25.0,609.0,21.2,0.0,2.0,33.0,59.0,0.0
2023-11-24 02:15:00+00:00,0.0,25.0,590.0,21.2,0.0,2.0,34.0,59.0,0.0
2023-11-24 02:20:00+00:00,0.0,25.0,589.0,21.2,0.0,2.0,34.0,59.0,0.0
2023-11-24 02:25:00+00:00,0.0,25.0,598.0,21.2,0.0,2.0,34.0,59.0,0.0
2023-11-24 02:30:00+00:00,0.0,25.0,588.0,21.2,0.0,2.0,33.0,59.0,0.0
2023-11-24 02:35:00+00:00,0.0,25.0,608.0,21.2,0.0,2.0,33.0,59.0,0.0
2023-11-24 02:40:00+00:00,0.0,25.0,596.0,21.2,0.0,2.0,34.0,59.0,0.0
2023-11-24 02:45:00+00:00,0.0,25.0,607.0,21.2,0.0,2.0,34.0,59.0,0.0
2023-11-24 02:50:00+00:00,0.0,25.0,608.0,21.2,0.0,2.0,34.0,59.0,0.0
2023-11-24 02:55:00+00:00,0.0,25.0,605.0,21.2,0.0,2.0,34.0,59.0,0.0
2023-11-24 03:00:00+00:00,0.0,25.0,603.0,21.2,0.0,2.0,34.0,59.0,0.0
2023-11-24 03:05:00+00:00,0.0,25.0,619.0,21.2,0.0,2.0,34.0,59.0,0.0
2023-11-24 03:10:00+00:00,0.0,25.0,599.0,21.1,0.0,2.0,34.0,59.0,0.0
2023-11-24 03:15:00+00:00,0.0,25.0,612.0,21.2,0.0,2.0,34.0,59.0,0.0
2023-11-24 03:20:00+00:00,0.0,25.0,583.0,21.2,0.0,2.0,34.0,59.0,0.0
2023-11-24 03:25:00+00:00,0.0,25.0,594.0,21.2,0.0,2.0,34.0,59.0,0.0
2023-11-24 03:30:00+00:00,0.0,25.0,597.0,21.1,0.0,2.0,34.0,59.0,0.0
2023-11-24 03:35:00+00:00,0.0,25.0,608.0,21.1,0.0,2.0,34.0,59.0,0.0
2023-11-24 03:40:00+00:00,0.0,25.0,620.0,21.1,0.0,2.0,34.0,59.0,0.0
2023-11-24 03:45:00+00:00,0.0,25.0,622.0,21.2,0.0,2.0,34.0,59.0,0.0
2023-11-24 03:50:00+00:00,0.0,25.0,596.0,21.2,0.0,2.0,34.0,59.0,0.0
2023-11-24 03:55:00+00:00,0.0,25.0,506.0,21.1,0.0,2.0,34.0,59.0,0.0
2023-11-24 04:00:00+00:00,0.0,25.0,508.0,21.1,0.0,2.0,34.0,59.0,0.0
2023-11-24 04:05:00+00:00,0.0,25.0,521.0,21.1,0.0,2.0,34.0,59.0,0.0
2023-11-24 04:10:00+00:00,0.0,25.0,508.0,21.1,0.0,2.0,34.0,59.0,0.0
2023-11-24 04:15:00+00:00,0.0,25.0,500.0,21.1,0.0,2.0,34.0,59.0,0.0
2023-11-24 04:20:00+00:00,0.0,25.0,500.0,21.1,0.0,2.0,34.0,59.0,0.0
2023-11-24 04:25:00+00:00,0.0,25.0,519.0,21.1,0.0,2.0,34.0,59.0,0.0
2023-11-24 04:30:00+00:00,0.0,25.0,536.0,21.1,0.0,2.0,34.0,59.0,0.0
2023-11-24 04:35:00+00:00,0.0,25.0,519.0,21.1,0.0,2.0,34.0,59.0,0.0
2023-11-24 04:40:00+00:00,1.0,25.0,507.0,21.1,0.0,2.0,34.0,59.0,0.0
2023-11-24 04:45:00+00:00,0.0,25.0,514.0,21.1,0.0,3.0,36.0,66.0,0.0
2023-11-24 04:50:00+00:00,0.0,25.0,520.0,21.1,3.0,3.0,35.0,59.0,0.0
2023-11-24 04:55:00+00:00,0.0,25.0,525.0,21.1,0.0,3.0,34.0,59.0,0.0
2023-11-24 05:00:00+00:00,0.0,25.0,521.0,21.1,0.0,3.0,34.0,59.0,0.0
2023-11-24 05:05:00+00:00,1.0,25.0,529.0,21.1,0.0,2.0,34.0,59.0,0.0
2023-11-24 05:10:00+00:00,1.0,25.0,516.0,21.1,0.0,3.0,44.0,82.0,0.0
2023-11-24 05:15:00+00:00,1.0,25.0,518.0,21.1,9.0,3.0,48.0,67.0,0.0
2023-11-24 05:20:00+00:00,1.0,25.0,519.0,21.2,0.0,3.0,41.0,59.0,0.0
2023-11-24 05:25:00+00:00,1.0,25.0,510.0,21.2,0.0,3.0,39.0,59.0,0.0
2023-11-24 05:30:00+00:00,1.0,25.0,510.0,21.2,0.0,3.0,38.0,59.0,0.0
2023-11-24 05:35:00+00:00,1.0,25.0,510.0,21.2,0.0,3.0,36.0,59.0,0.0
2023-11-24 05:40:00+00:00,1.0,25.0,526.0,21.3,0.0,3.0,36.0,59.0,0.0
2023-11-24 05:45:00+00:00,1.0,25.0,532.0,21.3,0.0,3.0,36.0,59.0,0.0
2023-11-24 05:50:00+00:00,1.0,25.0,514.0,21.3,0.0,3.0,36.0,59.0,0.0
2023-11-24 05:55:00+00:00,0.0,25.0,514.0,21.3,0.0,3.0,36.0,59.0,0.0
2023-11-24 06:00:00+00:00,0.0,25.0,525.0,21.3,4.0,207.0,39.0,65.0,0.0
2023-11-24 06:05:00+00:00,0.0,25.0,536.0,21.3,7.0,218.0,38.0,64.0,0.0
2023-11-24 06:10:00+00:00,0.0,25.0,570.0,21.3,1.0,219.0,37.0,63.0,0.0
2023-11-24 06:15:00+00:00,0.0,25.0,550.0,21.3,1.0,219.0,37.0,59.0,0.0
2023-11-24 06:20:00+00:00,0.0,25.0,563.0,21.3,2.0,219.0,38.0,61.0,0.0
2023-11-24 06:25:00+00:00,0.0,25.0,571.0,21.3,0.0,220.0,36.0,59.0,0.0
2023-11-24 06:30:00+00:00,0.0,25.0,588.0,21.4,0.0,221.0,36.0,59.0,0.0
2023-11-24 06:35:00+00:00,0.0,25.0,602.0,21.4,2.0,221.0,36.0,59.0,0.0
2023-11-24 06:40:00+00:00,0.0,25.0,606.0,21.4,2.0,221.0,37.0,61.0,0.0
2023-11-24 06:45:00+00:00,0.0,25.0,622.0,21.4,0.0,225.0,37.0,65.0,0.0
2023-11-24 06:50:00+00:00,0.0,25.0,622.0,21.4,0.0,225.0,36.0,59.0,0.0
2023-11-24 06:55:00+00:00,0.0,25.0,621.0,21.4,4.0,225.0,37.0,62.0,0.0
2023-11-24 07:00:00+00:00,0.0,25.0,637.0,21.5,3.0,225.0,36.0,59.0,0.0
2023-11-24 07:05:00+00:00,0.0,25.0,629.0,21.5,1.0,227.0,37.0,59.0,0.0
2023-11-24 07:10:00+00:00,0.0,26.0,632.0,21.5,5.0,228.0,40.0,59.0,0.0
2023-11-24 07:15:00+00:00,0.0,25.0,638.0,21.5,2.0,227.0,37.0,59.0,0.0
2023-11-24 07:20:00+00:00,0.0,25.0,629.0,21.5,2.0,230.0,37.0,59.0,0.0
2023-11-24 07:25:00+00:00,0.0,25.0,616.0,21.6,2.0,230.0,38.0,61.0,0.0
2023-11-24 07:30:00+00:00,0.0,25.0,641.0,21.5,0.0,233.0,38.0,59.0,0.0
2023-11-24 07:35:00+00:00,0.0,25.0,658.0,21.6,1.0,239.0,37.0,59.0,0.0
2023-11-24 07:40:00+00:00,0.0,26.0,660.0,21.6,3.0,247.0,36.0,59.0,0.0
2023-11-24 07:45:00+00:00,1.0,26.0,665.0,21.6,1.0,246.0,36.0,62.0,0.0
2023-11-24 07:50:00+00:00,0.0,26.0,649.0,21.6,4.0,274.0,37.0,59.0,0.0
2023-11-24 07:55:00+00:00,0.0,26.0,662.0,21.6,3.0,268.0,37.0,66.0,0.0
2023-11-24 08:00:00+00:00,0.0,26.0,648.0,21.6,1.0,266.0,37.0,59.0,0.0
2023-11-24 08:05:00+00:00,0.0,26.0,633.0,21.6,6.0,261.0,40.0,72.0,0.0
2023-11-24 08:10:00+00:00,0.0,26.0,655.0,21.6,5.0,262.0,38.0,61.0,0.0
2023-11-24 08:15:00+00:00,0.0,26.0,672.0,21.6,0.0,263.0,37.0,60.0,0.0
2023-11-24 08:20:00+00:00,1.0,26.0,659.0,21.7,0.0,264.0,36.0,59.0,0.0
2023-11-24 08:25:00+00:00,1.0,26.0,674.0,21.7,3.0,264.0,37.0,71.0,0.0
2023-11-24 08:30:00+00:00,0.0,26.0,676.0,21.7,0.0,264.0,36.0,65.0,0.0
2023-11-24 08:35:00+00:00,0.0,26.0,646.0,21.7,4.0,268.0,40.0,59.0,0.0
2023-11-24 08:40:00+00:00,0.0,26.0,646.0,21.7,0.0,271.0,37.0,59.0,0.0
2023-11-24 08:45:00+00:00,0.0,26.0,671.0,21.7,4.0,286.0,38.0,67.0,0.0
2023-11-24 08:50:00+00:00,1.0,26.0,667.0,21.8,5.0,290.0,38.0,59.0,0.0
2023-11-24 08:55:00+00:00,0.0,26.0,678.0,21.8,4.0,265.0,40.0,72.0,0.0
2023-11-24 09:00:00+00:00,0.0,26.0,687.0,21.8,16.0,255.0,50.0,71.0,0.0
2023-11-24 09:15:00+00:00,0.0,26.0,733.0,22.0,15.0,252.0,46.0,65.0,0.0
2023-11-24 09:20:00+00:00,0.0,26.0,700.0,22.0,3.0,250.0,45.0,67.0,0.0
2023-11-24 09:25:00+00:00,0.0,26.0,698.0,22.0,2.0,250.0,43.0,62.0,0.0
2023-11-24 09:30:00+00:00,0.0,26.0,724.0,22.0,2.0,244.0,47.0,66.0,0.0
2023-11-24 09:35:00+00:00,0.0,26.0,711.0,22.0,5.0,246.0,43.0,65.0,0.0
2023-11-24 09:40:00+00:00,0.0,26.0,701.0,22.1,2.0,243.0,40.0,59.0,0.0
2023-11-24 09:45:00+00:00,0.0,26.0,714.0,22.1,0.0,239.0,41.0,59.0,0.0
2023-11-24 09:50:00+00:00,1.0,26.0,707.0,22.1,0.0,239.0,42.0,61.0,0.0
2023-11-24 09:55:00+00:00,1.0,26.0,708.0,22.2,7.0,241.0,41.0,72.0,0.0
2023-11-24 10:00:00+00:00,0.0,26.0,684.0,22.2,3.0,244.0,40.0,63.0,0.0
2023-11-24 10:05:00+00:00,0.0,26.0,685.0,22.2,3.0,248.0,41.0,63.0,0.0
2023-11-24 10:10:00+00:00,0.0,26.0,673.0,22.2,1.0,258.0,39.0,59.0,0.0
2023-11-24 10:15:00+00:00,0.0,26.0,650.0,22.2,0.0,270.0,40.0,64.0,0.0
2023-11-24 10:20:00+00:00,0.0,26.0,641.0,22.2,0.0,262.0,41.0,63.0,0.0
2023-11-24 10:25:00+00:00,0.0,26.0,634.0,22.3,1.0,269.0,41.0,67.0,0.0
2023-11-24 10:30:00+00:00,1.0,26.0,649.0,22.3,4.0,269.0,41.0,70.0,0.0
2023-11-24 10:35:00+00:00,0.0,26.0,641.0,22.3,0.0,267.0,39.0,61.0,0.0
2023-11-24 10:40:00+00:00,0.0,26.0,656.0,22.3,3.0,268.0,40.0,62.0,0.0
2023-11-24 10:45:00+00:00,0.0,26.0,629.0,22.3,0.0,270.0,39.0,59.0,0.0
2023-11-24 10:50:00+00:00,0.0,26.0,619.0,22.3,0.0,250.0,39.0,59.0,0.0
2023-11-24 10:55:00+00:00,0.0,26.0,626.0,22.3,0.0,251.0,39.0,59.0,0.0
2023-11-24 11:00:00+00:00,0.0,26.0,605.0,22.3,2.0,261.0,40.0,59.0,0.0
2023-11-24 11:05:00+00:00,0.0,26.0,592.0,22.3,7.0,272.0,43.0,70.0,0.0
2023-11-24 11:10:00+00:00,0.0,26.0,567.0,22.3,1.0,263.0,42.0,71.0,0.0
2023-11-24 11:15:00+00:00,0.0,26.0,557.0,22.4,2.0,268.0,41.0,62.0,0.0
2023-11-24 11:20:00+00:00,0.0,27.0,569.0,22.4,1.0,266.0,42.0,65.0,0.0
2023-11-24 11:25:00+00:00,0.0,26.0,586.0,22.4,2.0,270.0,38.0,59.0,0.0
2023-11-24 11:30:00+00:00,0.0,26.0,592.0,22.4,1.0,257.0,37.0,71.0,0.0
2023-11-24 11:35:00+00:00,0.0,26.0,588.0,22.4,1.0,257.0,36.0,63.0,0.0
2023-11-24 11:40:00+00:00,0.0,26.0,593.0,22.4,1.0,253.0,42.0,73.0,0.0
2023-11-24 11:45:00+00:00,0.0,27.0,603.0,22.4,11.0,263.0,42.0,69.0,0.0
2023-11-24 11:50:00+00:00,1.0,27.0,582.0,22.4,0.0,274.0,37.0,59.0,0.0
2023-11-24 11:55:00+00:00,0.0,27.0,596.0,22.4,2.0,253.0,39.0,66.0,0.0
2023-11-24 12:00:00+00:00,0.0,27.0,585.0,22.4,7.0,39.0,35.0,59.0,0.0
2023-11-24 12:05:00+00:00,0.0,27.0,584.0,22.4,0.0,43.0,34.0,59.0,0.0
2023-11-24 12:10:00+00:00,0.0,27.0,559.0,22.3,0.0,40.0,33.0,59.0,0.0
2023-11-24 12:15:00+00:00,0.0,27.0,566.0,22.3,0.0,44.0,34.0,59.0,0.0
2023-11-24 12:20:00+00:00,0.0,27.0,550.0,22.3,0.0,45.0,35.0,59.0,0.0
2023-11-24 12:25:00+00:00,0.0,27.0,556.0,22.3,0.0,38.0,34.0,59.0,0.0
2023-11-24 12:30:00+00:00,0.0,27.0,540.0,22.2,0.0,28.0,34.0,59.0,0.0
2023-11-24 12:35:00+00:00,0.0,27.0,548.0,22.2,0.0,24.0,35.0,59.0,0.0
2023-11-24 12:40:00+00:00,0.0,27.0,527.0,22.2,0.0,25.0,34.0,59.0,0.0
2023-11-24 12:45:00+00:00,0.0,27.0,525.0,22.2,0.0,28.0,34.0,59.0,0.0
2023-11-24 12:50:00+00:00,0.0,27.0,514.0,22.2,0.0,26.0,34.0,59.0,0.0
2023-11-24 12:55:00+00:00,0.0,27.0,524.0,22.1,0.0,14.0,34.0,59.0,0.0
2023-11-24 13:00:00+00:00,0.0,27.0,505.0,22.1,0.0,12.0,34.0,59.0,0.0
2023-11-24 13:05:00+00:00,0.0,27.0,509.0,22.1,0.0,27.0,35.0,59.0,0.0
2023-11-24 13:10:00+00:00,0.0,27.0,500.0,22.0,0.0,27.0,34.0,59.0,0.0
2023-11-24 13:15:00+00:00,0.0,27.0,506.0,22.0,0.0,13.0,34.0,59.0,0.0
2023-11-24 13:20:00+00:00,0.0,27.0,514.0,22.0,0.0,12.0,34.0,59.0,0.0
2023-11-24 13:25:00+00:00,0.0,27.0,502.0,22.0,0.0,8.0,34.0,59.0,0.0
2023-11-24 13:30:00+00:00,0.0,27.0,490.0,22.0,0.0,8.0,35.0,59.0,0.0
2023-11-24 13:35:00+00:00,0.0,27.0,511.0,21.9,0.0,5.0,35.0,59.0,0.0
2023-11-24 13:40:00+00:00,0.0,27.0,490.0,21.9,0.0,6.0,35.0,59.0,0.0
2023-11-24 13:45:00+00:00,0.0,27.0,498.0,21.9,0.0,6.0,34.0,59.0,0.0
2023-11-24 13:50:00+00:00,0.0,28.0,484.0,21.9,0.0,9.0,35.0,59.0,0.0
2023-11-24 13:55:00+00:00,0.0,28.0,487.0,21.9,0.0,8.0,35.0,59.0,0.0
2023-11-24 14:00:00+00:00,0.0,28.0,499.0,21.8,0.0,9.0,34.0,59.0,0.0
2023-11-24 14:05:00+00:00,0.0,28.0,473.0,21.8,0.0,7.0,34.0,59.0,0.0
2023-11-24 14:10:00+00:00,0.0,28.0,470.0,21.9,0.0,8.0,34.0,59.0,0.0
2023-11-24 14:15:00+00:00,0.0,28.0,485.0,21.8,0.0,7.0,34.0,59.0,0.0
2023-11-24 14:20:00+00:00,0.0,28.0,478.0,21.8,0.0,7.0,34.0,59.0,0.0
2023-11-24 14:25:00+00:00,0.0,28.0,494.0,21.8,0.0,6.0,34.0,59.0,0.0
2023-11-24 14:30:00+00:00,0.0,28.0,476.0,21.8,0.0,8.0,34.0,59.0,0.0
2023-11-24 14:35:00+00:00,0.0,28.0,475.0,21.8,0.0,9.0,34.0,59.0,0.0
2023-11-24 14:40:00+00:00,0.0,28.0,492.0,21.8,0.0,5.0,34.0,59.0,0.0
2023-11-24 14:45:00+00:00,0.0,28.0,476.0,21.8,0.0,8.0,34.0,59.0,0.0
2023-11-24 14:50:00+00:00,0.0,28.0,476.0,21.8,0.0,8.0,34.0,59.0,0.0
2023-11-24 14:55:00+00:00,0.0,28.0,491.0,21.8,0.0,2.0,34.0,59.0,0.0
2023-11-24 15:00:00+00:00,0.0,29.0,499.0,21.7,0.0,2.0,34.0,59.0,0.0
2023-11-24 15:05:00+00:00,0.0,29.0,490.0,21.7,0.0,2.0,35.0,59.0,0.0
2023-11-24 15:10:00+00:00,0.0,29.0,491.0,21.7,0.0,1.0,34.0,59.0,0.0
2023-11-24 15:15:00+00:00,0.0,29.0,491.0,21.7,0.0,2.0,34.0,59.0,0.0
2023-11-24 15:20:00+00:00,0.0,29.0,491.0,21.7,0.0,2.0,34.0,59.0,0.0
2023-11-24 15:25:00+00:00,0.0,29.0,496.0,21.7,0.0,2.0,34.0,59.0,0.0
2023-11-24 15:30:00+00:00,0.0,29.0,506.0,21.7,0.0,1.0,34.0,59.0,0.0
2023-11-24 15:35:00+00:00,0.0,29.0,480.0,21.7,0.0,0.0,34.0,59.0,0.0
2023-11-24 15:40:00+00:00,0.0,29.0,491.0,21.6,0.0,0.0,34.0,59.0,0.0
2023-11-24 15:45:00+00:00,0.0,29.0,478.0,21.7,0.0,0.0,34.0,59.0,0.0
2023-11-24 15:50:00+00:00,0.0,29.0,491.0,21.7,0.0,1.0,34.0,59.0,0.0
2023-11-24 15:55:00+00:00,0.0,29.0,479.0,21.6,0.0,1.0,34.0,59.0,0.0
2023-11-24 16:00:00+00:00,0.0,29.0,475.0,21.6,0.0,1.0,34.0,59.0,0.0
2023-11-24 16:05:00+00:00,0.0,29.0,478.0,21.6,0.0,1.0,34.0,59.0,0.0
2023-11-24 16:10:00+00:00,0.0,29.0,489.0,21.6,0.0,0.0,34.0,59.0,0.0
2023-11-24 16:15:00+00:00,0.0,29.0,497.0,21.6,0.0,0.0,34.0,59.0,0.0
2023-11-24 16:20:00+00:00,0.0,29.0,496.0,21.6,0.0,0.0,34.0,59.0,0.0
2023-11-24 16:25:00+00:00,0.0,29.0,487.0,21.6,0.0,0.0,34.0,59.0,0.0
2023-11-24 16:30:00+00:00,0.0,29.0,491.0,21.6,0.0,0.0,34.0,59.0,0.0
2023-11-24 16:35:00+00:00,0.0,29.0,482.0,21.6,0.0,0.0,34.0,59.0,0.0
2023-11-24 16:40:00+00:00,0.0,29.0,462.0,21.6,0.0,0.0,36.0,59.0,0.0
2023-11-24 16:45:00+00:00,0.0,29.0,494.0,21.6,0.0,0.0,34.0,59.0,0.0
2023-11-24 16:50:00+00:00,0.0,29.0,483.0,21.6,0.0,0.0,34.0,59.0,0.0
2023-11-24 16:55:00+00:00,0.0,29.0,486.0,21.6,0.0,0.0,34.0,59.0,0.0
2023-11-24 17:00:00+00:00,0.0,29.0,475.0,21.6,0.0,0.0,34.0,59.0,0.0
2023-11-24 17:05:00+00:00,0.0,29.0,491.0,21.5,0.0,0.0,35.0,59.0,0.0
2023-11-24 17:10:00+00:00,0.0,29.0,482.0,21.5,0.0,1.0,34.0,59.0,0.0
2023-11-24 17:15:00+00:00,0.0,29.0,487.0,21.5,0.0,1.0,34.0,59.0,0.0
2023-11-24 17:20:00+00:00,0.0,29.0,478.0,21.5,0.0,1.0,33.0,59.0,0.0
2023-11-24 17:25:00+00:00,0.0,29.0,484.0,21.5,0.0,0.0,34.0,59.0,0.0
2023-11-24 17:30:00+00:00,0.0,29.0,489.0,21.5,0.0,0.0,33.0,59.0,0.0
2023-11-24 17:35:00+00:00,0.0,29.0,476.0,21.5,0.0,0.0,33.0,59.0,0.0
2023-11-24 17:40:00+00:00,0.0,29.0,497.0,21.5,0.0,0.0,33.0,59.0,0.0
2023-11-24 17:45:00+00:00,0.0,29.0,492.0,21.5,0.0,0.0,34.0,59.0,0.0
2023-11-24 17:50:00+00:00,0.0,29.0,488.0,21.5,0.0,0.0,32.0,59.0,0.0
2023-11-24 17:55:00+00:00,0.0,29.0,493.0,21.5,0.0,0.0,32.0,59.0,0.0
2023-11-24 18:00:00+00:00,0.0,29.0,482.0,21.5,0.0,0.0,32.0,59.0,0.0
2023-11-24 18:05:00+00:00,0.0,29.0,496.0,21.5,0.0,0.0,32.0,59.0,0.0
2023-11-24 18:10:00+00:00,0.0,29.0,486.0,21.5,0.0,0.0,32.0,59.0,0.0
2023-11-24 18:15:00+00:00,0.0,29.0,490.0,21.5,0.0,0.0,32.0,59.0,0.0
2023-11-24 18:20:00+00:00,0.0,29.0,489.0,21.5,0.0,0.0,32.0,59.0,0.0
2023-11-24 18:25:00+00:00,0.0,29.0,506.0,21.5,0.0,0.0,32.0,59.0,0.0
2023-11-24 18:30:00+00:00,0.0,29.0,497.0,21.4,0.0,0.0,33.0,59.0,0.0
2023-11-24 18:35:00+00:00,0.0,29.0,482.0,21.5,0.0,1.0,32.0,59.0,0.0
2023-11-24 18:40:00+00:00,0.0,29.0,508.0,21.5,0.0,1.0,32.0,59.0,0.0
2023-11-24 18:45:00+00:00,0.0,29.0,489.0,21.5,0.0,1.0,33.0,59.0,0.0
2023-11-24 18:50:00+00:00,0.0,30.0,501.0,21.4,0.0,0.0,32.0,59.0,0.0
2023-11-24 18:55:00+00:00,0.0,30.0,508.0,21.4,0.0,0.0,32.0,59.0,0.0
2023-11-24 19:00:00+00:00,0.0,30.0,490.0,21.4,0.0,0.0,32.0,59.0,0.0
2023-11-24 19:05:00+00:00,0.0,30.0,482.0,21.5,0.0,0.0,32.0,59.0,0.0
2023-11-24 19:10:00+00:00,0.0,30.0,474.0,21.4,0.0,0.0,32.0,59.0,0.0
2023-11-24 19:15:00+00:00,0.0,30.0,490.0,21.4,0.0,0.0,32.0,59.0,0.0
2023-11-24 19:20:00+00:00,0.0,30.0,487.0,21.4,0.0,0.0,32.0,59.0,0.0
2023-11-24 19:25:00+00:00,0.0,30.0,483.0,21.4,0.0,0.0,32.0,59.0,0.0
2023-11-24 19:30:00+00:00,0.0,30.0,479.0,21.4,0.0,0.0,32.0,59.0,0.0
2023-11-24 19:35:00+00:00,0.0,30.0,507.0,21.4,0.0,0.0,32.0,59.0,0.0
2023-11-24 19:40:00+00:00,0.0,30.0,487.0,21.4,0.0,0.0,32.0,59.0,0.0
2023-11-24 19:45:00+00:00,0.0,30.0,495.0,21.4,0.0,0.0,33.0,59.0,0.0
2023-11-24 19:50:00+00:00,0.0,30.0,480.0,21.4,0.0,0.0,32.0,59.0,0.0
2023-11-24 19:55:00+00:00,0.0,30.0,474.0,21.4,0.0,0.0,32.0,59.0,0.0
2023-11-24 20:00:00+00:00,0.0,30.0,482.0,21.4,0.0,0.0,33.0,59.0,0.0
2023-11-24 20:05:00+00:00,0.0,30.0,480.0,21.4,0.0,0.0,32.0,59.0,0.0
2023-11-24 20:10:00+00:00,0.0,30.0,472.0,21.4,0.0,0.0,32.0,59.0,0.0
2023-11-24 20:15:00+00:00,0.0,30.0,490.0,21.4,0.0,0.0,32.0,59.0,0.0
2023-11-24 20:20:00+00:00,0.0,30.0,484.0,21.4,0.0,0.0,32.0,59.0,0.0
2023-11-24 20:25:00+00:00,0.0,30.0,479.0,21.4,0.0,0.0,33.0,59.0,0.0
2023-11-24 20:30:00+00:00,0.0,30.0,472.0,21.4,0.0,0.0,32.0,59.0,0.0
2023-11-24 20:35:00+00:00,0.0,30.0,488.0,21.4,0.0,0.0,32.0,59.0,0.0
2023-11-24 20:40:00+00:00,0.0,30.0,474.0,21.4,0.0,0.0,32.0,59.0,0.0
2023-11-24 20:45:00+00:00,0.0,30.0,505.0,21.4,0.0,0.0,32.0,59.0,0.0
2023-11-24 20:50:00+00:00,0.0,30.0,494.0,21.4,0.0,0.0,32.0,59.0,0.0
2023-11-24 20:55:00+00:00,0.0,30.0,491.0,21.4,0.0,0.0,32.0,59.0,0.0
2023-11-24 21:00:00+00:00,0.0,29.0,472.0,21.4,0.0,0.0,32.0,59.0,0.0
2023-11-24 21:05:00+00:00,0.0,29.0,499.0,21.4,0.0,0.0,32.0,59.0,0.0
2023-11-24 21:10:00+00:00,0.0,29.0,478.0,21.3,0.0,0.0,32.0,59.0,0.0
2023-11-24 21:15:00+00:00,0.0,29.0,488.0,21.4,0.0,0.0,32.0,59.0,0.0
2023-11-24 21:20:00+00:00,0.0,29.0,483.0,21.3,0.0,0.0,32.0,59.0,0.0
2023-11-24 21:25:00+00:00,0.0,29.0,467.0,21.3,0.0,0.0,33.0,59.0,0.0
2023-11-24 21:30:00+00:00,0.0,29.0,465.0,21.3,0.0,0.0,33.0,59.0,0.0
2023-11-24 21:35:00+00:00,0.0,29.0,463.0,21.3,0.0,0.0,32.0,59.0,0.0
2023-11-24 21:40:00+00:00,0.0,29.0,467.0,21.3,0.0,0.0,32.0,59.0,0.0
2023-11-24 21:45:00+00:00,0.0,28.0,484.0,21.3,0.0,0.0,32.0,59.0,0.0
2023-11-24 21:50:00+00:00,0.0,28.0,471.0,21.3,0.0,0.0,32.0,59.0,0.0
2023-11-24 21:55:00+00:00,0.0,28.0,453.0,21.3,0.0,0.0,32.0,59.0,0.0
2023-11-24 22:00:00+00:00,0.0,28.0,455.0,21.3,0.0,0.0,32.0,59.0,0.0
2023-11-24 22:05:00+00:00,0.0,28.0,465.0,21.2,0.0,0.0,32.0,59.0,0.0
2023-11-24 22:10:00+00:00,0.0,28.0,474.0,21.3,0.0,0.0,32.0,59.0,0.0
2023-11-24 22:15:00+00:00,0.0,28.0,472.0,21.3,0.0,0.0,31.0,59.0,0.0
2023-11-24 22:20:00+00:00,0.0,28.0,459.0,21.2,0.0,0.0,31.0,59.0,0.0
2023-11-24 22:25:00+00:00,0.0,28.0,463.0,21.2,0.0,0.0,33.0,59.0,0.0
2023-11-24 22:30:00+00:00,0.0,28.0,463.0,21.2,0.0,0.0,33.0,59.0,0.0
2023-11-24 22:35:00+00:00,0.0,27.0,462.0,21.2,0.0,0.0,32.0,59.0,0.0
2023-11-24 22:40:00+00:00,0.0,27.0,462.0,21.2,0.0,0.0,33.0,59.0,0.0
2023-11-24 22:45:00+00:00,0.0,27.0,463.0,21.2,0.0,0.0,33.0,59.0,0.0
2023-11-24 22:50:00+00:00,0.0,27.0,456.0,21.2,0.0,0.0,33.0,59.0,0.0
2023-11-24 22:55:00+00:00,0.0,27.0,453.0,21.2,0.0,0.0,32.0,59.0,0.0
2023-11-24 23:00:00+00:00,0.0,27.0,451.0,21.2,0.0,0.0,33.0,59.0,0.0
2023-11-24 23:05:00+00:00,0.0,27.0,457.0,21.2,0.0,0.0,33.0,59.0,0.0
2023-11-24 23:10:00+00:00,0.0,27.0,441.0,21.2,0.0,0.0,32.0,59.0,0.0
2023-11-24 23:15:00+00:00,0.0,27.0,432.0,21.2,0.0,0.0,32.0,59.0,0.0
2023-11-24 23:20:00+00:00,0.0,27.0,444.0,21.2,0.0,0.0,33.0,59.0,0.0
2023-11-24 23:25:00+00:00,0.0,26.0,447.0,21.2,0.0,0.0,32.0,59.0,0.0
2023-11-24 23:30:00+00:00,0.0,26.0,445.0,21.2,0.0,0.0,34.0,59.0,0.0
2023-11-24 23:35:00+00:00,0.0,26.0,457.0,21.2,0.0,0.0,33.0,59.0,0.0
2023-11-24 23:40:00+00:00,0.0,26.0,439.0,21.1,0.0,0.0,32.0,59.0,0.0
2023-11-24 23:45:00+00:00,0.0,26.0,449.0,21.1,0.0,0.0,33.0,59.0,0.0
2023-11-24 23:50:00+00:00,0.0,26.0,461.0,21.1,0.0,0.0,32.0,59.0,0.0
2023-11-24 23:55:00+00:00,0.0,26.0,451.0,21.1,0.0,0.0,32.0,59.0,0.0
2023-11-25 00:00:00+00:00,0.0,26.0,441.0,21.1,0.0,0.0,32.0,59.0,0.0
2023-11-25 00:05:00+00:00,0.0,26.0,452.0,21.1,0.0,0.0,32.0,59.0,0.0
2023-11-25 00:10:00+00:00,0.0,26.0,449.0,21.1,0.0,0.0,33.0,59.0,0.0
2023-11-25 00:15:00+00:00,0.0,26.0,471.0,21.1,0.0,0.0,32.0,59.0,0.0
2023-11-25 00:20:00+00:00,0.0,25.0,447.0,21.1,0.0,0.0,33.0,59.0,0.0
2023-11-25 00:25:00+00:00,0.0,25.0,458.0,21.1,0.0,0.0,32.0,59.0,0.0
2023-11-25 00:30:00+00:00,0.0,25.0,454.0,21.1,0.0,0.0,32.0,59.0,0.0
2023-11-25 00:35:00+00:00,0.0,25.0,464.0,21.1,0.0,0.0,32.0,59.0,0.0
2023-11-25 00:40:00+00:00,0.0,25.0,462.0,21.1,0.0,0.0,32.0,59.0,0.0
2023-11-25 00:45:00+00:00,0.0,25.0,449.0,21.1,0.0,0.0,32.0,59.0,0.0
2023-11-25 00:50:00+00:00,0.0,25.0,443.0,21.1,0.0,0.0,33.0,59.0,0.0
2023-11-25 00:55:00+00:00,0.0,25.0,451.0,21.1,0.0,0.0,33.0,59.0,0.0
2023-11-25 01:00:00+00:00,0.0,25.0,465.0,21.1,0.0,0.0,33.0,59.0,0.0
2023-11-25 01:05:00+00:00,0.0,25.0,458.0,21.0,0.0,0.0,33.0,59.0,0.0
2023-11-25 01:10:00+00:00,0.0,25.0,457.0,21.1,0.0,0.0,32.0,59.0,0.0
2023-11-25 01:15:00+00:00,0.0,25.0,453.0,21.1,0.0,0.0,33.0,59.0,0.0
2023-11-25 01:20:00+00:00,0.0,25.0,439.0,21.0,0.0,0.0,33.0,59.0,0.0
2023-11-25 01:25:00+00:00,0.0,25.0,455.0,21.0,0.0,0.0,33.0,59.0,0.0
2023-11-25 01:30:00+00:00,0.0,25.0,453.0,21.0,0.0,0.0,33.0,59.0,0.0
2023-11-25 01:35:00+00:00,0.0,25.0,448.0,21.1,0.0,0.0,33.0,59.0,0.0
2023-11-25 01:40:00+00:00,0.0,25.0,456.0,21.0,0.0,0.0,33.0,59.0,0.0
2023-11-25 01:45:00+00:00,0.0,25.0,448.0,21.0,0.0,0.0,33.0,59.0,0.0
2023-11-25 01:50:00+00:00,0.0,25.0,468.0,21.0,0.0,0.0,33.0,59.0,0.0
2023-11-25 01:55:00+00:00,0.0,25.0,461.0,21.0,0.0,0.0,33.0,59.0,0.0
2023-11-25 02:00:00+00:00,0.0,25.0,447.0,21.0,0.0,0.0,33.0,59.0,0.0
2023-11-25 02:05:00+00:00,0.0,25.0,447.0,21.0,0.0,0.0,33.0,59.0,0.0
2023-11-25 02:10:00+00:00,0.0,25.0,456.0,21.0,0.0,0.0,33.0,59.0,0.0
2023-11-25 02:15:00+00:00,0.0,25.0,454.0,21.0,0.0,0.0,33.0,59.0,0.0
2023-11-25 02:20:00+00:00,0.0,25.0,466.0,21.0,0.0,0.0,33.0,59.0,0.0
2023-11-25 02:25:00+00:00,0.0,25.0,461.0,21.0,0.0,0.0,33.0,59.0,0.0
2023-11-25 02:30:00+00:00,0.0,24.0,466.0,21.0,0.0,0.0,33.0,59.0,0.0
2023-11-25 02:35:00+00:00,0.0,24.0,442.0,21.0,0.0,0.0,33.0,59.0,0.0
2023-11-25 02:40:00+00:00,0.0,24.0,463.0,21.0,0.0,0.0,33.0,59.0,0.0
2023-11-25 02:45:00+00:00,0.0,24.0,457.0,21.0,0.0,0.0,33.0,59.0,0.0
2023-11-25 02:50:00+00:00,0.0,24.0,467.0,21.0,0.0,0.0,33.0,59.0,0.0
2023-11-25 02:55:00+00:00,0.0,24.0,463.0,21.0,0.0,0.0,32.0,59.0,0.0
2023-11-25 03:00:00+00:00,0.0,24.0,452.0,21.0,0.0,0.0,32.0,59.0,0.0
2023-11-25 03:05:00+00:00,0.0,24.0,462.0,21.0,0.0,0.0,32.0,59.0,0.0
2023-11-25 03:10:00+00:00,0.0,24.0,443.0,21.0,0.0,0.0,32.0,59.0,0.0
2023-11-25 03:15:00+00:00,0.0,24.0,454.0,21.0,0.0,0.0,32.0,59.0,0.0
2023-11-25 03:20:00+00:00,0.0,24.0,450.0,21.0,0.0,0.0,32.0,59.0,0.0
2023-11-25 03:25:00+00:00,0.0,24.0,473.0,21.0,0.0,0.0,32.0,59.0,0.0
2023-11-25 03:30:00+00:00,0.0,24.0,444.0,21.0,0.0,0.0,32.0,59.0,0.0
2023-11-25 03:35:00+00:00,0.0,24.0,444.0,21.0,0.0,0.0,32.0,59.0,0.0
2023-11-25 03:40:00+00:00,0.0,24.0,466.0,21.0,0.0,0.0,33.0,59.0,0.0
2023-11-25 03:45:00+00:00,0.0,24.0,464.0,21.0,0.0,0.0,32.0,59.0,0.0
2023-11-25 03:50:00+00:00,0.0,24.0,466.0,20.9,0.0,0.0,32.0,59.0,0.0
2023-11-25 03:55:00+00:00,0.0,24.0,452.0,20.9,0.0,0.0,32.0,59.0,0.0
2023-11-25 04:00:00+00:00,0.0,24.0,477.0,20.9,0.0,0.0,33.0,59.0,0.0
2023-11-25 04:05:00+00:00,0.0,24.0,463.0,20.9,0.0,0.0,32.0,59.0,0.0
2023-11-25 04:10:00+00:00,0.0,24.0,463.0,20.9,0.0,0.0,32.0,59.0,0.0
2023-11-25 04:15:00+00:00,0.0,24.0,465.0,20.9,0.0,0.0,32.0,59.0,0.0
2023-11-25 04:20:00+00:00,0.0,24.0,464.0,20.9,0.0,0.0,32.0,59.0,0.0
2023-11-25 04:25:00+00:00,0.0,24.0,462.0,20.9,0.0,0.0,32.0,59.0,0.0
2023-11-25 04:30:00+00:00,0.0,24.0,469.0,20.9,0.0,0.0,32.0,59.0,0.0
2023-11-25 04:35:00+00:00,0.0,24.0,467.0,20.9,0.0,0.0,32.0,59.0,0.0
2023-11-25 04:40:00+00:00,0.0,24.0,461.0,20.9,0.0,0.0,33.0,59.0,0.0
2023-11-25 04:45:00+00:00,0.0,24.0,463.0,20.9,0.0,0.0,33.0,59.0,0.0
2023-11-25 04:50:00+00:00,0.0,24.0,457.0,21.0,0.0,0.0,33.0,59.0,0.0
2023-11-25 04:55:00+00:00,0.0,24.0,465.0,20.9,0.0,0.0,32.0,59.0,0.0
2023-11-25 05:00:00+00:00,0.0,24.0,467.0,20.9,0.0,0.0,32.0,59.0,0.0
2023-11-25 05:05:00+00:00,0.0,24.0,460.0,20.9,0.0,0.0,32.0,59.0,0.0
2023-11-25 05:10:00+00:00,0.0,24.0,478.0,20.9,0.0,0.0,33.0,59.0,0.0
2023-11-25 05:15:00+00:00,0.0,24.0,467.0,20.9,0.0,0.0,33.0,59.0,0.0
2023-11-25 05:20:00+00:00,0.0,24.0,457.0,20.9,0.0,0.0,32.0,59.0,0.0
2023-11-25 05:25:00+00:00,0.0,24.0,466.0,20.9,0.0,0.0,33.0,59.0,0.0
2023-11-25 05:30:00+00:00,0.0,24.0,469.0,20.9,0.0,0.0,33.0,59.0,0.0
2023-11-25 05:35:00+00:00,0.0,23.0,477.0,20.9,0.0,0.0,32.0,59.0,0.0
2023-11-25 05:40:00+00:00,0.0,23.0,461.0,20.9,0.0,0.0,32.0,59.0,0.0
2023-11-25 05:45:00+00:00,0.0,23.0,464.0,20.9,0.0,0.0,33.0,59.0,0.0
2023-11-25 05:50:00+00:00,0.0,23.0,480.0,20.9,0.0,0.0,32.0,59.0,0.0
2023-11-25 05:55:00+00:00,0.0,23.0,467.0,20.9,0.0,0.0,32.0,59.0,0.0
2023-11-25 06:00:00+00:00,0.0,23.0,478.0,20.9,0.0,0.0,33.0,59.0,0.0
2023-11-25 06:05:00+00:00,0.0,23.0,462.0,20.9,0.0,0.0,33.0,59.0,0.0
2023-11-25 06:10:00+00:00,0.0,23.0,464.0,20.9,0.0,1.0,33.0,59.0,0.0
2023-11-25 06:15:00+00:00,0.0,23.0,466.0,20.9,0.0,1.0,33.0,59.0,0.0
2023-11-25 06:20:00+00:00,0.0,23.0,470.0,20.9,0.0,2.0,32.0,59.0,0.0
2023-11-25 06:25:00+00:00,0.0,23.0,458.0,20.9,0.0,4.0,33.0,59.0,0.0
2023-11-25 06:30:00+00:00,0.0,23.0,466.0,20.9,0.0,6.0,33.0,59.0,0.0
2023-11-25 06:35:00+00:00,0.0,23.0,473.0,20.9,0.0,8.0,33.0,59.0,0.0
2023-11-25 06:40:00+00:00,0.0,23.0,469.0,20.9,0.0,9.0,32.0,59.0,0.0
2023-11-25 06:45:00+00:00,0.0,23.0,471.0,20.9,0.0,10.0,33.0,59.0,0.0
2023-11-25 06:50:00+00:00,0.0,23.0,483.0,20.9,0.0,13.0,33.0,59.0,0.0
2023-11-25 06:55:00+00:00,0.0,23.0,469.0,20.9,0.0,18.0,33.0,59.0,0.0
2023-11-25 07:00:00+00:00,0.0,23.0,482.0,20.9,0.0,21.0,33.0,59.0,0.0
2023-11-25 07:05:00+00:00,0.0,23.0,473.0,20.9,0.0,22.0,33.0,59.0,0.0
2023-11-25 07:10:00+00:00,0.0,23.0,469.0,20.9,0.0,23.0,33.0,59.0,0.0
2023-11-25 07:15:00+00:00,0.0,23.0,462.0,20.9,0.0,23.0,34.0,59.0,0.0
2023-11-25 07:20:00+00:00,0.0,23.0,459.0,20.9,0.0,34.0,33.0,59.0,0.0
2023-11-25 07:25:00+00:00,0.0,23.0,470.0,20.9,0.0,47.0,33.0,59.0,0.0
2023-11-25 07:30:00+00:00,0.0,23.0,469.0,20.9,0.0,55.0,33.0,59.0,0.0
2023-11-25 07:35:00+00:00,0.0,23.0,462.0,20.9,0.0,67.0,33.0,59.0,0.0
2023-11-25 07:40:00+00:00,0.0,23.0,463.0,20.9,0.0,64.0,33.0,59.0,0.0
2023-11-25 07:45:00+00:00,0.0,23.0,456.0,20.9,0.0,71.0,33.0,59.0,0.0
2023-11-25 07:50:00+00:00,0.0,23.0,445.0,20.9,0.0,49.0,33.0,59.0,0.0
2023-11-25 07:55:00+00:00,0.0,23.0,462.0,20.9,0.0,44.0,33.0,59.0,0.0
2023-11-25 08:00:00+00:00,0.0,23.0,464.0,20.9,0.0,51.0,34.0,59.0,0.0
2023-11-25 08:05:00+00:00,0.0,23.0,439.0,20.9,0.0,67.0,34.0,59.0,0.0
2023-11-25 08:10:00+00:00,0.0,23.0,443.0,20.9,0.0,46.0,33.0,59.0,0.0
2023-11-25 08:15:00+00:00,0.0,23.0,457.0,20.9,0.0,57.0,34.0,59.0,0.0
2023-11-25 08:20:00+00:00,0.0,23.0,459.0,20.9,0.0,45.0,34.0,59.0,0.0
2023-11-25 08:25:00+00:00,0.0,23.0,445.0,20.8,0.0,56.0,33.0,59.0,0.0
2023-11-25 08:30:00+00:00,0.0,23.0,434.0,20.9,0.0,57.0,33.0,59.0,0.0
2023-11-25 08:35:00+00:00,0.0,23.0,435.0,20.8,0.0,53.0,33.0,59.0,0.0
2023-11-25 08:40:00+00:00,0.0,23.0,454.0,20.8,0.0,57.0,33.0,59.0,0.0
2023-11-25 08:45:00+00:00,0.0,23.0,443.0,20.8,0.0,58.0,34.0,59.0,0.0
2023-11-25 08:50:00+00:00,0.0,22.0,450.0,20.8,0.0,58.0,34.0,59.0,0.0
2023-11-25 08:55:00+00:00,0.0,22.0,445.0,20.8,0.0,60.0,34.0,59.0,0.0
2023-11-25 09:00:00+00:00,0.0,22.0,437.0,20.8,0.0,63.0,34.0,59.0,0.0
2023-11-25 09:05:00+00:00,0.0,22.0,440.0,20.8,0.0,69.0,34.0,59.0,0.0
2023-11-25 09:10:00+00:00,0.0,22.0,447.0,20.8,0.0,74.0,34.0,59.0,0.0
2023-11-25 09:15:00+00:00,0.0,22.0,447.0,20.8,0.0,81.0,34.0,59.0,0.0
2023-11-25 09:20:00+00:00,0.0,22.0,442.0,20.8,0.0,84.0,35.0,59.0,0.0
2023-11-25 09:25:00+00:00,0.0,22.0,438.0,20.8,0.0,84.0,34.0,59.0,0.0
2023-11-25 09:30:00+00:00,0.0,22.0,463.0,20.8,0.0,82.0,34.0,59.0,0.0
2023-11-25 09:35:00+00:00,0.0,22.0,441.0,20.8,0.0,80.0,34.0,59.0,0.0
2023-11-25 09:40:00+00:00,0.0,22.0,456.0,20.8,0.0,87.0,33.0,59.0,0.0
2023-11-25 09:45:00+00:00,0.0,22.0,445.0,20.8,0.0,99.0,34.0,59.0,0.0
2023-11-25 09:50:00+00:00,0.0,22.0,456.0,20.8,0.0,86.0,33.0,59.0,0.0
2023-11-25 09:55:00+00:00,0.0,21.0,445.0,20.8,0.0,88.0,34.0,59.0,0.0
2023-11-25 10:00:00+00:00,0.0,21.0,449.0,20.8,0.0,93.0,34.0,59.0,0.0
2023-11-25 10:05:00+00:00,0.0,21.0,454.0,20.8,0.0,100.0,34.0,59.0,0.0
2023-11-25 10:10:00+00:00,0.0,21.0,445.0,20.8,0.0,53.0,34.0,59.0,0.0
2023-11-25 10:15:00+00:00,0.0,21.0,445.0,20.8,0.0,53.0,34.0,59.0,0.0
2023-11-25 10:20:00+00:00,0.0,21.0,440.0,20.8,0.0,47.0,34.0,59.0,0.0
2023-11-25 10:25:00+00:00,0.0,21.0,441.0,20.8,0.0,46.0,34.0,59.0,0.0
2023-11-25 10:30:00+00:00,0.0,21.0,437.0,20.8,0.0,52.0,34.0,59.0,0.0
2023-11-25 10:35:00+00:00,0.0,21.0,440.0,20.8,0.0,89.0,34.0,59.0,0.0
2023-11-25 10:40:00+00:00,0.0,21.0,426.0,20.8,0.0,93.0,34.0,59.0,0.0
2023-11-25 10:45:00+00:00,0.0,21.0,447.0,20.8,0.0,83.0,34.0,59.0,0.0
2023-11-25 10:50:00+00:00,0.0,21.0,448.0,20.8,0.0,77.0,34.0,59.0,0.0
2023-11-25 10:55:00+00:00,0.0,21.0,452.0,20.8,0.0,75.0,34.0,59.0,0.0
2023-11-25 11:00:00+00:00,0.0,21.0,446.0,20.8,0.0,81.0,34.0,59.0,0.0
2023-11-25 11:05:00+00:00,0.0,21.0,453.0,20.8,0.0,93.0,35.0,59.0,0.0
2023-11-25 11:10:00+00:00,0.0,21.0,447.0,20.8,0.0,90.0,34.0,59.0,0.0
2023-11-25 11:15:00+00:00,0.0,21.0,446.0,20.8,0.0,88.0,34.0,59.0,0.0
2023-11-25 11:20:00+00:00,0.0,21.0,432.0,20.8,0.0,97.0,34.0,59.0,0.0
2023-11-25 11:25:00+00:00,0.0,21.0,440.0,20.8,0.0,90.0,34.0,59.0,0.0
2023-11-25 11:30:00+00:00,0.0,21.0,442.0,20.8,0.0,81.0,35.0,59.0,0.0
2023-11-25 11:35:00+00:00,0.0,21.0,433.0,20.8,0.0,110.0,34.0,59.0,0.0
2023-11-25 11:40:00+00:00,0.0,21.0,449.0,20.8,0.0,89.0,34.0,59.0,0.0
2023-11-25 11:45:00+00:00,0.0,21.0,441.0,20.8,0.0,67.0,34.0,59.0,0.0
2023-11-25 11:50:00+00:00,0.0,21.0,436.0,20.8,0.0,90.0,34.0,59.0,0.0
2023-11-25 11:55:00+00:00,0.0,21.0,448.0,20.8,0.0,70.0,34.0,59.0,0.0
2023-11-25 12:00:00+00:00,0.0,21.0,427.0,20.8,0.0,90.0,34.0,59.0,0.0
2023-11-25 12:05:00+00:00,0.0,20.0,451.0,20.8,0.0,53.0,34.0,59.0,0.0
2023-11-25 12:10:00+00:00,0.0,20.0,453.0,20.8,0.0,80.0,34.0,59.0,0.0
2023-11-25 12:15:00+00:00,0.0,20.0,445.0,20.8,0.0,86.0,34.0,59.0,0.0
2023-11-25 12:20:00+00:00,0.0,20.0,437.0,20.8,0.0,98.0,34.0,59.0,0.0
2023-11-25 12:25:00+00:00,0.0,20.0,434.0,20.8,0.0,101.0,34.0,59.0,0.0
2023-11-25 12:30:00+00:00,0.0,20.0,443.0,20.8,0.0,99.0,34.0,59.0,0.0
2023-11-25 12:35:00+00:00,0.0,20.0,445.0,20.8,0.0,98.0,33.0,59.0,0.0
2023-11-25 12:40:00+00:00,0.0,20.0,446.0,20.8,0.0,108.0,34.0,59.0,0.0
2023-11-25 12:45:00+00:00,0.0,20.0,433.0,20.8,0.0,91.0,34.0,59.0,0.0
2023-11-25 12:50:00+00:00,0.0,20.0,429.0,20.8,0.0,94.0,34.0,59.0,0.0
2023-11-25 12:55:00+00:00,0.0,20.0,436.0,20.8,0.0,81.0,33.0,59.0,0.0
2023-11-25 13:00:00+00:00,0.0,20.0,432.0,20.8,0.0,81.0,33.0,59.0,0.0
2023-11-25 13:05:00+00:00,0.0,20.0,429.0,20.8,0.0,76.0,34.0,59.0,0.0
2023-11-25 13:10:00+00:00,0.0,20.0,447.0,20.8,0.0,62.0,33.0,59.0,0.0
2023-11-25 13:15:00+00:00,0.0,20.0,439.0,20.8,0.0,54.0,34.0,59.0,0.0
2023-11-25 13:20:00+00:00,0.0,20.0,420.0,20.8,0.0,69.0,34.0,59.0,0.0
2023-11-25 13:25:00+00:00,0.0,20.0,447.0,20.8,0.0,63.0,33.0,59.0,0.0
2023-11-25 13:30:00+00:00,0.0,20.0,448.0,20.8,0.0,59.0,33.0,59.0,0.0
2023-11-25 13:35:00+00:00,0.0,20.0,436.0,20.8,0.0,54.0,34.0,59.0,0.0
2023-11-25 13:40:00+00:00,0.0,20.0,432.0,20.8,0.0,48.0,33.0,59.0,0.0
2023-11-25 13:45:00+00:00,0.0,20.0,446.0,20.8,0.0,37.0,33.0,59.0,0.0
2023-11-25 13:50:00+00:00,0.0,20.0,439.0,20.8,0.0,30.0,33.0,59.0,0.0
2023-11-25 13:55:00+00:00,0.0,20.0,443.0,20.8,0.0,28.0,33.0,59.0,0.0
2023-11-25 14:00:00+00:00,0.0,20.0,438.0,20.8,0.0,27.0,33.0,59.0,0.0
2023-11-25 14:05:00+00:00,0.0,20.0,444.0,20.8,0.0,25.0,34.0,59.0,0.0
2023-11-25 14:10:00+00:00,0.0,20.0,430.0,20.8,0.0,25.0,34.0,59.0,0.0
2023-11-25 14:15:00+00:00,0.0,20.0,448.0,20.8,0.0,24.0,33.0,59.0,0.0
2023-11-25 14:20:00+00:00,0.0,20.0,447.0,20.8,0.0,23.0,34.0,59.0,0.0
2023-11-25 14:25:00+00:00,0.0,20.0,429.0,20.8,0.0,21.0,33.0,59.0,0.0
2023-11-25 14:30:00+00:00,0.0,20.0,431.0,20.8,0.0,20.0,35.0,59.0,0.0
2023-11-25 14:35:00+00:00,0.0,20.0,439.0,20.8,0.0,18.0,34.0,59.0,0.0
2023-11-25 14:40:00+00:00,0.0,20.0,437.0,20.8,0.0,18.0,33.0,59.0,0.0
2023-11-25 14:45:00+00:00,0.0,19.0,442.0,20.8,0.0,16.0,33.0,59.0,0.0
2023-11-25 14:50:00+00:00,0.0,19.0,459.0,20.8,0.0,14.0,33.0,59.0,0.0
2023-11-25 14:55:00+00:00,0.0,19.0,465.0,20.8,0.0,11.0,33.0,59.0,0.0
2023-11-25 15:00:00+00:00,0.0,19.0,431.0,20.8,0.0,9.0,34.0,59.0,0.0
2023-11-25 15:05:00+00:00,0.0,19.0,430.0,20.8,0.0,8.0,34.0,59.0,0.0
2023-11-25 15:10:00+00:00,0.0,19.0,431.0,20.8,0.0,6.0,33.0,59.0,0.0
2023-11-25 15:15:00+00:00,0.0,19.0,444.0,20.8,0.0,4.0,33.0,59.0,0.0
2023-11-25 15:20:00+00:00,0.0,19.0,449.0,20.8,0.0,2.0,34.0,59.0,0.0
2023-11-25 15:25:00+00:00,0.0,19.0,455.0,20.8,0.0,1.0,33.0,59.0,0.0
2023-11-25 15:30:00+00:00,0.0,19.0,435.0,20.7,0.0,0.0,34.0,59.0,0.0
2023-11-25 15:35:00+00:00,0.0,19.0,433.0,20.8,0.0,1.0,34.0,59.0,0.0
2023-11-25 15:40:00+00:00,0.0,19.0,437.0,20.8,0.0,0.0,33.0,59.0,0.0
2023-11-25 15:45:00+00:00,0.0,19.0,434.0,20.8,0.0,0.0,33.0,59.0,0.0
2023-11-25 15:50:00+00:00,0.0,19.0,450.0,20.8,0.0,0.0,34.0,59.0,0.0
2023-11-25 15:55:00+00:00,0.0,19.0,449.0,20.8,0.0,0.0,34.0,59.0,0.0
2023-11-25 16:00:00+00:00,0.0,19.0,435.0,20.8,0.0,0.0,34.0,59.0,0.0
2023-11-25 16:05:00+00:00,0.0,19.0,440.0,20.8,0.0,0.0,34.0,59.0,0.0
2023-11-25 16:10:00+00:00,0.0,19.0,440.0,20.9,0.0,0.0,34.0,59.0,0.0
2023-11-25 16:15:00+00:00,0.0,19.0,447.0,20.9,0.0,0.0,33.0,59.0,0.0
2023-11-25 16:20:00+00:00,0.0,19.0,453.0,20.9,0.0,0.0,34.0,59.0,0.0
2023-11-25 16:25:00+00:00,0.0,19.0,427.0,21.0,0.0,0.0,34.0,59.0,0.0
2023-11-25 16:30:00+00:00,0.0,19.0,450.0,21.0,0.0,0.0,34.0,59.0,0.0
2023-11-25 16:35:00+00:00,0.0,19.0,439.0,21.0,0.0,0.0,33.0,59.0,0.0
2023-11-25 16:40:00+00:00,0.0,19.0,433.0,21.0,0.0,0.0,33.0,59.0,0.0
2023-11-25 16:45:00+00:00,0.0,19.0,443.0,21.1,0.0,0.0,34.0,59.0,0.0
2023-11-25 16:50:00+00:00,0.0,19.0,417.0,21.1,0.0,0.0,34.0,59.0,0.0
2023-11-25 16:55:00+00:00,0.0,19.0,440.0,21.1,0.0,0.0,33.0,59.0,0.0
2023-11-25 17:00:00+00:00,0.0,19.0,449.0,21.1,0.0,0.0,34.0,59.0,0.0
2023-11-25 17:05:00+00:00,0.0,19.0,454.0,21.1,0.0,0.0,34.0,59.0,0.0
2023-11-25 17:10:00+00:00,0.0,19.0,460.0,21.2,0.0,0.0,33.0,59.0,0.0
2023-11-25 17:15:00+00:00,0.0,19.0,441.0,21.2,0.0,0.0,33.0,59.0,0.0
2023-11-25 17:20:00+00:00,0.0,19.0,431.0,21.2,0.0,0.0,34.0,59.0,0.0
2023-11-25 17:25:00+00:00,0.0,19.0,438.0,21.2,0.0,0.0,34.0,59.0,0.0
2023-11-25 17:30:00+00:00,0.0,19.0,438.0,21.2,0.0,0.0,33.0,59.0,0.0
2023-11-25 17:35:00+00:00,0.0,19.0,447.0,21.2,0.0,0.0,33.0,59.0,0.0
2023-11-25 17:40:00+00:00,0.0,19.0,449.0,21.2,0.0,0.0,33.0,59.0,0.0
2023-11-25 17:45:00+00:00,0.0,19.0,449.0,21.2,0.0,0.0,33.0,59.0,0.0
2023-11-25 17:50:00+00:00,0.0,19.0,450.0,21.3,0.0,0.0,33.0,59.0,0.0
2023-11-25 17:55:00+00:00,0.0,19.0,457.0,21.3,0.0,0.0,33.0,59.0,0.0
2023-11-25 18:00:00+00:00,0.0,19.0,437.0,21.3,0.0,0.0,33.0,59.0,0.0
2023-11-25 18:05:00+00:00,0.0,19.0,444.0,21.3,0.0,0.0,33.0,59.0,0.0
2023-11-25 18:10:00+00:00,0.0,19.0,450.0,21.3,0.0,0.0,33.0,59.0,0.0
2023-11-25 18:15:00+00:00,0.0,19.0,459.0,21.3,0.0,0.0,33.0,59.0,0.0
2023-11-25 18:20:00+00:00,0.0,19.0,428.0,21.3,0.0,0.0,33.0,59.0,0.0
2023-11-25 18:25:00+00:00,0.0,19.0,444.0,21.3,0.0,0.0,33.0,59.0,0.0
2023-11-25 18:30:00+00:00,0.0,19.0,436.0,21.3,0.0,0.0,33.0,59.0,0.0
2023-11-25 18:35:00+00:00,0.0,19.0,453.0,21.3,0.0,0.0,33.0,59.0,0.0
2023-11-25 18:40:00+00:00,0.0,19.0,436.0,21.3,0.0,0.0,33.0,59.0,0.0
2023-11-25 18:45:00+00:00,0.0,19.0,453.0,21.3,0.0,0.0,34.0,59.0,0.0
2023-11-25 18:50:00+00:00,0.0,19.0,437.0,21.3,0.0,0.0,33.0,59.0,0.0
2023-11-25 18:55:00+00:00,0.0,19.0,452.0,21.3,0.0,0.0,33.0,59.0,0.0
2023-11-25 19:00:00+00:00,0.0,19.0,448.0,21.3,0.0,0.0,33.0,59.0,0.0
2023-11-25 19:05:00+00:00,0.0,19.0,444.0,21.3,0.0,0.0,33.0,59.0,0.0
2023-11-25 19:10:00+00:00,0.0,19.0,445.0,21.3,0.0,0.0,33.0,59.0,0.0
2023-11-25 19:15:00+00:00,0.0,19.0,442.0,21.3,0.0,0.0,33.0,59.0,0.0
2023-11-25 19:20:00+00:00,0.0,19.0,435.0,21.3,0.0,0.0,33.0,59.0,0.0
2023-11-25 19:25:00+00:00,0.0,19.0,451.0,21.3,0.0,0.0,33.0,59.0,0.0
2023-11-25 19:30:00+00:00,0.0,19.0,473.0,21.3,0.0,0.0,33.0,59.0,0.0
2023-11-25 19:35:00+00:00,0.0,19.0,449.0,21.3,0.0,0.0,33.0,59.0,0.0
2023-11-25 19:40:00+00:00,0.0,19.0,449.0,21.3,0.0,0.0,33.0,59.0,0.0
2023-11-25 19:45:00+00:00,0.0,19.0,446.0,21.3,0.0,0.0,32.0,59.0,0.0
2023-11-25 19:50:00+00:00,0.0,19.0,452.0,21.3,0.0,0.0,32.0,59.0,0.0
2023-11-25 19:55:00+00:00,0.0,19.0,457.0,21.3,0.0,0.0,33.0,59.0,0.0
2023-11-25 20:00:00+00:00,0.0,19.0,470.0,21.3,0.0,0.0,33.0,59.0,0.0
2023-11-25 20:05:00+00:00,0.0,19.0,457.0,21.3,0.0,0.0,33.0,59.0,0.0
2023-11-25 20:10:00+00:00,0.0,19.0,453.0,21.3,0.0,0.0,32.0,59.0,0.0
2023-11-25 20:15:00+00:00,0.0,19.0,448.0,21.3,0.0,0.0,33.0,59.0,0.0
2023-11-25 20:20:00+00:00,0.0,19.0,463.0,21.3,0.0,0.0,33.0,59.0,0.0
2023-11-25 20:25:00+00:00,0.0,19.0,449.0,21.3,0.0,0.0,33.0,59.0,0.0
2023-11-25 20:30:00+00:00,0.0,19.0,441.0,21.3,0.0,0.0,33.0,59.0,0.0
2023-11-25 20:35:00+00:00,0.0,19.0,454.0,21.3,0.0,0.0,33.0,59.0,0.0
2023-11-25 20:40:00+00:00,0.0,19.0,446.0,21.3,0.0,0.0,33.0,59.0,0.0
2023-11-25 20:45:00+00:00,0.0,19.0,466.0,21.3,0.0,0.0,33.0,59.0,0.0
2023-11-25 20:50:00+00:00,0.0,19.0,455.0,21.3,0.0,0.0,33.0,59.0,0.0
2023-11-25 20:55:00+00:00,0.0,19.0,456.0,21.3,0.0,0.0,33.0,59.0,0.0
2023-11-25 21:00:00+00:00,0.0,19.0,466.0,21.2,0.0,0.0,33.0,59.0,0.0
2023-11-25 21:05:00+00:00,0.0,19.0,448.0,21.3,0.0,0.0,33.0,59.0,0.0
2023-11-25 21:10:00+00:00,0.0,19.0,450.0,21.3,0.0,0.0,33.0,59.0,0.0
2023-11-25 21:15:00+00:00,0.0,19.0,463.0,21.3,0.0,0.0,33.0,59.0,0.0
2023-11-25 21:20:00+00:00,0.0,19.0,458.0,21.3,0.0,0.0,33.0,59.0,0.0
2023-11-25 21:25:00+00:00,0.0,19.0,457.0,21.3,0.0,0.0,33.0,59.0,0.0
2023-11-25 21:30:00+00:00,0.0,19.0,450.0,21.2,0.0,0.0,33.0,59.0,0.0
2023-11-25 21:35:00+00:00,0.0,19.0,442.0,21.2,0.0,0.0,33.0,59.0,0.0
2023-11-25 21:40:00+00:00,0.0,19.0,439.0,21.2,0.0,0.0,33.0,59.0,0.0
2023-11-25 21:45:00+00:00,0.0,19.0,464.0,21.2,0.0,0.0,33.0,59.0,0.0
2023-11-25 21:50:00+00:00,0.0,19.0,444.0,21.2,0.0,0.0,33.0,59.0,0.0
2023-11-25 21:55:00+00:00,0.0,19.0,452.0,21.2,0.0,0.0,33.0,59.0,0.0
2023-11-25 22:00:00+00:00,0.0,19.0,458.0,21.2,0.0,0.0,33.0,59.0,0.0
2023-11-25 22:05:00+00:00,0.0,20.0,453.0,21.2,0.0,0.0,33.0,59.0,0.0
2023-11-25 22:10:00+00:00,0.0,20.0,467.0,21.2,0.0,0.0,33.0,59.0,0.0
2023-11-25 22:15:00+00:00,0.0,20.0,456.0,21.2,0.0,0.0,33.0,59.0,0.0
2023-11-25 22:20:00+00:00,0.0,20.0,456.0,21.2,0.0,0.0,33.0,59.0,0.0
2023-11-25 22:25:00+00:00,0.0,20.0,439.0,21.2,0.0,0.0,33.0,59.0,0.0
2023-11-25 22:30:00+00:00,0.0,20.0,462.0,21.2,0.0,0.0,33.0,59.0,0.0
2023-11-25 22:35:00+00:00,0.0,20.0,449.0,21.2,0.0,0.0,33.0,59.0,0.0
2023-11-25 22:40:00+00:00,0.0,20.0,466.0,21.2,0.0,0.0,33.0,59.0,0.0
2023-11-25 22:45:00+00:00,0.0,20.0,449.0,21.2,0.0,0.0,33.0,59.0,0.0
2023-11-25 22:50:00+00:00,0.0,20.0,442.0,21.2,0.0,0.0,33.0,59.0,0.0
2023-11-25 22:55:00+00:00,0.0,20.0,440.0,21.2,0.0,0.0,33.0,59.0,0.0
2023-11-25 23:00:00+00:00,0.0,20.0,460.0,21.2,0.0,0.0,33.0,59.0,0.0
2023-11-25 23:05:00+00:00,0.0,20.0,452.0,21.2,0.0,0.0,33.0,59.0,0.0
2023-11-25 23:10:00+00:00,0.0,20.0,437.0,21.2,0.0,0.0,33.0,59.0,0.0
2023-11-25 23:15:00+00:00,0.0,20.0,465.0,21.2,0.0,0.0,33.0,59.0,0.0
2023-11-25 23:20:00+00:00,0.0,20.0,458.0,21.2,0.0,0.0,33.0,59.0,0.0
2023-11-25 23:25:00+00:00,0.0,20.0,452.0,21.2,0.0,0.0,33.0,59.0,0.0
2023-11-25 23:30:00+00:00,0.0,20.0,454.0,21.2,0.0,0.0,32.0,59.0,0.0
2023-11-25 23:35:00+00:00,0.0,20.0,442.0,21.1,0.0,0.0,33.0,59.0,0.0
2023-11-25 23:40:00+00:00,0.0,21.0,462.0,21.2,0.0,0.0,32.0,59.0,0.0
2023-11-25 23:45:00+00:00,0.0,21.0,465.0,21.2,0.0,0.0,33.0,59.0,0.0
2023-11-25 23:50:00+00:00,0.0,21.0,453.0,21.2,0.0,0.0,33.0,59.0,0.0
2023-11-25 23:55:00+00:00,0.0,21.0,447.0,21.2,0.0,0.0,33.0,59.0,0.0
2023-11-26 00:00:00+00:00,0.0,21.0,462.0,21.2,0.0,0.0,33.0,59.0,0.0
2023-11-26 00:05:00+00:00,0.0,21.0,463.0,21.2,0.0,0.0,33.0,59.0,0.0
2023-11-26 00:10:00+00:00,0.0,21.0,442.0,21.1,0.0,0.0,33.0,59.0,0.0
2023-11-26 00:15:00+00:00,0.0,21.0,452.0,21.1,0.0,0.0,33.0,59.0,0.0
2023-11-26 00:20:00+00:00,0.0,21.0,463.0,21.1,0.0,0.0,33.0,59.0,0.0
2023-11-26 00:25:00+00:00,0.0,21.0,461.0,21.1,0.0,0.0,33.0,59.0,0.0
2023-11-26 00:30:00+00:00,0.0,21.0,447.0,21.2,0.0,0.0,33.0,59.0,0.0
2023-11-26 00:35:00+00:00,0.0,21.0,455.0,21.1,0.0,0.0,33.0,59.0,0.0
2023-11-26 00:40:00+00:00,0.0,21.0,455.0,21.1,0.0,0.0,33.0,59.0,0.0
2023-11-26 00:45:00+00:00,0.0,21.0,459.0,21.1,0.0,0.0,33.0,59.0,0.0
2023-11-26 00:50:00+00:00,0.0,21.0,472.0,21.1,0.0,0.0,33.0,59.0,0.0
2023-11-26 00:55:00+00:00,0.0,21.0,461.0,21.1,0.0,0.0,33.0,59.0,0.0
2023-11-26 01:00:00+00:00,0.0,21.0,451.0,21.1,0.0,0.0,33.0,59.0,0.0
2023-11-26 01:05:00+00:00,0.0,21.0,452.0,21.1,0.0,0.0,33.0,59.0,0.0
2023-11-26 01:10:00+00:00,0.0,21.0,460.0,21.1,0.0,0.0,33.0,59.0,0.0
2023-11-26 01:15:00+00:00,0.0,21.0,456.0,21.1,0.0,0.0,33.0,59.0,0.0
2023-11-26 01:20:00+00:00,0.0,21.0,467.0,21.1,0.0,0.0,33.0,59.0,0.0
2023-11-26 01:25:00+00:00,0.0,21.0,457.0,21.1,0.0,0.0,33.0,59.0,0.0
2023-11-26 01:30:00+00:00,0.0,21.0,439.0,21.1,0.0,0.0,33.0,59.0,0.0
2023-11-26 01:35:00+00:00,0.0,21.0,459.0,21.1,0.0,0.0,33.0,59.0,0.0
2023-11-26 01:40:00+00:00,0.0,21.0,446.0,21.1,0.0,0.0,33.0,59.0,0.0
2023-11-26 01:45:00+00:00,0.0,21.0,458.0,21.1,0.0,0.0,33.0,59.0,0.0
2023-11-26 01:50:00+00:00,0.0,21.0,458.0,21.1,0.0,0.0,33.0,59.0,0.0
2023-11-26 01:55:00+00:00,0.0,21.0,456.0,21.1,0.0,0.0,33.0,59.0,0.0
2023-11-26 02:00:00+00:00,0.0,21.0,465.0,21.1,0.0,0.0,33.0,59.0,0.0
2023-11-26 02:05:00+00:00,0.0,21.0,454.0,21.1,0.0,0.0,33.0,59.0,0.0
2023-11-26 02:10:00+00:00,0.0,21.0,455.0,21.1,0.0,0.0,33.0,59.0,0.0
2023-11-26 02:15:00+00:00,0.0,21.0,460.0,21.0,0.0,0.0,33.0,59.0,0.0
2023-11-26 02:20:00+00:00,0.0,21.0,463.0,21.1,0.0,0.0,33.0,59.0,0.0
2023-11-26 02:25:00+00:00,0.0,21.0,459.0,21.1,0.0,0.0,32.0,59.0,0.0
2023-11-26 02:30:00+00:00,0.0,21.0,442.0,21.0,0.0,0.0,33.0,59.0,0.0
2023-11-26 02:35:00+00:00,0.0,21.0,446.0,21.0,0.0,0.0,32.0,59.0,0.0
2023-11-26 02:40:00+00:00,0.0,21.0,447.0,21.0,0.0,0.0,33.0,59.0,0.0
2023-11-26 02:45:00+00:00,0.0,21.0,459.0,21.0,0.0,0.0,33.0,59.0,0.0
2023-11-26 02:50:00+00:00,0.0,21.0,459.0,21.0,0.0,0.0,33.0,59.0,0.0
2023-11-26 02:55:00+00:00,0.0,21.0,454.0,21.0,0.0,0.0,33.0,59.0,0.0
2023-11-26 03:00:00+00:00,0.0,21.0,459.0,21.0,0.0,0.0,33.0,59.0,0.0
2023-11-26 03:05:00+00:00,0.0,21.0,466.0,21.0,0.0,0.0,32.0,59.0,0.0
2023-11-26 03:10:00+00:00,0.0,21.0,465.0,21.0,0.0,0.0,32.0,59.0,0.0
2023-11-26 03:15:00+00:00,0.0,21.0,457.0,21.0,0.0,0.0,33.0,59.0,0.0
2023-11-26 03:20:00+00:00,0.0,21.0,465.0,21.0,0.0,0.0,32.0,59.0,0.0
2023-11-26 03:25:00+00:00,0.0,21.0,459.0,21.0,0.0,0.0,33.0,59.0,0.0
2023-11-26 03:30:00+00:00,0.0,21.0,463.0,21.0,0.0,0.0,32.0,59.0,0.0
2023-11-26 03:35:00+00:00,0.0,21.0,456.0,21.0,0.0,0.0,32.0,59.0,0.0
2023-11-26 03:40:00+00:00,0.0,21.0,472.0,21.0,0.0,0.0,33.0,59.0,0.0
2023-11-26 03:45:00+00:00,0.0,21.0,464.0,21.0,0.0,0.0,32.0,59.0,0.0
2023-11-26 03:50:00+00:00,0.0,21.0,458.0,21.0,0.0,0.0,32.0,59.0,0.0
2023-11-26 03:55:00+00:00,0.0,21.0,461.0,21.0,0.0,0.0,33.0,59.0,0.0
2023-11-26 04:00:00+00:00,0.0,21.0,456.0,20.9,0.0,0.0,33.0,59.0,0.0
2023-11-26 04:05:00+00:00,0.0,21.0,466.0,20.9,0.0,0.0,32.0,59.0,0.0
2023-11-26 04:10:00+00:00,0.0,21.0,468.0,20.9,0.0,0.0,32.0,59.0,0.0
2023-11-26 04:15:00+00:00,0.0,21.0,469.0,20.9,0.0,0.0,32.0,59.0,0.0
2023-11-26 04:20:00+00:00,0.0,21.0,459.0,20.9,0.0,0.0,33.0,59.0,0.0
2023-11-26 04:25:00+00:00,0.0,21.0,470.0,20.9,0.0,0.0,33.0,59.0,0.0
2023-11-26 04:30:00+00:00,0.0,21.0,472.0,20.9,0.0,0.0,33.0,59.0,0.0
2023-11-26 04:35:00+00:00,0.0,21.0,469.0,20.9,0.0,0.0,33.0,59.0,0.0
2023-11-26 04:40:00+00:00,0.0,21.0,459.0,20.9,0.0,0.0,33.0,59.0,0.0
2023-11-26 04:45:00+00:00,0.0,21.0,463.0,20.9,0.0,0.0,33.0,59.0,0.0
2023-11-26 04:50:00+00:00,0.0,21.0,473.0,20.9,0.0,0.0,32.0,59.0,0.0
2023-11-26 04:55:00+00:00,0.0,21.0,451.0,20.9,0.0,0.0,33.0,59.0,0.0
2023-11-26 05:00:00+00:00,0.0,21.0,463.0,20.9,0.0,0.0,33.0,59.0,0.0
2023-11-26 05:05:00+00:00,0.0,21.0,474.0,20.9,0.0,0.0,33.0,59.0,0.0
2023-11-26 05:10:00+00:00,0.0,21.0,474.0,20.9,0.0,0.0,33.0,59.0,0.0
2023-11-26 05:15:00+00:00,0.0,21.0,464.0,20.9,0.0,0.0,33.0,59.0,0.0
2023-11-26 05:20:00+00:00,0.0,21.0,467.0,20.8,0.0,0.0,33.0,59.0,0.0
2023-11-26 05:25:00+00:00,0.0,21.0,471.0,20.8,0.0,0.0,33.0,59.0,0.0
2023-11-26 05:30:00+00:00,0.0,21.0,480.0,20.8,0.0,0.0,33.0,59.0,0.0
2023-11-26 05:35:00+00:00,0.0,21.0,475.0,20.8,0.0,0.0,32.0,59.0,0.0
2023-11-26 05:40:00+00:00,0.0,21.0,460.0,20.8,0.0,0.0,32.0,59.0,0.0
2023-11-26 05:45:00+00:00,0.0,21.0,469.0,20.8,0.0,0.0,33.0,59.0,0.0
2023-11-26 05:50:00+00:00,0.0,21.0,459.0,20.8,0.0,0.0,33.0,59.0,0.0
2023-11-26 05:55:00+00:00,0.0,21.0,476.0,20.8,0.0,0.0,33.0,59.0,0.0
2023-11-26 06:00:00+00:00,0.0,21.0,498.0,20.8,0.0,0.0,32.0,59.0,0.0
2023-11-26 06:05:00+00:00,0.0,21.0,462.0,20.8,0.0,0.0,33.0,59.0,0.0
2023-11-26 06:10:00+00:00,0.0,21.0,475.0,20.8,0.0,1.0,33.0,59.0,0.0
2023-11-26 06:15:00+00:00,0.0,21.0,476.0,20.8,0.0,1.0,33.0,59.0,0.0
2023-11-26 06:20:00+00:00,0.0,21.0,472.0,20.8,0.0,2.0,32.0,59.0,0.0
2023-11-26 06:25:00+00:00,0.0,21.0,474.0,20.8,0.0,2.0,32.0,59.0,0.0
2023-11-26 06:30:00+00:00,0.0,21.0,486.0,20.8,0.0,5.0,33.0,59.0,0.0
2023-11-26 06:35:00+00:00,0.0,21.0,491.0,20.8,0.0,6.0,33.0,59.0,0.0
2023-11-26 06:40:00+00:00,0.0,21.0,481.0,20.8,0.0,8.0,32.0,59.0,0.0
2023-11-26 06:45:00+00:00,0.0,21.0,485.0,20.8,0.0,8.0,32.0,59.0,0.0
2023-11-26 06:50:00+00:00,0.0,21.0,476.0,20.8,0.0,9.0,33.0,59.0,0.0
2023-11-26 06:55:00+00:00,0.0,21.0,490.0,20.8,0.0,12.0,33.0,59.0,0.0
2023-11-26 07:00:00+00:00,0.0,21.0,476.0,20.8,0.0,9.0,33.0,59.0,0.0
2023-11-26 07:05:00+00:00,0.0,21.0,480.0,20.8,0.0,12.0,33.0,59.0,0.0
2023-11-26 07:10:00+00:00,0.0,21.0,487.0,20.8,0.0,17.0,32.0,59.0,0.0
2023-11-26 07:15:00+00:00,0.0,21.0,485.0,20.7,0.0,21.0,32.0,59.0,0.0
2023-11-26 07:20:00+00:00,0.0,21.0,493.0,20.8,0.0,34.0,32.0,59.0,0.0
2023-11-26 07:25:00+00:00,0.0,21.0,473.0,20.8,0.0,31.0,33.0,59.0,0.0
2023-11-26 07:30:00+00:00,0.0,21.0,472.0,20.7,0.0,36.0,33.0,59.0,0.0
2023-11-26 07:35:00+00:00,0.0,21.0,466.0,20.7,0.0,32.0,33.0,59.0,0.0
2023-11-26 07:40:00+00:00,0.0,21.0,457.0,20.7,0.0,27.0,32.0,59.0,0.0
2023-11-26 07:45:00+00:00,0.0,21.0,465.0,20.7,0.0,30.0,33.0,59.0,0.0
2023-11-26 07:50:00+00:00,0.0,21.0,457.0,20.7,0.0,26.0,33.0,59.0,0.0
2023-11-26 07:55:00+00:00,0.0,21.0,470.0,20.7,0.0,19.0,33.0,59.0,0.0
2023-11-26 08:00:00+00:00,0.0,21.0,475.0,20.7,0.0,24.0,33.0,59.0,0.0
2023-11-26 08:05:00+00:00,0.0,21.0,454.0,20.7,0.0,35.0,34.0,59.0,0.0
2023-11-26 08:10:00+00:00,0.0,21.0,459.0,20.7,0.0,38.0,33.0,59.0,0.0
2023-11-26 08:15:00+00:00,0.0,22.0,451.0,20.7,0.0,45.0,34.0,59.0,0.0
2023-11-26 08:20:00+00:00,0.0,21.0,446.0,20.7,0.0,55.0,33.0,59.0,0.0
2023-11-26 08:25:00+00:00,0.0,22.0,457.0,20.7,0.0,67.0,33.0,59.0,0.0
2023-11-26 08:30:00+00:00,0.0,22.0,448.0,20.7,0.0,62.0,33.0,59.0,0.0
2023-11-26 08:35:00+00:00,0.0,22.0,452.0,20.7,0.0,55.0,33.0,59.0,0.0
2023-11-26 08:40:00+00:00,0.0,22.0,460.0,20.7,0.0,61.0,33.0,59.0,0.0
2023-11-26 08:45:00+00:00,0.0,22.0,440.0,20.7,0.0,63.0,33.0,59.0,0.0
2023-11-26 08:50:00+00:00,0.0,22.0,443.0,20.7,0.0,61.0,34.0,59.0,0.0
2023-11-26 08:55:00+00:00,0.0,22.0,457.0,20.7,0.0,62.0,34.0,59.0,0.0
2023-11-26 09:00:00+00:00,0.0,22.0,462.0,20.7,0.0,66.0,33.0,59.0,0.0
2023-11-26 09:05:00+00:00,0.0,22.0,453.0,20.7,0.0,72.0,33.0,59.0,0.0
2023-11-26 09:10:00+00:00,0.0,22.0,452.0,20.7,0.0,78.0,33.0,59.0,0.0
2023-11-26 09:15:00+00:00,0.0,22.0,465.0,20.7,0.0,82.0,34.0,59.0,0.0
2023-11-26 09:20:00+00:00,0.0,22.0,452.0,20.7,0.0,87.0,34.0,59.0,0.0
2023-11-26 09:25:00+00:00,0.0,21.0,458.0,20.7,0.0,94.0,33.0,59.0,0.0
2023-11-26 09:30:00+00:00,0.0,21.0,452.0,20.7,0.0,95.0,34.0,59.0,0.0
2023-11-26 09:35:00+00:00,0.0,21.0,451.0,20.7,0.0,97.0,34.0,59.0,0.0
2023-11-26 09:40:00+00:00,0.0,21.0,452.0,20.7,0.0,86.0,34.0,59.0,0.0
2023-11-26 09:45:00+00:00,0.0,21.0,448.0,20.7,0.0,121.0,34.0,59.0,0.0
2023-11-26 09:50:00+00:00,0.0,21.0,454.0,20.8,0.0,91.0,34.0,59.0,0.0
2023-11-26 09:55:00+00:00,0.0,21.0,438.0,20.8,0.0,85.0,33.0,59.0,0.0
2023-11-26 10:00:00+00:00,0.0,21.0,451.0,20.8,0.0,121.0,34.0,59.0,0.0
2023-11-26 10:05:00+00:00,0.0,21.0,445.0,20.8,0.0,93.0,33.0,59.0,0.0
2023-11-26 10:10:00+00:00,0.0,21.0,457.0,20.8,0.0,77.0,33.0,59.0,0.0
2023-11-26 10:15:00+00:00,0.0,21.0,450.0,20.9,0.0,73.0,34.0,59.0,0.0
2023-11-26 10:20:00+00:00,0.0,21.0,452.0,20.9,0.0,105.0,33.0,59.0,0.0
2023-11-26 10:25:00+00:00,0.0,21.0,459.0,20.9,0.0,90.0,33.0,59.0,0.0
2023-11-26 10:30:00+00:00,0.0,21.0,442.0,21.0,0.0,114.0,34.0,59.0,0.0
2023-11-26 10:35:00+00:00,0.0,21.0,443.0,21.0,0.0,104.0,34.0,59.0,0.0
2023-11-26 10:40:00+00:00,0.0,21.0,453.0,21.0,0.0,99.0,33.0,59.0,0.0
2023-11-26 10:45:00+00:00,0.0,21.0,444.0,21.0,0.0,103.0,33.0,59.0,0.0
2023-11-26 10:50:00+00:00,0.0,21.0,452.0,21.0,0.0,101.0,33.0,59.0,0.0
2023-11-26 10:55:00+00:00,0.0,21.0,446.0,21.1,0.0,99.0,34.0,59.0,0.0
2023-11-26 11:00:00+00:00,0.0,21.0,453.0,21.1,0.0,87.0,34.0,59.0,0.0
2023-11-26 11:05:00+00:00,0.0,21.0,440.0,21.1,0.0,93.0,34.0,59.0,0.0
2023-11-26 11:10:00+00:00,0.0,21.0,432.0,21.1,0.0,99.0,33.0,59.0,0.0
2023-11-26 11:15:00+00:00,0.0,21.0,446.0,21.1,0.0,107.0,34.0,59.0,0.0
2023-11-26 11:20:00+00:00,0.0,21.0,440.0,21.1,0.0,102.0,34.0,59.0,0.0
2023-11-26 11:25:00+00:00,0.0,21.0,462.0,21.1,0.0,100.0,34.0,59.0,0.0
2023-11-26 11:30:00+00:00,0.0,21.0,462.0,21.1,0.0,99.0,34.0,59.0,0.0
2023-11-26 11:35:00+00:00,0.0,21.0,444.0,21.1,0.0,105.0,34.0,59.0,0.0
2023-11-26 11:40:00+00:00,0.0,21.0,454.0,21.1,0.0,79.0,34.0,59.0,0.0
2023-11-26 11:45:00+00:00,0.0,20.0,457.0,21.2,0.0,72.0,34.0,59.0,0.0
2023-11-26 11:50:00+00:00,0.0,20.0,442.0,21.2,0.0,93.0,34.0,59.0,0.0
2023-11-26 11:55:00+00:00,0.0,20.0,440.0,21.2,0.0,85.0,34.0,59.0,0.0
2023-11-26 12:00:00+00:00,0.0,20.0,452.0,21.2,0.0,88.0,35.0,59.0,0.0
2023-11-26 12:05:00+00:00,0.0,20.0,452.0,21.2,0.0,84.0,34.0,59.0,0.0
2023-11-26 12:10:00+00:00,0.0,20.0,432.0,21.2,0.0,90.0,34.0,59.0,0.0
2023-11-26 12:15:00+00:00,0.0,20.0,448.0,21.2,0.0,71.0,34.0,59.0,0.0
2023-11-26 12:20:00+00:00,0.0,20.0,431.0,21.2,0.0,77.0,34.0,59.0,0.0
2023-11-26 12:25:00+00:00,0.0,20.0,443.0,21.2,0.0,67.0,33.0,59.0,0.0
2023-11-26 12:30:00+00:00,0.0,20.0,437.0,21.2,0.0,64.0,34.0,59.0,0.0
2023-11-26 12:35:00+00:00,0.0,20.0,458.0,21.2,0.0,90.0,33.0,59.0,0.0
2023-11-26 12:40:00+00:00,0.0,20.0,430.0,21.2,0.0,89.0,34.0,59.0,0.0
2023-11-26 12:45:00+00:00,0.0,20.0,453.0,21.2,0.0,87.0,33.0,59.0,0.0
2023-11-26 12:50:00+00:00,0.0,20.0,437.0,21.2,0.0,91.0,33.0,59.0,0.0
2023-11-26 12:55:00+00:00,0.0,20.0,440.0,21.2,0.0,91.0,33.0,59.0,0.0
2023-11-26 13:00:00+00:00,0.0,20.0,451.0,21.2,0.0,90.0,34.0,59.0,0.0
2023-11-26 13:05:00+00:00,0.0,20.0,455.0,21.2,0.0,89.0,33.0,59.0,0.0
2023-11-26 13:10:00+00:00,0.0,20.0,453.0,21.2,0.0,87.0,33.0,59.0,0.0
2023-11-26 13:15:00+00:00,0.0,20.0,456.0,21.3,0.0,65.0,34.0,59.0,0.0
2023-11-26 13:20:00+00:00,0.0,20.0,465.0,21.2,0.0,63.0,33.0,59.0,0.0
2023-11-26 13:25:00+00:00,0.0,20.0,450.0,21.2,0.0,68.0,33.0,59.0,0.0
2023-11-26 13:30:00+00:00,0.0,20.0,448.0,21.2,0.0,62.0,33.0,59.0,0.0
2023-11-26 13:35:00+00:00,0.0,20.0,452.0,21.2,0.0,63.0,33.0,59.0,0.0
2023-11-26 13:40:00+00:00,0.0,20.0,465.0,21.2,0.0,54.0,33.0,59.0,0.0
2023-11-26 13:45:00+00:00,0.0,19.0,453.0,21.2,0.0,53.0,33.0,59.0,0.0
2023-11-26 13:50:00+00:00,0.0,19.0,439.0,21.3,0.0,47.0,33.0,59.0,0.0
2023-11-26 13:55:00+00:00,0.0,19.0,435.0,21.2,0.0,43.0,33.0,59.0,0.0
2023-11-26 14:00:00+00:00,0.0,19.0,437.0,21.2,0.0,31.0,33.0,59.0,0.0
2023-11-26 14:05:00+00:00,0.0,19.0,451.0,21.2,0.0,27.0,33.0,59.0,0.0
2023-11-26 14:10:00+00:00,0.0,19.0,447.0,21.2,0.0,21.0,33.0,59.0,0.0
2023-11-26 14:15:00+00:00,0.0,19.0,454.0,21.2,0.0,20.0,33.0,59.0,0.0
2023-11-26 14:20:00+00:00,0.0,19.0,440.0,21.2,0.0,21.0,33.0,59.0,0.0
2023-11-26 14:25:00+00:00,0.0,19.0,453.0,21.2,0.0,20.0,33.0,59.0,0.0
2023-11-26 14:30:00+00:00,0.0,19.0,437.0,21.2,0.0,18.0,34.0,59.0,0.0
2023-11-26 14:35:00+00:00,0.0,19.0,453.0,21.2,0.0,18.0,33.0,59.0,0.0
2023-11-26 14:40:00+00:00,0.0,19.0,449.0,21.2,0.0,15.0,33.0,59.0,0.0
2023-11-26 14:45:00+00:00,0.0,19.0,452.0,21.2,0.0,11.0,33.0,59.0,0.0
2023-11-26 14:50:00+00:00,0.0,19.0,452.0,21.2,0.0,10.0,34.0,59.0,0.0
2023-11-26 14:55:00+00:00,0.0,19.0,445.0,21.2,0.0,9.0,33.0,59.0,0.0
2023-11-26 15:00:00+00:00,0.0,19.0,440.0,21.2,0.0,8.0,33.0,59.0,0.0
2023-11-26 15:05:00+00:00,0.0,19.0,442.0,21.2,0.0,6.0,34.0,59.0,0.0
2023-11-26 15:10:00+00:00,0.0,19.0,438.0,21.2,0.0,5.0,33.0,59.0,0.0
2023-11-26 15:15:00+00:00,0.0,19.0,455.0,21.2,0.0,3.0,33.0,59.0,0.0
2023-11-26 15:20:00+00:00,0.0,19.0,443.0,21.2,0.0,2.0,33.0,59.0,0.0
2023-11-26 15:25:00+00:00,0.0,19.0,438.0,21.2,0.0,1.0,33.0,59.0,0.0
2023-11-26 15:30:00+00:00,0.0,19.0,442.0,21.2,0.0,1.0,34.0,59.0,0.0
2023-11-26 15:35:00+00:00,0.0,19.0,458.0,21.2,0.0,1.0,34.0,59.0,0.0
2023-11-26 15:40:00+00:00,0.0,19.0,448.0,21.2,0.0,0.0,34.0,59.0,0.0
2023-11-26 15:45:00+00:00,0.0,19.0,443.0,21.2,0.0,0.0,33.0,59.0,0.0
2023-11-26 15:50:00+00:00,0.0,19.0,451.0,21.2,0.0,0.0,34.0,59.0,0.0
2023-11-26 15:55:00+00:00,0.0,19.0,458.0,21.2,0.0,0.0,34.0,59.0,0.0
2023-11-26 16:00:00+00:00,0.0,19.0,446.0,21.2,0.0,0.0,34.0,59.0,0.0
2023-11-26 16:05:00+00:00,0.0,19.0,457.0,21.2,0.0,0.0,34.0,59.0,0.0
2023-11-26 16:10:00+00:00,0.0,19.0,455.0,21.1,0.0,0.0,33.0,59.0,0.0
2023-11-26 16:15:00+00:00,0.0,19.0,440.0,21.1,0.0,0.0,34.0,59.0,0.0
2023-11-26 16:20:00+00:00,0.0,19.0,445.0,21.1,0.0,0.0,35.0,61.0,0.0
2023-11-26 16:25:00+00:00,0.0,19.0,437.0,21.1,0.0,0.0,35.0,64.0,0.0
2023-11-26 16:30:00+00:00,0.0,19.0,452.0,21.1,0.0,0.0,34.0,59.0,0.0
2023-11-26 16:35:00+00:00,0.0,19.0,457.0,21.2,0.0,0.0,33.0,59.0,0.0
2023-11-26 16:40:00+00:00,0.0,19.0,446.0,21.1,0.0,0.0,33.0,59.0,0.0
2023-11-26 16:45:00+00:00,0.0,19.0,460.0,21.1,0.0,0.0,33.0,59.0,0.0
2023-11-26 16:50:00+00:00,0.0,19.0,462.0,21.1,0.0,0.0,34.0,59.0,0.0
2023-11-26 16:55:00+00:00,0.0,19.0,474.0,21.1,0.0,0.0,33.0,59.0,0.0
2023-11-26 17:00:00+00:00,0.0,19.0,449.0,21.1,0.0,0.0,34.0,59.0,0.0
2023-11-26 17:05:00+00:00,0.0,19.0,466.0,21.1,0.0,0.0,34.0,59.0,0.0
2023-11-26 17:10:00+00:00,0.0,19.0,463.0,21.1,0.0,0.0,33.0,59.0,0.0
2023-11-26 17:15:00+00:00,0.0,19.0,470.0,21.1,0.0,0.0,34.0,59.0,0.0
2023-11-26 17:20:00+00:00,0.0,19.0,468.0,21.1,0.0,0.0,33.0,59.0,0.0
2023-11-26 17:25:00+00:00,0.0,19.0,475.0,21.1,0.0,0.0,34.0,59.0,0.0
2023-11-26 17:30:00+00:00,0.0,19.0,457.0,21.1,0.0,0.0,34.0,59.0,0.0
2023-11-26 17:35:00+00:00,0.0,19.0,483.0,21.1,0.0,0.0,33.0,59.0,0.0
2023-11-26 17:40:00+00:00,0.0,19.0,480.0,21.1,0.0,0.0,34.0,59.0,0.0
2023-11-26 17:45:00+00:00,0.0,19.0,457.0,21.1,0.0,0.0,33.0,59.0,0.0
2023-11-26 17:50:00+00:00,0.0,19.0,467.0,21.1,0.0,0.0,33.0,59.0,0.0
2023-11-26 17:55:00+00:00,0.0,19.0,463.0,21.0,0.0,0.0,33.0,59.0,0.0
2023-11-26 18:00:00+00:00,0.0,19.0,477.0,21.1,0.0,0.0,34.0,59.0,0.0
2023-11-26 18:05:00+00:00,0.0,19.0,481.0,21.1,0.0,0.0,33.0,59.0,0.0
2023-11-26 18:10:00+00:00,0.0,19.0,474.0,21.1,0.0,0.0,33.0,59.0,0.0
2023-11-26 18:15:00+00:00,0.0,19.0,483.0,21.0,0.0,0.0,34.0,59.0,0.0
2023-11-26 18:20:00+00:00,0.0,19.0,484.0,21.1,0.0,0.0,33.0,59.0,0.0
2023-11-26 18:25:00+00:00,0.0,19.0,473.0,21.0,0.0,0.0,33.0,59.0,0.0
2023-11-26 18:30:00+00:00,0.0,19.0,482.0,21.0,0.0,0.0,33.0,59.0,0.0
2023-11-26 18:35:00+00:00,0.0,19.0,486.0,21.0,0.0,0.0,33.0,59.0,0.0
2023-11-26 18:40:00+00:00,0.0,19.0,477.0,21.0,0.0,0.0,33.0,59.0,0.0
2023-11-26 18:45:00+00:00,0.0,19.0,472.0,21.0,0.0,0.0,33.0,59.0,0.0
2023-11-26 18:50:00+00:00,0.0,19.0,475.0,21.0,0.0,0.0,33.0,59.0,0.0
2023-11-26 18:55:00+00:00,0.0,19.0,480.0,21.0,0.0,0.0,33.0,59.0,0.0
2023-11-26 19:00:00+00:00,0.0,19.0,479.0,21.0,0.0,0.0,33.0,59.0,0.0
2023-11-26 19:05:00+00:00,0.0,19.0,483.0,21.0,0.0,0.0,32.0,59.0,0.0
2023-11-26 19:10:00+00:00,0.0,19.0,494.0,21.0,0.0,0.0,33.0,59.0,0.0
2023-11-26 19:15:00+00:00,0.0,19.0,482.0,21.0,0.0,0.0,33.0,59.0,0.0
2023-11-26 19:20:00+00:00,0.0,19.0,488.0,21.0,0.0,0.0,33.0,59.0,0.0
2023-11-26 19:25:00+00:00,0.0,19.0,481.0,21.0,0.0,0.0,33.0,59.0,0.0
2023-11-26 19:30:00+00:00,0.0,19.0,485.0,21.0,0.0,0.0,33.0,59.0,0.0
2023-11-26 19:35:00+00:00,0.0,19.0,478.0,21.0,0.0,0.0,32.0,59.0,0.0
2023-11-26 19:40:00+00:00,0.0,19.0,485.0,21.0,0.0,0.0,33.0,59.0,0.0
2023-11-26 19:45:00+00:00,0.0,19.0,495.0,21.0,0.0,0.0,33.0,59.0,0.0
2023-11-26 19:50:00+00:00,0.0,19.0,487.0,21.0,0.0,0.0,33.0,59.0,0.0
2023-11-26 19:55:00+00:00,0.0,19.0,497.0,21.0,0.0,0.0,33.0,59.0,0.0
2023-11-26 20:00:00+00:00,0.0,19.0,487.0,21.0,0.0,0.0,33.0,59.0,0.0
2023-11-26 20:05:00+00:00,0.0,19.0,484.0,21.0,0.0,0.0,33.0,59.0,0.0
2023-11-26 20:10:00+00:00,0.0,19.0,497.0,21.0,0.0,0.0,33.0,59.0,0.0
2023-11-26 20:15:00+00:00,0.0,19.0,488.0,21.0,0.0,0.0,33.0,59.0,0.0
2023-11-26 20:20:00+00:00,0.0,19.0,493.0,21.0,0.0,0.0,33.0,59.0,0.0
2023-11-26 20:25:00+00:00,0.0,19.0,491.0,20.9,0.0,0.0,33.0,59.0,0.0
2023-11-26 20:30:00+00:00,0.0,19.0,485.0,20.9,0.0,0.0,33.0,59.0,0.0
2023-11-26 20:35:00+00:00,0.0,19.0,473.0,20.9,0.0,0.0,33.0,59.0,0.0
2023-11-26 20:40:00+00:00,0.0,19.0,497.0,20.9,0.0,0.0,33.0,59.0,0.0
2023-11-26 20:45:00+00:00,0.0,19.0,499.0,20.9,0.0,0.0,32.0,59.0,0.0
2023-11-26 20:50:00+00:00,0.0,19.0,512.0,20.9,0.0,0.0,33.0,59.0,0.0
2023-11-26 20:55:00+00:00,0.0,19.0,493.0,20.9,0.0,0.0,33.0,59.0,0.0
2023-11-26 21:00:00+00:00,0.0,19.0,494.0,20.9,0.0,0.0,33.0,59.0,0.0
2023-11-26 21:05:00+00:00,0.0,19.0,499.0,20.9,0.0,0.0,33.0,59.0,0.0
2023-11-26 21:10:00+00:00,0.0,19.0,485.0,20.9,0.0,0.0,33.0,59.0,0.0
2023-11-26 21:15:00+00:00,0.0,19.0,487.0,20.9,0.0,0.0,33.0,59.0,0.0
2023-11-26 21:20:00+00:00,0.0,19.0,507.0,20.9,0.0,0.0,33.0,59.0,0.0
2023-11-26 21:25:00+00:00,0.0,19.0,492.0,20.9,0.0,0.0,33.0,59.0,0.0
2023-11-26 21:30:00+00:00,0.0,19.0,487.0,20.9,0.0,0.0,32.0,59.0,0.0
2023-11-26 21:35:00+00:00,0.0,19.0,496.0,20.9,0.0,0.0,32.0,59.0,0.0
2023-11-26 21:40:00+00:00,0.0,19.0,499.0,20.9,0.0,0.0,33.0,59.0,0.0
2023-11-26 21:45:00+00:00,0.0,19.0,488.0,20.9,0.0,0.0,33.0,59.0,0.0
2023-11-26 21:50:00+00:00,0.0,19.0,499.0,20.9,0.0,0.0,33.0,59.0,0.0
2023-11-26 21:55:00+00:00,0.0,19.0,490.0,20.9,0.0,0.0,33.0,59.0,0.0
2023-11-26 22:00:00+00:00,0.0,19.0,496.0,20.8,0.0,0.0,33.0,59.0,0.0
2023-11-26 22:05:00+00:00,0.0,19.0,495.0,20.9,0.0,0.0,33.0,59.0,0.0
2023-11-26 22:10:00+00:00,0.0,19.0,512.0,20.9,0.0,0.0,33.0,59.0,0.0
2023-11-26 22:15:00+00:00,0.0,19.0,500.0,20.9,0.0,0.0,33.0,59.0,0.0
2023-11-26 22:20:00+00:00,0.0,19.0,501.0,20.9,0.0,0.0,33.0,59.0,0.0
2023-11-26 22:25:00+00:00,0.0,19.0,493.0,20.8,0.0,0.0,33.0,59.0,0.0
2023-11-26 22:30:00+00:00,0.0,19.0,504.0,20.9,0.0,0.0,33.0,59.0,0.0
2023-11-26 22:35:00+00:00,0.0,19.0,503.0,20.8,0.0,0.0,32.0,59.0,0.0
2023-11-26 22:40:00+00:00,0.0,19.0,495.0,20.9,0.0,0.0,33.0,59.0,0.0
2023-11-26 22:45:00+00:00,0.0,19.0,494.0,20.8,0.0,0.0,33.0,59.0,0.0
2023-11-26 22:50:00+00:00,0.0,19.0,492.0,20.8,0.0,0.0,33.0,59.0,0.0
2023-11-26 22:55:00+00:00,0.0,19.0,484.0,20.8,0.0,0.0,33.0,59.0,0.0
2023-11-26 23:00:00+00:00,0.0,19.0,499.0,20.8,0.0,0.0,33.0,59.0,0.0
2023-11-26 23:05:00+00:00,0.0,19.0,489.0,20.8,0.0,0.0,32.0,59.0,0.0
2023-11-26 23:10:00+00:00,0.0,19.0,489.0,20.8,0.0,0.0,33.0,59.0,0.0
2023-11-26 23:15:00+00:00,0.0,19.0,487.0,20.8,0.0,0.0,33.0,59.0,0.0
2023-11-26 23:20:00+00:00,0.0,19.0,485.0,20.8,0.0,0.0,33.0,59.0,0.0
2023-11-26 23:25:00+00:00,0.0,19.0,490.0,20.8,0.0,0.0,33.0,59.0,0.0
2023-11-26 23:30:00+00:00,0.0,19.0,480.0,20.8,0.0,0.0,33.0,59.0,0.0
2023-11-26 23:35:00+00:00,0.0,19.0,502.0,20.8,0.0,0.0,33.0,59.0,0.0
2023-11-26 23:40:00+00:00,0.0,19.0,483.0,20.8,0.0,0.0,33.0,59.0,0.0
2023-11-26 23:45:00+00:00,0.0,19.0,489.0,20.8,0.0,0.0,33.0,59.0,0.0
2023-11-26 23:50:00+00:00,0.0,19.0,494.0,20.8,0.0,0.0,33.0,59.0,0.0
2023-11-26 23:55:00+00:00,0.0,19.0,488.0,20.8,0.0,0.0,32.0,59.0,0.0
2023-11-27 00:00:00+00:00,0.0,19.0,492.0,20.8,0.0,0.0,33.0,59.0,0.0
2023-11-27 00:05:00+00:00,0.0,19.0,475.0,20.8,0.0,0.0,32.0,59.0,0.0
2023-11-27 00:10:00+00:00,0.0,19.0,494.0,20.8,0.0,0.0,32.0,59.0,0.0
2023-11-27 00:15:00+00:00,0.0,19.0,491.0,20.8,0.0,0.0,32.0,59.0,0.0
2023-11-27 00:20:00+00:00,0.0,19.0,495.0,20.8,0.0,0.0,33.0,59.0,0.0
2023-11-27 00:25:00+00:00,0.0,19.0,482.0,20.8,0.0,0.0,32.0,59.0,0.0
2023-11-27 00:30:00+00:00,0.0,19.0,497.0,20.8,0.0,0.0,33.0,59.0,0.0
2023-11-27 00:35:00+00:00,0.0,19.0,491.0,20.8,0.0,0.0,32.0,59.0,0.0
2023-11-27 00:40:00+00:00,0.0,19.0,483.0,20.8,0.0,0.0,33.0,59.0,0.0
2023-11-27 00:45:00+00:00,0.0,19.0,485.0,20.8,0.0,0.0,32.0,59.0,0.0
2023-11-27 00:50:00+00:00,0.0,19.0,483.0,20.8,0.0,0.0,32.0,59.0,0.0
2023-11-27 00:55:00+00:00,0.0,19.0,486.0,20.8,0.0,0.0,33.0,59.0,0.0
2023-11-27 01:00:00+00:00,0.0,19.0,477.0,20.8,0.0,0.0,32.0,59.0,0.0
2023-11-27 01:05:00+00:00,0.0,19.0,482.0,20.8,0.0,0.0,32.0,59.0,0.0
2023-11-27 01:10:00+00:00,0.0,19.0,493.0,20.8,0.0,0.0,33.0,59.0,0.0
2023-11-27 01:15:00+00:00,0.0,19.0,488.0,20.8,0.0,0.0,32.0,59.0,0.0
2023-11-27 01:20:00+00:00,0.0,19.0,496.0,20.8,0.0,0.0,32.0,59.0,0.0
2023-11-27 01:25:00+00:00,0.0,19.0,483.0,20.7,0.0,0.0,32.0,59.0,0.0
2023-11-27 01:30:00+00:00,0.0,19.0,468.0,20.7,0.0,0.0,33.0,59.0,0.0
2023-11-27 01:35:00+00:00,0.0,20.0,477.0,20.7,0.0,0.0,32.0,59.0,0.0
2023-11-27 01:40:00+00:00,0.0,19.0,495.0,20.8,0.0,0.0,32.0,59.0,0.0
2023-11-27 01:45:00+00:00,0.0,20.0,491.0,20.8,0.0,0.0,32.0,59.0,0.0
2023-11-27 01:50:00+00:00,0.0,20.0,497.0,20.7,0.0,0.0,32.0,59.0,0.0
2023-11-27 01:55:00+00:00,0.0,19.0,491.0,20.7,0.0,0.0,33.0,59.0,0.0
2023-11-27 02:00:00+00:00,0.0,20.0,488.0,20.7,0.0,0.0,33.0,59.0,0.0
2023-11-27 02:05:00+00:00,0.0,20.0,481.0,20.7,0.0,0.0,33.0,59.0,0.0
2023-11-27 02:10:00+00:00,0.0,20.0,478.0,20.7,0.0,0.0,32.0,59.0,0.0
2023-11-27 02:15:00+00:00,0.0,20.0,491.0,20.7,0.0,0.0,33.0,59.0,0.0
2023-11-27 02:20:00+00:00,0.0,20.0,490.0,20.7,0.0,0.0,32.0,59.0,0.0
2023-11-27 02:25:00+00:00,0.0,20.0,484.0,20.7,0.0,0.0,33.0,59.0,0.0
2023-11-27 02:30:00+00:00,0.0,20.0,492.0,20.7,0.0,0.0,33.0,59.0,0.0
2023-11-27 02:35:00+00:00,0.0,20.0,481.0,20.7,0.0,0.0,33.0,59.0,0.0
2023-11-27 02:40:00+00:00,0.0,20.0,504.0,20.7,0.0,0.0,32.0,59.0,0.0
2023-11-27 02:45:00+00:00,0.0,20.0,488.0,20.7,0.0,0.0,32.0,59.0,0.0
2023-11-27 02:50:00+00:00,0.0,20.0,491.0,20.7,0.0,0.0,33.0,59.0,0.0
2023-11-27 02:55:00+00:00,0.0,20.0,479.0,20.7,0.0,0.0,32.0,59.0,0.0
2023-11-27 03:00:00+00:00,0.0,20.0,487.0,20.7,0.0,0.0,33.0,59.0,0.0
2023-11-27 03:05:00+00:00,0.0,20.0,490.0,20.7,0.0,0.0,33.0,59.0,0.0
2023-11-27 03:10:00+00:00,0.0,20.0,470.0,20.7,0.0,0.0,32.0,59.0,0.0
2023-11-27 03:15:00+00:00,0.0,20.0,479.0,20.7,0.0,0.0,33.0,59.0,0.0
2023-11-27 03:20:00+00:00,0.0,20.0,493.0,20.7,0.0,0.0,33.0,59.0,0.0
2023-11-27 03:25:00+00:00,0.0,20.0,505.0,20.7,0.0,0.0,33.0,59.0,0.0
2023-11-27 03:30:00+00:00,0.0,20.0,491.0,20.7,0.0,0.0,33.0,59.0,0.0
2023-11-27 03:35:00+00:00,0.0,20.0,497.0,20.8,0.0,0.0,33.0,59.0,0.0
2023-11-27 03:40:00+00:00,0.0,20.0,486.0,20.8,0.0,0.0,33.0,59.0,0.0
2023-11-27 03:45:00+00:00,0.0,20.0,506.0,20.8,0.0,0.0,33.0,59.0,0.0
2023-11-27 03:50:00+00:00,0.0,20.0,495.0,20.8,0.0,0.0,33.0,59.0,0.0
2023-11-27 03:55:00+00:00,0.0,20.0,494.0,20.8,0.0,0.0,33.0,59.0,0.0
2023-11-27 04:00:00+00:00,0.0,20.0,490.0,20.9,0.0,0.0,33.0,59.0,0.0
2023-11-27 04:05:00+00:00,0.0,20.0,485.0,20.9,0.0,0.0,33.0,59.0,0.0
2023-11-27 04:10:00+00:00,0.0,20.0,499.0,21.0,0.0,0.0,33.0,59.0,0.0
2023-11-27 04:15:00+00:00,0.0,20.0,481.0,21.0,0.0,0.0,33.0,59.0,0.0
2023-11-27 04:20:00+00:00,0.0,20.0,497.0,21.0,0.0,0.0,33.0,59.0,0.0
2023-11-27 04:25:00+00:00,0.0,20.0,500.0,21.0,0.0,0.0,33.0,59.0,0.0
2023-11-27 04:30:00+00:00,0.0,20.0,496.0,21.0,0.0,0.0,33.0,59.0,0.0
2023-11-27 04:35:00+00:00,0.0,20.0,498.0,21.0,0.0,0.0,33.0,59.0,0.0
2023-11-27 04:40:00+00:00,0.0,20.0,478.0,21.1,0.0,0.0,33.0,59.0,0.0
2023-11-27 04:45:00+00:00,0.0,20.0,490.0,21.1,0.0,0.0,33.0,59.0,0.0
2023-11-27 04:50:00+00:00,0.0,20.0,496.0,21.1,0.0,0.0,33.0,59.0,0.0
2023-11-27 04:55:00+00:00,0.0,20.0,488.0,21.1,0.0,0.0,32.0,59.0,0.0
2023-11-27 05:00:00+00:00,0.0,20.0,491.0,21.1,0.0,0.0,33.0,59.0,0.0
2023-11-27 05:05:00+00:00,0.0,20.0,492.0,21.1,0.0,0.0,33.0,59.0,0.0
2023-11-27 05:10:00+00:00,0.0,20.0,491.0,21.1,0.0,0.0,34.0,59.0,0.0
2023-11-27 05:15:00+00:00,0.0,20.0,493.0,21.2,0.0,0.0,33.0,59.0,0.0
2023-11-27 05:20:00+00:00,0.0,20.0,484.0,21.2,0.0,0.0,34.0,59.0,0.0
2023-11-27 05:25:00+00:00,0.0,20.0,479.0,21.2,0.0,0.0,34.0,59.0,0.0
2023-11-27 05:30:00+00:00,0.0,20.0,488.0,21.2,0.0,0.0,34.0,59.0,0.0
2023-11-27 05:35:00+00:00,0.0,20.0,490.0,21.2,0.0,0.0,34.0,59.0,0.0
2023-11-27 05:40:00+00:00,0.0,20.0,487.0,21.2,0.0,0.0,34.0,59.0,0.0
2023-11-27 05:45:00+00:00,0.0,20.0,482.0,21.2,0.0,0.0,34.0,59.0,0.0
2023-11-27 05:50:00+00:00,0.0,20.0,485.0,21.2,0.0,0.0,34.0,59.0,0.0
2023-11-27 05:55:00+00:00,0.0,20.0,490.0,21.2,0.0,1.0,35.0,59.0,0.0
2023-11-27 06:00:00+00:00,0.0,20.0,493.0,21.2,0.0,1.0,35.0,59.0,0.0
2023-11-27 06:05:00+00:00,0.0,20.0,486.0,21.2,0.0,1.0,35.0,59.0,0.0
2023-11-27 06:10:00+00:00,0.0,20.0,483.0,21.2,0.0,1.0,34.0,59.0,0.0
2023-11-27 06:15:00+00:00,0.0,20.0,512.0,21.2,0.0,1.0,34.0,59.0,0.0
2023-11-27 06:20:00+00:00,0.0,20.0,476.0,21.2,0.0,1.0,35.0,59.0,0.0
2023-11-27 06:25:00+00:00,0.0,20.0,498.0,21.2,0.0,1.0,35.0,59.0,0.0
2023-11-27 06:30:00+00:00,0.0,20.0,498.0,21.2,0.0,2.0,35.0,59.0,0.0
2023-11-27 06:35:00+00:00,0.0,20.0,492.0,21.2,0.0,2.0,35.0,59.0,0.0
2023-11-27 06:40:00+00:00,0.0,20.0,503.0,21.2,0.0,2.0,35.0,59.0,0.0
2023-11-27 06:45:00+00:00,0.0,20.0,512.0,21.2,0.0,3.0,34.0,59.0,0.0
2023-11-27 06:50:00+00:00,0.0,20.0,497.0,21.2,0.0,3.0,35.0,59.0,0.0
2023-11-27 06:55:00+00:00,0.0,20.0,500.0,21.2,0.0,5.0,35.0,59.0,0.0
2023-11-27 07:00:00+00:00,0.0,20.0,492.0,21.2,0.0,6.0,35.0,59.0,0.0
2023-11-27 07:05:00+00:00,1.0,20.0,509.0,21.2,0.0,7.0,35.0,59.0,0.0
2023-11-27 07:10:00+00:00,0.0,20.0,494.0,21.2,0.0,8.0,36.0,62.0,0.0
2023-11-27 07:15:00+00:00,0.0,20.0,506.0,21.2,5.0,225.0,38.0,62.0,0.0
2023-11-27 07:20:00+00:00,0.0,20.0,540.0,21.3,2.0,225.0,37.0,61.0,0.0
2023-11-27 07:25:00+00:00,0.0,20.0,547.0,21.3,1.0,227.0,37.0,59.0,0.0
2023-11-27 07:30:00+00:00,0.0,20.0,561.0,21.3,0.0,230.0,52.0,67.0,0.0
2023-11-27 07:35:00+00:00,0.0,20.0,584.0,21.3,2.0,230.0,52.0,67.0,0.0
2023-11-27 07:40:00+00:00,0.0,20.0,574.0,21.3,3.0,233.0,53.0,64.0,0.0
2023-11-27 07:45:00+00:00,0.0,20.0,578.0,21.4,2.0,235.0,47.0,64.0,0.0
2023-11-27 07:50:00+00:00,0.0,20.0,589.0,21.4,2.0,243.0,51.0,65.0,0.0
2023-11-27 07:55:00+00:00,0.0,20.0,585.0,21.4,2.0,251.0,44.0,64.0,0.0
2023-11-27 08:00:00+00:00,0.0,20.0,597.0,21.4,2.0,252.0,42.0,61.0,0.0
2023-11-27 08:05:00+00:00,0.0,20.0,595.0,21.4,3.0,254.0,46.0,80.0,0.0
2023-11-27 08:10:00+00:00,0.0,20.0,606.0,21.4,4.0,258.0,40.0,59.0,0.0
2023-11-27 08:15:00+00:00,0.0,20.0,618.0,21.5,3.0,259.0,47.0,65.0,0.0
2023-11-27 08:20:00+00:00,0.0,20.0,619.0,21.5,1.0,257.0,49.0,64.0,0.0
2023-11-27 08:25:00+00:00,0.0,20.0,592.0,21.5,4.0,256.0,38.0,61.0,0.0
2023-11-27 08:30:00+00:00,0.0,20.0,614.0,21.5,3.0,259.0,34.0,59.0,0.0
2023-11-27 08:35:00+00:00,0.0,20.0,583.0,21.5,0.0,263.0,36.0,65.0,0.0
2023-11-27 08:40:00+00:00,0.0,20.0,582.0,21.6,12.0,269.0,53.0,64.0,0.0
2023-11-27 08:45:00+00:00,1.0,20.0,598.0,21.6,4.0,273.0,48.0,64.0,0.0
2023-11-27 08:50:00+00:00,1.0,20.0,623.0,21.6,6.0,274.0,52.0,63.0,0.0
2023-11-27 08:55:00+00:00,1.0,20.0,629.0,21.6,8.0,279.0,45.0,62.0,0.0
2023-11-27 09:00:00+00:00,1.0,20.0,637.0,21.6,2.0,281.0,51.0,64.0,0.0
2023-11-27 09:05:00+00:00,1.0,20.0,616.0,21.6,4.0,283.0,47.0,63.0,0.0
2023-11-27 09:10:00+00:00,1.0,20.0,661.0,21.7,1.0,279.0,49.0,64.0,0.0
2023-11-27 09:15:00+00:00,1.0,20.0,627.0,21.7,5.0,279.0,51.0,64.0,0.0
2023-11-27 09:20:00+00:00,1.0,20.0,628.0,21.7,4.0,288.0,46.0,64.0,0.0
2023-11-27 09:25:00+00:00,1.0,20.0,635.0,21.7,1.0,290.0,45.0,64.0,0.0
2023-11-27 09:30:00+00:00,1.0,20.0,650.0,21.8,0.0,293.0,46.0,62.0,0.0
2023-11-27 09:35:00+00:00,1.0,20.0,633.0,21.8,6.0,294.0,45.0,61.0,0.0
2023-11-27 09:40:00+00:00,1.0,20.0,667.0,21.8,4.0,301.0,44.0,78.0,0.0
2023-11-27 09:45:00+00:00,0.0,20.0,675.0,21.8,4.0,298.0,55.0,65.0,0.0
2023-11-27 09:50:00+00:00,0.0,20.0,657.0,21.9,4.0,295.0,43.0,65.0,0.0
2023-11-27 09:55:00+00:00,0.0,20.0,652.0,21.9,0.0,294.0,36.0,59.0,0.0
2023-11-27 10:00:00+00:00,0.0,20.0,658.0,21.9,0.0,296.0,38.0,65.0,0.0
2023-11-27 10:05:00+00:00,0.0,20.0,649.0,22.0,0.0,295.0,38.0,59.0,0.0
2023-11-27 10:10:00+00:00,0.0,20.0,636.0,22.0,0.0,287.0,38.0,59.0,0.0
2023-11-27 10:15:00+00:00,0.0,20.0,684.0,22.0,1.0,295.0,38.0,64.0,0.0
2023-11-27 10:20:00+00:00,0.0,20.0,652.0,22.0,0.0,292.0,41.0,65.0,0.0
2023-11-27 10:25:00+00:00,0.0,20.0,637.0,22.0,5.0,288.0,51.0,64.0,0.0
2023-11-27 10:30:00+00:00,0.0,20.0,654.0,22.1,1.0,287.0,53.0,63.0,0.0
2023-11-27 10:35:00+00:00,0.0,20.0,679.0,22.1,1.0,286.0,51.0,65.0,0.0
2023-11-27 10:40:00+00:00,0.0,20.0,681.0,22.1,0.0,288.0,55.0,65.0,0.0
2023-11-27 10:45:00+00:00,0.0,20.0,661.0,22.1,1.0,290.0,43.0,64.0,0.0
2023-11-27 10:50:00+00:00,1.0,20.0,660.0,22.1,2.0,291.0,38.0,73.0,0.0
2023-11-27 10:55:00+00:00,1.0,20.0,657.0,22.2,1.0,295.0,38.0,79.0,0.0
2023-11-27 11:00:00+00:00,1.0,20.0,684.0,22.2,4.0,288.0,37.0,59.0,0.0
2023-11-27 11:05:00+00:00,1.0,20.0,671.0,22.2,1.0,299.0,35.0,59.0,0.0
2023-11-27 11:10:00+00:00,1.0,20.0,649.0,22.2,0.0,300.0,35.0,59.0,0.0
2023-11-27 11:15:00+00:00,1.0,20.0,635.0,22.2,0.0,293.0,35.0,61.0,0.0
2023-11-27 11:20:00+00:00,1.0,20.0,624.0,22.2,0.0,288.0,35.0,59.0,0.0
2023-11-27 11:25:00+00:00,1.0,20.0,605.0,22.2,0.0,299.0,35.0,59.0,0.0
2023-11-27 11:30:00+00:00,1.0,20.0,611.0,22.2,0.0,288.0,35.0,59.0,0.0
2023-11-27 11:35:00+00:00,1.0,20.0,608.0,22.2,0.0,302.0,35.0,59.0,0.0
2023-11-27 11:40:00+00:00,1.0,20.0,598.0,22.2,0.0,284.0,35.0,59.0,0.0
2023-11-27 11:45:00+00:00,1.0,20.0,580.0,22.2,0.0,279.0,35.0,59.0,0.0
2023-11-27 11:50:00+00:00,1.0,20.0,570.0,22.2,0.0,278.0,35.0,59.0,0.0
2023-11-27 11:55:00+00:00,1.0,20.0,566.0,22.2,0.0,273.0,35.0,59.0,0.0
2023-11-27 12:00:00+00:00,0.0,20.0,579.0,22.2,1.0,267.0,37.0,62.0,0.0
2023-11-27 12:05:00+00:00,0.0,20.0,580.0,22.2,4.0,261.0,41.0,72.0,0.0
2023-11-27 12:10:00+00:00,0.0,20.0,572.0,22.2,0.0,260.0,42.0,69.0,0.0
2023-11-27 12:15:00+00:00,0.0,20.0,601.0,22.2,8.0,268.0,39.0,59.0,0.0
2023-11-27 12:20:00+00:00,0.0,20.0,614.0,22.2,0.0,268.0,38.0,61.0,0.0
2023-11-27 12:25:00+00:00,0.0,20.0,598.0,22.3,1.0,268.0,39.0,70.0,0.0
2023-11-27 12:30:00+00:00,0.0,20.0,603.0,22.3,0.0,267.0,38.0,65.0,0.0
2023-11-27 12:35:00+00:00,0.0,20.0,611.0,22.3,0.0,265.0,37.0,59.0,0.0
2023-11-27 12:40:00+00:00,0.0,20.0,626.0,22.3,0.0,265.0,37.0,65.0,0.0
2023-11-27 12:45:00+00:00,0.0,20.0,601.0,22.3,0.0,266.0,36.0,59.0,0.0
2023-11-27 12:50:00+00:00,0.0,20.0,618.0,22.3,0.0,257.0,37.0,59.0,0.0
2023-11-27 12:55:00+00:00,0.0,20.0,626.0,22.3,1.0,249.0,38.0,59.0,0.0
2023-11-27 13:00:00+00:00,0.0,20.0,626.0,22.3,0.0,243.0,37.0,59.0,0.0
2023-11-27 13:05:00+00:00,0.0,20.0,636.0,22.3,0.0,247.0,37.0,59.0,0.0
2023-11-27 13:10:00+00:00,0.0,20.0,647.0,22.3,1.0,250.0,36.0,63.0,0.0
2023-11-27 13:15:00+00:00,0.0,20.0,605.0,22.3,0.0,254.0,36.0,59.0,0.0
2023-11-27 13:20:00+00:00,0.0,20.0,630.0,22.3,0.0,259.0,37.0,59.0,0.0
2023-11-27 13:25:00+00:00,0.0,20.0,626.0,22.3,0.0,260.0,36.0,59.0,0.0
2023-11-27 13:30:00+00:00,0.0,20.0,652.0,22.4,0.0,260.0,36.0,59.0,0.0
2023-11-27 13:35:00+00:00,0.0,20.0,651.0,22.3,1.0,258.0,35.0,59.0,0.0
2023-11-27 13:40:00+00:00,0.0,20.0,651.0,22.4,0.0,257.0,37.0,61.0,0.0
2023-11-27 13:45:00+00:00,0.0,20.0,644.0,22.4,4.0,252.0,46.0,67.0,0.0
2023-11-27 13:50:00+00:00,0.0,20.0,638.0,22.4,1.0,249.0,42.0,68.0,0.0
2023-11-27 13:55:00+00:00,0.0,20.0,651.0,22.4,0.0,246.0,43.0,63.0,0.0
2023-11-27 14:00:00+00:00,0.0,20.0,659.0,22.4,1.0,245.0,37.0,59.0,0.0
2023-11-27 14:05:00+00:00,0.0,20.0,632.0,22.4,0.0,242.0,36.0,59.0,0.0
2023-11-27 14:10:00+00:00,0.0,20.0,641.0,22.4,0.0,239.0,37.0,63.0,0.0
2023-11-27 14:15:00+00:00,0.0,20.0,655.0,22.4,2.0,237.0,37.0,63.0,0.0
2023-11-27 14:20:00+00:00,0.0,20.0,655.0,22.4,0.0,235.0,37.0,61.0,0.0
2023-11-27 14:25:00+00:00,0.0,20.0,628.0,22.4,0.0,231.0,37.0,59.0,0.0
2023-11-27 14:30:00+00:00,0.0,20.0,645.0,22.4,1.0,227.0,36.0,59.0,0.0
2023-11-27 14:35:00+00:00,0.0,20.0,641.0,22.4,0.0,224.0,36.0,59.0,0.0
2023-11-27 14:40:00+00:00,0.0,20.0,627.0,22.4,1.0,218.0,37.0,63.0,0.0
2023-11-27 14:45:00+00:00,0.0,20.0,662.0,22.4,1.0,217.0,35.0,59.0,0.0
2023-11-27 14:50:00+00:00,0.0,20.0,661.0,22.4,0.0,214.0,35.0,59.0,0.0
2023-11-27 14:55:00+00:00,0.0,20.0,636.0,22.4,2.0,210.0,40.0,63.0,0.0
2023-11-27 15:00:00+00:00,0.0,20.0,660.0,22.4,2.0,209.0,37.0,59.0,0.0
2023-11-27 15:05:00+00:00,0.0,20.0,654.0,22.4,0.0,207.0,36.0,59.0,0.0
2023-11-27 15:10:00+00:00,0.0,20.0,657.0,22.4,2.0,206.0,36.0,59.0,0.0
2023-11-27 15:15:00+00:00,0.0,19.0,652.0,22.3,1.0,207.0,36.0,59.0,0.0
2023-11-27 15:20:00+00:00,0.0,20.0,636.0,22.4,0.0,206.0,38.0,67.0,0.0
2023-11-27 15:25:00+00:00,0.0,20.0,652.0,22.3,13.0,2.0,38.0,64.0,0.0
2023-11-27 15:30:00+00:00,0.0,19.0,633.0,22.3,0.0,2.0,34.0,59.0,0.0
2023-11-27 15:35:00+00:00,0.0,19.0,613.0,22.3,0.0,1.0,34.0,59.0,0.0
2023-11-27 15:40:00+00:00,0.0,19.0,615.0,22.2,0.0,1.0,34.0,59.0,0.0
2023-11-27 15:45:00+00:00,0.0,19.0,605.0,22.2,0.0,1.0,35.0,59.0,0.0
2023-11-27 15:50:00+00:00,0.0,19.0,589.0,22.2,0.0,1.0,34.0,59.0,0.0
2023-11-27 15:55:00+00:00,0.0,19.0,583.0,22.1,0.0,1.0,34.0,59.0,0.0
2023-11-27 16:00:00+00:00,0.0,19.0,588.0,22.1,0.0,1.0,34.0,59.0,0.0
2023-11-27 16:05:00+00:00,0.0,19.0,567.0,22.1,0.0,1.0,35.0,59.0,0.0
2023-11-27 16:10:00+00:00,0.0,19.0,586.0,22.0,0.0,1.0,34.0,59.0,0.0
2023-11-27 16:15:00+00:00,0.0,19.0,568.0,22.0,0.0,1.0,35.0,59.0,0.0
2023-11-27 16:20:00+00:00,0.0,19.0,567.0,22.0,0.0,1.0,35.0,59.0,0.0
2023-11-27 16:25:00+00:00,0.0,19.0,546.0,22.0,0.0,1.0,35.0,59.0,0.0
2023-11-27 16:30:00+00:00,0.0,19.0,545.0,22.0,0.0,1.0,34.0,59.0,0.0
2023-11-27 16:35:00+00:00,0.0,19.0,549.0,21.9,0.0,1.0,35.0,59.0,0.0
2023-11-27 16:40:00+00:00,0.0,19.0,543.0,21.9,0.0,1.0,35.0,59.0,0.0
2023-11-27 16:45:00+00:00,0.0,19.0,543.0,21.9,0.0,1.0,35.0,59.0,0.0
2023-11-27 16:50:00+00:00,0.0,19.0,524.0,21.9,0.0,1.0,35.0,59.0,0.0
2023-11-27 16:55:00+00:00,0.0,19.0,533.0,21.8,0.0,1.0,34.0,59.0,0.0
2023-11-27 17:00:00+00:00,0.0,19.0,505.0,21.8,0.0,1.0,34.0,59.0,0.0
2023-11-27 17:05:00+00:00,0.0,19.0,535.0,21.8,0.0,1.0,34.0,59.0,0.0
2023-11-27 17:10:00+00:00,0.0,19.0,515.0,21.8,0.0,1.0,34.0,59.0,0.0
2023-11-27 17:15:00+00:00,0.0,19.0,514.0,21.8,0.0,1.0,34.0,59.0,0.0
2023-11-27 17:20:00+00:00,0.0,19.0,512.0,21.7,0.0,1.0,34.0,59.0,0.0
2023-11-27 17:25:00+00:00,0.0,19.0,538.0,21.7,0.0,1.0,34.0,59.0,0.0
2023-11-27 17:30:00+00:00,0.0,19.0,508.0,21.7,0.0,1.0,34.0,59.0,0.0
2023-11-27 17:35:00+00:00,0.0,19.0,512.0,21.7,0.0,1.0,34.0,59.0,0.0
2023-11-27 17:40:00+00:00,0.0,19.0,513.0,21.7,0.0,1.0,35.0,59.0,0.0
2023-11-27 17:45:00+00:00,0.0,19.0,504.0,21.7,0.0,1.0,34.0,59.0,0.0
2023-11-27 17:50:00+00:00,0.0,19.0,507.0,21.7,0.0,1.0,33.0,59.0,0.0
2023-11-27 17:55:00+00:00,0.0,19.0,508.0,21.6,0.0,1.0,34.0,59.0,0.0
2023-11-27 18:00:00+00:00,0.0,19.0,501.0,21.6,0.0,0.0,34.0,59.0,0.0
2023-11-27 18:05:00+00:00,0.0,19.0,520.0,21.6,0.0,0.0,34.0,59.0,0.0
2023-11-27 18:10:00+00:00,0.0,19.0,509.0,21.6,0.0,1.0,34.0,59.0,0.0
2023-11-27 18:15:00+00:00,0.0,19.0,498.0,21.6,0.0,1.0,34.0,59.0,0.0
2023-11-27 18:20:00+00:00,0.0,19.0,506.0,21.6,0.0,0.0,34.0,59.0,0.0
2023-11-27 18:25:00+00:00,0.0,19.0,497.0,21.6,0.0,0.0,34.0,59.0,0.0
2023-11-27 18:30:00+00:00,0.0,19.0,509.0,21.5,0.0,0.0,35.0,59.0,0.0
2023-11-27 18:35:00+00:00,0.0,19.0,512.0,21.5,0.0,0.0,33.0,59.0,0.0
2023-11-27 18:40:00+00:00,0.0,19.0,523.0,21.5,0.0,0.0,34.0,59.0,0.0
2023-11-27 18:45:00+00:00,0.0,19.0,491.0,21.5,0.0,0.0,33.0,59.0,0.0
2023-11-27 18:50:00+00:00,0.0,19.0,504.0,21.5,0.0,0.0,33.0,59.0,0.0
2023-11-27 18:55:00+00:00,0.0,19.0,515.0,21.5,0.0,0.0,33.0,59.0,0.0
2023-11-27 19:00:00+00:00,0.0,20.0,511.0,21.5,0.0,1.0,34.0,59.0,0.0
2023-11-27 19:05:00+00:00,0.0,20.0,501.0,21.5,0.0,1.0,33.0,59.0,0.0
2023-11-27 19:10:00+00:00,0.0,20.0,508.0,21.5,0.0,1.0,33.0,59.0,0.0
2023-11-27 19:15:00+00:00,0.0,20.0,508.0,21.5,0.0,0.0,33.0,59.0,0.0
2023-11-27 19:20:00+00:00,0.0,20.0,495.0,21.5,0.0,0.0,33.0,59.0,0.0
2023-11-27 19:25:00+00:00,0.0,20.0,500.0,21.4,0.0,0.0,33.0,59.0,0.0
2023-11-27 19:30:00+00:00,0.0,20.0,495.0,21.4,0.0,0.0,33.0,59.0,0.0
2023-11-27 19:35:00+00:00,0.0,20.0,494.0,21.4,0.0,0.0,33.0,59.0,0.0
2023-11-27 19:40:00+00:00,0.0,20.0,496.0,21.4,0.0,0.0,34.0,59.0,0.0
2023-11-27 19:45:00+00:00,0.0,20.0,498.0,21.4,0.0,1.0,33.0,59.0,0.0
2023-11-27 19:50:00+00:00,0.0,20.0,495.0,21.4,0.0,0.0,33.0,59.0,0.0
2023-11-27 19:55:00+00:00,0.0,20.0,495.0,21.4,0.0,0.0,33.0,59.0,0.0
2023-11-27 20:00:00+00:00,0.0,20.0,484.0,21.4,0.0,0.0,34.0,59.0,0.0
2023-11-27 20:05:00+00:00,0.0,20.0,499.0,21.4,0.0,0.0,33.0,59.0,0.0
2023-11-27 20:10:00+00:00,0.0,20.0,504.0,21.4,0.0,0.0,32.0,59.0,0.0
2023-11-27 20:15:00+00:00,0.0,20.0,504.0,21.4,0.0,0.0,33.0,59.0,0.0
2023-11-27 20:20:00+00:00,0.0,20.0,501.0,21.4,0.0,0.0,33.0,59.0,0.0
2023-11-27 20:25:00+00:00,0.0,20.0,483.0,21.4,0.0,0.0,33.0,59.0,0.0
2023-11-27 20:30:00+00:00,0.0,20.0,496.0,21.4,0.0,0.0,33.0,59.0,0.0
2023-11-27 20:35:00+00:00,0.0,20.0,501.0,21.3,0.0,0.0,33.0,59.0,0.0
2023-11-27 20:40:00+00:00,0.0,20.0,496.0,21.3,0.0,0.0,33.0,59.0,0.0
2023-11-27 20:45:00+00:00,0.0,20.0,502.0,21.3,0.0,0.0,33.0,59.0,0.0
2023-11-27 20:50:00+00:00,0.0,20.0,485.0,21.3,0.0,0.0,33.0,59.0,0.0
2023-11-27 20:55:00+00:00,0.0,20.0,498.0,21.3,0.0,0.0,32.0,59.0,0.0
2023-11-27 21:00:00+00:00,0.0,20.0,506.0,21.3,0.0,0.0,32.0,59.0,0.0
2023-11-27 21:05:00+00:00,0.0,20.0,501.0,21.3,0.0,0.0,33.0,59.0,0.0
2023-11-27 21:10:00+00:00,0.0,20.0,491.0,21.3,0.0,0.0,32.0,59.0,0.0
2023-11-27 21:15:00+00:00,0.0,20.0,493.0,21.3,0.0,0.0,32.0,59.0,0.0
2023-11-27 21:20:00+00:00,0.0,20.0,503.0,21.3,0.0,0.0,32.0,59.0,0.0
2023-11-27 21:25:00+00:00,0.0,20.0,493.0,21.3,0.0,0.0,33.0,59.0,0.0
2023-11-27 21:30:00+00:00,0.0,20.0,509.0,21.3,0.0,0.0,33.0,59.0,0.0
2023-11-27 21:35:00+00:00,0.0,20.0,508.0,21.3,0.0,0.0,32.0,59.0,0.0
2023-11-27 21:40:00+00:00,0.0,20.0,486.0,21.3,0.0,0.0,32.0,59.0,0.0
2023-11-27 21:45:00+00:00,0.0,20.0,483.0,21.3,0.0,0.0,32.0,59.0,0.0
2023-11-27 21:50:00+00:00,0.0,20.0,495.0,21.2,0.0,0.0,32.0,59.0,0.0
2023-11-27 21:55:00+00:00,0.0,20.0,502.0,21.3,0.0,0.0,33.0,59.0,0.0
2023-11-27 22:00:00+00:00,0.0,20.0,503.0,21.2,0.0,1.0,33.0,59.0,0.0
2023-11-27 22:05:00+00:00,0.0,20.0,495.0,21.2,0.0,1.0,32.0,59.0,0.0
2023-11-27 22:10:00+00:00,0.0,20.0,490.0,21.2,0.0,1.0,33.0,59.0,0.0
2023-11-27 22:15:00+00:00,0.0,20.0,484.0,21.2,0.0,1.0,32.0,59.0,0.0
2023-11-27 22:20:00+00:00,0.0,20.0,485.0,21.2,0.0,1.0,32.0,59.0,0.0
2023-11-27 22:25:00+00:00,0.0,20.0,496.0,21.2,0.0,0.0,32.0,59.0,0.0
2023-11-27 22:30:00+00:00,0.0,20.0,492.0,21.2,0.0,0.0,33.0,59.0,0.0
2023-11-27 22:35:00+00:00,0.0,20.0,487.0,21.2,0.0,0.0,33.0,59.0,0.0
2023-11-27 22:40:00+00:00,0.0,20.0,492.0,21.2,0.0,0.0,32.0,59.0,0.0
2023-11-27 22:45:00+00:00,0.0,20.0,497.0,21.2,0.0,0.0,32.0,59.0,0.0
2023-11-27 22:50:00+00:00,0.0,20.0,477.0,21.2,0.0,0.0,32.0,59.0,0.0
2023-11-27 22:55:00+00:00,0.0,20.0,493.0,21.2,0.0,0.0,33.0,59.0,0.0
2023-11-27 23:00:00+00:00,0.0,20.0,467.0,21.2,0.0,0.0,32.0,59.0,0.0
2023-11-27 23:05:00+00:00,0.0,20.0,480.0,21.2,0.0,0.0,32.0,59.0,0.0
2023-11-27 23:10:00+00:00,0.0,20.0,479.0,21.2,0.0,0.0,32.0,59.0,0.0
2023-11-27 23:15:00+00:00,0.0,20.0,479.0,21.1,0.0,0.0,32.0,59.0,0.0
2023-11-27 23:20:00+00:00,0.0,20.0,481.0,21.1,0.0,0.0,33.0,59.0,0.0
2023-11-27 23:25:00+00:00,0.0,20.0,492.0,21.2,0.0,0.0,32.0,59.0,0.0
2023-11-27 23:30:00+00:00,0.0,20.0,502.0,21.1,0.0,0.0,33.0,59.0,0.0
2023-11-27 23:35:00+00:00,0.0,20.0,494.0,21.1,0.0,0.0,33.0,59.0,0.0
2023-11-27 23:40:00+00:00,0.0,20.0,486.0,21.1,0.0,0.0,33.0,59.0,0.0
2023-11-27 23:45:00+00:00,0.0,20.0,483.0,21.1,0.0,0.0,32.0,59.0,0.0
2023-11-27 23:50:00+00:00,0.0,20.0,493.0,21.1,0.0,0.0,33.0,59.0,0.0
2023-11-27 23:55:00+00:00,0.0,20.0,477.0,21.1,0.0,0.0,33.0,59.0,0.0
2023-11-28 00:00:00+00:00,0.0,20.0,492.0,21.1,0.0,0.0,33.0,59.0,0.0
2023-11-28 00:05:00+00:00,0.0,20.0,491.0,21.1,0.0,0.0,33.0,59.0,0.0
2023-11-28 00:10:00+00:00,0.0,20.0,494.0,21.1,0.0,0.0,33.0,59.0,0.0
2023-11-28 00:15:00+00:00,0.0,20.0,476.0,21.1,0.0,0.0,32.0,59.0,0.0
2023-11-28 00:20:00+00:00,0.0,20.0,506.0,21.1,0.0,0.0,32.0,59.0,0.0
2023-11-28 00:25:00+00:00,0.0,20.0,477.0,21.1,0.0,0.0,33.0,59.0,0.0
2023-11-28 00:30:00+00:00,0.0,20.0,476.0,21.1,0.0,0.0,32.0,59.0,0.0
2023-11-28 00:35:00+00:00,0.0,20.0,490.0,21.1,0.0,0.0,32.0,59.0,0.0
2023-11-28 00:40:00+00:00,0.0,20.0,481.0,21.1,0.0,0.0,32.0,59.0,0.0
2023-11-28 00:45:00+00:00,0.0,20.0,488.0,21.1,0.0,0.0,32.0,59.0,0.0
2023-11-28 00:50:00+00:00,0.0,20.0,469.0,21.0,0.0,0.0,33.0,59.0,0.0
2023-11-28 00:55:00+00:00,0.0,20.0,496.0,21.1,0.0,0.0,33.0,59.0,0.0
2023-11-28 01:00:00+00:00,0.0,20.0,470.0,21.0,0.0,0.0,32.0,59.0,0.0
2023-11-28 01:05:00+00:00,0.0,20.0,491.0,21.0,0.0,0.0,33.0,59.0,0.0
2023-11-28 01:10:00+00:00,0.0,20.0,475.0,21.0,0.0,0.0,33.0,59.0,0.0
2023-11-28 01:15:00+00:00,0.0,20.0,470.0,21.0,0.0,0.0,33.0,59.0,0.0
2023-11-28 01:20:00+00:00,0.0,20.0,463.0,21.0,0.0,0.0,32.0,59.0,0.0
2023-11-28 01:25:00+00:00,0.0,20.0,484.0,21.0,0.0,0.0,33.0,59.0,0.0
2023-11-28 01:30:00+00:00,0.0,20.0,461.0,21.0,0.0,0.0,32.0,59.0,0.0
2023-11-28 01:35:00+00:00,0.0,20.0,482.0,21.0,0.0,0.0,33.0,59.0,0.0
2023-11-28 01:40:00+00:00,0.0,20.0,481.0,21.0,0.0,0.0,32.0,59.0,0.0
2023-11-28 01:45:00+00:00,0.0,20.0,471.0,21.0,0.0,0.0,32.0,59.0,0.0
2023-11-28 01:50:00+00:00,0.0,20.0,467.0,21.0,0.0,0.0,32.0,59.0,0.0
2023-11-28 01:55:00+00:00,0.0,20.0,467.0,21.0,0.0,0.0,32.0,59.0,0.0
2023-11-28 02:00:00+00:00,0.0,20.0,466.0,21.0,0.0,0.0,32.0,59.0,0.0
2023-11-28 02:05:00+00:00,0.0,20.0,479.0,21.0,0.0,0.0,32.0,59.0,0.0
2023-11-28 02:10:00+00:00,0.0,20.0,469.0,21.0,0.0,0.0,32.0,59.0,0.0
2023-11-28 02:15:00+00:00,0.0,20.0,467.0,21.0,0.0,0.0,32.0,59.0,0.0
2023-11-28 02:20:00+00:00,0.0,20.0,456.0,21.0,0.0,0.0,32.0,59.0,0.0
2023-11-28 02:25:00+00:00,0.0,20.0,459.0,21.0,0.0,0.0,32.0,59.0,0.0
2023-11-28 02:30:00+00:00,0.0,20.0,468.0,21.0,0.0,0.0,32.0,59.0,0.0
2023-11-28 02:35:00+00:00,0.0,20.0,467.0,21.0,0.0,0.0,32.0,59.0,0.0
2023-11-28 02:40:00+00:00,0.0,20.0,470.0,21.0,0.0,0.0,32.0,59.0,0.0
2023-11-28 02:45:00+00:00,0.0,20.0,464.0,21.0,0.0,0.0,32.0,59.0,0.0
2023-11-28 02:50:00+00:00,0.0,20.0,464.0,21.0,0.0,0.0,32.0,59.0,0.0
2023-11-28 02:55:00+00:00,0.0,20.0,470.0,21.0,0.0,0.0,32.0,59.0,0.0
2023-11-28 03:00:00+00:00,0.0,20.0,468.0,20.9,0.0,0.0,32.0,59.0,0.0
2023-11-28 03:05:00+00:00,0.0,20.0,474.0,21.0,0.0,0.0,32.0,59.0,0.0
2023-11-28 03:10:00+00:00,0.0,20.0,461.0,20.9,0.0,0.0,32.0,59.0,0.0
2023-11-28 03:15:00+00:00,0.0,20.0,472.0,21.0,0.0,0.0,32.0,59.0,0.0
2023-11-28 03:20:00+00:00,0.0,20.0,467.0,20.9,0.0,0.0,32.0,59.0,0.0
2023-11-28 03:25:00+00:00,0.0,21.0,470.0,20.9,0.0,0.0,32.0,59.0,0.0
2023-11-28 03:30:00+00:00,0.0,21.0,475.0,20.9,0.0,0.0,32.0,59.0,0.0
2023-11-28 03:35:00+00:00,0.0,21.0,467.0,20.9,0.0,0.0,32.0,59.0,0.0
2023-11-28 03:40:00+00:00,0.0,21.0,458.0,20.9,0.0,0.0,32.0,59.0,0.0
2023-11-28 03:45:00+00:00,0.0,21.0,465.0,20.9,0.0,0.0,32.0,59.0,0.0
2023-11-28 03:50:00+00:00,0.0,21.0,471.0,20.9,0.0,0.0,32.0,59.0,0.0
2023-11-28 03:55:00+00:00,0.0,21.0,462.0,20.9,0.0,0.0,32.0,59.0,0.0
2023-11-28 04:00:00+00:00,0.0,21.0,465.0,20.9,0.0,0.0,33.0,59.0,0.0
2023-11-28 04:05:00+00:00,0.0,21.0,467.0,20.9,0.0,0.0,32.0,59.0,0.0
2023-11-28 04:10:00+00:00,0.0,21.0,459.0,20.9,0.0,0.0,33.0,59.0,0.0
2023-11-28 04:15:00+00:00,0.0,21.0,454.0,20.9,0.0,0.0,32.0,59.0,0.0
2023-11-28 04:20:00+00:00,0.0,21.0,467.0,20.9,0.0,0.0,33.0,59.0,0.0
2023-11-28 04:25:00+00:00,0.0,21.0,461.0,20.9,0.0,0.0,33.0,59.0,0.0
2023-11-28 04:30:00+00:00,0.0,21.0,465.0,20.9,0.0,0.0,33.0,59.0,0.0
2023-11-28 04:35:00+00:00,0.0,21.0,476.0,20.9,0.0,0.0,33.0,59.0,0.0
2023-11-28 04:40:00+00:00,0.0,21.0,475.0,20.9,0.0,0.0,33.0,59.0,0.0
2023-11-28 04:45:00+00:00,0.0,21.0,479.0,20.9,0.0,0.0,33.0,59.0,0.0
2023-11-28 04:50:00+00:00,0.0,22.0,461.0,20.9,0.0,0.0,34.0,59.0,0.0
2023-11-28 04:55:00+00:00,0.0,22.0,470.0,20.9,0.0,0.0,32.0,59.0,0.0
2023-11-28 05:00:00+00:00,1.0,22.0,481.0,20.9,0.0,0.0,33.0,59.0,0.0
2023-11-28 05:05:00+00:00,1.0,22.0,467.0,20.9,0.0,0.0,36.0,68.0,0.0
2023-11-28 05:10:00+00:00,1.0,22.0,475.0,20.9,2.0,1.0,34.0,59.0,0.0
2023-11-28 05:15:00+00:00,1.0,22.0,483.0,20.9,0.0,1.0,33.0,59.0,0.0
2023-11-28 05:20:00+00:00,1.0,22.0,470.0,20.9,0.0,0.0,34.0,59.0,0.0
2023-11-28 05:25:00+00:00,1.0,22.0,475.0,20.9,0.0,0.0,34.0,59.0,0.0
2023-11-28 05:30:00+00:00,1.0,22.0,465.0,20.9,0.0,0.0,34.0,59.0,0.0
2023-11-28 05:35:00+00:00,1.0,22.0,469.0,20.9,0.0,0.0,35.0,59.0,0.0
2023-11-28 05:40:00+00:00,1.0,22.0,469.0,20.9,0.0,0.0,35.0,59.0,0.0
2023-11-28 05:45:00+00:00,1.0,22.0,476.0,20.9,0.0,0.0,34.0,59.0,0.0
2023-11-28 05:50:00+00:00,1.0,22.0,463.0,20.9,0.0,0.0,35.0,59.0,0.0
2023-11-28 05:55:00+00:00,1.0,22.0,463.0,20.9,0.0,0.0,36.0,59.0,0.0
2023-11-28 06:00:00+00:00,1.0,22.0,470.0,20.9,0.0,1.0,37.0,59.0,0.0
2023-11-28 06:05:00+00:00,1.0,22.0,466.0,20.9,0.0,1.0,35.0,59.0,0.0
2023-11-28 06:10:00+00:00,1.0,22.0,466.0,20.9,0.0,1.0,35.0,59.0,0.0
2023-11-28 06:15:00+00:00,1.0,22.0,467.0,20.9,0.0,1.0,36.0,59.0,0.0
2023-11-28 06:20:00+00:00,1.0,22.0,486.0,20.9,0.0,1.0,35.0,59.0,0.0
2023-11-28 06:25:00+00:00,1.0,23.0,462.0,20.9,0.0,1.0,35.0,59.0,0.0
2023-11-28 06:30:00+00:00,0.0,23.0,476.0,20.9,7.0,207.0,38.0,66.0,0.0
2023-11-28 06:35:00+00:00,1.0,23.0,479.0,20.9,1.0,207.0,36.0,71.0,0.0
2023-11-28 06:40:00+00:00,0.0,23.0,497.0,20.9,2.0,206.0,40.0,69.0,0.0
2023-11-28 06:45:00+00:00,0.0,23.0,505.0,20.9,3.0,207.0,39.0,66.0,0.0
2023-11-28 06:50:00+00:00,0.0,23.0,523.0,21.0,0.0,208.0,38.0,64.0,0.0
2023-11-28 06:55:00+00:00,0.0,23.0,550.0,21.0,0.0,208.0,36.0,59.0,0.0
2023-11-28 07:00:00+00:00,0.0,23.0,537.0,21.0,2.0,209.0,37.0,59.0,0.0
2023-11-28 07:05:00+00:00,0.0,23.0,548.0,21.1,2.0,210.0,38.0,61.0,0.0
2023-11-28 07:10:00+00:00,0.0,23.0,548.0,21.1,2.0,210.0,38.0,80.0,0.0
2023-11-28 07:15:00+00:00,0.0,23.0,564.0,21.1,1.0,211.0,35.0,59.0,0.0
2023-11-28 07:20:00+00:00,0.0,23.0,592.0,21.1,0.0,212.0,36.0,59.0,0.0
2023-11-28 07:25:00+00:00,0.0,23.0,588.0,21.1,0.0,214.0,36.0,59.0,0.0
2023-11-28 07:30:00+00:00,0.0,23.0,582.0,21.2,0.0,215.0,36.0,59.0,0.0
2023-11-28 07:35:00+00:00,0.0,23.0,592.0,21.2,1.0,216.0,37.0,59.0,0.0
2023-11-28 07:40:00+00:00,0.0,23.0,588.0,21.2,1.0,217.0,36.0,59.0,0.0
2023-11-28 07:45:00+00:00,0.0,23.0,600.0,21.2,0.0,218.0,37.0,59.0,0.0
2023-11-28 07:50:00+00:00,1.0,23.0,586.0,21.2,0.0,219.0,37.0,59.0,0.0
2023-11-28 07:55:00+00:00,1.0,23.0,604.0,21.2,0.0,222.0,38.0,62.0,0.0
2023-11-28 08:00:00+00:00,0.0,24.0,632.0,21.2,6.0,225.0,39.0,66.0,0.0
2023-11-28 08:05:00+00:00,0.0,24.0,589.0,21.3,1.0,227.0,37.0,59.0,0.0
2023-11-28 08:10:00+00:00,0.0,24.0,578.0,21.3,0.0,228.0,37.0,59.0,0.0
2023-11-28 08:15:00+00:00,0.0,24.0,588.0,21.3,0.0,231.0,37.0,59.0,0.0
2023-11-28 08:20:00+00:00,0.0,24.0,587.0,21.3,2.0,234.0,36.0,59.0,0.0
2023-11-28 08:25:00+00:00,0.0,24.0,605.0,21.3,0.0,241.0,36.0,65.0,0.0
2023-11-28 08:30:00+00:00,0.0,24.0,608.0,21.3,0.0,245.0,35.0,60.0,0.0
2023-11-28 08:35:00+00:00,0.0,24.0,614.0,21.3,1.0,251.0,37.0,64.0,0.0
2023-11-28 08:40:00+00:00,0.0,24.0,620.0,21.4,1.0,252.0,37.0,59.0,0.0
2023-11-28 08:45:00+00:00,0.0,24.0,619.0,21.3,0.0,252.0,37.0,59.0,0.0
2023-11-28 08:50:00+00:00,0.0,24.0,607.0,21.4,0.0,253.0,37.0,59.0,0.0
2023-11-28 08:55:00+00:00,0.0,24.0,605.0,21.4,3.0,253.0,37.0,59.0,0.0
2023-11-28 09:00:00+00:00,0.0,24.0,627.0,21.4,3.0,255.0,49.0,69.0,0.0
2023-11-28 09:05:00+00:00,0.0,24.0,633.0,21.4,13.0,254.0,54.0,68.0,0.0
2023-11-28 09:10:00+00:00,0.0,24.0,633.0,21.4,8.0,257.0,49.0,70.0,0.0
2023-11-28 09:15:00+00:00,0.0,24.0,637.0,21.4,3.0,260.0,38.0,59.0,0.0
2023-11-28 09:20:00+00:00,0.0,24.0,635.0,21.4,0.0,261.0,37.0,59.0,0.0
2023-11-28 09:25:00+00:00,1.0,24.0,631.0,21.5,0.0,267.0,36.0,59.0,0.0
2023-11-28 09:30:00+00:00,1.0,24.0,631.0,21.5,0.0,267.0,36.0,59.0,0.0
2023-11-28 09:35:00+00:00,1.0,24.0,649.0,21.4,1.0,269.0,39.0,72.0,0.0
2023-11-28 09:40:00+00:00,1.0,24.0,633.0,21.4,7.0,267.0,37.0,66.0,0.0
2023-11-28 09:45:00+00:00,1.0,24.0,625.0,21.5,0.0,270.0,37.0,59.0,0.0
2023-11-28 09:50:00+00:00,1.0,24.0,627.0,21.5,0.0,271.0,37.0,59.0,0.0
2023-11-28 09:55:00+00:00,1.0,24.0,640.0,21.5,0.0,277.0,36.0,59.0,0.0
2023-11-28 10:00:00+00:00,1.0,24.0,634.0,21.5,0.0,277.0,36.0,59.0,0.0
2023-11-28 10:05:00+00:00,1.0,24.0,639.0,21.5,1.0,279.0,35.0,61.0,0.0
2023-11-28 10:10:00+00:00,1.0,24.0,642.0,21.5,0.0,277.0,35.0,59.0,0.0
2023-11-28 10:15:00+00:00,1.0,24.0,624.0,21.5,0.0,275.0,37.0,59.0,0.0
2023-11-28 10:20:00+00:00,1.0,24.0,650.0,21.5,0.0,270.0,37.0,59.0,0.0
2023-11-28 10:25:00+00:00,1.0,24.0,636.0,21.5,1.0,270.0,37.0,59.0,0.0
2023-11-28 10:30:00+00:00,1.0,24.0,636.0,21.5,0.0,271.0,37.0,59.0,0.0
2023-11-28 10:35:00+00:00,1.0,24.0,654.0,21.5,0.0,271.0,35.0,59.0,0.0
2023-11-28 10:40:00+00:00,1.0,24.0,654.0,21.5,0.0,271.0,35.0,59.0,0.0
2023-11-28 10:45:00+00:00,1.0,24.0,668.0,21.5,0.0,271.0,36.0,59.0,0.0
2023-11-28 10:50:00+00:00,1.0,24.0,648.0,21.5,0.0,269.0,37.0,60.0,0.0
2023-11-28 10:55:00+00:00,1.0,25.0,669.0,21.6,4.0,261.0,42.0,71.0,0.0
2023-11-28 11:00:00+00:00,1.0,25.0,644.0,21.6,4.0,261.0,40.0,66.0,0.0
2023-11-28 11:05:00+00:00,1.0,25.0,637.0,21.6,0.0,269.0,35.0,59.0,0.0
2023-11-28 11:10:00+00:00,1.0,25.0,619.0,21.6,0.0,273.0,35.0,59.0,0.0
2023-11-28 11:15:00+00:00,1.0,25.0,611.0,21.6,0.0,279.0,36.0,59.0,0.0
2023-11-28 11:20:00+00:00,1.0,25.0,595.0,21.6,0.0,281.0,35.0,59.0,0.0
2023-11-28 11:25:00+00:00,1.0,25.0,595.0,21.6,0.0,283.0,35.0,59.0,0.0
2023-11-28 11:30:00+00:00,1.0,25.0,577.0,21.5,0.0,277.0,35.0,59.0,0.0
2023-11-28 11:35:00+00:00,1.0,25.0,570.0,21.6,0.0,276.0,35.0,59.0,0.0
2023-11-28 11:40:00+00:00,1.0,25.0,568.0,21.6,0.0,279.0,35.0,59.0,0.0
2023-11-28 11:45:00+00:00,1.0,25.0,559.0,21.5,0.0,281.0,36.0,59.0,0.0
2023-11-28 11:50:00+00:00,1.0,25.0,549.0,21.6,0.0,276.0,35.0,59.0,0.0
2023-11-28 11:55:00+00:00,1.0,25.0,555.0,21.6,0.0,284.0,35.0,59.0,0.0
2023-11-28 12:00:00+00:00,1.0,25.0,554.0,21.5,0.0,290.0,35.0,59.0,0.0
2023-11-28 12:05:00+00:00,1.0,25.0,539.0,21.6,0.0,277.0,34.0,59.0,0.0
2023-11-28 12:10:00+00:00,1.0,25.0,551.0,21.6,0.0,270.0,37.0,68.0,0.0
2023-11-28 12:15:00+00:00,1.0,25.0,550.0,21.6,5.0,270.0,35.0,59.0,0.0
2023-11-28 12:20:00+00:00,1.0,25.0,551.0,21.6,2.0,266.0,44.0,61.0,0.0
2023-11-28 12:25:00+00:00,1.0,25.0,543.0,21.6,0.0,269.0,49.0,62.0,0.0
2023-11-28 12:30:00+00:00,1.0,25.0,581.0,21.6,3.0,267.0,48.0,62.0,0.0
2023-11-28 12:35:00+00:00,1.0,25.0,566.0,21.6,1.0,263.0,49.0,63.0,0.0
2023-11-28 12:40:00+00:00,1.0,25.0,607.0,21.6,3.0,268.0,41.0,67.0,0.0
2023-11-28 12:45:00+00:00,1.0,25.0,626.0,21.6,0.0,267.0,37.0,61.0,0.0
2023-11-28 12:50:00+00:00,1.0,25.0,600.0,21.6,1.0,271.0,38.0,59.0,0.0
2023-11-28 12:55:00+00:00,1.0,25.0,604.0,21.7,1.0,258.0,37.0,69.0,0.0
2023-11-28 13:00:00+00:00,1.0,25.0,616.0,21.7,1.0,261.0,37.0,59.0,0.0
2023-11-28 13:05:00+00:00,1.0,25.0,623.0,21.7,2.0,269.0,37.0,59.0,0.0
2023-11-28 13:10:00+00:00,1.0,25.0,623.0,21.7,2.0,269.0,36.0,59.0,0.0
2023-11-28 13:15:00+00:00,1.0,25.0,633.0,21.7,2.0,272.0,38.0,59.0,0.0
2023-11-28 13:20:00+00:00,1.0,25.0,622.0,21.7,0.0,270.0,38.0,59.0,0.0
2023-11-28 13:25:00+00:00,1.0,25.0,630.0,21.7,2.0,274.0,37.0,59.0,0.0
2023-11-28 13:30:00+00:00,1.0,25.0,650.0,21.7,1.0,263.0,37.0,59.0,0.0
2023-11-28 13:35:00+00:00,1.0,25.0,656.0,21.7,0.0,257.0,36.0,60.0,0.0
2023-11-28 13:40:00+00:00,1.0,25.0,636.0,21.7,0.0,253.0,37.0,59.0,0.0
2023-11-28 13:45:00+00:00,1.0,26.0,631.0,21.7,1.0,253.0,35.0,59.0,0.0
2023-11-28 13:50:00+00:00,1.0,26.0,664.0,21.8,1.0,247.0,36.0,59.0,0.0
2023-11-28 13:55:00+00:00,1.0,26.0,648.0,21.8,0.0,250.0,35.0,59.0,0.0
2023-11-28 14:00:00+00:00,1.0,26.0,638.0,21.8,4.0,243.0,37.0,61.0,0.0
2023-11-28 14:05:00+00:00,1.0,26.0,658.0,21.8,1.0,237.0,34.0,59.0,0.0
2023-11-28 14:10:00+00:00,1.0,26.0,655.0,21.8,0.0,235.0,34.0,59.0,0.0
2023-11-28 14:15:00+00:00,1.0,26.0,651.0,21.8,1.0,232.0,35.0,59.0,0.0
2023-11-28 14:20:00+00:00,1.0,26.0,643.0,21.8,1.0,231.0,45.0,66.0,0.0
2023-11-28 14:25:00+00:00,1.0,26.0,662.0,21.8,6.0,224.0,40.0,65.0,0.0
2023-11-28 14:30:00+00:00,1.0,26.0,649.0,21.8,0.0,219.0,38.0,59.0,0.0
2023-11-28 14:35:00+00:00,1.0,26.0,624.0,21.8,0.0,222.0,38.0,59.0,0.0
2023-11-28 14:40:00+00:00,1.0,26.0,609.0,21.8,0.0,219.0,39.0,59.0,0.0
2023-11-28 14:45:00+00:00,1.0,26.0,612.0,21.8,2.0,216.0,37.0,59.0,0.0
2023-11-28 14:50:00+00:00,1.0,26.0,614.0,21.8,8.0,11.0,38.0,68.0,0.0
2023-11-28 14:55:00+00:00,1.0,26.0,616.0,21.8,0.0,9.0,34.0,59.0,0.0
2023-11-28 15:00:00+00:00,1.0,26.0,594.0,21.8,0.0,7.0,34.0,59.0,0.0
2023-11-28 15:05:00+00:00,1.0,26.0,588.0,21.8,0.0,6.0,34.0,59.0,0.0
2023-11-28 15:10:00+00:00,1.0,26.0,588.0,21.7,0.0,5.0,34.0,59.0,0.0
2023-11-28 15:15:00+00:00,1.0,26.0,561.0,21.7,0.0,3.0,34.0,59.0,0.0
2023-11-28 15:20:00+00:00,1.0,26.0,569.0,21.7,0.0,2.0,34.0,59.0,0.0
2023-11-28 15:25:00+00:00,1.0,26.0,576.0,21.7,0.0,2.0,34.0,59.0,0.0
2023-11-28 15:30:00+00:00,1.0,26.0,547.0,21.7,0.0,2.0,35.0,59.0,0.0
2023-11-28 15:35:00+00:00,1.0,26.0,553.0,21.6,0.0,2.0,34.0,59.0,0.0
2023-11-28 15:40:00+00:00,1.0,26.0,554.0,21.6,0.0,1.0,34.0,59.0,0.0
2023-11-28 15:45:00+00:00,1.0,26.0,538.0,21.6,0.0,1.0,34.0,59.0,0.0
2023-11-28 15:50:00+00:00,1.0,26.0,530.0,21.6,0.0,1.0,34.0,59.0,0.0
2023-11-28 15:55:00+00:00,1.0,27.0,548.0,21.6,0.0,1.0,34.0,59.0,0.0
2023-11-28 16:00:00+00:00,1.0,26.0,536.0,21.6,0.0,1.0,34.0,59.0,0.0
2023-11-28 16:05:00+00:00,1.0,27.0,526.0,21.6,0.0,1.0,34.0,59.0,0.0
2023-11-28 16:10:00+00:00,1.0,27.0,546.0,21.6,0.0,1.0,34.0,59.0,0.0
2023-11-28 16:15:00+00:00,1.0,27.0,524.0,21.5,0.0,1.0,34.0,59.0,0.0
2023-11-28 16:20:00+00:00,1.0,27.0,519.0,21.5,0.0,1.0,34.0,59.0,0.0
2023-11-28 16:25:00+00:00,1.0,27.0,539.0,21.5,0.0,1.0,34.0,59.0,0.0
2023-11-28 16:30:00+00:00,1.0,27.0,531.0,21.5,0.0,1.0,34.0,59.0,0.0
2023-11-28 16:35:00+00:00,1.0,27.0,544.0,21.5,0.0,1.0,34.0,59.0,0.0
2023-11-28 16:40:00+00:00,1.0,27.0,518.0,21.5,0.0,1.0,34.0,59.0,0.0
2023-11-28 16:45:00+00:00,1.0,27.0,532.0,21.5,0.0,1.0,34.0,59.0,0.0
2023-11-28 16:50:00+00:00,1.0,27.0,529.0,21.5,0.0,1.0,35.0,59.0,0.0
2023-11-28 16:55:00+00:00,1.0,27.0,538.0,21.4,0.0,1.0,34.0,59.0,0.0
2023-11-28 17:00:00+00:00,1.0,27.0,529.0,21.4,0.0,1.0,34.0,59.0,0.0
2023-11-28 17:05:00+00:00,1.0,27.0,526.0,21.5,0.0,1.0,35.0,59.0,0.0
2023-11-28 17:10:00+00:00,1.0,27.0,510.0,21.5,0.0,1.0,34.0,59.0,0.0
2023-11-28 17:15:00+00:00,1.0,27.0,529.0,21.5,0.0,1.0,35.0,59.0,0.0
2023-11-28 17:20:00+00:00,1.0,27.0,533.0,21.4,0.0,1.0,35.0,59.0,0.0
2023-11-28 17:25:00+00:00,1.0,27.0,529.0,21.4,0.0,1.0,34.0,59.0,0.0
2023-11-28 17:30:00+00:00,1.0,27.0,511.0,21.4,0.0,0.0,34.0,59.0,0.0
2023-11-28 17:35:00+00:00,1.0,27.0,515.0,21.4,0.0,0.0,34.0,59.0,0.0
2023-11-28 17:40:00+00:00,1.0,27.0,520.0,21.4,0.0,0.0,34.0,59.0,0.0
2023-11-28 17:45:00+00:00,1.0,27.0,528.0,21.4,0.0,0.0,34.0,59.0,0.0
2023-11-28 17:50:00+00:00,1.0,27.0,522.0,21.4,0.0,1.0,34.0,59.0,0.0
2023-11-28 17:55:00+00:00,1.0,27.0,523.0,21.4,0.0,1.0,34.0,59.0,0.0
2023-11-28 18:00:00+00:00,1.0,27.0,512.0,21.4,0.0,1.0,35.0,59.0,0.0
2023-11-28 18:05:00+00:00,1.0,27.0,522.0,21.4,0.0,1.0,34.0,59.0,0.0
2023-11-28 18:10:00+00:00,1.0,27.0,519.0,21.4,0.0,1.0,33.0,59.0,0.0
2023-11-28 18:15:00+00:00,1.0,27.0,528.0,21.4,0.0,1.0,33.0,59.0,0.0
2023-11-28 18:20:00+00:00,1.0,27.0,536.0,21.4,0.0,0.0,34.0,59.0,0.0
2023-11-28 18:25:00+00:00,1.0,27.0,527.0,21.3,0.0,0.0,33.0,59.0,0.0
2023-11-28 18:30:00+00:00,1.0,27.0,502.0,21.4,0.0,0.0,35.0,59.0,0.0
2023-11-28 18:35:00+00:00,1.0,26.0,521.0,21.3,0.0,0.0,33.0,59.0,0.0
2023-11-28 18:40:00+00:00,1.0,26.0,503.0,21.3,0.0,1.0,33.0,59.0,0.0
2023-11-28 18:45:00+00:00,1.0,26.0,512.0,21.3,0.0,1.0,34.0,59.0,0.0
2023-11-28 18:50:00+00:00,1.0,26.0,497.0,21.3,0.0,1.0,33.0,59.0,0.0
2023-11-28 18:55:00+00:00,1.0,26.0,492.0,21.3,0.0,1.0,34.0,59.0,0.0
2023-11-28 19:00:00+00:00,1.0,26.0,499.0,21.3,0.0,1.0,34.0,59.0,0.0
2023-11-28 19:05:00+00:00,1.0,26.0,502.0,21.3,0.0,1.0,34.0,59.0,0.0
2023-11-28 19:10:00+00:00,1.0,26.0,493.0,21.3,0.0,1.0,34.0,59.0,0.0
2023-11-28 19:15:00+00:00,1.0,26.0,491.0,21.3,0.0,1.0,33.0,59.0,0.0
2023-11-28 19:20:00+00:00,1.0,25.0,479.0,21.3,0.0,1.0,34.0,59.0,0.0
2023-11-28 19:25:00+00:00,1.0,25.0,471.0,21.3,0.0,0.0,33.0,59.0,0.0
2023-11-28 19:30:00+00:00,1.0,25.0,477.0,21.3,0.0,0.0,33.0,59.0,0.0
2023-11-28 19:35:00+00:00,1.0,25.0,483.0,21.2,0.0,0.0,32.0,59.0,0.0
2023-11-28 19:40:00+00:00,1.0,25.0,471.0,21.3,0.0,0.0,34.0,59.0,0.0
2023-11-28 19:45:00+00:00,1.0,25.0,493.0,21.2,0.0,0.0,33.0,59.0,0.0
2023-11-28 19:50:00+00:00,1.0,25.0,472.0,21.2,0.0,0.0,34.0,59.0,0.0
2023-11-28 19:55:00+00:00,1.0,25.0,467.0,21.2,0.0,0.0,33.0,59.0,0.0
2023-11-28 20:00:00+00:00,1.0,25.0,481.0,21.2,0.0,0.0,33.0,59.0,0.0
2023-11-28 20:05:00+00:00,1.0,25.0,463.0,21.2,0.0,0.0,33.0,59.0,0.0
2023-11-28 20:10:00+00:00,1.0,25.0,477.0,21.2,0.0,0.0,34.0,59.0,0.0
2023-11-28 20:15:00+00:00,1.0,25.0,485.0,21.2,0.0,0.0,33.0,59.0,0.0
2023-11-28 20:20:00+00:00,1.0,25.0,477.0,21.2,0.0,0.0,33.0,59.0,0.0
2023-11-28 20:25:00+00:00,1.0,25.0,470.0,21.2,0.0,0.0,33.0,59.0,0.0
2023-11-28 20:30:00+00:00,1.0,24.0,482.0,21.2,0.0,0.0,34.0,59.0,0.0
2023-11-28 20:35:00+00:00,1.0,24.0,475.0,21.2,0.0,0.0,33.0,59.0,0.0
2023-11-28 20:40:00+00:00,1.0,24.0,475.0,21.2,0.0,0.0,33.0,59.0,0.0
2023-11-28 20:45:00+00:00,1.0,24.0,466.0,21.2,0.0,0.0,33.0,59.0,0.0
2023-11-28 20:50:00+00:00,1.0,24.0,469.0,21.2,0.0,0.0,33.0,59.0,0.0
2023-11-28 20:55:00+00:00,1.0,24.0,480.0,21.2,0.0,0.0,33.0,59.0,0.0
2023-11-28 21:00:00+00:00,1.0,24.0,477.0,21.2,0.0,0.0,33.0,59.0,0.0
2023-11-28 21:05:00+00:00,1.0,24.0,472.0,21.1,0.0,0.0,33.0,59.0,0.0
2023-11-28 21:10:00+00:00,1.0,24.0,472.0,21.1,0.0,0.0,33.0,59.0,0.0
2023-11-28 21:15:00+00:00,1.0,24.0,472.0,21.2,0.0,0.0,33.0,59.0,0.0
2023-11-28 21:20:00+00:00,1.0,24.0,480.0,21.2,0.0,0.0,33.0,59.0,0.0
2023-11-28 21:25:00+00:00,1.0,24.0,464.0,21.1,0.0,0.0,33.0,59.0,0.0
2023-11-28 21:30:00+00:00,1.0,24.0,474.0,21.1,0.0,0.0,33.0,59.0,0.0
2023-11-28 21:35:00+00:00,1.0,24.0,458.0,21.1,0.0,0.0,33.0,59.0,0.0
2023-11-28 21:40:00+00:00,1.0,24.0,484.0,21.1,0.0,0.0,33.0,59.0,0.0
2023-11-28 21:45:00+00:00,1.0,24.0,473.0,21.1,0.0,0.0,32.0,59.0,0.0
2023-11-28 21:50:00+00:00,1.0,24.0,471.0,21.1,0.0,0.0,32.0,59.0,0.0
2023-11-28 21:55:00+00:00,1.0,24.0,483.0,21.1,0.0,0.0,33.0,59.0,0.0
2023-11-28 22:00:00+00:00,1.0,24.0,473.0,21.1,0.0,0.0,33.0,59.0,0.0
2023-11-28 22:05:00+00:00,1.0,24.0,489.0,21.1,0.0,0.0,33.0,59.0,0.0
2023-11-28 22:10:00+00:00,1.0,24.0,455.0,21.1,0.0,1.0,33.0,59.0,0.0
2023-11-28 22:15:00+00:00,1.0,24.0,472.0,21.1,0.0,1.0,33.0,59.0,0.0
2023-11-28 22:20:00+00:00,1.0,24.0,470.0,21.1,0.0,1.0,33.0,59.0,0.0
2023-11-28 22:25:00+00:00,1.0,23.0,454.0,21.1,0.0,1.0,33.0,59.0,0.0
2023-11-28 22:30:00+00:00,1.0,23.0,472.0,21.1,0.0,1.0,33.0,59.0,0.0
2023-11-28 22:35:00+00:00,1.0,23.0,460.0,21.1,0.0,0.0,32.0,59.0,0.0
2023-11-28 22:40:00+00:00,1.0,23.0,467.0,21.1,0.0,0.0,33.0,59.0,0.0
2023-11-28 22:45:00+00:00,1.0,23.0,476.0,21.1,0.0,0.0,33.0,59.0,0.0
2023-11-28 22:50:00+00:00,1.0,23.0,455.0,21.1,0.0,0.0,32.0,59.0,0.0
2023-11-28 22:55:00+00:00,1.0,23.0,471.0,21.1,0.0,0.0,32.0,59.0,0.0
2023-11-28 23:00:00+00:00,1.0,23.0,477.0,21.1,0.0,0.0,33.0,59.0,0.0
2023-11-28 23:05:00+00:00,1.0,23.0,469.0,21.1,0.0,0.0,32.0,59.0,0.0
2023-11-28 23:10:00+00:00,1.0,23.0,451.0,21.1,0.0,0.0,32.0,59.0,0.0
2023-11-28 23:15:00+00:00,1.0,23.0,467.0,21.1,0.0,0.0,32.0,59.0,0.0
2023-11-28 23:20:00+00:00,1.0,23.0,473.0,21.1,0.0,0.0,33.0,59.0,0.0
2023-11-28 23:25:00+00:00,1.0,23.0,461.0,21.1,0.0,0.0,32.0,59.0,0.0
2023-11-28 23:30:00+00:00,1.0,23.0,470.0,21.0,0.0,0.0,33.0,59.0,0.0
2023-11-28 23:35:00+00:00,1.0,23.0,474.0,21.1,0.0,0.0,33.0,59.0,0.0
2023-11-28 23:40:00+00:00,1.0,23.0,458.0,21.1,0.0,0.0,32.0,59.0,0.0
2023-11-28 23:45:00+00:00,1.0,23.0,460.0,21.0,0.0,0.0,33.0,59.0,0.0
2023-11-28 23:50:00+00:00,1.0,23.0,461.0,21.1,0.0,0.0,32.0,59.0,0.0
2023-11-28 23:55:00+00:00,1.0,23.0,464.0,21.1,0.0,0.0,33.0,59.0,0.0
2023-11-29 00:00:00+00:00,1.0,23.0,458.0,21.0,0.0,0.0,33.0,59.0,0.0
2023-11-29 00:05:00+00:00,1.0,23.0,460.0,21.0,0.0,0.0,33.0,59.0,0.0
2023-11-29 00:10:00+00:00,1.0,23.0,456.0,21.0,0.0,0.0,33.0,59.0,0.0
2023-11-29 00:15:00+00:00,1.0,23.0,459.0,21.0,0.0,0.0,33.0,59.0,0.0
2023-11-29 00:20:00+00:00,1.0,23.0,454.0,21.0,0.0,0.0,33.0,59.0,0.0
2023-11-29 00:25:00+00:00,1.0,22.0,462.0,21.0,0.0,0.0,33.0,59.0,0.0
2023-11-29 00:30:00+00:00,1.0,22.0,467.0,21.0,0.0,0.0,32.0,59.0,0.0
2023-11-29 00:35:00+00:00,1.0,22.0,462.0,21.0,0.0,0.0,32.0,59.0,0.0
2023-11-29 00:40:00+00:00,1.0,22.0,445.0,21.0,0.0,0.0,33.0,59.0,0.0
2023-11-29 00:45:00+00:00,1.0,22.0,459.0,21.0,0.0,0.0,32.0,59.0,0.0
2023-11-29 00:50:00+00:00,1.0,22.0,468.0,21.0,0.0,0.0,32.0,59.0,0.0
2023-11-29 00:55:00+00:00,1.0,22.0,450.0,21.0,0.0,0.0,32.0,59.0,0.0
2023-11-29 01:00:00+00:00,1.0,22.0,458.0,21.0,0.0,0.0,32.0,59.0,0.0
2023-11-29 01:05:00+00:00,1.0,22.0,446.0,21.0,0.0,0.0,32.0,59.0,0.0
2023-11-29 01:10:00+00:00,1.0,22.0,465.0,21.0,0.0,0.0,32.0,59.0,0.0
2023-11-29 01:15:00+00:00,1.0,22.0,454.0,21.0,0.0,0.0,32.0,59.0,0.0
2023-11-29 01:20:00+00:00,1.0,22.0,463.0,21.0,0.0,0.0,32.0,59.0,0.0
2023-11-29 01:25:00+00:00,1.0,22.0,464.0,21.0,0.0,0.0,32.0,59.0,0.0
2023-11-29 01:30:00+00:00,1.0,22.0,454.0,21.0,0.0,0.0,32.0,59.0,0.0
2023-11-29 01:35:00+00:00,1.0,22.0,454.0,21.0,0.0,0.0,32.0,59.0,0.0
2023-11-29 01:40:00+00:00,1.0,22.0,468.0,21.0,0.0,0.0,32.0,59.0,0.0
2023-11-29 01:45:00+00:00,1.0,22.0,446.0,21.0,0.0,0.0,32.0,59.0,0.0
2023-11-29 01:50:00+00:00,1.0,22.0,473.0,21.0,0.0,0.0,32.0,59.0,0.0
2023-11-29 01:55:00+00:00,1.0,22.0,449.0,21.0,0.0,0.0,32.0,59.0,0.0
2023-11-29 02:00:00+00:00,1.0,22.0,462.0,21.0,0.0,0.0,32.0,59.0,0.0
2023-11-29 02:05:00+00:00,1.0,22.0,454.0,21.0,0.0,0.0,32.0,59.0,0.0
2023-11-29 02:10:00+00:00,1.0,22.0,466.0,21.0,0.0,0.0,33.0,59.0,0.0
2023-11-29 02:15:00+00:00,1.0,22.0,470.0,21.0,0.0,0.0,32.0,59.0,0.0
2023-11-29 02:20:00+00:00,1.0,22.0,455.0,21.0,0.0,0.0,32.0,59.0,0.0
2023-11-29 02:25:00+00:00,1.0,21.0,459.0,21.0,0.0,0.0,32.0,59.0,0.0
2023-11-29 02:30:00+00:00,1.0,21.0,460.0,21.0,0.0,0.0,33.0,59.0,0.0
2023-11-29 02:35:00+00:00,1.0,21.0,456.0,21.0,0.0,0.0,33.0,59.0,0.0
2023-11-29 02:40:00+00:00,1.0,21.0,454.0,21.0,0.0,0.0,32.0,59.0,0.0
2023-11-29 02:45:00+00:00,1.0,21.0,446.0,20.9,0.0,0.0,32.0,59.0,0.0
2023-11-29 02:50:00+00:00,1.0,21.0,462.0,21.0,0.0,0.0,32.0,59.0,0.0
2023-11-29 02:55:00+00:00,1.0,21.0,451.0,20.9,0.0,0.0,32.0,59.0,0.0
2023-11-29 03:00:00+00:00,1.0,21.0,440.0,20.9,0.0,0.0,32.0,59.0,0.0
2023-11-29 03:05:00+00:00,1.0,21.0,457.0,21.0,0.0,0.0,32.0,59.0,0.0
2023-11-29 03:10:00+00:00,1.0,21.0,459.0,21.0,0.0,0.0,32.0,59.0,0.0
2023-11-29 03:15:00+00:00,1.0,21.0,455.0,20.9,0.0,0.0,32.0,59.0,0.0
2023-11-29 03:20:00+00:00,1.0,21.0,467.0,20.9,0.0,0.0,33.0,59.0,0.0
2023-11-29 03:25:00+00:00,1.0,21.0,451.0,20.9,0.0,0.0,32.0,59.0,0.0
2023-11-29 03:30:00+00:00,1.0,21.0,464.0,20.9,0.0,0.0,33.0,59.0,0.0
2023-11-29 03:35:00+00:00,1.0,21.0,459.0,20.9,0.0,0.0,32.0,59.0,0.0
2023-11-29 03:40:00+00:00,1.0,21.0,456.0,20.9,0.0,0.0,33.0,59.0,0.0
2023-11-29 03:45:00+00:00,1.0,21.0,456.0,20.9,0.0,0.0,33.0,59.0,0.0
2023-11-29 03:50:00+00:00,1.0,21.0,458.0,20.9,0.0,0.0,32.0,59.0,0.0
2023-11-29 03:55:00+00:00,1.0,21.0,458.0,20.9,0.0,0.0,33.0,59.0,0.0
2023-11-29 04:00:00+00:00,1.0,21.0,464.0,20.9,0.0,0.0,33.0,59.0,0.0
2023-11-29 04:05:00+00:00,1.0,21.0,439.0,20.9,0.0,0.0,33.0,59.0,0.0
2023-11-29 04:10:00+00:00,1.0,21.0,479.0,20.9,0.0,0.0,33.0,59.0,0.0
2023-11-29 04:15:00+00:00,1.0,21.0,460.0,20.9,0.0,0.0,33.0,59.0,0.0
2023-11-29 04:20:00+00:00,1.0,21.0,468.0,20.9,0.0,0.0,33.0,59.0,0.0
2023-11-29 04:25:00+00:00,1.0,21.0,458.0,20.9,0.0,0.0,34.0,59.0,0.0
2023-11-29 04:30:00+00:00,1.0,21.0,473.0,20.9,0.0,0.0,34.0,59.0,0.0
2023-11-29 04:35:00+00:00,1.0,21.0,473.0,20.9,0.0,0.0,33.0,59.0,0.0
2023-11-29 04:40:00+00:00,1.0,21.0,459.0,20.9,0.0,0.0,33.0,59.0,0.0
2023-11-29 04:45:00+00:00,1.0,21.0,471.0,20.9,0.0,0.0,33.0,59.0,0.0
2023-11-29 04:50:00+00:00,1.0,21.0,485.0,20.9,0.0,0.0,34.0,59.0,0.0
2023-11-29 04:55:00+00:00,0.0,21.0,470.0,20.9,2.0,1.0,37.0,72.0,0.0
2023-11-29 05:00:00+00:00,0.0,21.0,479.0,20.9,2.0,1.0,34.0,59.0,0.0
2023-11-29 05:05:00+00:00,0.0,21.0,480.0,20.9,0.0,0.0,34.0,59.0,0.0
2023-11-29 05:10:00+00:00,0.0,21.0,480.0,20.9,0.0,0.0,33.0,59.0,0.0
2023-11-29 05:15:00+00:00,0.0,21.0,497.0,20.9,0.0,0.0,33.0,59.0,0.0
2023-11-29 05:20:00+00:00,0.0,21.0,476.0,20.9,0.0,0.0,34.0,59.0,0.0
2023-11-29 05:25:00+00:00,0.0,21.0,483.0,20.9,0.0,0.0,34.0,59.0,0.0
2023-11-29 05:30:00+00:00,0.0,21.0,462.0,20.9,0.0,0.0,34.0,59.0,0.0
2023-11-29 05:35:00+00:00,0.0,21.0,462.0,20.9,0.0,0.0,34.0,59.0,0.0
2023-11-29 05:40:00+00:00,0.0,21.0,478.0,20.9,0.0,1.0,34.0,59.0,0.0
2023-11-29 05:45:00+00:00,0.0,21.0,477.0,20.9,0.0,1.0,35.0,59.0,0.0
2023-11-29 05:50:00+00:00,0.0,20.0,494.0,20.9,0.0,1.0,35.0,59.0,0.0
2023-11-29 05:55:00+00:00,0.0,20.0,481.0,20.9,0.0,1.0,35.0,59.0,0.0
2023-11-29 06:00:00+00:00,0.0,20.0,492.0,20.9,0.0,0.0,34.0,59.0,0.0
2023-11-29 06:05:00+00:00,0.0,20.0,478.0,20.9,0.0,0.0,35.0,59.0,0.0
2023-11-29 06:10:00+00:00,0.0,20.0,478.0,20.9,0.0,1.0,35.0,59.0,0.0
2023-11-29 06:15:00+00:00,0.0,20.0,496.0,20.8,0.0,1.0,34.0,59.0,0.0
2023-11-29 06:20:00+00:00,0.0,20.0,483.0,20.9,0.0,2.0,35.0,59.0,0.0
2023-11-29 06:25:00+00:00,0.0,20.0,476.0,20.8,0.0,3.0,36.0,59.0,0.0
2023-11-29 06:30:00+00:00,0.0,20.0,495.0,20.9,0.0,5.0,35.0,59.0,0.0
2023-11-29 06:35:00+00:00,0.0,20.0,490.0,20.9,0.0,8.0,35.0,59.0,0.0
2023-11-29 06:40:00+00:00,0.0,20.0,496.0,20.9,0.0,9.0,35.0,59.0,0.0
2023-11-29 06:45:00+00:00,0.0,20.0,477.0,20.9,0.0,11.0,35.0,59.0,0.0
2023-11-29 06:50:00+00:00,1.0,20.0,498.0,20.8,0.0,14.0,34.0,59.0,0.0
2023-11-29 06:55:00+00:00,1.0,20.0,491.0,20.9,0.0,17.0,38.0,59.0,0.0
2023-11-29 07:00:00+00:00,0.0,20.0,512.0,20.9,6.0,19.0,37.0,59.0,0.0
2023-11-29 07:05:00+00:00,1.0,21.0,506.0,20.9,1.0,22.0,38.0,62.0,0.0
2023-11-29 07:10:00+00:00,0.0,20.0,513.0,20.9,3.0,27.0,37.0,64.0,0.0
2023-11-29 07:15:00+00:00,0.0,21.0,531.0,21.0,3.0,29.0,38.0,73.0,0.0
2023-11-29 07:20:00+00:00,0.0,20.0,564.0,20.9,0.0,33.0,41.0,59.0,0.0
2023-11-29 07:25:00+00:00,0.0,21.0,571.0,21.0,0.0,36.0,39.0,59.0,0.0
2023-11-29 07:30:00+00:00,0.0,21.0,572.0,21.0,0.0,39.0,38.0,59.0,0.0
2023-11-29 07:35:00+00:00,0.0,21.0,584.0,21.0,1.0,45.0,39.0,65.0,0.0
2023-11-29 07:40:00+00:00,0.0,21.0,566.0,21.0,2.0,47.0,35.0,59.0,0.0
2023-11-29 07:45:00+00:00,0.0,21.0,572.0,21.0,0.0,51.0,35.0,59.0,0.0
2023-11-29 07:50:00+00:00,0.0,20.0,544.0,21.0,0.0,54.0,35.0,59.0,0.0
2023-11-29 07:55:00+00:00,0.0,20.0,555.0,21.1,0.0,51.0,35.0,59.0,0.0
2023-11-29 08:00:00+00:00,0.0,20.0,552.0,21.1,0.0,47.0,35.0,59.0,0.0
2023-11-29 08:05:00+00:00,0.0,20.0,547.0,21.1,0.0,47.0,35.0,59.0,0.0
2023-11-29 08:10:00+00:00,0.0,20.0,530.0,21.1,0.0,47.0,35.0,59.0,0.0
2023-11-29 08:15:00+00:00,0.0,20.0,532.0,21.1,0.0,47.0,35.0,59.0,0.0
2023-11-29 08:20:00+00:00,0.0,20.0,535.0,21.2,0.0,49.0,34.0,59.0,0.0
2023-11-29 08:25:00+00:00,0.0,20.0,544.0,21.2,0.0,52.0,35.0,59.0,0.0
2023-11-29 08:30:00+00:00,0.0,20.0,530.0,21.2,0.0,53.0,36.0,60.0,0.0
2023-11-29 08:35:00+00:00,0.0,20.0,523.0,21.2,0.0,55.0,35.0,59.0,0.0
2023-11-29 08:40:00+00:00,0.0,20.0,517.0,21.2,0.0,56.0,34.0,59.0,0.0
2023-11-29 08:45:00+00:00,0.0,20.0,516.0,21.2,0.0,57.0,34.0,59.0,0.0
2023-11-29 08:50:00+00:00,0.0,20.0,510.0,21.3,0.0,59.0,35.0,59.0,0.0
2023-11-29 08:55:00+00:00,0.0,20.0,519.0,21.3,0.0,61.0,34.0,59.0,0.0
2023-11-29 09:00:00+00:00,0.0,21.0,514.0,21.3,0.0,63.0,35.0,59.0,0.0
2023-11-29 09:05:00+00:00,0.0,21.0,501.0,21.3,0.0,64.0,35.0,59.0,0.0
2023-11-29 09:10:00+00:00,0.0,20.0,505.0,21.3,0.0,70.0,35.0,59.0,0.0
2023-11-29 09:15:00+00:00,0.0,21.0,516.0,21.3,0.0,76.0,35.0,59.0,0.0
2023-11-29 09:20:00+00:00,0.0,21.0,511.0,21.3,0.0,81.0,35.0,59.0,0.0
2023-11-29 09:25:00+00:00,0.0,21.0,506.0,21.3,0.0,85.0,35.0,59.0,0.0
2023-11-29 09:30:00+00:00,0.0,21.0,490.0,21.3,0.0,87.0,35.0,59.0,0.0
2023-11-29 09:35:00+00:00,1.0,21.0,492.0,21.4,0.0,81.0,34.0,59.0,0.0
2023-11-29 09:40:00+00:00,1.0,21.0,497.0,21.3,0.0,81.0,36.0,59.0,0.0
2023-11-29 09:45:00+00:00,1.0,21.0,526.0,21.3,8.0,81.0,48.0,71.0,0.0
2023-11-29 09:50:00+00:00,1.0,21.0,532.0,21.4,5.0,81.0,52.0,67.0,0.0
2023-11-29 09:55:00+00:00,1.0,21.0,546.0,21.4,5.0,76.0,49.0,65.0,0.0
2023-11-29 10:00:00+00:00,1.0,21.0,571.0,21.5,6.0,74.0,52.0,72.0,0.0
2023-11-29 10:05:00+00:00,1.0,21.0,585.0,21.5,4.0,75.0,54.0,72.0,0.0
2023-11-29 10:10:00+00:00,1.0,21.0,607.0,21.5,4.0,73.0,53.0,68.0,0.0
2023-11-29 10:15:00+00:00,1.0,21.0,650.0,21.5,3.0,72.0,52.0,69.0,0.0
2023-11-29 10:20:00+00:00,1.0,21.0,648.0,21.6,2.0,70.0,53.0,69.0,0.0
2023-11-29 10:25:00+00:00,0.0,21.0,691.0,21.6,2.0,68.0,47.0,69.0,0.0
2023-11-29 10:30:00+00:00,0.0,21.0,678.0,21.6,6.0,68.0,43.0,72.0,0.0
2023-11-29 10:35:00+00:00,1.0,21.0,722.0,21.7,9.0,44.0,53.0,72.0,0.0
2023-11-29 10:40:00+00:00,0.0,21.0,699.0,21.7,7.0,56.0,53.0,73.0,0.0
2023-11-29 10:45:00+00:00,0.0,21.0,718.0,21.7,12.0,68.0,45.0,76.0,0.0
2023-11-29 10:50:00+00:00,0.0,21.0,733.0,21.7,0.0,68.0,36.0,64.0,0.0
2023-11-29 10:55:00+00:00,1.0,21.0,716.0,21.7,1.0,68.0,38.0,66.0,0.0
2023-11-29 11:00:00+00:00,0.0,21.0,695.0,21.8,0.0,70.0,36.0,63.0,0.0
2023-11-29 11:05:00+00:00,0.0,21.0,700.0,21.8,1.0,72.0,35.0,59.0,0.0
2023-11-29 11:10:00+00:00,0.0,21.0,678.0,21.7,0.0,71.0,36.0,59.0,0.0
2023-11-29 11:15:00+00:00,0.0,21.0,636.0,21.7,0.0,79.0,35.0,59.0,0.0
2023-11-29 11:20:00+00:00,0.0,21.0,636.0,21.7,0.0,79.0,35.0,59.0,0.0
2023-11-29 11:25:00+00:00,0.0,21.0,625.0,21.7,0.0,79.0,35.0,59.0,0.0
2023-11-29 11:30:00+00:00,1.0,21.0,622.0,21.7,0.0,90.0,36.0,59.0,0.0
2023-11-29 11:35:00+00:00,1.0,21.0,592.0,21.7,0.0,82.0,35.0,67.0,0.0
2023-11-29 11:40:00+00:00,1.0,21.0,594.0,21.7,8.0,88.0,37.0,59.0,0.0
2023-11-29 11:45:00+00:00,1.0,21.0,597.0,21.7,0.0,84.0,35.0,59.0,0.0
2023-11-29 11:50:00+00:00,1.0,21.0,589.0,21.7,0.0,90.0,35.0,59.0,0.0
2023-11-29 11:55:00+00:00,1.0,21.0,572.0,21.7,0.0,88.0,36.0,59.0,0.0
2023-11-29 12:00:00+00:00,0.0,21.0,570.0,21.7,4.0,71.0,38.0,67.0,0.0
2023-11-29 12:05:00+00:00,0.0,21.0,573.0,21.7,1.0,71.0,45.0,67.0,0.0
2023-11-29 12:10:00+00:00,0.0,21.0,581.0,21.7,1.0,97.0,47.0,68.0,0.0
2023-11-29 12:15:00+00:00,0.0,21.0,603.0,21.8,1.0,85.0,37.0,59.0,0.0
2023-11-29 12:20:00+00:00,0.0,21.0,603.0,21.8,1.0,85.0,37.0,62.0,0.0
2023-11-29 12:25:00+00:00,0.0,21.0,594.0,21.8,0.0,108.0,38.0,59.0,0.0
2023-11-29 12:30:00+00:00,0.0,21.0,604.0,21.8,0.0,117.0,38.0,65.0,0.0
2023-11-29 12:35:00+00:00,0.0,21.0,591.0,21.8,1.0,94.0,37.0,59.0,0.0
2023-11-29 12:40:00+00:00,0.0,21.0,606.0,21.8,0.0,100.0,37.0,59.0,0.0
2023-11-29 12:45:00+00:00,0.0,21.0,601.0,21.9,1.0,105.0,37.0,60.0,0.0
2023-11-29 12:50:00+00:00,0.0,21.0,614.0,21.9,2.0,93.0,38.0,63.0,0.0
2023-11-29 12:55:00+00:00,0.0,21.0,594.0,21.9,0.0,91.0,49.0,68.0,0.0
2023-11-29 13:00:00+00:00,0.0,21.0,614.0,21.9,1.0,83.0,52.0,74.0,0.0
2023-11-29 13:05:00+00:00,0.0,21.0,610.0,21.9,3.0,81.0,41.0,64.0,0.0
2023-11-29 13:10:00+00:00,0.0,21.0,630.0,21.9,0.0,76.0,37.0,59.0,0.0
2023-11-29 13:15:00+00:00,0.0,21.0,615.0,21.9,0.0,71.0,37.0,59.0,0.0
2023-11-29 13:20:00+00:00,1.0,21.0,635.0,21.9,2.0,57.0,37.0,59.0,0.0
2023-11-29 13:25:00+00:00,0.0,21.0,629.0,21.9,0.0,48.0,38.0,69.0,0.0
2023-11-29 13:30:00+00:00,0.0,21.0,645.0,21.9,4.0,50.0,38.0,65.0,0.0
2023-11-29 13:35:00+00:00,0.0,21.0,641.0,21.9,4.0,52.0,37.0,68.0,0.0
2023-11-29 13:40:00+00:00,0.0,21.0,641.0,21.9,2.0,49.0,49.0,67.0,0.0
2023-11-29 13:45:00+00:00,0.0,21.0,627.0,21.9,1.0,52.0,49.0,67.0,0.0
2023-11-29 13:50:00+00:00,0.0,21.0,654.0,22.0,1.0,54.0,47.0,68.0,0.0
2023-11-29 13:55:00+00:00,0.0,21.0,652.0,22.0,1.0,52.0,45.0,68.0,0.0
2023-11-29 14:00:00+00:00,0.0,21.0,646.0,22.0,1.0,49.0,45.0,68.0,0.0
2023-11-29 14:05:00+00:00,0.0,21.0,618.0,22.0,1.0,45.0,47.0,70.0,0.0
2023-11-29 14:10:00+00:00,0.0,21.0,645.0,22.0,3.0,38.0,40.0,70.0,0.0
2023-11-29 14:15:00+00:00,0.0,21.0,646.0,22.0,1.0,30.0,38.0,59.0,0.0
2023-11-29 14:20:00+00:00,0.0,21.0,634.0,22.0,1.0,25.0,37.0,64.0,0.0
2023-11-29 14:25:00+00:00,0.0,21.0,642.0,22.0,0.0,24.0,37.0,66.0,0.0
2023-11-29 14:30:00+00:00,0.0,21.0,631.0,22.0,1.0,23.0,44.0,70.0,0.0
2023-11-29 14:35:00+00:00,0.0,21.0,639.0,22.0,1.0,20.0,48.0,70.0,0.0
2023-11-29 14:40:00+00:00,0.0,21.0,644.0,22.0,1.0,19.0,37.0,59.0,0.0
2023-11-29 14:45:00+00:00,0.0,21.0,624.0,22.0,1.0,18.0,37.0,59.0,0.0
2023-11-29 14:50:00+00:00,0.0,21.0,668.0,22.0,3.0,15.0,37.0,59.0,0.0
2023-11-29 14:55:00+00:00,0.0,21.0,639.0,22.0,1.0,12.0,37.0,59.0,0.0
2023-11-29 15:00:00+00:00,0.0,21.0,644.0,22.0,0.0,11.0,37.0,59.0,0.0
2023-11-29 15:05:00+00:00,0.0,21.0,639.0,22.0,0.0,9.0,37.0,59.0,0.0
2023-11-29 15:10:00+00:00,0.0,22.0,643.0,22.0,2.0,8.0,40.0,68.0,0.0
2023-11-29 15:15:00+00:00,0.0,22.0,638.0,22.0,2.0,213.0,36.0,59.0,0.0
2023-11-29 15:20:00+00:00,0.0,21.0,652.0,22.1,0.0,211.0,38.0,61.0,0.0
2023-11-29 15:25:00+00:00,0.0,22.0,628.0,22.0,0.0,211.0,36.0,60.0,0.0
2023-11-29 15:30:00+00:00,0.0,22.0,624.0,22.0,3.0,210.0,36.0,59.0,0.0
2023-11-29 15:35:00+00:00,0.0,22.0,651.0,22.1,0.0,209.0,36.0,59.0,0.0
2023-11-29 15:40:00+00:00,1.0,22.0,644.0,22.1,1.0,209.0,37.0,68.0,0.0
2023-11-29 15:45:00+00:00,0.0,22.0,643.0,22.1,5.0,208.0,38.0,72.0,0.0
2023-11-29 15:50:00+00:00,0.0,22.0,628.0,22.1,12.0,209.0,41.0,72.0,0.0
2023-11-29 15:55:00+00:00,0.0,22.0,658.0,22.1,9.0,207.0,37.0,59.0,0.0
2023-11-29 16:00:00+00:00,0.0,22.0,626.0,22.1,2.0,207.0,37.0,59.0,0.0
2023-11-29 16:05:00+00:00,0.0,22.0,639.0,22.1,5.0,205.0,40.0,67.0,0.0
2023-11-29 16:10:00+00:00,0.0,22.0,628.0,22.1,2.0,1.0,35.0,59.0,0.0
2023-11-29 16:15:00+00:00,0.0,22.0,627.0,22.1,0.0,1.0,35.0,59.0,0.0
2023-11-29 16:20:00+00:00,0.0,22.0,609.0,22.1,0.0,1.0,35.0,59.0,0.0
2023-11-29 16:25:00+00:00,0.0,22.0,602.0,22.1,0.0,1.0,34.0,59.0,0.0
2023-11-29 16:30:00+00:00,0.0,22.0,579.0,22.0,0.0,1.0,34.0,59.0,0.0
2023-11-29 16:35:00+00:00,0.0,22.0,568.0,22.0,0.0,1.0,34.0,59.0,0.0
2023-11-29 16:40:00+00:00,0.0,21.0,577.0,22.0,0.0,1.0,34.0,59.0,0.0
2023-11-29 16:45:00+00:00,0.0,21.0,542.0,22.0,0.0,1.0,35.0,59.0,0.0
2023-11-29 16:50:00+00:00,0.0,21.0,543.0,21.9,0.0,1.0,34.0,59.0,0.0
2023-11-29 16:55:00+00:00,0.0,21.0,536.0,21.9,0.0,1.0,34.0,59.0,0.0
2023-11-29 17:00:00+00:00,0.0,21.0,534.0,21.9,0.0,1.0,34.0,59.0,0.0
2023-11-29 17:05:00+00:00,0.0,21.0,502.0,21.9,0.0,1.0,34.0,59.0,0.0
2023-11-29 17:10:00+00:00,0.0,21.0,519.0,21.9,0.0,0.0,34.0,59.0,0.0
2023-11-29 17:15:00+00:00,0.0,21.0,523.0,21.9,0.0,0.0,34.0,59.0,0.0
2023-11-29 17:20:00+00:00,0.0,21.0,526.0,21.9,0.0,0.0,34.0,59.0,0.0
2023-11-29 17:25:00+00:00,0.0,21.0,505.0,21.8,0.0,0.0,34.0,59.0,0.0
2023-11-29 17:30:00+00:00,0.0,21.0,511.0,21.8,0.0,0.0,34.0,59.0,0.0
2023-11-29 17:35:00+00:00,0.0,21.0,511.0,21.8,0.0,0.0,34.0,59.0,0.0
2023-11-29 17:40:00+00:00,0.0,21.0,504.0,21.8,0.0,0.0,34.0,59.0,0.0
2023-11-29 17:45:00+00:00,0.0,21.0,498.0,21.8,0.0,0.0,34.0,59.0,0.0
2023-11-29 17:50:00+00:00,0.0,21.0,529.0,21.8,0.0,0.0,34.0,59.0,0.0
2023-11-29 17:55:00+00:00,0.0,21.0,486.0,21.7,0.0,0.0,34.0,59.0,0.0
2023-11-29 18:00:00+00:00,0.0,21.0,497.0,21.7,0.0,0.0,34.0,59.0,0.0
2023-11-29 18:05:00+00:00,0.0,21.0,508.0,21.7,0.0,0.0,33.0,59.0,0.0
2023-11-29 18:10:00+00:00,0.0,21.0,482.0,21.7,0.0,0.0,34.0,59.0,0.0
2023-11-29 18:15:00+00:00,0.0,21.0,478.0,21.7,0.0,1.0,34.0,59.0,0.0
2023-11-29 18:20:00+00:00,0.0,21.0,489.0,21.7,0.0,1.0,34.0,59.0,0.0
2023-11-29 18:25:00+00:00,0.0,21.0,497.0,21.7,0.0,0.0,33.0,59.0,0.0
2023-11-29 18:30:00+00:00,0.0,21.0,484.0,21.7,0.0,0.0,34.0,59.0,0.0
2023-11-29 18:35:00+00:00,0.0,21.0,493.0,21.7,0.0,0.0,33.0,59.0,0.0
2023-11-29 18:40:00+00:00,0.0,21.0,496.0,21.6,0.0,0.0,33.0,59.0,0.0
2023-11-29 18:45:00+00:00,0.0,21.0,485.0,21.6,0.0,0.0,34.0,59.0,0.0
2023-11-29 18:50:00+00:00,0.0,21.0,483.0,21.6,0.0,0.0,34.0,59.0,0.0
2023-11-29 18:55:00+00:00,0.0,21.0,487.0,21.6,0.0,0.0,34.0,59.0,0.0
2023-11-29 19:00:00+00:00,0.0,21.0,492.0,21.6,0.0,0.0,34.0,59.0,0.0
2023-11-29 19:05:00+00:00,0.0,21.0,478.0,21.6,0.0,0.0,34.0,59.0,0.0
2023-11-29 19:10:00+00:00,0.0,21.0,487.0,21.6,0.0,0.0,34.0,59.0,0.0
2023-11-29 19:15:00+00:00,0.0,21.0,488.0,21.6,0.0,0.0,34.0,59.0,0.0
2023-11-29 19:20:00+00:00,0.0,21.0,488.0,21.6,0.0,0.0,34.0,59.0,0.0
2023-11-29 19:25:00+00:00,0.0,21.0,481.0,21.5,0.0,0.0,34.0,59.0,0.0
2023-11-29 19:30:00+00:00,0.0,21.0,477.0,21.5,0.0,0.0,34.0,59.0,0.0
2023-11-29 19:35:00+00:00,0.0,21.0,482.0,21.5,0.0,0.0,34.0,59.0,0.0
2023-11-29 19:40:00+00:00,0.0,21.0,478.0,21.5,0.0,0.0,33.0,59.0,0.0
2023-11-29 19:45:00+00:00,0.0,21.0,484.0,21.5,0.0,0.0,34.0,59.0,0.0
2023-11-29 19:50:00+00:00,0.0,21.0,476.0,21.5,0.0,0.0,33.0,59.0,0.0
2023-11-29 19:55:00+00:00,0.0,21.0,477.0,21.5,0.0,0.0,34.0,59.0,0.0
2023-11-29 20:00:00+00:00,0.0,21.0,481.0,21.5,0.0,0.0,34.0,59.0,0.0
2023-11-29 20:05:00+00:00,0.0,21.0,460.0,21.5,0.0,0.0,33.0,59.0,0.0
2023-11-29 20:10:00+00:00,0.0,21.0,476.0,21.5,0.0,0.0,33.0,59.0,0.0
2023-11-29 20:15:00+00:00,0.0,21.0,469.0,21.5,0.0,0.0,33.0,59.0,0.0
2023-11-29 20:20:00+00:00,0.0,21.0,479.0,21.5,0.0,0.0,34.0,59.0,0.0
2023-11-29 20:25:00+00:00,0.0,21.0,487.0,21.5,0.0,0.0,34.0,59.0,0.0
2023-11-29 20:30:00+00:00,0.0,21.0,474.0,21.5,0.0,0.0,34.0,59.0,0.0
2023-11-29 20:35:00+00:00,0.0,21.0,460.0,21.5,0.0,0.0,33.0,59.0,0.0
2023-11-29 20:40:00+00:00,0.0,21.0,479.0,21.4,0.0,0.0,33.0,59.0,0.0
2023-11-29 20:45:00+00:00,0.0,21.0,474.0,21.5,0.0,0.0,33.0,59.0,0.0
2023-11-29 20:50:00+00:00,0.0,21.0,473.0,21.4,0.0,0.0,34.0,59.0,0.0
2023-11-29 20:55:00+00:00,0.0,21.0,476.0,21.4,0.0,0.0,34.0,59.0,0.0
2023-11-29 21:00:00+00:00,0.0,21.0,476.0,21.4,0.0,0.0,33.0,59.0,0.0
2023-11-29 21:05:00+00:00,0.0,21.0,498.0,21.4,0.0,0.0,33.0,59.0,0.0
2023-11-29 21:10:00+00:00,0.0,21.0,467.0,21.4,0.0,0.0,33.0,59.0,0.0
2023-11-29 21:15:00+00:00,0.0,21.0,486.0,21.4,0.0,0.0,33.0,59.0,0.0
2023-11-29 21:20:00+00:00,0.0,21.0,473.0,21.4,0.0,0.0,33.0,59.0,0.0
2023-11-29 21:25:00+00:00,0.0,21.0,469.0,21.4,0.0,0.0,34.0,59.0,0.0
2023-11-29 21:30:00+00:00,0.0,21.0,479.0,21.4,0.0,0.0,33.0,59.0,0.0
2023-11-29 21:35:00+00:00,0.0,21.0,478.0,21.4,0.0,0.0,33.0,59.0,0.0
2023-11-29 21:40:00+00:00,0.0,21.0,504.0,21.4,0.0,0.0,33.0,59.0,0.0
2023-11-29 21:45:00+00:00,0.0,21.0,477.0,21.4,0.0,0.0,33.0,59.0,0.0
2023-11-29 21:50:00+00:00,0.0,21.0,485.0,21.4,0.0,0.0,33.0,59.0,0.0
2023-11-29 21:55:00+00:00,0.0,21.0,484.0,21.4,0.0,0.0,34.0,59.0,0.0
2023-11-29 22:00:00+00:00,0.0,21.0,480.0,21.4,0.0,0.0,34.0,59.0,0.0
2023-11-29 22:05:00+00:00,0.0,21.0,494.0,21.3,0.0,0.0,33.0,59.0,0.0
2023-11-29 22:10:00+00:00,0.0,21.0,476.0,21.4,0.0,0.0,33.0,59.0,0.0
2023-11-29 22:15:00+00:00,0.0,21.0,488.0,21.3,0.0,0.0,33.0,59.0,0.0
2023-11-29 22:20:00+00:00,0.0,21.0,487.0,21.3,0.0,0.0,33.0,59.0,0.0
2023-11-29 22:25:00+00:00,0.0,21.0,475.0,21.3,0.0,0.0,33.0,59.0,0.0
2023-11-29 22:30:00+00:00,0.0,21.0,488.0,21.3,0.0,0.0,33.0,59.0,0.0
2023-11-29 22:35:00+00:00,0.0,21.0,471.0,21.3,0.0,0.0,33.0,59.0,0.0
2023-11-29 22:40:00+00:00,0.0,21.0,482.0,21.3,0.0,0.0,33.0,59.0,0.0
2023-11-29 22:45:00+00:00,0.0,21.0,487.0,21.3,0.0,0.0,33.0,59.0,0.0
2023-11-29 22:50:00+00:00,0.0,21.0,497.0,21.3,0.0,0.0,33.0,59.0,0.0
2023-11-29 22:55:00+00:00,0.0,21.0,479.0,21.3,0.0,0.0,33.0,59.0,0.0
2023-11-29 23:00:00+00:00,0.0,21.0,480.0,21.3,0.0,0.0,33.0,59.0,0.0
2023-11-29 23:05:00+00:00,0.0,21.0,492.0,21.3,0.0,0.0,33.0,59.0,0.0
2023-11-29 23:10:00+00:00,0.0,21.0,499.0,21.3,0.0,0.0,33.0,59.0,0.0
2023-11-29 23:15:00+00:00,0.0,21.0,483.0,21.3,0.0,0.0,33.0,59.0,0.0
2023-11-29 23:20:00+00:00,0.0,21.0,496.0,21.3,0.0,0.0,33.0,59.0,0.0
2023-11-29 23:25:00+00:00,0.0,21.0,495.0,21.3,0.0,0.0,33.0,59.0,0.0
2023-11-29 23:30:00+00:00,0.0,21.0,497.0,21.3,0.0,0.0,33.0,59.0,0.0
2023-11-29 23:35:00+00:00,0.0,21.0,490.0,21.3,0.0,0.0,33.0,59.0,0.0
2023-11-29 23:40:00+00:00,0.0,21.0,481.0,21.3,0.0,0.0,33.0,59.0,0.0
2023-11-29 23:45:00+00:00,0.0,21.0,477.0,21.2,0.0,0.0,33.0,59.0,0.0
2023-11-29 23:50:00+00:00,0.0,21.0,474.0,21.2,0.0,0.0,33.0,59.0,0.0
2023-11-29 23:55:00+00:00,0.0,21.0,492.0,21.2,0.0,0.0,33.0,59.0,0.0
2023-11-30 00:00:00+00:00,0.0,21.0,473.0,21.2,0.0,0.0,33.0,59.0,0.0
2023-11-30 00:05:00+00:00,0.0,21.0,487.0,21.2,0.0,0.0,33.0,59.0,0.0
2023-11-30 00:10:00+00:00,0.0,21.0,479.0,21.2,0.0,0.0,33.0,59.0,0.0
2023-11-30 00:15:00+00:00,0.0,21.0,491.0,21.2,0.0,0.0,33.0,59.0,0.0
2023-11-30 00:20:00+00:00,0.0,21.0,492.0,21.2,0.0,0.0,33.0,59.0,0.0
2023-11-30 00:25:00+00:00,0.0,21.0,495.0,21.2,0.0,0.0,33.0,59.0,0.0
2023-11-30 00:30:00+00:00,0.0,21.0,493.0,21.2,0.0,0.0,33.0,59.0,0.0
2023-11-30 00:35:00+00:00,0.0,21.0,497.0,21.2,0.0,0.0,33.0,59.0,0.0
2023-11-30 00:40:00+00:00,0.0,21.0,501.0,21.2,0.0,0.0,33.0,59.0,0.0
2023-11-30 00:45:00+00:00,0.0,21.0,481.0,21.2,0.0,0.0,33.0,59.0,0.0
2023-11-30 00:50:00+00:00,0.0,21.0,478.0,21.2,0.0,0.0,33.0,59.0,0.0
2023-11-30 00:55:00+00:00,0.0,21.0,485.0,21.2,0.0,0.0,33.0,59.0,0.0
2023-11-30 01:00:00+00:00,0.0,21.0,482.0,21.2,0.0,0.0,33.0,59.0,0.0
2023-11-30 01:05:00+00:00,0.0,21.0,484.0,21.2,0.0,0.0,33.0,59.0,0.0
2023-11-30 01:10:00+00:00,0.0,21.0,473.0,21.2,0.0,0.0,33.0,59.0,0.0
2023-11-30 01:15:00+00:00,0.0,21.0,481.0,21.2,0.0,0.0,33.0,59.0,0.0
2023-11-30 01:20:00+00:00,0.0,21.0,495.0,21.2,0.0,0.0,33.0,59.0,0.0
2023-11-30 01:25:00+00:00,0.0,21.0,489.0,21.2,0.0,0.0,33.0,59.0,0.0
2023-11-30 01:30:00+00:00,0.0,21.0,485.0,21.2,0.0,0.0,33.0,59.0,0.0
2023-11-30 01:35:00+00:00,0.0,21.0,476.0,21.2,0.0,0.0,33.0,59.0,0.0
2023-11-30 01:40:00+00:00,0.0,21.0,484.0,21.2,0.0,0.0,33.0,59.0,0.0
2023-11-30 01:45:00+00:00,0.0,21.0,496.0,21.2,0.0,0.0,33.0,59.0,0.0
2023-11-30 01:50:00+00:00,0.0,21.0,483.0,21.2,0.0,0.0,33.0,59.0,0.0
2023-11-30 01:55:00+00:00,0.0,21.0,496.0,21.1,0.0,0.0,33.0,59.0,0.0
2023-11-30 02:00:00+00:00,0.0,21.0,468.0,21.2,0.0,0.0,33.0,59.0,0.0
2023-11-30 02:05:00+00:00,0.0,21.0,486.0,21.1,0.0,0.0,33.0,59.0,0.0
2023-11-30 02:10:00+00:00,0.0,21.0,475.0,21.1,0.0,0.0,33.0,59.0,0.0
2023-11-30 02:15:00+00:00,0.0,21.0,476.0,21.1,0.0,0.0,33.0,59.0,0.0
2023-11-30 02:20:00+00:00,0.0,21.0,490.0,21.1,0.0,0.0,33.0,59.0,0.0
2023-11-30 02:25:00+00:00,0.0,21.0,484.0,21.1,0.0,0.0,33.0,59.0,0.0
2023-11-30 02:30:00+00:00,0.0,21.0,488.0,21.1,0.0,0.0,33.0,59.0,0.0
2023-11-30 02:35:00+00:00,0.0,21.0,478.0,21.1,0.0,0.0,33.0,59.0,0.0
2023-11-30 02:40:00+00:00,0.0,21.0,490.0,21.1,0.0,0.0,33.0,59.0,0.0
2023-11-30 02:45:00+00:00,0.0,21.0,471.0,21.1,0.0,0.0,33.0,59.0,0.0
2023-11-30 02:50:00+00:00,0.0,21.0,492.0,21.1,0.0,0.0,33.0,59.0,0.0
2023-11-30 02:55:00+00:00,0.0,21.0,489.0,21.1,0.0,0.0,33.0,59.0,0.0
2023-11-30 03:00:00+00:00,0.0,21.0,486.0,21.1,0.0,0.0,33.0,59.0,0.0
2023-11-30 03:05:00+00:00,0.0,21.0,488.0,21.1,0.0,0.0,33.0,59.0,0.0
2023-11-30 03:10:00+00:00,0.0,21.0,485.0,21.1,0.0,0.0,33.0,59.0,0.0
2023-11-30 03:15:00+00:00,0.0,21.0,494.0,21.1,0.0,0.0,33.0,59.0,0.0
2023-11-30 03:20:00+00:00,0.0,21.0,493.0,21.1,0.0,0.0,33.0,59.0,0.0
2023-11-30 03:25:00+00:00,0.0,21.0,488.0,21.1,0.0,0.0,33.0,59.0,0.0
2023-11-30 03:30:00+00:00,0.0,21.0,490.0,21.1,0.0,0.0,33.0,59.0,0.0
2023-11-30 03:35:00+00:00,0.0,21.0,485.0,21.1,0.0,0.0,33.0,59.0,0.0
2023-11-30 03:40:00+00:00,0.0,21.0,482.0,21.1,0.0,0.0,33.0,59.0,0.0
2023-11-30 03:45:00+00:00,0.0,21.0,467.0,21.1,0.0,0.0,33.0,59.0,0.0
2023-11-30 03:50:00+00:00,0.0,21.0,502.0,21.1,0.0,0.0,33.0,59.0,0.0
2023-11-30 03:55:00+00:00,0.0,21.0,485.0,21.1,0.0,0.0,33.0,59.0,0.0
2023-11-30 04:00:00+00:00,0.0,21.0,478.0,21.1,0.0,0.0,33.0,59.0,0.0
2023-11-30 04:05:00+00:00,0.0,21.0,489.0,21.1,0.0,0.0,33.0,59.0,0.0
2023-11-30 04:10:00+00:00,0.0,21.0,490.0,21.1,0.0,0.0,33.0,59.0,0.0
2023-11-30 04:15:00+00:00,0.0,21.0,500.0,21.1,0.0,0.0,33.0,59.0,0.0
2023-11-30 04:20:00+00:00,0.0,21.0,484.0,21.1,0.0,0.0,33.0,59.0,0.0
2023-11-30 04:25:00+00:00,0.0,21.0,481.0,21.1,0.0,0.0,33.0,59.0,0.0
2023-11-30 04:30:00+00:00,0.0,21.0,493.0,21.1,0.0,0.0,34.0,59.0,0.0
2023-11-30 04:35:00+00:00,0.0,21.0,488.0,21.0,0.0,0.0,33.0,59.0,0.0
2023-11-30 04:40:00+00:00,0.0,21.0,483.0,21.1,0.0,0.0,33.0,59.0,0.0
2023-11-30 04:45:00+00:00,0.0,21.0,496.0,21.1,0.0,0.0,33.0,59.0,0.0
2023-11-30 04:50:00+00:00,0.0,21.0,502.0,21.1,0.0,0.0,34.0,59.0,0.0
2023-11-30 04:55:00+00:00,1.0,21.0,485.0,21.1,0.0,0.0,33.0,59.0,0.0
2023-11-30 05:00:00+00:00,0.0,21.0,484.0,21.1,0.0,1.0,36.0,61.0,0.0
2023-11-30 05:05:00+00:00,0.0,21.0,496.0,21.1,2.0,1.0,34.0,59.0,0.0
2023-11-30 05:10:00+00:00,0.0,21.0,502.0,21.1,0.0,1.0,34.0,59.0,0.0
2023-11-30 05:15:00+00:00,0.0,21.0,500.0,21.1,0.0,0.0,33.0,59.0,0.0
2023-11-30 05:20:00+00:00,0.0,21.0,496.0,21.1,0.0,0.0,34.0,59.0,0.0
2023-11-30 05:25:00+00:00,0.0,21.0,475.0,21.0,0.0,0.0,34.0,59.0,0.0
2023-11-30 05:30:00+00:00,0.0,21.0,498.0,21.1,0.0,1.0,34.0,59.0,0.0
2023-11-30 05:35:00+00:00,0.0,21.0,483.0,21.0,0.0,1.0,34.0,59.0,0.0
2023-11-30 05:40:00+00:00,0.0,21.0,485.0,21.1,0.0,0.0,34.0,59.0,0.0
2023-11-30 05:45:00+00:00,0.0,21.0,482.0,21.1,0.0,0.0,34.0,59.0,0.0
2023-11-30 05:50:00+00:00,0.0,21.0,493.0,21.1,0.0,0.0,34.0,59.0,0.0
2023-11-30 05:55:00+00:00,0.0,21.0,490.0,21.0,0.0,0.0,34.0,59.0,0.0
2023-11-30 06:00:00+00:00,0.0,21.0,500.0,21.0,0.0,0.0,34.0,59.0,0.0
2023-11-30 06:05:00+00:00,0.0,21.0,499.0,21.1,0.0,0.0,34.0,59.0,0.0
2023-11-30 06:10:00+00:00,0.0,21.0,493.0,21.1,0.0,0.0,34.0,59.0,0.0
2023-11-30 06:15:00+00:00,0.0,21.0,495.0,21.0,0.0,0.0,35.0,59.0,0.0
2023-11-30 06:20:00+00:00,1.0,21.0,494.0,21.0,0.0,0.0,34.0,59.0,0.0
2023-11-30 06:25:00+00:00,0.0,21.0,515.0,21.1,0.0,1.0,38.0,67.0,0.0
2023-11-30 06:30:00+00:00,0.0,21.0,518.0,21.0,11.0,211.0,38.0,63.0,0.0
2023-11-30 06:35:00+00:00,0.0,21.0,528.0,21.1,3.0,209.0,36.0,59.0,0.0
2023-11-30 06:40:00+00:00,0.0,21.0,539.0,21.1,0.0,209.0,36.0,59.0,0.0
2023-11-30 06:45:00+00:00,0.0,21.0,540.0,21.1,2.0,209.0,37.0,71.0,0.0
2023-11-30 06:50:00+00:00,1.0,21.0,570.0,21.2,0.0,209.0,37.0,67.0,0.0
2023-11-30 06:55:00+00:00,1.0,21.0,559.0,21.2,0.0,209.0,36.0,59.0,0.0
2023-11-30 07:00:00+00:00,0.0,21.0,589.0,21.2,7.0,209.0,40.0,72.0,0.0
2023-11-30 07:05:00+00:00,1.0,21.0,594.0,21.3,4.0,211.0,36.0,59.0,0.0
2023-11-30 07:10:00+00:00,1.0,21.0,598.0,21.3,0.0,214.0,39.0,69.0,0.0
2023-11-30 07:15:00+00:00,1.0,21.0,600.0,21.3,7.0,213.0,49.0,70.0,0.0
2023-11-30 07:20:00+00:00,0.0,21.0,632.0,21.3,3.0,212.0,47.0,67.0,0.0
2023-11-30 07:25:00+00:00,0.0,21.0,655.0,21.4,7.0,213.0,41.0,66.0,0.0
2023-11-30 07:30:00+00:00,0.0,21.0,642.0,21.4,5.0,213.0,45.0,67.0,0.0
2023-11-30 07:35:00+00:00,0.0,22.0,638.0,21.5,2.0,216.0,43.0,72.0,0.0
2023-11-30 07:40:00+00:00,0.0,22.0,672.0,21.5,0.0,216.0,41.0,71.0,0.0
2023-11-30 07:45:00+00:00,0.0,22.0,681.0,21.6,1.0,216.0,44.0,71.0,0.0
2023-11-30 07:50:00+00:00,0.0,22.0,703.0,21.6,1.0,217.0,42.0,69.0,0.0
2023-11-30 07:55:00+00:00,0.0,22.0,718.0,21.6,4.0,218.0,42.0,66.0,0.0
2023-11-30 08:00:00+00:00,0.0,22.0,716.0,21.7,9.0,214.0,46.0,69.0,0.0
2023-11-30 08:05:00+00:00,0.0,22.0,740.0,21.7,18.0,213.0,51.0,71.0,0.0
2023-11-30 08:10:00+00:00,1.0,22.0,749.0,21.8,16.0,210.0,48.0,68.0,0.0
2023-11-30 08:15:00+00:00,0.0,22.0,761.0,21.8,8.0,216.0,42.0,67.0,0.0
2023-11-30 08:20:00+00:00,0.0,22.0,765.0,21.8,13.0,216.0,47.0,81.0,0.0
2023-11-30 08:25:00+00:00,0.0,22.0,757.0,21.8,12.0,216.0,46.0,69.0,0.0
2023-11-30 08:30:00+00:00,0.0,22.0,768.0,21.9,2.0,216.0,37.0,59.0,0.0
2023-11-30 08:35:00+00:00,0.0,22.0,775.0,21.8,1.0,219.0,37.0,61.0,0.0
2023-11-30 08:40:00+00:00,1.0,22.0,757.0,21.9,0.0,219.0,36.0,67.0,0.0
2023-11-30 08:45:00+00:00,0.0,22.0,785.0,21.9,0.0,223.0,36.0,59.0,0.0
2023-11-30 08:50:00+00:00,0.0,22.0,784.0,21.9,3.0,226.0,38.0,79.0,0.0
2023-11-30 08:55:00+00:00,0.0,22.0,792.0,21.9,4.0,228.0,46.0,70.0,0.0
2023-11-30 09:00:00+00:00,1.0,22.0,781.0,22.0,6.0,229.0,47.0,70.0,0.0
2023-11-30 09:05:00+00:00,1.0,22.0,782.0,22.0,11.0,234.0,42.0,68.0,0.0
2023-11-30 09:10:00+00:00,1.0,22.0,789.0,22.0,11.0,231.0,40.0,67.0,0.0
2023-11-30 09:15:00+00:00,0.0,22.0,809.0,22.0,3.0,227.0,37.0,66.0,0.0
2023-11-30 09:20:00+00:00,0.0,22.0,796.0,22.0,1.0,226.0,37.0,59.0,0.0
2023-11-30 09:25:00+00:00,0.0,22.0,801.0,22.0,2.0,229.0,45.0,72.0,0.0
2023-11-30 09:30:00+00:00,0.0,22.0,778.0,22.1,10.0,235.0,43.0,68.0,0.0
2023-11-30 09:35:00+00:00,0.0,22.0,781.0,22.1,1.0,243.0,36.0,59.0,0.0
2023-11-30 09:40:00+00:00,0.0,22.0,789.0,22.1,0.0,240.0,37.0,59.0,0.0
2023-11-30 09:45:00+00:00,0.0,22.0,789.0,22.1,3.0,242.0,38.0,64.0,0.0
2023-11-30 09:50:00+00:00,0.0,22.0,762.0,22.1,0.0,235.0,46.0,69.0,0.0
2023-11-30 09:55:00+00:00,0.0,22.0,792.0,22.1,4.0,234.0,43.0,64.0,0.0
2023-11-30 10:00:00+00:00,0.0,22.0,798.0,22.1,1.0,234.0,42.0,67.0,0.0
2023-11-30 10:05:00+00:00,0.0,22.0,787.0,22.2,1.0,235.0,45.0,66.0,0.0
2023-11-30 10:10:00+00:00,0.0,22.0,790.0,22.2,6.0,238.0,42.0,63.0,0.0
2023-11-30 10:15:00+00:00,0.0,22.0,771.0,22.2,3.0,227.0,40.0,61.0,0.0
2023-11-30 10:20:00+00:00,0.0,22.0,796.0,22.2,7.0,229.0,44.0,67.0,0.0
2023-11-30 10:25:00+00:00,0.0,22.0,802.0,22.2,6.0,227.0,45.0,72.0,0.0
2023-11-30 10:30:00+00:00,0.0,22.0,787.0,22.2,11.0,236.0,47.0,66.0,0.0
2023-11-30 10:35:00+00:00,0.0,22.0,824.0,22.2,15.0,232.0,48.0,67.0,0.0
2023-11-30 10:40:00+00:00,0.0,22.0,790.0,22.3,7.0,231.0,43.0,65.0,0.0
2023-11-30 10:45:00+00:00,1.0,22.0,784.0,22.3,5.0,234.0,45.0,66.0,0.0
2023-11-30 10:50:00+00:00,1.0,22.0,806.0,22.3,4.0,235.0,45.0,70.0,0.0
2023-11-30 10:55:00+00:00,1.0,22.0,811.0,22.3,11.0,243.0,44.0,66.0,0.0
2023-11-30 11:00:00+00:00,1.0,22.0,776.0,22.3,4.0,250.0,36.0,59.0,0.0
2023-11-30 11:05:00+00:00,1.0,22.0,776.0,22.3,4.0,250.0,36.0,59.0,0.0
2023-11-30 11:10:00+00:00,1.0,22.0,774.0,22.3,0.0,245.0,36.0,59.0,0.0
2023-11-30 11:15:00+00:00,1.0,22.0,742.0,22.2,0.0,243.0,35.0,59.0,0.0
2023-11-30 11:20:00+00:00,1.0,22.0,724.0,22.2,0.0,242.0,35.0,59.0,0.0
2023-11-30 11:25:00+00:00,1.0,22.0,701.0,22.2,0.0,239.0,35.0,59.0,0.0
2023-11-30 11:30:00+00:00,1.0,22.0,702.0,22.2,0.0,241.0,35.0,59.0,0.0
2023-11-30 11:35:00+00:00,0.0,22.0,681.0,22.2,0.0,237.0,35.0,59.0,0.0
2023-11-30 11:40:00+00:00,0.0,22.0,660.0,22.2,3.0,238.0,46.0,66.0,0.0
2023-11-30 11:45:00+00:00,0.0,22.0,679.0,22.2,3.0,240.0,49.0,67.0,0.0
2023-11-30 11:50:00+00:00,0.0,22.0,698.0,22.2,3.0,243.0,49.0,69.0,0.0
2023-11-30 11:55:00+00:00,0.0,22.0,702.0,22.2,4.0,238.0,48.0,68.0,0.0
2023-11-30 12:00:00+00:00,1.0,22.0,711.0,22.3,8.0,234.0,46.0,62.0,0.0
2023-11-30 12:05:00+00:00,0.0,22.0,720.0,22.3,8.0,234.0,43.0,71.0,0.0
2023-11-30 12:10:00+00:00,1.0,22.0,725.0,22.3,6.0,238.0,42.0,68.0,0.0
2023-11-30 12:15:00+00:00,0.0,22.0,747.0,22.3,4.0,239.0,42.0,67.0,0.0
2023-11-30 12:20:00+00:00,0.0,22.0,725.0,22.3,2.0,243.0,41.0,64.0,0.0
2023-11-30 12:25:00+00:00,0.0,22.0,699.0,22.3,5.0,246.0,37.0,64.0,0.0
2023-11-30 12:30:00+00:00,1.0,22.0,682.0,22.3,2.0,244.0,37.0,59.0,0.0
2023-11-30 12:35:00+00:00,0.0,22.0,709.0,22.3,0.0,240.0,45.0,68.0,0.0
2023-11-30 12:40:00+00:00,0.0,22.0,688.0,22.3,0.0,235.0,44.0,66.0,0.0
2023-11-30 12:45:00+00:00,0.0,22.0,685.0,22.3,0.0,236.0,42.0,65.0,0.0
2023-11-30 12:50:00+00:00,0.0,22.0,706.0,22.4,2.0,232.0,51.0,66.0,0.0
2023-11-30 12:55:00+00:00,0.0,22.0,707.0,22.4,3.0,228.0,50.0,68.0,0.0
2023-11-30 13:00:00+00:00,0.0,22.0,712.0,22.4,1.0,219.0,53.0,70.0,0.0
2023-11-30 13:05:00+00:00,0.0,22.0,732.0,22.5,16.0,215.0,49.0,68.0,0.0
2023-11-30 13:10:00+00:00,1.0,23.0,745.0,22.5,6.0,216.0,50.0,68.0,0.0
2023-11-30 13:15:00+00:00,1.0,23.0,757.0,22.5,12.0,214.0,44.0,68.0,0.0
2023-11-30 13:20:00+00:00,1.0,23.0,762.0,22.5,5.0,216.0,43.0,69.0,0.0
2023-11-30 13:25:00+00:00,1.0,23.0,758.0,22.5,3.0,223.0,46.0,65.0,0.0
2023-11-30 13:30:00+00:00,0.0,23.0,781.0,22.5,8.0,220.0,50.0,68.0,0.0
2023-11-30 13:35:00+00:00,0.0,23.0,772.0,22.5,7.0,223.0,46.0,67.0,0.0
2023-11-30 13:40:00+00:00,0.0,23.0,784.0,22.5,2.0,220.0,49.0,69.0,0.0
2023-11-30 13:45:00+00:00,0.0,23.0,754.0,22.5,4.0,218.0,42.0,68.0,0.0
2023-11-30 13:50:00+00:00,0.0,23.0,806.0,22.5,3.0,216.0,39.0,68.0,0.0
2023-11-30 13:55:00+00:00,0.0,23.0,800.0,22.5,1.0,217.0,36.0,59.0,0.0
2023-11-30 14:00:00+00:00,0.0,23.0,803.0,22.5,1.0,217.0,44.0,72.0,0.0
2023-11-30 14:05:00+00:00,0.0,23.0,784.0,22.5,5.0,217.0,40.0,67.0,0.0
2023-11-30 14:10:00+00:00,0.0,23.0,813.0,22.5,2.0,215.0,41.0,69.0,0.0
2023-11-30 14:15:00+00:00,0.0,23.0,813.0,22.6,2.0,217.0,40.0,68.0,0.0
2023-11-30 14:20:00+00:00,0.0,23.0,805.0,22.5,1.0,215.0,39.0,79.0,0.0
2023-11-30 14:25:00+00:00,0.0,23.0,803.0,22.6,9.0,209.0,51.0,70.0,0.0
2023-11-30 14:30:00+00:00,0.0,23.0,814.0,22.6,2.0,208.0,46.0,68.0,0.0
2023-11-30 14:35:00+00:00,0.0,23.0,810.0,22.6,6.0,205.0,53.0,73.0,0.0
2023-11-30 14:40:00+00:00,0.0,23.0,823.0,22.6,17.0,208.0,51.0,70.0,0.0
2023-11-30 14:45:00+00:00,0.0,23.0,837.0,22.6,14.0,208.0,49.0,66.0,0.0
2023-11-30 14:50:00+00:00,0.0,23.0,820.0,22.6,6.0,207.0,44.0,74.0,0.0
2023-11-30 14:55:00+00:00,0.0,23.0,842.0,22.6,6.0,207.0,46.0,68.0,0.0
2023-11-30 15:00:00+00:00,0.0,23.0,816.0,22.6,8.0,207.0,44.0,68.0,0.0
2023-11-30 15:05:00+00:00,0.0,23.0,825.0,22.6,20.0,207.0,48.0,68.0,0.0
2023-11-30 15:10:00+00:00,0.0,23.0,821.0,22.6,12.0,206.0,42.0,64.0,0.0
2023-11-30 15:15:00+00:00,0.0,23.0,835.0,22.6,1.0,207.0,37.0,59.0,0.0
2023-11-30 15:20:00+00:00,0.0,23.0,820.0,22.6,12.0,206.0,41.0,67.0,0.0
2023-11-30 15:25:00+00:00,1.0,23.0,826.0,22.7,9.0,202.0,46.0,75.0,0.0
2023-11-30 15:30:00+00:00,0.0,23.0,824.0,22.7,20.0,202.0,48.0,69.0,0.0
2023-11-30 15:35:00+00:00,1.0,23.0,847.0,22.7,14.0,205.0,36.0,59.0,0.0
2023-11-30 15:40:00+00:00,0.0,23.0,826.0,22.6,3.0,206.0,41.0,67.0,0.0
2023-11-30 15:45:00+00:00,0.0,23.0,801.0,22.6,19.0,205.0,48.0,68.0,0.0
2023-11-30 15:50:00+00:00,0.0,23.0,831.0,22.7,14.0,200.0,45.0,67.0,0.0
2023-11-30 15:55:00+00:00,0.0,23.0,828.0,22.7,5.0,207.0,44.0,67.0,0.0
2023-11-30 16:00:00+00:00,1.0,23.0,826.0,22.7,6.0,206.0,43.0,68.0,0.0
2023-11-30 16:05:00+00:00,0.0,23.0,843.0,22.7,1.0,205.0,42.0,68.0,0.0
2023-11-30 16:10:00+00:00,0.0,23.0,839.0,22.7,15.0,206.0,43.0,67.0,0.0
2023-11-30 16:15:00+00:00,1.0,23.0,854.0,22.7,8.0,203.0,50.0,71.0,1.0
2023-11-30 16:20:00+00:00,0.0,23.0,824.0,22.7,18.0,203.0,53.0,73.0,1.0
2023-11-30 16:30:00+00:00,1.0,23.0,825.0,22.6,8.0,210.0,39.0,64.0,1.0
2023-11-30 16:35:00+00:00,1.0,23.0,827.0,22.6,8.0,1.0,36.0,59.0,1.0
2023-11-30 16:40:00+00:00,1.0,23.0,764.0,22.6,0.0,1.0,35.0,59.0,1.0
2023-11-30 16:45:00+00:00,1.0,23.0,741.0,22.5,0.0,0.0,35.0,59.0,1.0
2023-11-30 16:50:00+00:00,1.0,23.0,705.0,22.4,0.0,0.0,34.0,59.0,1.0
2023-11-30 16:55:00+00:00,1.0,23.0,700.0,22.4,0.0,0.0,35.0,59.0,1.0
2023-11-30 17:00:00+00:00,1.0,23.0,669.0,22.4,0.0,0.0,35.0,59.0,1.0
2023-11-30 17:05:00+00:00,1.0,23.0,663.0,22.3,0.0,0.0,35.0,59.0,1.0
2023-11-30 17:10:00+00:00,1.0,23.0,657.0,22.3,0.0,0.0,34.0,59.0,1.0
2023-11-30 17:15:00+00:00,1.0,23.0,636.0,22.3,0.0,0.0,34.0,59.0,1.0
2023-11-30 17:20:00+00:00,1.0,23.0,612.0,22.3,0.0,0.0,34.0,59.0,1.0
2023-11-30 17:25:00+00:00,1.0,23.0,624.0,22.2,0.0,0.0,35.0,59.0,1.0
2023-11-30 17:30:00+00:00,1.0,23.0,601.0,22.2,0.0,0.0,34.0,59.0,1.0
2023-11-30 17:35:00+00:00,1.0,23.0,590.0,22.2,0.0,0.0,34.0,59.0,1.0
2023-11-30 17:40:00+00:00,1.0,23.0,613.0,22.1,0.0,0.0,34.0,59.0,1.0
2023-11-30 17:45:00+00:00,1.0,23.0,597.0,22.1,0.0,0.0,34.0,59.0,1.0
2023-11-30 17:50:00+00:00,1.0,23.0,596.0,22.1,0.0,0.0,34.0,59.0,1.0
2023-11-30 17:55:00+00:00,1.0,23.0,587.0,22.1,0.0,0.0,34.0,59.0,1.0
2023-11-30 18:00:00+00:00,1.0,23.0,560.0,22.0,0.0,0.0,34.0,59.0,1.0
2023-11-30 18:05:00+00:00,1.0,23.0,580.0,22.0,0.0,0.0,34.0,59.0,1.0
2023-11-30 18:10:00+00:00,1.0,23.0,565.0,22.0,0.0,0.0,34.0,59.0,1.0
2023-11-30 18:15:00+00:00,1.0,23.0,574.0,21.9,0.0,0.0,34.0,59.0,1.0
2023-11-30 18:20:00+00:00,1.0,23.0,571.0,22.0,0.0,0.0,34.0,59.0,1.0
2023-11-30 18:25:00+00:00,1.0,23.0,585.0,21.9,0.0,0.0,34.0,59.0,1.0
2023-11-30 18:30:00+00:00,1.0,23.0,569.0,21.9,0.0,0.0,34.0,59.0,1.0
2023-11-30 18:35:00+00:00,1.0,23.0,563.0,21.9,0.0,0.0,34.0,59.0,1.0
2023-11-30 18:40:00+00:00,1.0,23.0,574.0,21.9,0.0,0.0,34.0,59.0,1.0
2023-11-30 18:45:00+00:00,1.0,23.0,560.0,21.9,0.0,0.0,34.0,59.0,1.0
2023-11-30 18:50:00+00:00,1.0,23.0,547.0,21.9,0.0,0.0,34.0,59.0,1.0
2023-11-30 18:55:00+00:00,1.0,23.0,549.0,21.8,0.0,0.0,34.0,59.0,1.0
2023-11-30 19:00:00+00:00,1.0,23.0,553.0,21.8,0.0,0.0,34.0,59.0,1.0
2023-11-30 19:05:00+00:00,1.0,23.0,544.0,21.8,0.0,0.0,34.0,59.0,1.0
2023-11-30 19:10:00+00:00,1.0,23.0,559.0,21.8,0.0,0.0,34.0,59.0,1.0
2023-11-30 19:15:00+00:00,1.0,23.0,554.0,21.7,0.0,0.0,34.0,59.0,1.0
2023-11-30 19:20:00+00:00,1.0,23.0,551.0,21.7,0.0,0.0,33.0,59.0,1.0
2023-11-30 19:25:00+00:00,1.0,23.0,573.0,21.7,0.0,0.0,34.0,59.0,1.0
2023-11-30 19:30:00+00:00,1.0,23.0,558.0,21.7,0.0,0.0,33.0,59.0,1.0
2023-11-30 19:35:00+00:00,1.0,23.0,566.0,21.7,0.0,0.0,34.0,59.0,1.0
2023-11-30 19:40:00+00:00,1.0,23.0,543.0,21.7,0.0,0.0,33.0,59.0,1.0
2023-11-30 19:45:00+00:00,1.0,23.0,550.0,21.7,0.0,0.0,33.0,59.0,1.0
2023-11-30 19:50:00+00:00,1.0,23.0,561.0,21.7,0.0,0.0,33.0,59.0,1.0
2023-11-30 19:55:00+00:00,1.0,23.0,562.0,21.7,0.0,0.0,34.0,59.0,1.0
2023-11-30 20:00:00+00:00,1.0,23.0,551.0,21.7,0.0,0.0,34.0,59.0,1.0
2023-11-30 20:05:00+00:00,1.0,23.0,528.0,21.7,0.0,0.0,34.0,59.0,1.0
2023-11-30 20:10:00+00:00,1.0,23.0,537.0,21.6,0.0,0.0,34.0,59.0,1.0
2023-11-30 20:15:00+00:00,1.0,23.0,534.0,21.6,0.0,0.0,34.0,59.0,1.0
2023-11-30 20:20:00+00:00,1.0,23.0,549.0,21.6,0.0,0.0,33.0,59.0,1.0
2023-11-30 20:25:00+00:00,1.0,23.0,515.0,21.6,0.0,0.0,33.0,59.0,1.0
2023-11-30 20:30:00+00:00,1.0,23.0,531.0,21.6,0.0,0.0,33.0,59.0,1.0
2023-11-30 20:35:00+00:00,1.0,23.0,530.0,21.6,0.0,0.0,33.0,59.0,1.0
2023-11-30 20:40:00+00:00,1.0,23.0,538.0,21.6,0.0,0.0,34.0,59.0,1.0
2023-11-30 20:45:00+00:00,1.0,23.0,520.0,21.6,0.0,0.0,33.0,59.0,1.0
2023-11-30 20:50:00+00:00,1.0,23.0,521.0,21.6,0.0,0.0,33.0,59.0,1.0
2023-11-30 20:55:00+00:00,1.0,23.0,558.0,21.6,0.0,0.0,33.0,59.0,1.0
2023-11-30 21:00:00+00:00,1.0,23.0,538.0,21.6,0.0,0.0,33.0,59.0,1.0
2023-11-30 21:05:00+00:00,1.0,23.0,531.0,21.6,0.0,0.0,33.0,59.0,1.0
2023-11-30 21:10:00+00:00,1.0,23.0,512.0,21.5,0.0,0.0,33.0,59.0,1.0
2023-11-30 21:15:00+00:00,1.0,23.0,548.0,21.5,0.0,0.0,33.0,59.0,1.0
2023-11-30 21:20:00+00:00,1.0,23.0,524.0,21.5,0.0,0.0,33.0,59.0,1.0
2023-11-30 21:25:00+00:00,1.0,23.0,550.0,21.5,0.0,0.0,33.0,59.0,1.0
2023-11-30 21:30:00+00:00,1.0,23.0,539.0,21.5,0.0,0.0,33.0,59.0,1.0
2023-11-30 21:35:00+00:00,1.0,23.0,534.0,21.5,0.0,0.0,33.0,59.0,1.0
2023-11-30 21:40:00+00:00,1.0,23.0,526.0,21.5,0.0,0.0,33.0,59.0,1.0
2023-11-30 21:45:00+00:00,1.0,23.0,545.0,21.5,0.0,0.0,33.0,59.0,1.0
2023-11-30 21:50:00+00:00,1.0,23.0,544.0,21.5,0.0,0.0,33.0,59.0,1.0
2023-11-30 21:55:00+00:00,1.0,23.0,539.0,21.5,0.0,0.0,33.0,59.0,1.0
2023-11-30 22:00:00+00:00,1.0,23.0,552.0,21.5,0.0,0.0,33.0,59.0,1.0
2023-11-30 22:05:00+00:00,1.0,23.0,539.0,21.5,0.0,0.0,33.0,59.0,1.0
2023-11-30 22:10:00+00:00,1.0,23.0,555.0,21.5,0.0,0.0,33.0,59.0,1.0
2023-11-30 22:15:00+00:00,1.0,23.0,529.0,21.5,0.0,0.0,33.0,59.0,1.0
2023-11-30 22:20:00+00:00,1.0,23.0,542.0,21.5,0.0,0.0,33.0,59.0,1.0
2023-11-30 22:25:00+00:00,1.0,23.0,534.0,21.5,0.0,0.0,33.0,59.0,1.0
2023-11-30 22:30:00+00:00,1.0,23.0,541.0,21.5,0.0,0.0,33.0,59.0,1.0
2023-11-30 22:35:00+00:00,1.0,23.0,535.0,21.5,0.0,0.0,33.0,59.0,1.0
2023-11-30 22:40:00+00:00,1.0,23.0,533.0,21.5,0.0,0.0,33.0,59.0,1.0
2023-11-30 22:45:00+00:00,1.0,23.0,540.0,21.5,0.0,0.0,33.0,59.0,1.0
2023-11-30 22:50:00+00:00,1.0,23.0,542.0,21.5,0.0,0.0,33.0,59.0,1.0
2023-11-30 22:55:00+00:00,1.0,23.0,542.0,21.5,0.0,0.0,33.0,59.0,1.0
2023-11-30 23:00:00+00:00,1.0,23.0,526.0,21.4,0.0,0.0,33.0,59.0,1.0
2023-11-30 23:05:00+00:00,1.0,23.0,541.0,21.4,0.0,0.0,33.0,59.0,1.0
2023-11-30 23:10:00+00:00,1.0,23.0,531.0,21.4,0.0,0.0,33.0,59.0,1.0
2023-11-30 23:15:00+00:00,1.0,23.0,540.0,21.4,0.0,0.0,32.0,59.0,1.0
2023-11-30 23:20:00+00:00,1.0,23.0,555.0,21.4,0.0,0.0,32.0,59.0,1.0
2023-11-30 23:25:00+00:00,1.0,23.0,533.0,21.4,0.0,0.0,33.0,59.0,1.0
2023-11-30 23:30:00+00:00,1.0,23.0,548.0,21.4,0.0,0.0,33.0,59.0,1.0
2023-11-30 23:35:00+00:00,1.0,23.0,538.0,21.4,0.0,0.0,32.0,59.0,1.0
2023-11-30 23:40:00+00:00,1.0,23.0,549.0,21.4,0.0,0.0,33.0,59.0,1.0
2023-11-30 23:45:00+00:00,1.0,23.0,532.0,21.4,0.0,0.0,32.0,59.0,1.0
2023-11-30 23:50:00+00:00,1.0,23.0,532.0,21.4,0.0,0.0,32.0,59.0,1.0
2023-11-30 23:55:00+00:00,1.0,23.0,534.0,21.4,0.0,0.0,33.0,59.0,1.0
2023-12-01 00:00:00+00:00,1.0,23.0,535.0,21.4,0.0,0.0,32.0,59.0,1.0
2023-12-01 00:05:00+00:00,1.0,23.0,529.0,21.4,0.0,0.0,32.0,59.0,1.0
2023-12-01 00:10:00+00:00,1.0,23.0,533.0,21.4,0.0,0.0,32.0,59.0,1.0
2023-12-01 00:15:00+00:00,1.0,23.0,516.0,21.4,0.0,0.0,33.0,59.0,1.0
2023-12-01 00:20:00+00:00,1.0,23.0,527.0,21.4,0.0,0.0,32.0,59.0,1.0
2023-12-01 00:25:00+00:00,1.0,23.0,541.0,21.4,0.0,0.0,32.0,59.0,1.0
2023-12-01 00:30:00+00:00,1.0,23.0,529.0,21.4,0.0,0.0,33.0,59.0,1.0
2023-12-01 00:35:00+00:00,1.0,23.0,526.0,21.4,0.0,0.0,32.0,59.0,1.0
2023-12-01 00:40:00+00:00,1.0,23.0,524.0,21.4,0.0,0.0,32.0,59.0,1.0
2023-12-01 00:45:00+00:00,1.0,23.0,524.0,21.4,0.0,0.0,33.0,59.0,1.0
2023-12-01 00:50:00+00:00,1.0,23.0,530.0,21.4,0.0,0.0,32.0,59.0,1.0
2023-12-01 00:55:00+00:00,1.0,23.0,534.0,21.4,0.0,0.0,33.0,59.0,1.0
2023-12-01 01:00:00+00:00,1.0,23.0,541.0,21.4,0.0,0.0,32.0,59.0,1.0
2023-12-01 01:05:00+00:00,1.0,23.0,523.0,21.4,0.0,0.0,32.0,59.0,1.0
2023-12-01 01:10:00+00:00,1.0,23.0,522.0,21.4,0.0,0.0,33.0,59.0,1.0
2023-12-01 01:15:00+00:00,1.0,23.0,543.0,21.4,0.0,0.0,32.0,59.0,1.0
2023-12-01 01:20:00+00:00,1.0,23.0,524.0,21.4,0.0,0.0,32.0,59.0,1.0
2023-12-01 01:25:00+00:00,1.0,23.0,525.0,21.3,0.0,0.0,32.0,59.0,1.0
2023-12-01 01:30:00+00:00,1.0,23.0,510.0,21.4,0.0,0.0,33.0,59.0,1.0
2023-12-01 01:35:00+00:00,1.0,23.0,515.0,21.4,0.0,0.0,33.0,59.0,1.0
2023-12-01 01:40:00+00:00,1.0,23.0,508.0,21.4,0.0,0.0,33.0,59.0,1.0
2023-12-01 01:45:00+00:00,1.0,23.0,505.0,21.3,0.0,0.0,32.0,59.0,1.0
2023-12-01 01:50:00+00:00,1.0,23.0,503.0,21.3,0.0,0.0,33.0,59.0,1.0
2023-12-01 01:55:00+00:00,1.0,23.0,506.0,21.3,0.0,0.0,32.0,59.0,1.0
2023-12-01 02:00:00+00:00,1.0,23.0,497.0,21.4,0.0,0.0,32.0,59.0,1.0
2023-12-01 02:05:00+00:00,1.0,23.0,518.0,21.4,0.0,0.0,32.0,59.0,1.0
2023-12-01 02:10:00+00:00,1.0,23.0,499.0,21.3,0.0,0.0,33.0,59.0,1.0
2023-12-01 02:15:00+00:00,1.0,23.0,500.0,21.3,0.0,0.0,33.0,59.0,1.0
2023-12-01 02:20:00+00:00,1.0,23.0,492.0,21.3,0.0,0.0,32.0,59.0,1.0
2023-12-01 02:25:00+00:00,1.0,23.0,496.0,21.3,0.0,0.0,32.0,59.0,1.0
2023-12-01 02:30:00+00:00,1.0,23.0,493.0,21.3,0.0,0.0,32.0,59.0,1.0
2023-12-01 02:35:00+00:00,1.0,23.0,501.0,21.3,0.0,0.0,32.0,59.0,1.0
2023-12-01 02:40:00+00:00,1.0,23.0,478.0,21.3,0.0,0.0,33.0,59.0,1.0
2023-12-01 02:45:00+00:00,1.0,23.0,491.0,21.3,0.0,0.0,33.0,59.0,1.0
2023-12-01 02:50:00+00:00,1.0,23.0,488.0,21.3,0.0,0.0,33.0,59.0,1.0
2023-12-01 02:55:00+00:00,1.0,23.0,491.0,21.3,0.0,0.0,32.0,59.0,1.0
2023-12-01 03:00:00+00:00,1.0,24.0,488.0,21.3,0.0,0.0,32.0,59.0,1.0
2023-12-01 03:05:00+00:00,1.0,24.0,486.0,21.3,0.0,0.0,33.0,59.0,1.0
2023-12-01 03:10:00+00:00,1.0,24.0,488.0,21.3,0.0,0.0,32.0,59.0,1.0
2023-12-01 03:15:00+00:00,1.0,24.0,488.0,21.3,0.0,0.0,33.0,59.0,1.0
2023-12-01 03:20:00+00:00,1.0,24.0,481.0,21.3,0.0,0.0,33.0,59.0,1.0
2023-12-01 03:25:00+00:00,1.0,24.0,473.0,21.3,0.0,0.0,32.0,59.0,1.0
2023-12-01 03:30:00+00:00,1.0,24.0,482.0,21.3,0.0,0.0,32.0,59.0,1.0
2023-12-01 03:35:00+00:00,1.0,24.0,465.0,21.3,0.0,0.0,33.0,59.0,1.0
2023-12-01 03:40:00+00:00,1.0,24.0,489.0,21.3,0.0,0.0,33.0,59.0,1.0
2023-12-01 03:45:00+00:00,1.0,24.0,479.0,21.3,0.0,0.0,33.0,59.0,1.0
2023-12-01 03:50:00+00:00,1.0,24.0,467.0,21.3,0.0,0.0,32.0,59.0,1.0
2023-12-01 03:55:00+00:00,1.0,24.0,476.0,21.3,0.0,0.0,32.0,59.0,1.0
2023-12-01 04:00:00+00:00,1.0,24.0,475.0,21.3,0.0,0.0,33.0,59.0,1.0
2023-12-01 04:05:00+00:00,1.0,24.0,491.0,21.3,0.0,0.0,32.0,59.0,1.0
2023-12-01 04:10:00+00:00,1.0,24.0,487.0,21.3,0.0,0.0,33.0,59.0,1.0
2023-12-01 04:15:00+00:00,1.0,24.0,476.0,21.3,0.0,0.0,32.0,59.0,1.0
2023-12-01 04:20:00+00:00,1.0,24.0,476.0,21.3,0.0,0.0,33.0,59.0,1.0
2023-12-01 04:25:00+00:00,1.0,24.0,473.0,21.3,0.0,0.0,34.0,59.0,1.0
2023-12-01 04:30:00+00:00,1.0,24.0,487.0,21.3,0.0,0.0,33.0,59.0,1.0
2023-12-01 04:35:00+00:00,1.0,24.0,475.0,21.3,0.0,0.0,33.0,59.0,1.0
2023-12-01 04:40:00+00:00,1.0,24.0,469.0,21.3,0.0,0.0,33.0,59.0,1.0
2023-12-01 04:45:00+00:00,1.0,24.0,480.0,21.3,0.0,0.0,34.0,59.0,1.0
2023-12-01 04:50:00+00:00,1.0,24.0,476.0,21.3,0.0,1.0,34.0,59.0,1.0
2023-12-01 04:55:00+00:00,1.0,24.0,478.0,21.3,0.0,1.0,34.0,59.0,1.0
2023-12-01 05:00:00+00:00,1.0,24.0,471.0,21.3,0.0,0.0,33.0,59.0,1.0
2023-12-01 05:05:00+00:00,1.0,24.0,504.0,21.3,0.0,0.0,34.0,59.0,1.0
2023-12-01 05:10:00+00:00,1.0,24.0,493.0,21.3,2.0,1.0,41.0,62.0,1.0
2023-12-01 05:15:00+00:00,1.0,24.0,492.0,21.3,10.0,1.0,51.0,85.0,1.0
2023-12-01 05:20:00+00:00,1.0,24.0,503.0,21.4,0.0,1.0,37.0,59.0,1.0
2023-12-01 05:25:00+00:00,1.0,24.0,513.0,21.4,0.0,1.0,36.0,59.0,1.0
2023-12-01 05:30:00+00:00,1.0,24.0,497.0,21.3,0.0,1.0,35.0,59.0,1.0
2023-12-01 05:35:00+00:00,1.0,24.0,494.0,21.3,0.0,1.0,36.0,59.0,1.0
2023-12-01 05:40:00+00:00,0.0,24.0,496.0,21.3,3.0,1.0,38.0,79.0,1.0
2023-12-01 05:45:00+00:00,0.0,24.0,522.0,21.4,16.0,211.0,40.0,70.0,1.0
2023-12-01 05:50:00+00:00,0.0,24.0,529.0,21.4,1.0,1.0,34.0,59.0,1.0
2023-12-01 05:55:00+00:00,0.0,24.0,534.0,21.4,0.0,1.0,35.0,59.0,1.0
2023-12-01 06:00:00+00:00,0.0,24.0,527.0,21.4,0.0,1.0,35.0,59.0,1.0
2023-12-01 06:05:00+00:00,0.0,24.0,526.0,21.4,0.0,1.0,35.0,59.0,1.0
2023-12-01 06:10:00+00:00,0.0,24.0,518.0,21.4,0.0,1.0,36.0,59.0,1.0
2023-12-01 06:15:00+00:00,0.0,24.0,505.0,21.4,0.0,1.0,35.0,59.0,1.0
2023-12-01 06:20:00+00:00,0.0,24.0,517.0,21.4,0.0,1.0,35.0,59.0,1.0
2023-12-01 06:25:00+00:00,0.0,24.0,507.0,21.4,0.0,1.0,35.0,59.0,1.0
2023-12-01 06:30:00+00:00,0.0,24.0,514.0,21.4,0.0,1.0,35.0,59.0,1.0
2023-12-01 06:35:00+00:00,0.0,24.0,505.0,21.4,0.0,1.0,35.0,59.0,1.0
2023-12-01 06:40:00+00:00,0.0,25.0,501.0,21.3,0.0,1.0,35.0,59.0,1.0
2023-12-01 06:45:00+00:00,1.0,25.0,529.0,21.4,0.0,1.0,35.0,59.0,1.0
2023-12-01 06:50:00+00:00,1.0,25.0,529.0,21.3,0.0,1.0,35.0,59.0,1.0
2023-12-01 06:55:00+00:00,0.0,25.0,527.0,21.3,5.0,4.0,39.0,77.0,1.0
2023-12-01 07:00:00+00:00,1.0,25.0,558.0,21.4,7.0,217.0,40.0,68.0,1.0
2023-12-01 07:05:00+00:00,0.0,25.0,545.0,21.4,7.0,213.0,46.0,70.0,1.0
2023-12-01 07:10:00+00:00,1.0,25.0,563.0,21.4,15.0,212.0,44.0,67.0,1.0
2023-12-01 07:15:00+00:00,0.0,25.0,580.0,21.5,4.0,215.0,43.0,70.0,1.0
2023-12-01 07:20:00+00:00,0.0,25.0,627.0,21.5,12.0,214.0,42.0,70.0,1.0
2023-12-01 07:25:00+00:00,0.0,25.0,605.0,21.6,6.0,212.0,41.0,67.0,1.0
2023-12-01 07:30:00+00:00,1.0,25.0,622.0,21.6,2.0,216.0,36.0,59.0,1.0
2023-12-01 07:35:00+00:00,1.0,25.0,626.0,21.7,0.0,216.0,48.0,75.0,1.0
2023-12-01 07:40:00+00:00,1.0,25.0,664.0,21.7,19.0,213.0,55.0,73.0,1.0
2023-12-01 07:45:00+00:00,1.0,25.0,693.0,21.8,16.0,216.0,44.0,65.0,1.0
2023-12-01 07:50:00+00:00,1.0,25.0,687.0,21.9,7.0,221.0,42.0,67.0,1.0
2023-12-01 07:55:00+00:00,1.0,25.0,740.0,21.9,14.0,210.0,55.0,74.0,1.0
2023-12-01 08:00:00+00:00,1.0,25.0,760.0,22.0,15.0,218.0,44.0,67.0,1.0
2023-12-01 08:05:00+00:00,0.0,25.0,768.0,22.0,6.0,222.0,37.0,59.0,1.0
2023-12-01 08:10:00+00:00,0.0,26.0,777.0,22.0,4.0,221.0,44.0,78.0,1.0
2023-12-01 08:15:00+00:00,0.0,26.0,772.0,22.0,5.0,221.0,44.0,71.0,1.0
2023-12-01 08:20:00+00:00,0.0,25.0,753.0,22.0,10.0,223.0,41.0,68.0,1.0
2023-12-01 08:25:00+00:00,1.0,25.0,753.0,22.1,4.0,225.0,37.0,61.0,1.0
2023-12-01 08:30:00+00:00,0.0,26.0,758.0,22.1,0.0,225.0,44.0,72.0,0.0
2023-12-01 08:35:00+00:00,0.0,26.0,775.0,22.1,15.0,221.0,51.0,68.0,0.0
2023-12-01 08:40:00+00:00,0.0,26.0,747.0,22.2,5.0,221.0,54.0,72.0,0.0
2023-12-01 08:45:00+00:00,0.0,26.0,754.0,22.2,4.0,217.0,53.0,72.0,0.0
2023-12-01 08:50:00+00:00,0.0,26.0,762.0,22.2,8.0,220.0,54.0,72.0,0.0
2023-12-01 08:55:00+00:00,0.0,26.0,773.0,22.3,8.0,222.0,55.0,72.0,0.0
2023-12-01 09:00:00+00:00,0.0,26.0,815.0,22.3,9.0,221.0,55.0,73.0,0.0
2023-12-01 09:05:00+00:00,0.0,26.0,805.0,22.3,9.0,221.0,53.0,71.0,0.0
2023-12-01 09:10:00+00:00,0.0,26.0,810.0,22.4,8.0,221.0,53.0,70.0,0.0
2023-12-01 09:15:00+00:00,0.0,26.0,812.0,22.4,5.0,218.0,57.0,74.0,0.0
2023-12-01 09:20:00+00:00,0.0,26.0,832.0,22.4,13.0,222.0,54.0,72.0,0.0
2023-12-01 09:25:00+00:00,1.0,26.0,835.0,22.4,5.0,229.0,54.0,73.0,0.0
2023-12-01 09:30:00+00:00,1.0,26.0,865.0,22.5,17.0,229.0,55.0,74.0,0.0
2023-12-01 09:40:00+00:00,1.0,26.0,895.0,22.5,7.0,228.0,48.0,69.0,0.0
2023-12-01 09:45:00+00:00,1.0,26.0,876.0,22.5,7.0,233.0,49.0,66.0,0.0
2023-12-01 09:50:00+00:00,1.0,26.0,850.0,22.4,3.0,229.0,43.0,66.0,0.0
2023-12-01 09:55:00+00:00,1.0,26.0,856.0,22.4,1.0,229.0,37.0,64.0,0.0
2023-12-01 10:00:00+00:00,1.0,26.0,820.0,22.4,1.0,230.0,37.0,59.0,0.0
2023-12-01 10:05:00+00:00,1.0,26.0,786.0,22.4,1.0,230.0,41.0,65.0,0.0
2023-12-01 10:10:00+00:00,1.0,26.0,810.0,22.4,3.0,238.0,41.0,63.0,0.0
2023-12-01 10:15:00+00:00,1.0,26.0,809.0,22.4,1.0,229.0,44.0,64.0,0.0
2023-12-01 10:20:00+00:00,1.0,26.0,787.0,22.5,4.0,232.0,38.0,60.0,0.0
2023-12-01 10:25:00+00:00,1.0,26.0,767.0,22.4,0.0,232.0,37.0,59.0,0.0
2023-12-01 10:30:00+00:00,1.0,26.0,796.0,22.4,0.0,225.0,40.0,66.0,0.0
2023-12-01 10:35:00+00:00,1.0,26.0,767.0,22.4,5.0,233.0,43.0,69.0,0.0
2023-12-01 10:40:00+00:00,1.0,26.0,794.0,22.5,11.0,226.0,47.0,70.0,0.0
2023-12-01 10:45:00+00:00,1.0,26.0,772.0,22.5,3.0,230.0,37.0,60.0,0.0
2023-12-01 10:50:00+00:00,1.0,26.0,755.0,22.4,0.0,243.0,37.0,66.0,0.0
2023-12-01 10:55:00+00:00,1.0,26.0,741.0,22.4,2.0,236.0,37.0,60.0,0.0
2023-12-01 11:00:00+00:00,1.0,26.0,699.0,22.4,0.0,226.0,37.0,68.0,0.0
2023-12-01 11:05:00+00:00,1.0,26.0,717.0,22.4,3.0,227.0,44.0,66.0,0.0
2023-12-01 11:10:00+00:00,1.0,26.0,723.0,22.4,8.0,223.0,43.0,70.0,0.0
2023-12-01 11:15:00+00:00,1.0,26.0,727.0,22.4,10.0,229.0,37.0,63.0,0.0
2023-12-01 11:20:00+00:00,1.0,26.0,699.0,22.4,3.0,238.0,48.0,76.0,0.0
2023-12-01 11:25:00+00:00,1.0,26.0,707.0,22.5,4.0,229.0,46.0,67.0,0.0
2023-12-01 11:30:00+00:00,1.0,26.0,703.0,22.4,1.0,226.0,47.0,71.0,0.0
2023-12-01 11:35:00+00:00,1.0,26.0,721.0,22.5,3.0,234.0,46.0,68.0,0.0
2023-12-01 11:40:00+00:00,1.0,26.0,738.0,22.5,2.0,232.0,47.0,68.0,0.0
2023-12-01 11:45:00+00:00,1.0,26.0,727.0,22.5,1.0,234.0,48.0,68.0,0.0
2023-12-01 11:50:00+00:00,1.0,26.0,759.0,22.5,1.0,229.0,40.0,64.0,0.0
2023-12-01 11:55:00+00:00,1.0,26.0,746.0,22.5,0.0,230.0,46.0,66.0,0.0
2023-12-01 12:00:00+00:00,1.0,26.0,756.0,22.5,1.0,240.0,44.0,66.0,0.0
2023-12-01 12:05:00+00:00,1.0,26.0,757.0,22.5,0.0,252.0,47.0,67.0,0.0
2023-12-01 12:10:00+00:00,1.0,26.0,766.0,22.6,1.0,248.0,49.0,67.0,0.0
2023-12-01 12:15:00+00:00,1.0,26.0,764.0,22.6,1.0,230.0,48.0,68.0,0.0
2023-12-01 12:20:00+00:00,1.0,26.0,753.0,22.6,0.0,241.0,47.0,72.0,0.0
2023-12-01 12:25:00+00:00,1.0,26.0,785.0,22.6,13.0,236.0,44.0,62.0,0.0
2023-12-01 12:30:00+00:00,1.0,26.0,766.0,22.7,11.0,242.0,44.0,72.0,0.0
2023-12-01 12:35:00+00:00,1.0,27.0,768.0,22.7,4.0,219.0,44.0,66.0,0.0
2023-12-01 12:40:00+00:00,1.0,26.0,778.0,22.6,2.0,235.0,41.0,67.0,0.0
2023-12-01 12:45:00+00:00,1.0,27.0,810.0,22.7,9.0,226.0,48.0,86.0,0.0
2023-12-01 12:50:00+00:00,1.0,27.0,792.0,22.7,7.0,218.0,48.0,70.0,0.0
2023-12-01 12:55:00+00:00,1.0,27.0,802.0,22.7,11.0,220.0,49.0,78.0,0.0
2023-12-01 13:00:00+00:00,1.0,27.0,830.0,22.6,11.0,227.0,44.0,69.0,0.0
2023-12-01 13:05:00+00:00,1.0,27.0,823.0,22.6,15.0,239.0,41.0,69.0,0.0
2023-12-01 13:10:00+00:00,1.0,27.0,813.0,22.7,0.0,232.0,36.0,59.0,0.0
2023-12-01 13:15:00+00:00,1.0,27.0,782.0,22.6,0.0,225.0,37.0,59.0,0.0
2023-12-01 13:20:00+00:00,1.0,27.0,778.0,22.6,0.0,227.0,37.0,59.0,0.0
2023-12-01 13:25:00+00:00,1.0,27.0,765.0,22.6,0.0,223.0,36.0,59.0,0.0
2023-12-01 13:30:00+00:00,1.0,27.0,752.0,22.6,0.0,218.0,37.0,59.0,0.0
2023-12-01 13:35:00+00:00,1.0,27.0,771.0,22.6,0.0,216.0,37.0,59.0,0.0
2023-12-01 13:40:00+00:00,1.0,27.0,712.0,22.6,0.0,218.0,37.0,66.0,0.0
2023-12-01 13:45:00+00:00,1.0,27.0,710.0,22.6,0.0,216.0,36.0,59.0,0.0
2023-12-01 13:50:00+00:00,1.0,27.0,732.0,22.6,0.0,217.0,37.0,59.0,0.0
2023-12-01 13:55:00+00:00,1.0,27.0,717.0,22.6,1.0,218.0,40.0,59.0,0.0
2023-12-01 14:00:00+00:00,1.0,27.0,685.0,22.6,0.0,224.0,39.0,59.0,0.0
2023-12-01 14:05:00+00:00,1.0,27.0,668.0,22.6,0.0,217.0,39.0,59.0,0.0
2023-12-01 14:10:00+00:00,1.0,27.0,649.0,22.5,0.0,215.0,39.0,59.0,0.0
2023-12-01 14:15:00+00:00,1.0,27.0,663.0,22.5,0.0,215.0,39.0,59.0,0.0
2023-12-01 14:20:00+00:00,1.0,27.0,616.0,22.5,2.0,216.0,37.0,61.0,0.0
2023-12-01 14:25:00+00:00,1.0,27.0,635.0,22.5,0.0,216.0,36.0,59.0,0.0
2023-12-01 14:30:00+00:00,1.0,27.0,622.0,22.5,0.0,215.0,37.0,61.0,0.0
2023-12-01 14:35:00+00:00,1.0,27.0,635.0,22.5,0.0,213.0,37.0,63.0,0.0
2023-12-01 14:40:00+00:00,1.0,27.0,638.0,22.6,0.0,214.0,37.0,59.0,0.0
2023-12-01 14:45:00+00:00,1.0,27.0,627.0,22.5,0.0,214.0,36.0,59.0,0.0
2023-12-01 14:50:00+00:00,1.0,27.0,649.0,22.5,0.0,214.0,37.0,62.0,0.0
2023-12-01 14:55:00+00:00,1.0,27.0,652.0,22.5,0.0,214.0,37.0,61.0,0.0
2023-12-01 15:00:00+00:00,1.0,27.0,668.0,22.5,1.0,214.0,40.0,78.0,0.0
2023-12-01 15:05:00+00:00,1.0,27.0,670.0,22.6,3.0,214.0,37.0,60.0,0.0
2023-12-01 15:10:00+00:00,1.0,27.0,673.0,22.6,0.0,213.0,37.0,63.0,0.0
2023-12-01 15:15:00+00:00,1.0,27.0,658.0,22.6,0.0,213.0,36.0,59.0,0.0
2023-12-01 15:20:00+00:00,1.0,27.0,652.0,22.6,3.0,212.0,39.0,62.0,0.0
2023-12-01 15:25:00+00:00,1.0,27.0,682.0,22.5,6.0,213.0,37.0,61.0,0.0
2023-12-01 15:30:00+00:00,1.0,27.0,654.0,22.5,0.0,213.0,37.0,59.0,0.0
2023-12-01 15:35:00+00:00,1.0,27.0,651.0,22.5,1.0,213.0,41.0,66.0,0.0
2023-12-01 15:40:00+00:00,1.0,27.0,649.0,22.5,0.0,213.0,50.0,71.0,0.0
2023-12-01 15:45:00+00:00,1.0,27.0,629.0,22.6,0.0,213.0,36.0,59.0,0.0
2023-12-01 15:50:00+00:00,1.0,27.0,653.0,22.6,3.0,213.0,37.0,63.0,0.0
2023-12-01 15:55:00+00:00,0.0,27.0,650.0,22.5,0.0,212.0,42.0,70.0,0.0
2023-12-01 16:00:00+00:00,0.0,27.0,675.0,22.6,14.0,213.0,38.0,62.0,0.0
2023-12-01 16:05:00+00:00,0.0,27.0,649.0,22.6,9.0,1.0,38.0,65.0,0.0
2023-12-01 16:10:00+00:00,0.0,27.0,617.0,22.5,0.0,1.0,35.0,59.0,0.0
2023-12-01 16:15:00+00:00,0.0,27.0,612.0,22.5,0.0,0.0,35.0,59.0,0.0
2023-12-01 16:20:00+00:00,0.0,27.0,604.0,22.5,0.0,0.0,35.0,59.0,0.0
2023-12-01 16:25:00+00:00,0.0,27.0,592.0,22.4,0.0,0.0,35.0,59.0,0.0
2023-12-01 16:30:00+00:00,0.0,27.0,580.0,22.4,0.0,0.0,35.0,59.0,0.0
2023-12-01 16:35:00+00:00,0.0,27.0,565.0,22.4,0.0,0.0,34.0,59.0,0.0
2023-12-01 16:40:00+00:00,0.0,27.0,547.0,22.4,0.0,0.0,34.0,59.0,0.0
2023-12-01 16:45:00+00:00,0.0,27.0,555.0,22.3,0.0,0.0,35.0,59.0,0.0
2023-12-01 16:50:00+00:00,0.0,27.0,533.0,22.3,0.0,1.0,35.0,59.0,0.0
2023-12-01 16:55:00+00:00,0.0,27.0,545.0,22.3,0.0,1.0,35.0,59.0,0.0
2023-12-01 17:00:00+00:00,0.0,27.0,539.0,22.2,0.0,1.0,35.0,59.0,0.0
2023-12-01 17:05:00+00:00,0.0,26.0,530.0,22.2,0.0,1.0,35.0,59.0,0.0
2023-12-01 17:10:00+00:00,0.0,26.0,528.0,22.2,0.0,0.0,34.0,59.0,0.0
2023-12-01 17:15:00+00:00,0.0,26.0,537.0,22.2,0.0,0.0,35.0,59.0,0.0
2023-12-01 17:20:00+00:00,0.0,26.0,517.0,22.2,0.0,0.0,35.0,59.0,0.0
2023-12-01 17:25:00+00:00,0.0,26.0,524.0,22.2,0.0,0.0,34.0,59.0,0.0
2023-12-01 17:30:00+00:00,0.0,26.0,509.0,22.1,0.0,0.0,35.0,59.0,0.0
2023-12-01 17:35:00+00:00,0.0,26.0,501.0,22.1,0.0,0.0,35.0,59.0,0.0
2023-12-01 17:40:00+00:00,0.0,26.0,506.0,22.1,0.0,0.0,34.0,59.0,0.0
2023-12-01 17:45:00+00:00,0.0,26.0,519.0,22.1,0.0,0.0,34.0,59.0,0.0
2023-12-01 17:50:00+00:00,0.0,26.0,505.0,22.0,0.0,0.0,35.0,59.0,0.0
2023-12-01 17:55:00+00:00,0.0,26.0,497.0,22.0,0.0,0.0,35.0,59.0,0.0
2023-12-01 18:00:00+00:00,0.0,26.0,516.0,22.0,0.0,0.0,35.0,59.0,0.0
2023-12-01 18:05:00+00:00,0.0,26.0,506.0,22.0,0.0,1.0,34.0,59.0,0.0
2023-12-01 18:10:00+00:00,0.0,26.0,489.0,22.0,0.0,1.0,34.0,59.0,0.0
2023-12-01 18:15:00+00:00,0.0,26.0,496.0,22.0,0.0,1.0,35.0,59.0,0.0
2023-12-01 18:20:00+00:00,0.0,26.0,512.0,22.0,0.0,0.0,34.0,59.0,0.0
2023-12-01 18:25:00+00:00,0.0,26.0,500.0,21.9,0.0,0.0,34.0,59.0,0.0
2023-12-01 18:30:00+00:00,0.0,26.0,506.0,21.9,0.0,0.0,35.0,59.0,0.0
2023-12-01 18:35:00+00:00,0.0,26.0,495.0,21.9,0.0,0.0,34.0,59.0,0.0
2023-12-01 18:40:00+00:00,0.0,26.0,504.0,21.9,0.0,0.0,34.0,59.0,0.0
2023-12-01 18:45:00+00:00,0.0,26.0,474.0,21.9,0.0,0.0,34.0,59.0,0.0
2023-12-01 18:50:00+00:00,0.0,26.0,491.0,21.9,0.0,0.0,34.0,59.0,0.0
2023-12-01 18:55:00+00:00,0.0,26.0,485.0,21.9,0.0,0.0,34.0,59.0,0.0
2023-12-01 19:00:00+00:00,0.0,26.0,499.0,21.9,0.0,0.0,35.0,59.0,0.0
2023-12-01 19:05:00+00:00,0.0,26.0,475.0,21.8,0.0,0.0,34.0,59.0,0.0
2023-12-01 19:10:00+00:00,0.0,26.0,486.0,21.8,0.0,0.0,34.0,59.0,0.0
2023-12-01 19:15:00+00:00,0.0,26.0,481.0,21.8,0.0,0.0,35.0,59.0,0.0
2023-12-01 19:20:00+00:00,0.0,26.0,504.0,21.8,0.0,0.0,33.0,59.0,0.0
2023-12-01 19:25:00+00:00,0.0,26.0,493.0,21.8,0.0,0.0,33.0,59.0,0.0
2023-12-01 19:30:00+00:00,0.0,26.0,493.0,21.8,0.0,0.0,34.0,59.0,0.0
2023-12-01 19:35:00+00:00,0.0,26.0,502.0,21.8,0.0,0.0,33.0,59.0,0.0
2023-12-01 19:40:00+00:00,0.0,26.0,476.0,21.8,0.0,0.0,34.0,59.0,0.0
2023-12-01 19:45:00+00:00,0.0,26.0,463.0,21.8,0.0,0.0,34.0,59.0,0.0
2023-12-01 19:50:00+00:00,0.0,26.0,479.0,21.8,0.0,0.0,34.0,59.0,0.0
2023-12-01 19:55:00+00:00,0.0,26.0,491.0,21.8,0.0,0.0,34.0,59.0,0.0
2023-12-01 20:00:00+00:00,0.0,26.0,485.0,21.7,0.0,0.0,34.0,59.0,0.0
2023-12-01 20:05:00+00:00,0.0,26.0,497.0,21.7,0.0,0.0,33.0,59.0,0.0
2023-12-01 20:10:00+00:00,0.0,26.0,497.0,21.7,0.0,0.0,34.0,59.0,0.0
2023-12-01 20:15:00+00:00,0.0,26.0,482.0,21.7,0.0,0.0,34.0,59.0,0.0
2023-12-01 20:20:00+00:00,0.0,26.0,481.0,21.7,0.0,0.0,34.0,59.0,0.0
2023-12-01 20:25:00+00:00,0.0,26.0,472.0,21.7,0.0,0.0,34.0,59.0,0.0
2023-12-01 20:30:00+00:00,0.0,26.0,482.0,21.7,0.0,0.0,34.0,59.0,0.0
2023-12-01 20:35:00+00:00,0.0,26.0,488.0,21.7,0.0,0.0,33.0,59.0,0.0
2023-12-01 20:40:00+00:00,0.0,26.0,474.0,21.7,0.0,0.0,34.0,59.0,0.0
2023-12-01 20:45:00+00:00,0.0,26.0,494.0,21.7,0.0,0.0,34.0,59.0,0.0
2023-12-01 20:50:00+00:00,0.0,26.0,479.0,21.7,0.0,0.0,34.0,59.0,0.0
2023-12-01 20:55:00+00:00,0.0,26.0,475.0,21.7,0.0,0.0,33.0,59.0,0.0
2023-12-01 21:00:00+00:00,0.0,26.0,492.0,21.7,0.0,0.0,33.0,59.0,0.0
2023-12-01 21:05:00+00:00,0.0,26.0,494.0,21.7,0.0,0.0,34.0,59.0,0.0
2023-12-01 21:10:00+00:00,0.0,26.0,485.0,21.6,0.0,0.0,34.0,59.0,0.0
2023-12-01 21:15:00+00:00,0.0,26.0,490.0,21.6,0.0,0.0,33.0,59.0,0.0
2023-12-01 21:20:00+00:00,0.0,26.0,485.0,21.6,0.0,0.0,33.0,59.0,0.0
2023-12-01 21:25:00+00:00,0.0,26.0,481.0,21.6,0.0,0.0,34.0,59.0,0.0
2023-12-01 21:30:00+00:00,0.0,26.0,480.0,21.6,0.0,0.0,34.0,59.0,0.0
2023-12-01 21:35:00+00:00,0.0,26.0,498.0,21.6,0.0,0.0,34.0,59.0,0.0
2023-12-01 21:40:00+00:00,0.0,26.0,487.0,21.6,0.0,0.0,33.0,59.0,0.0
2023-12-01 21:45:00+00:00,0.0,26.0,490.0,21.6,0.0,0.0,34.0,59.0,0.0
2023-12-01 21:50:00+00:00,0.0,26.0,468.0,21.6,0.0,0.0,33.0,59.0,0.0
2023-12-01 21:55:00+00:00,0.0,26.0,468.0,21.6,0.0,0.0,34.0,59.0,0.0
2023-12-01 22:00:00+00:00,0.0,26.0,486.0,21.6,0.0,0.0,33.0,59.0,0.0
2023-12-01 22:05:00+00:00,0.0,26.0,471.0,21.6,0.0,0.0,34.0,59.0,0.0
2023-12-01 22:10:00+00:00,0.0,26.0,474.0,21.6,0.0,0.0,34.0,59.0,0.0
2023-12-01 22:15:00+00:00,0.0,26.0,469.0,21.6,0.0,0.0,33.0,59.0,0.0
2023-12-01 22:20:00+00:00,0.0,26.0,478.0,21.6,0.0,0.0,33.0,59.0,0.0
2023-12-01 22:25:00+00:00,0.0,26.0,472.0,21.6,0.0,0.0,34.0,59.0,0.0
2023-12-01 22:30:00+00:00,0.0,26.0,490.0,21.6,0.0,0.0,33.0,59.0,0.0
2023-12-01 22:35:00+00:00,0.0,26.0,481.0,21.6,0.0,0.0,33.0,59.0,0.0
2023-12-01 22:40:00+00:00,0.0,26.0,473.0,21.6,0.0,0.0,33.0,59.0,0.0
2023-12-01 22:45:00+00:00,0.0,26.0,478.0,21.6,0.0,0.0,33.0,59.0,0.0
2023-12-01 22:50:00+00:00,0.0,26.0,477.0,21.6,0.0,0.0,33.0,59.0,0.0
2023-12-01 22:55:00+00:00,0.0,26.0,467.0,21.6,0.0,0.0,33.0,59.0,0.0
2023-12-01 23:00:00+00:00,0.0,26.0,468.0,21.6,0.0,0.0,34.0,59.0,0.0
2023-12-01 23:05:00+00:00,0.0,26.0,459.0,21.6,0.0,0.0,34.0,59.0,0.0
2023-12-01 23:10:00+00:00,0.0,26.0,464.0,21.5,0.0,0.0,33.0,59.0,0.0
2023-12-01 23:15:00+00:00,0.0,26.0,464.0,21.5,0.0,0.0,33.0,59.0,0.0
2023-12-01 23:20:00+00:00,0.0,26.0,454.0,21.5,0.0,0.0,33.0,59.0,0.0
2023-12-01 23:25:00+00:00,0.0,26.0,462.0,21.5,0.0,0.0,33.0,59.0,0.0
2023-12-01 23:30:00+00:00,0.0,26.0,468.0,21.5,0.0,0.0,34.0,59.0,0.0
2023-12-01 23:35:00+00:00,0.0,26.0,464.0,21.5,0.0,0.0,33.0,59.0,0.0
2023-12-01 23:40:00+00:00,0.0,26.0,466.0,21.5,0.0,0.0,33.0,59.0,0.0
2023-12-01 23:45:00+00:00,0.0,26.0,460.0,21.5,0.0,0.0,34.0,59.0,0.0
2023-12-01 23:50:00+00:00,0.0,26.0,462.0,21.5,0.0,0.0,33.0,59.0,0.0
2023-12-01 23:55:00+00:00,0.0,26.0,463.0,21.5,0.0,0.0,33.0,59.0,0.0
2023-12-02 00:00:00+00:00,0.0,26.0,445.0,21.5,0.0,0.0,33.0,59.0,0.0
2023-12-02 00:05:00+00:00,0.0,26.0,460.0,21.5,0.0,0.0,33.0,59.0,0.0
2023-12-02 00:10:00+00:00,0.0,26.0,477.0,21.5,0.0,0.0,33.0,59.0,0.0
2023-12-02 00:15:00+00:00,0.0,26.0,465.0,21.5,0.0,0.0,33.0,59.0,0.0
2023-12-02 00:20:00+00:00,0.0,26.0,456.0,21.5,0.0,0.0,34.0,59.0,0.0
2023-12-02 00:25:00+00:00,0.0,26.0,462.0,21.5,0.0,0.0,33.0,59.0,0.0
2023-12-02 00:30:00+00:00,0.0,26.0,447.0,21.5,0.0,0.0,33.0,59.0,0.0
2023-12-02 00:35:00+00:00,0.0,26.0,460.0,21.5,0.0,0.0,34.0,59.0,0.0
2023-12-02 00:40:00+00:00,0.0,27.0,458.0,21.5,0.0,0.0,33.0,59.0,0.0
2023-12-02 00:45:00+00:00,0.0,27.0,471.0,21.5,0.0,0.0,33.0,59.0,0.0
2023-12-02 00:50:00+00:00,0.0,27.0,454.0,21.5,0.0,0.0,33.0,59.0,0.0
2023-12-02 00:55:00+00:00,0.0,26.0,451.0,21.5,0.0,0.0,33.0,59.0,0.0
2023-12-02 01:00:00+00:00,0.0,26.0,449.0,21.5,0.0,0.0,33.0,59.0,0.0
2023-12-02 01:05:00+00:00,0.0,26.0,457.0,21.5,0.0,0.0,33.0,59.0,0.0
2023-12-02 01:10:00+00:00,0.0,26.0,463.0,21.5,0.0,0.0,33.0,59.0,0.0
2023-12-02 01:15:00+00:00,0.0,26.0,458.0,21.5,0.0,0.0,34.0,59.0,0.0
2023-12-02 01:20:00+00:00,0.0,26.0,469.0,21.5,0.0,0.0,33.0,59.0,0.0
2023-12-02 01:25:00+00:00,0.0,26.0,445.0,21.5,0.0,0.0,33.0,59.0,0.0
2023-12-02 01:30:00+00:00,0.0,26.0,465.0,21.5,0.0,0.0,34.0,59.0,0.0
2023-12-02 01:35:00+00:00,0.0,26.0,475.0,21.5,0.0,0.0,34.0,59.0,0.0
2023-12-02 01:40:00+00:00,0.0,26.0,460.0,21.5,0.0,0.0,33.0,59.0,0.0
2023-12-02 01:45:00+00:00,0.0,26.0,464.0,21.5,0.0,0.0,34.0,59.0,0.0
2023-12-02 01:50:00+00:00,0.0,26.0,461.0,21.5,0.0,0.0,32.0,59.0,0.0
2023-12-02 01:55:00+00:00,0.0,26.0,464.0,21.5,0.0,0.0,33.0,59.0,0.0
2023-12-02 02:00:00+00:00,0.0,26.0,464.0,21.5,0.0,0.0,33.0,59.0,0.0
2023-12-02 02:05:00+00:00,0.0,26.0,460.0,21.5,0.0,0.0,33.0,59.0,0.0
2023-12-02 02:10:00+00:00,0.0,26.0,445.0,21.4,0.0,0.0,33.0,59.0,0.0
2023-12-02 02:15:00+00:00,0.0,26.0,458.0,21.5,0.0,0.0,33.0,59.0,0.0
2023-12-02 02:20:00+00:00,0.0,26.0,463.0,21.5,0.0,0.0,33.0,59.0,0.0
2023-12-02 02:25:00+00:00,0.0,26.0,454.0,21.5,0.0,0.0,33.0,59.0,0.0
2023-12-02 02:30:00+00:00,0.0,26.0,464.0,21.5,0.0,0.0,33.0,59.0,0.0
2023-12-02 02:35:00+00:00,0.0,26.0,462.0,21.5,0.0,0.0,33.0,59.0,0.0
2023-12-02 02:40:00+00:00,0.0,26.0,441.0,21.4,0.0,0.0,33.0,59.0,0.0
2023-12-02 02:45:00+00:00,0.0,26.0,456.0,21.5,0.0,0.0,33.0,59.0,0.0
2023-12-02 02:50:00+00:00,0.0,26.0,448.0,21.5,0.0,0.0,33.0,59.0,0.0
2023-12-02 02:55:00+00:00,0.0,26.0,464.0,21.5,0.0,0.0,33.0,59.0,0.0
2023-12-02 03:00:00+00:00,0.0,26.0,446.0,21.4,0.0,0.0,33.0,59.0,0.0
2023-12-02 03:05:00+00:00,0.0,26.0,444.0,21.4,0.0,0.0,33.0,59.0,0.0
2023-12-02 03:10:00+00:00,0.0,26.0,459.0,21.4,0.0,0.0,33.0,59.0,0.0
2023-12-02 03:15:00+00:00,0.0,26.0,453.0,21.4,0.0,0.0,33.0,59.0,0.0
2023-12-02 03:20:00+00:00,0.0,26.0,447.0,21.4,0.0,0.0,32.0,59.0,0.0
2023-12-02 03:25:00+00:00,0.0,26.0,459.0,21.4,0.0,0.0,33.0,59.0,0.0
2023-12-02 03:30:00+00:00,0.0,26.0,450.0,21.4,0.0,0.0,33.0,59.0,0.0
2023-12-02 03:35:00+00:00,0.0,26.0,457.0,21.4,0.0,0.0,33.0,59.0,0.0
2023-12-02 03:40:00+00:00,0.0,26.0,447.0,21.4,0.0,0.0,33.0,59.0,0.0
2023-12-02 03:45:00+00:00,0.0,26.0,458.0,21.4,0.0,0.0,33.0,59.0,0.0
2023-12-02 03:50:00+00:00,0.0,26.0,441.0,21.4,0.0,0.0,33.0,59.0,0.0
2023-12-02 03:55:00+00:00,0.0,26.0,456.0,21.4,0.0,0.0,33.0,59.0,0.0
2023-12-02 04:00:00+00:00,0.0,26.0,438.0,21.4,0.0,0.0,33.0,59.0,0.0
2023-12-02 04:05:00+00:00,0.0,26.0,457.0,21.4,0.0,0.0,33.0,59.0,0.0
2023-12-02 04:10:00+00:00,0.0,26.0,431.0,21.4,0.0,0.0,33.0,59.0,0.0
2023-12-02 04:15:00+00:00,0.0,26.0,445.0,21.4,0.0,0.0,33.0,59.0,0.0
2023-12-02 04:20:00+00:00,0.0,26.0,449.0,21.4,0.0,0.0,33.0,59.0,0.0
2023-12-02 04:25:00+00:00,0.0,26.0,452.0,21.4,0.0,0.0,33.0,59.0,0.0
2023-12-02 04:30:00+00:00,0.0,26.0,450.0,21.4,0.0,0.0,33.0,59.0,0.0
2023-12-02 04:35:00+00:00,0.0,26.0,442.0,21.4,0.0,0.0,33.0,59.0,0.0
2023-12-02 04:40:00+00:00,0.0,26.0,437.0,21.4,0.0,0.0,33.0,59.0,0.0
2023-12-02 04:45:00+00:00,0.0,26.0,450.0,21.4,0.0,0.0,33.0,59.0,0.0
2023-12-02 04:50:00+00:00,0.0,26.0,459.0,21.4,0.0,0.0,33.0,59.0,0.0
2023-12-02 04:55:00+00:00,0.0,26.0,446.0,21.4,0.0,0.0,33.0,59.0,0.0
2023-12-02 05:00:00+00:00,0.0,26.0,440.0,21.4,0.0,0.0,33.0,59.0,0.0
2023-12-02 05:05:00+00:00,0.0,26.0,444.0,21.4,0.0,0.0,33.0,59.0,0.0
2023-12-02 05:10:00+00:00,0.0,26.0,451.0,21.4,0.0,0.0,33.0,59.0,0.0
2023-12-02 05:15:00+00:00,0.0,26.0,439.0,21.4,0.0,0.0,33.0,59.0,0.0
2023-12-02 05:20:00+00:00,0.0,26.0,451.0,21.4,0.0,0.0,33.0,59.0,0.0
2023-12-02 05:25:00+00:00,0.0,26.0,440.0,21.4,0.0,0.0,33.0,59.0,0.0
2023-12-02 05:30:00+00:00,0.0,26.0,454.0,21.4,0.0,0.0,34.0,59.0,0.0
2023-12-02 05:35:00+00:00,0.0,26.0,448.0,21.4,0.0,0.0,33.0,59.0,0.0
2023-12-02 05:40:00+00:00,0.0,26.0,446.0,21.4,0.0,0.0,33.0,59.0,0.0
2023-12-02 05:45:00+00:00,0.0,26.0,431.0,21.4,0.0,0.0,33.0,59.0,0.0
2023-12-02 05:50:00+00:00,0.0,26.0,444.0,21.3,0.0,0.0,33.0,59.0,0.0
2023-12-02 05:55:00+00:00,0.0,26.0,461.0,21.3,0.0,0.0,33.0,59.0,0.0
2023-12-02 06:00:00+00:00,0.0,26.0,447.0,21.4,0.0,0.0,34.0,59.0,0.0
2023-12-02 06:05:00+00:00,0.0,26.0,458.0,21.4,0.0,0.0,33.0,59.0,0.0
2023-12-02 06:10:00+00:00,0.0,26.0,449.0,21.4,0.0,0.0,33.0,59.0,0.0
2023-12-02 06:15:00+00:00,0.0,26.0,449.0,21.4,0.0,0.0,34.0,59.0,0.0
2023-12-02 06:20:00+00:00,0.0,26.0,450.0,21.3,0.0,0.0,33.0,59.0,0.0
2023-12-02 06:25:00+00:00,0.0,26.0,450.0,21.4,0.0,0.0,34.0,59.0,0.0
2023-12-02 06:30:00+00:00,0.0,26.0,444.0,21.3,0.0,0.0,34.0,59.0,0.0
2023-12-02 06:35:00+00:00,0.0,26.0,436.0,21.4,0.0,1.0,34.0,59.0,0.0
2023-12-02 06:40:00+00:00,0.0,26.0,462.0,21.4,0.0,1.0,34.0,59.0,0.0
2023-12-02 06:45:00+00:00,0.0,26.0,443.0,21.3,0.0,1.0,34.0,59.0,0.0
2023-12-02 06:50:00+00:00,0.0,26.0,456.0,21.3,0.0,1.0,34.0,59.0,0.0
2023-12-02 06:55:00+00:00,0.0,26.0,429.0,21.3,0.0,1.0,34.0,59.0,0.0
2023-12-02 07:00:00+00:00,0.0,26.0,454.0,21.4,0.0,1.0,34.0,59.0,0.0
2023-12-02 07:05:00+00:00,0.0,26.0,445.0,21.3,0.0,1.0,34.0,59.0,0.0
2023-12-02 07:10:00+00:00,0.0,26.0,457.0,21.3,0.0,3.0,34.0,59.0,0.0
2023-12-02 07:15:00+00:00,0.0,26.0,460.0,21.3,0.0,4.0,34.0,59.0,0.0
2023-12-02 07:20:00+00:00,0.0,26.0,445.0,21.3,0.0,7.0,34.0,59.0,0.0
2023-12-02 07:25:00+00:00,0.0,26.0,441.0,21.3,0.0,5.0,35.0,59.0,0.0
2023-12-02 07:30:00+00:00,0.0,26.0,460.0,21.3,0.0,4.0,34.0,59.0,0.0
2023-12-02 07:35:00+00:00,0.0,26.0,457.0,21.3,0.0,4.0,34.0,59.0,0.0
2023-12-02 07:40:00+00:00,0.0,26.0,448.0,21.3,0.0,4.0,34.0,59.0,0.0
2023-12-02 07:45:00+00:00,0.0,26.0,445.0,21.3,0.0,6.0,35.0,59.0,0.0
2023-12-02 07:50:00+00:00,0.0,26.0,454.0,21.3,0.0,7.0,34.0,59.0,0.0
2023-12-02 07:55:00+00:00,0.0,26.0,450.0,21.3,0.0,8.0,34.0,59.0,0.0
2023-12-02 08:00:00+00:00,0.0,26.0,439.0,21.3,0.0,7.0,35.0,59.0,0.0
2023-12-02 08:05:00+00:00,0.0,26.0,458.0,21.3,0.0,6.0,34.0,59.0,0.0
2023-12-02 08:10:00+00:00,0.0,26.0,449.0,21.3,0.0,8.0,34.0,59.0,0.0
2023-12-02 08:15:00+00:00,0.0,26.0,457.0,21.3,0.0,7.0,34.0,59.0,0.0
2023-12-02 08:20:00+00:00,0.0,26.0,467.0,21.3,0.0,8.0,35.0,59.0,0.0
2023-12-02 08:25:00+00:00,0.0,26.0,450.0,21.3,0.0,7.0,34.0,59.0,0.0
2023-12-02 08:30:00+00:00,0.0,26.0,462.0,21.3,0.0,5.0,34.0,59.0,0.0
2023-12-02 08:35:00+00:00,0.0,26.0,461.0,21.3,0.0,8.0,35.0,59.0,0.0
2023-12-02 08:40:00+00:00,0.0,26.0,464.0,21.3,0.0,9.0,34.0,59.0,0.0
2023-12-02 08:45:00+00:00,0.0,26.0,456.0,21.3,0.0,7.0,34.0,59.0,0.0
2023-12-02 08:50:00+00:00,0.0,26.0,463.0,21.3,0.0,10.0,35.0,59.0,0.0
2023-12-02 08:55:00+00:00,0.0,26.0,480.0,21.3,0.0,16.0,34.0,59.0,0.0
2023-12-02 09:00:00+00:00,0.0,26.0,448.0,21.3,0.0,17.0,35.0,59.0,0.0
2023-12-02 09:05:00+00:00,0.0,26.0,484.0,21.3,0.0,13.0,35.0,59.0,0.0
2023-12-02 09:10:00+00:00,0.0,26.0,467.0,21.3,0.0,13.0,34.0,59.0,0.0
2023-12-02 09:15:00+00:00,0.0,26.0,458.0,21.3,0.0,12.0,34.0,59.0,0.0
2023-12-02 09:20:00+00:00,0.0,26.0,456.0,21.3,0.0,15.0,35.0,59.0,0.0
2023-12-02 09:25:00+00:00,0.0,26.0,468.0,21.3,0.0,32.0,34.0,59.0,0.0
2023-12-02 09:30:00+00:00,0.0,26.0,471.0,21.3,0.0,33.0,34.0,59.0,0.0
2023-12-02 09:35:00+00:00,0.0,26.0,459.0,21.3,0.0,25.0,34.0,59.0,0.0
2023-12-02 09:40:00+00:00,0.0,26.0,466.0,21.3,0.0,16.0,34.0,59.0,0.0
2023-12-02 09:45:00+00:00,0.0,26.0,480.0,21.3,0.0,15.0,34.0,59.0,0.0
2023-12-02 09:50:00+00:00,0.0,26.0,465.0,21.3,0.0,18.0,35.0,59.0,0.0
2023-12-02 09:55:00+00:00,0.0,26.0,471.0,21.3,0.0,36.0,34.0,59.0,0.0
2023-12-02 10:00:00+00:00,0.0,26.0,475.0,21.3,0.0,36.0,34.0,59.0,0.0
2023-12-02 10:05:00+00:00,0.0,26.0,465.0,21.3,0.0,25.0,35.0,59.0,0.0
2023-12-02 10:10:00+00:00,0.0,26.0,474.0,21.3,0.0,18.0,34.0,59.0,0.0
2023-12-02 10:15:00+00:00,0.0,26.0,478.0,21.3,0.0,34.0,34.0,59.0,0.0
2023-12-02 10:20:00+00:00,0.0,26.0,475.0,21.3,0.0,32.0,35.0,59.0,0.0
2023-12-02 10:25:00+00:00,0.0,26.0,469.0,21.3,0.0,25.0,34.0,59.0,0.0
2023-12-02 10:30:00+00:00,0.0,26.0,479.0,21.3,0.0,39.0,34.0,59.0,0.0
2023-12-02 10:35:00+00:00,0.0,26.0,480.0,21.3,0.0,19.0,34.0,59.0,0.0
2023-12-02 10:40:00+00:00,0.0,26.0,475.0,21.3,0.0,37.0,34.0,59.0,0.0
2023-12-02 10:45:00+00:00,0.0,26.0,469.0,21.3,0.0,37.0,34.0,59.0,0.0
2023-12-02 10:50:00+00:00,0.0,26.0,482.0,21.3,0.0,49.0,34.0,59.0,0.0
2023-12-02 10:55:00+00:00,0.0,26.0,464.0,21.3,0.0,20.0,34.0,59.0,0.0
2023-12-02 11:00:00+00:00,0.0,26.0,478.0,21.3,0.0,28.0,34.0,59.0,0.0
2023-12-02 11:05:00+00:00,0.0,26.0,462.0,21.3,0.0,43.0,35.0,59.0,0.0
2023-12-02 11:10:00+00:00,0.0,26.0,470.0,21.3,0.0,54.0,34.0,59.0,0.0
2023-12-02 11:15:00+00:00,0.0,26.0,483.0,21.3,0.0,32.0,34.0,59.0,0.0
2023-12-02 11:20:00+00:00,0.0,26.0,473.0,21.3,0.0,32.0,34.0,59.0,0.0
2023-12-02 11:25:00+00:00,0.0,26.0,478.0,21.3,0.0,28.0,34.0,59.0,0.0
2023-12-02 11:30:00+00:00,0.0,26.0,471.0,21.3,0.0,42.0,34.0,59.0,0.0
2023-12-02 11:35:00+00:00,0.0,26.0,466.0,21.3,0.0,35.0,35.0,59.0,0.0
2023-12-02 11:40:00+00:00,0.0,26.0,467.0,21.3,0.0,33.0,34.0,59.0,0.0
2023-12-02 11:45:00+00:00,0.0,26.0,449.0,21.3,0.0,32.0,34.0,59.0,0.0
2023-12-02 11:50:00+00:00,0.0,26.0,466.0,21.3,0.0,34.0,35.0,59.0,0.0
2023-12-02 11:55:00+00:00,0.0,26.0,460.0,21.3,0.0,45.0,35.0,59.0,0.0
2023-12-02 12:00:00+00:00,0.0,26.0,459.0,21.3,0.0,70.0,34.0,59.0,0.0
2023-12-02 12:05:00+00:00,0.0,26.0,451.0,21.3,0.0,88.0,35.0,59.0,0.0
2023-12-02 12:10:00+00:00,0.0,26.0,463.0,21.3,0.0,64.0,34.0,59.0,0.0
2023-12-02 12:15:00+00:00,0.0,26.0,467.0,21.2,0.0,53.0,34.0,59.0,0.0
2023-12-02 12:20:00+00:00,0.0,26.0,467.0,21.3,0.0,32.0,35.0,59.0,0.0
2023-12-02 12:25:00+00:00,0.0,26.0,464.0,21.3,0.0,20.0,34.0,59.0,0.0
2023-12-02 12:30:00+00:00,0.0,26.0,440.0,21.2,0.0,27.0,34.0,59.0,0.0
2023-12-02 12:35:00+00:00,0.0,26.0,458.0,21.3,0.0,22.0,35.0,59.0,0.0
2023-12-02 12:40:00+00:00,0.0,26.0,444.0,21.2,0.0,26.0,34.0,59.0,0.0
2023-12-02 12:45:00+00:00,0.0,26.0,454.0,21.2,0.0,28.0,34.0,59.0,0.0
2023-12-02 12:50:00+00:00,0.0,26.0,445.0,21.2,0.0,45.0,35.0,59.0,0.0
2023-12-02 12:55:00+00:00,0.0,26.0,462.0,21.2,0.0,58.0,34.0,59.0,0.0
2023-12-02 13:00:00+00:00,0.0,26.0,448.0,21.2,0.0,36.0,34.0,59.0,0.0
2023-12-02 13:05:00+00:00,0.0,26.0,437.0,21.3,0.0,20.0,34.0,59.0,0.0
2023-12-02 13:10:00+00:00,0.0,26.0,452.0,21.2,0.0,17.0,34.0,59.0,0.0
2023-12-02 13:15:00+00:00,0.0,26.0,450.0,21.2,0.0,16.0,34.0,59.0,0.0
2023-12-02 13:20:00+00:00,0.0,26.0,452.0,21.2,0.0,10.0,34.0,59.0,0.0
2023-12-02 13:25:00+00:00,0.0,26.0,447.0,21.2,0.0,11.0,34.0,59.0,0.0
2023-12-02 13:30:00+00:00,0.0,26.0,442.0,21.2,0.0,17.0,34.0,59.0,0.0
2023-12-02 13:35:00+00:00,0.0,26.0,445.0,21.2,0.0,11.0,34.0,59.0,0.0
2023-12-02 13:40:00+00:00,0.0,26.0,431.0,21.2,0.0,9.0,34.0,59.0,0.0
2023-12-02 13:45:00+00:00,0.0,26.0,437.0,21.2,0.0,10.0,34.0,59.0,0.0
2023-12-02 13:50:00+00:00,0.0,26.0,446.0,21.2,0.0,9.0,34.0,59.0,0.0
2023-12-02 13:55:00+00:00,0.0,26.0,439.0,21.2,0.0,10.0,34.0,59.0,0.0
2023-12-02 14:00:00+00:00,0.0,26.0,443.0,21.2,0.0,18.0,34.0,59.0,0.0
2023-12-02 14:05:00+00:00,0.0,26.0,435.0,21.2,0.0,12.0,34.0,59.0,0.0
2023-12-02 14:10:00+00:00,0.0,26.0,442.0,21.2,0.0,5.0,34.0,59.0,0.0
2023-12-02 14:15:00+00:00,0.0,26.0,443.0,21.2,0.0,3.0,35.0,59.0,0.0
2023-12-02 14:20:00+00:00,0.0,26.0,446.0,21.2,0.0,3.0,34.0,59.0,0.0
2023-12-02 14:25:00+00:00,0.0,26.0,440.0,21.2,0.0,2.0,34.0,59.0,0.0
2023-12-02 14:30:00+00:00,0.0,26.0,456.0,21.2,0.0,2.0,35.0,59.0,0.0
2023-12-02 14:35:00+00:00,0.0,26.0,453.0,21.2,0.0,2.0,34.0,59.0,0.0
2023-12-02 14:40:00+00:00,0.0,26.0,453.0,21.2,0.0,1.0,34.0,59.0,0.0
2023-12-02 14:45:00+00:00,0.0,26.0,448.0,21.2,0.0,1.0,34.0,59.0,0.0
2023-12-02 14:50:00+00:00,0.0,26.0,452.0,21.2,0.0,1.0,35.0,59.0,0.0
2023-12-02 14:55:00+00:00,0.0,26.0,444.0,21.2,0.0,1.0,35.0,59.0,0.0
2023-12-02 15:00:00+00:00,0.0,26.0,444.0,21.2,0.0,1.0,34.0,59.0,0.0
2023-12-02 15:05:00+00:00,0.0,26.0,457.0,21.1,0.0,1.0,34.0,59.0,0.0
2023-12-02 15:10:00+00:00,0.0,26.0,454.0,21.2,0.0,1.0,34.0,59.0,0.0
2023-12-02 15:15:00+00:00,0.0,26.0,446.0,21.2,0.0,1.0,34.0,59.0,0.0
2023-12-02 15:20:00+00:00,0.0,26.0,437.0,21.1,0.0,1.0,34.0,59.0,0.0
2023-12-02 15:25:00+00:00,0.0,26.0,455.0,21.2,0.0,1.0,35.0,59.0,0.0
2023-12-02 15:30:00+00:00,0.0,25.0,432.0,21.2,0.0,0.0,35.0,59.0,0.0
2023-12-02 15:35:00+00:00,0.0,25.0,436.0,21.1,0.0,0.0,36.0,59.0,0.0
2023-12-02 15:40:00+00:00,0.0,25.0,453.0,21.1,0.0,0.0,34.0,59.0,0.0
2023-12-02 15:45:00+00:00,0.0,25.0,446.0,21.1,0.0,0.0,37.0,59.0,0.0
2023-12-02 15:50:00+00:00,0.0,25.0,456.0,21.1,0.0,0.0,36.0,59.0,0.0
2023-12-02 15:55:00+00:00,0.0,25.0,479.0,21.1,0.0,0.0,35.0,59.0,0.0
2023-12-02 16:00:00+00:00,0.0,26.0,456.0,21.1,0.0,0.0,34.0,59.0,0.0
2023-12-02 16:05:00+00:00,0.0,26.0,459.0,21.1,0.0,0.0,35.0,59.0,0.0
2023-12-02 16:10:00+00:00,0.0,25.0,444.0,21.1,0.0,0.0,34.0,59.0,0.0
2023-12-02 16:15:00+00:00,0.0,26.0,464.0,21.1,0.0,0.0,34.0,59.0,0.0
2023-12-02 16:20:00+00:00,0.0,26.0,452.0,21.1,0.0,0.0,34.0,59.0,0.0
2023-12-02 16:25:00+00:00,0.0,25.0,452.0,21.1,0.0,0.0,34.0,59.0,0.0
2023-12-02 16:30:00+00:00,0.0,26.0,455.0,21.1,0.0,0.0,34.0,59.0,0.0
2023-12-02 16:35:00+00:00,0.0,26.0,460.0,21.1,0.0,0.0,34.0,59.0,0.0
2023-12-02 16:40:00+00:00,0.0,26.0,451.0,21.1,0.0,0.0,34.0,59.0,0.0
2023-12-02 16:45:00+00:00,0.0,26.0,448.0,21.1,0.0,0.0,34.0,59.0,0.0
2023-12-02 16:50:00+00:00,0.0,26.0,453.0,21.1,0.0,0.0,34.0,59.0,0.0
2023-12-02 16:55:00+00:00,0.0,26.0,447.0,21.1,0.0,0.0,34.0,59.0,0.0
2023-12-02 17:00:00+00:00,0.0,26.0,461.0,21.1,0.0,0.0,34.0,59.0,0.0
2023-12-02 17:05:00+00:00,0.0,26.0,461.0,21.1,0.0,0.0,35.0,59.0,0.0
2023-12-02 17:10:00+00:00,0.0,26.0,455.0,21.1,0.0,0.0,34.0,59.0,0.0
2023-12-02 17:15:00+00:00,0.0,26.0,454.0,21.1,0.0,0.0,34.0,59.0,0.0
2023-12-02 17:20:00+00:00,0.0,26.0,473.0,21.1,0.0,0.0,34.0,59.0,0.0
2023-12-02 17:25:00+00:00,0.0,26.0,457.0,21.1,0.0,0.0,35.0,59.0,0.0
2023-12-02 17:30:00+00:00,0.0,26.0,482.0,21.1,0.0,0.0,34.0,59.0,0.0
2023-12-02 17:35:00+00:00,0.0,26.0,458.0,21.1,0.0,0.0,35.0,59.0,0.0
2023-12-02 17:40:00+00:00,0.0,26.0,468.0,21.1,0.0,0.0,39.0,61.0,0.0
2023-12-02 17:45:00+00:00,0.0,26.0,462.0,21.1,0.0,0.0,36.0,59.0,0.0
2023-12-02 17:50:00+00:00,0.0,26.0,462.0,21.1,0.0,0.0,34.0,59.0,0.0
2023-12-02 17:55:00+00:00,0.0,26.0,462.0,21.1,0.0,0.0,35.0,59.0,0.0
2023-12-02 18:00:00+00:00,0.0,26.0,454.0,21.1,0.0,0.0,36.0,59.0,0.0
2023-12-02 18:05:00+00:00,0.0,26.0,456.0,21.1,0.0,0.0,35.0,59.0,0.0
2023-12-02 18:10:00+00:00,0.0,26.0,476.0,21.1,0.0,0.0,34.0,59.0,0.0
2023-12-02 18:15:00+00:00,0.0,26.0,468.0,21.1,0.0,0.0,34.0,59.0,0.0
2023-12-02 18:20:00+00:00,0.0,26.0,456.0,21.1,0.0,0.0,35.0,59.0,0.0
2023-12-02 18:25:00+00:00,0.0,26.0,471.0,21.1,0.0,0.0,34.0,59.0,0.0
2023-12-02 18:30:00+00:00,0.0,25.0,464.0,21.1,0.0,0.0,34.0,59.0,0.0
2023-12-02 18:35:00+00:00,0.0,25.0,462.0,21.1,0.0,0.0,34.0,59.0,0.0
2023-12-02 18:40:00+00:00,0.0,25.0,480.0,21.0,0.0,0.0,34.0,59.0,0.0
2023-12-02 18:45:00+00:00,0.0,25.0,471.0,21.1,0.0,0.0,34.0,59.0,0.0
2023-12-02 18:50:00+00:00,0.0,25.0,451.0,21.1,0.0,0.0,34.0,59.0,0.0
2023-12-02 18:55:00+00:00,0.0,25.0,486.0,21.1,0.0,0.0,34.0,59.0,0.0
2023-12-02 19:00:00+00:00,0.0,25.0,461.0,21.0,0.0,0.0,34.0,59.0,0.0
2023-12-02 19:05:00+00:00,0.0,25.0,460.0,21.1,0.0,0.0,34.0,59.0,0.0
2023-12-02 19:10:00+00:00,0.0,25.0,460.0,21.0,0.0,0.0,34.0,59.0,0.0
2023-12-02 19:15:00+00:00,0.0,25.0,463.0,21.0,0.0,0.0,33.0,59.0,0.0
2023-12-02 19:20:00+00:00,0.0,25.0,457.0,21.0,0.0,0.0,34.0,59.0,0.0
2023-12-02 19:25:00+00:00,0.0,25.0,481.0,21.0,0.0,0.0,34.0,59.0,0.0
2023-12-02 19:30:00+00:00,0.0,25.0,463.0,21.0,0.0,0.0,35.0,59.0,0.0
2023-12-02 19:35:00+00:00,0.0,25.0,470.0,21.0,0.0,0.0,33.0,59.0,0.0
2023-12-02 19:40:00+00:00,0.0,25.0,451.0,21.0,0.0,0.0,34.0,59.0,0.0
2023-12-02 19:45:00+00:00,0.0,25.0,475.0,21.0,0.0,0.0,35.0,59.0,0.0
2023-12-02 19:50:00+00:00,0.0,25.0,451.0,21.0,0.0,0.0,35.0,59.0,0.0
2023-12-02 19:55:00+00:00,0.0,25.0,465.0,21.0,0.0,0.0,35.0,59.0,0.0
2023-12-02 20:00:00+00:00,0.0,25.0,462.0,21.0,0.0,0.0,34.0,59.0,0.0
2023-12-02 20:05:00+00:00,0.0,25.0,467.0,21.0,0.0,0.0,34.0,59.0,0.0
2023-12-02 20:10:00+00:00,0.0,25.0,472.0,21.0,0.0,0.0,34.0,59.0,0.0
2023-12-02 20:15:00+00:00,0.0,25.0,464.0,21.0,0.0,0.0,34.0,59.0,0.0
2023-12-02 20:20:00+00:00,0.0,25.0,464.0,21.0,0.0,0.0,34.0,59.0,0.0
2023-12-02 20:25:00+00:00,0.0,25.0,467.0,21.0,0.0,0.0,34.0,59.0,0.0
2023-12-02 20:30:00+00:00,0.0,25.0,462.0,21.0,0.0,0.0,34.0,59.0,0.0
2023-12-02 20:35:00+00:00,0.0,25.0,460.0,21.0,0.0,0.0,34.0,59.0,0.0
2023-12-02 20:40:00+00:00,0.0,25.0,453.0,21.0,0.0,0.0,34.0,59.0,0.0
2023-12-02 20:45:00+00:00,0.0,25.0,466.0,21.0,0.0,0.0,34.0,59.0,0.0
2023-12-02 20:50:00+00:00,0.0,25.0,456.0,21.0,0.0,0.0,34.0,59.0,0.0
2023-12-02 20:55:00+00:00,0.0,25.0,465.0,21.1,0.0,0.0,34.0,59.0,0.0
2023-12-02 21:00:00+00:00,0.0,25.0,459.0,21.1,0.0,0.0,34.0,59.0,0.0
2023-12-02 21:05:00+00:00,0.0,25.0,465.0,21.1,0.0,0.0,34.0,59.0,0.0
2023-12-02 21:10:00+00:00,0.0,25.0,467.0,21.1,0.0,0.0,34.0,59.0,0.0
2023-12-02 21:15:00+00:00,0.0,25.0,465.0,21.1,0.0,0.0,34.0,59.0,0.0
2023-12-02 21:20:00+00:00,0.0,25.0,451.0,21.1,0.0,0.0,34.0,59.0,0.0
2023-12-02 21:25:00+00:00,0.0,25.0,446.0,21.2,0.0,0.0,34.0,59.0,0.0
2023-12-02 21:30:00+00:00,0.0,25.0,454.0,21.2,0.0,0.0,34.0,59.0,0.0
2023-12-02 21:35:00+00:00,0.0,25.0,473.0,21.2,0.0,0.0,34.0,59.0,0.0
2023-12-02 21:40:00+00:00,0.0,24.0,473.0,21.2,0.0,0.0,34.0,59.0,0.0
2023-12-02 21:45:00+00:00,0.0,24.0,461.0,21.2,0.0,0.0,34.0,59.0,0.0
2023-12-02 21:50:00+00:00,0.0,24.0,456.0,21.3,0.0,0.0,33.0,59.0,0.0
2023-12-02 21:55:00+00:00,0.0,24.0,459.0,21.3,0.0,0.0,34.0,59.0,0.0
2023-12-02 22:00:00+00:00,0.0,24.0,462.0,21.3,0.0,0.0,34.0,59.0,0.0
2023-12-02 22:05:00+00:00,0.0,24.0,456.0,21.3,0.0,0.0,34.0,59.0,0.0
2023-12-02 22:10:00+00:00,0.0,24.0,467.0,21.3,0.0,0.0,34.0,59.0,0.0
2023-12-02 22:15:00+00:00,0.0,24.0,456.0,21.3,0.0,0.0,34.0,59.0,0.0
2023-12-02 22:20:00+00:00,0.0,24.0,460.0,21.3,0.0,0.0,34.0,59.0,0.0
2023-12-02 22:25:00+00:00,0.0,24.0,462.0,21.3,0.0,0.0,34.0,59.0,0.0
2023-12-02 22:30:00+00:00,0.0,24.0,455.0,21.3,0.0,0.0,34.0,59.0,0.0
2023-12-02 22:35:00+00:00,0.0,24.0,455.0,21.3,0.0,0.0,34.0,59.0,0.0
2023-12-02 22:40:00+00:00,0.0,24.0,473.0,21.3,0.0,0.0,33.0,59.0,0.0
2023-12-02 22:45:00+00:00,0.0,24.0,453.0,21.3,0.0,0.0,33.0,59.0,0.0
2023-12-02 22:50:00+00:00,0.0,24.0,471.0,21.3,0.0,0.0,34.0,59.0,0.0
2023-12-02 22:55:00+00:00,0.0,24.0,439.0,21.3,0.0,0.0,34.0,59.0,0.0
2023-12-02 23:00:00+00:00,0.0,24.0,449.0,21.3,0.0,0.0,34.0,59.0,0.0
2023-12-02 23:05:00+00:00,0.0,24.0,443.0,21.3,0.0,0.0,34.0,59.0,0.0
2023-12-02 23:10:00+00:00,0.0,24.0,448.0,21.3,0.0,0.0,34.0,59.0,0.0
2023-12-02 23:15:00+00:00,0.0,24.0,453.0,21.3,0.0,0.0,34.0,59.0,0.0
2023-12-02 23:20:00+00:00,0.0,24.0,453.0,21.3,0.0,0.0,34.0,59.0,0.0
2023-12-02 23:25:00+00:00,0.0,24.0,470.0,21.3,0.0,0.0,34.0,59.0,0.0
2023-12-02 23:30:00+00:00,0.0,24.0,451.0,21.3,0.0,0.0,34.0,59.0,0.0
2023-12-02 23:35:00+00:00,0.0,24.0,458.0,21.4,0.0,0.0,34.0,59.0,0.0
2023-12-02 23:40:00+00:00,0.0,24.0,468.0,21.3,0.0,0.0,34.0,59.0,0.0
2023-12-02 23:45:00+00:00,0.0,24.0,462.0,21.3,0.0,0.0,34.0,59.0,0.0
2023-12-02 23:50:00+00:00,0.0,24.0,453.0,21.3,0.0,0.0,34.0,59.0,0.0
2023-12-02 23:55:00+00:00,0.0,24.0,455.0,21.3,0.0,0.0,34.0,59.0,0.0
2023-12-03 00:00:00+00:00,0.0,24.0,458.0,21.3,0.0,0.0,34.0,59.0,0.0
2023-12-03 00:05:00+00:00,0.0,24.0,456.0,21.3,0.0,0.0,34.0,59.0,0.0
2023-12-03 00:10:00+00:00,0.0,23.0,468.0,21.3,0.0,0.0,34.0,59.0,0.0
2023-12-03 00:15:00+00:00,0.0,23.0,468.0,21.3,0.0,0.0,34.0,59.0,0.0
2023-12-03 00:20:00+00:00,0.0,23.0,460.0,21.3,0.0,0.0,34.0,59.0,0.0
2023-12-03 00:25:00+00:00,0.0,23.0,455.0,21.3,0.0,0.0,34.0,59.0,0.0
2023-12-03 00:30:00+00:00,0.0,23.0,452.0,21.3,0.0,0.0,34.0,59.0,0.0
2023-12-03 00:35:00+00:00,0.0,23.0,442.0,21.3,0.0,0.0,33.0,59.0,0.0
2023-12-03 00:40:00+00:00,0.0,23.0,445.0,21.3,0.0,0.0,33.0,59.0,0.0
2023-12-03 00:45:00+00:00,0.0,23.0,448.0,21.3,0.0,0.0,33.0,59.0,0.0
2023-12-03 00:50:00+00:00,0.0,23.0,462.0,21.3,0.0,0.0,34.0,59.0,0.0
2023-12-03 00:55:00+00:00,0.0,23.0,451.0,21.3,0.0,0.0,33.0,59.0,0.0
2023-12-03 01:00:00+00:00,0.0,23.0,460.0,21.3,0.0,0.0,34.0,59.0,0.0
2023-12-03 01:05:00+00:00,0.0,23.0,461.0,21.3,0.0,0.0,33.0,59.0,0.0
2023-12-03 01:10:00+00:00,0.0,23.0,448.0,21.3,0.0,0.0,33.0,59.0,0.0
2023-12-03 01:15:00+00:00,0.0,23.0,439.0,21.3,0.0,0.0,34.0,59.0,0.0
2023-12-03 01:20:00+00:00,0.0,23.0,451.0,21.3,0.0,0.0,33.0,59.0,0.0
2023-12-03 01:25:00+00:00,0.0,23.0,456.0,21.3,0.0,0.0,34.0,59.0,0.0
2023-12-03 01:30:00+00:00,0.0,23.0,438.0,21.3,0.0,0.0,33.0,59.0,0.0
2023-12-03 01:35:00+00:00,0.0,22.0,438.0,21.3,0.0,0.0,34.0,59.0,0.0
2023-12-03 01:40:00+00:00,0.0,22.0,446.0,21.2,0.0,0.0,33.0,59.0,0.0
2023-12-03 01:45:00+00:00,0.0,22.0,439.0,21.2,0.0,0.0,33.0,59.0,0.0
2023-12-03 01:50:00+00:00,0.0,22.0,440.0,21.2,0.0,0.0,33.0,59.0,0.0
2023-12-03 01:55:00+00:00,0.0,22.0,448.0,21.2,0.0,0.0,33.0,59.0,0.0
2023-12-03 02:00:00+00:00,0.0,22.0,453.0,21.2,0.0,0.0,33.0,59.0,0.0
2023-12-03 02:05:00+00:00,0.0,22.0,457.0,21.2,0.0,0.0,34.0,59.0,0.0
2023-12-03 02:10:00+00:00,0.0,22.0,451.0,21.2,0.0,0.0,33.0,59.0,0.0
2023-12-03 02:15:00+00:00,0.0,22.0,450.0,21.2,0.0,0.0,34.0,59.0,0.0
2023-12-03 02:20:00+00:00,0.0,22.0,444.0,21.2,0.0,0.0,34.0,59.0,0.0
2023-12-03 02:25:00+00:00,0.0,22.0,435.0,21.2,0.0,0.0,33.0,59.0,0.0
2023-12-03 02:30:00+00:00,0.0,22.0,435.0,21.2,0.0,0.0,33.0,59.0,0.0
2023-12-03 02:35:00+00:00,0.0,22.0,439.0,21.2,0.0,0.0,33.0,59.0,0.0
2023-12-03 02:40:00+00:00,0.0,21.0,439.0,21.2,0.0,0.0,34.0,59.0,0.0
2023-12-03 02:45:00+00:00,0.0,21.0,455.0,21.2,0.0,0.0,34.0,59.0,0.0
2023-12-03 02:50:00+00:00,0.0,21.0,439.0,21.2,0.0,0.0,33.0,59.0,0.0
2023-12-03 02:55:00+00:00,0.0,21.0,441.0,21.2,0.0,0.0,34.0,59.0,0.0
2023-12-03 03:00:00+00:00,0.0,21.0,449.0,21.2,0.0,0.0,33.0,59.0,0.0
2023-12-03 03:05:00+00:00,0.0,21.0,438.0,21.2,0.0,0.0,34.0,59.0,0.0
2023-12-03 03:10:00+00:00,0.0,21.0,434.0,21.2,0.0,0.0,33.0,59.0,0.0
2023-12-03 03:15:00+00:00,0.0,21.0,441.0,21.1,0.0,0.0,33.0,59.0,0.0
2023-12-03 03:20:00+00:00,0.0,21.0,433.0,21.1,0.0,0.0,33.0,59.0,0.0
2023-12-03 03:25:00+00:00,0.0,21.0,428.0,21.1,0.0,0.0,33.0,59.0,0.0
2023-12-03 03:30:00+00:00,0.0,21.0,431.0,21.1,0.0,0.0,34.0,59.0,0.0
2023-12-03 03:35:00+00:00,0.0,21.0,452.0,21.1,0.0,0.0,33.0,59.0,0.0
2023-12-03 03:40:00+00:00,0.0,21.0,461.0,21.1,0.0,0.0,33.0,59.0,0.0
2023-12-03 03:45:00+00:00,0.0,21.0,448.0,21.1,0.0,0.0,34.0,59.0,0.0
2023-12-03 03:50:00+00:00,0.0,21.0,421.0,21.1,0.0,0.0,33.0,59.0,0.0
2023-12-03 03:55:00+00:00,0.0,21.0,452.0,21.1,0.0,0.0,33.0,59.0,0.0
2023-12-03 04:00:00+00:00,0.0,21.0,439.0,21.1,0.0,0.0,33.0,59.0,0.0
2023-12-03 04:05:00+00:00,0.0,21.0,443.0,21.1,0.0,0.0,33.0,59.0,0.0
2023-12-03 04:10:00+00:00,0.0,21.0,433.0,21.1,0.0,0.0,33.0,59.0,0.0
2023-12-03 04:15:00+00:00,0.0,21.0,447.0,21.1,0.0,0.0,34.0,59.0,0.0
2023-12-03 04:20:00+00:00,0.0,21.0,450.0,21.1,0.0,0.0,34.0,59.0,0.0
2023-12-03 04:25:00+00:00,0.0,21.0,432.0,21.1,0.0,0.0,33.0,59.0,0.0
2023-12-03 04:30:00+00:00,0.0,21.0,427.0,21.1,0.0,0.0,34.0,59.0,0.0
2023-12-03 04:35:00+00:00,0.0,21.0,441.0,21.1,0.0,0.0,34.0,59.0,0.0
2023-12-03 04:40:00+00:00,0.0,21.0,452.0,21.1,0.0,0.0,34.0,59.0,0.0
2023-12-03 04:45:00+00:00,0.0,21.0,439.0,21.1,0.0,0.0,33.0,59.0,0.0
2023-12-03 04:50:00+00:00,0.0,20.0,432.0,21.1,0.0,0.0,34.0,59.0,0.0
2023-12-03 04:55:00+00:00,0.0,20.0,440.0,21.1,0.0,0.0,33.0,59.0,0.0
2023-12-03 05:00:00+00:00,0.0,20.0,433.0,21.1,0.0,0.0,34.0,59.0,0.0
2023-12-03 05:05:00+00:00,0.0,20.0,457.0,21.0,0.0,0.0,34.0,59.0,0.0
2023-12-03 05:10:00+00:00,0.0,20.0,436.0,21.1,0.0,0.0,34.0,59.0,0.0
2023-12-03 05:15:00+00:00,0.0,20.0,440.0,21.1,0.0,0.0,33.0,59.0,0.0
2023-12-03 05:20:00+00:00,0.0,20.0,454.0,21.0,0.0,0.0,33.0,59.0,0.0
2023-12-03 05:25:00+00:00,0.0,20.0,452.0,21.0,0.0,0.0,34.0,59.0,0.0
2023-12-03 05:30:00+00:00,0.0,20.0,425.0,21.0,0.0,0.0,34.0,59.0,0.0
2023-12-03 05:35:00+00:00,0.0,20.0,456.0,21.0,0.0,0.0,34.0,59.0,0.0
2023-12-03 05:40:00+00:00,0.0,20.0,450.0,21.0,0.0,0.0,33.0,59.0,0.0
2023-12-03 05:45:00+00:00,0.0,20.0,446.0,21.0,0.0,0.0,34.0,59.0,0.0
2023-12-03 05:50:00+00:00,0.0,20.0,462.0,21.0,0.0,0.0,34.0,59.0,0.0
2023-12-03 05:55:00+00:00,0.0,20.0,431.0,21.0,0.0,0.0,34.0,59.0,0.0
2023-12-03 06:00:00+00:00,0.0,20.0,440.0,21.0,0.0,0.0,33.0,59.0,0.0
2023-12-03 06:05:00+00:00,0.0,20.0,433.0,21.0,0.0,0.0,33.0,59.0,0.0
2023-12-03 06:10:00+00:00,0.0,20.0,440.0,21.0,0.0,0.0,33.0,59.0,0.0
2023-12-03 06:15:00+00:00,0.0,20.0,441.0,21.0,0.0,1.0,33.0,59.0,0.0
2023-12-03 06:20:00+00:00,0.0,20.0,444.0,21.0,0.0,2.0,34.0,59.0,0.0
2023-12-03 06:25:00+00:00,0.0,20.0,432.0,21.0,0.0,6.0,33.0,59.0,0.0
2023-12-03 06:30:00+00:00,0.0,20.0,432.0,21.0,0.0,6.0,33.0,59.0,0.0
2023-12-03 06:35:00+00:00,0.0,20.0,431.0,20.9,0.0,8.0,34.0,59.0,0.0
2023-12-03 06:40:00+00:00,0.0,20.0,445.0,21.0,0.0,10.0,33.0,59.0,0.0
2023-12-03 06:45:00+00:00,0.0,20.0,460.0,20.9,0.0,12.0,33.0,59.0,0.0
2023-12-03 06:50:00+00:00,0.0,20.0,444.0,21.0,0.0,16.0,34.0,59.0,0.0
2023-12-03 06:55:00+00:00,0.0,20.0,444.0,21.0,0.0,16.0,34.0,59.0,0.0
2023-12-03 07:00:00+00:00,0.0,20.0,458.0,21.0,0.0,18.0,35.0,59.0,0.0
2023-12-03 07:05:00+00:00,0.0,20.0,437.0,20.9,0.0,20.0,34.0,59.0,0.0
2023-12-03 07:10:00+00:00,0.0,20.0,437.0,20.9,0.0,24.0,33.0,59.0,0.0
2023-12-03 07:15:00+00:00,0.0,20.0,446.0,21.0,0.0,27.0,33.0,59.0,0.0
2023-12-03 07:20:00+00:00,0.0,20.0,429.0,20.9,0.0,32.0,33.0,59.0,0.0
2023-12-03 07:25:00+00:00,0.0,20.0,442.0,20.9,0.0,35.0,34.0,59.0,0.0
2023-12-03 07:30:00+00:00,0.0,20.0,451.0,20.9,0.0,38.0,34.0,59.0,0.0
2023-12-03 07:35:00+00:00,0.0,20.0,457.0,20.9,0.0,42.0,34.0,59.0,0.0
2023-12-03 07:40:00+00:00,0.0,20.0,445.0,20.9,0.0,48.0,34.0,59.0,0.0
2023-12-03 07:45:00+00:00,0.0,20.0,440.0,20.9,0.0,52.0,34.0,59.0,0.0
2023-12-03 07:50:00+00:00,0.0,20.0,450.0,20.9,0.0,53.0,34.0,59.0,0.0
2023-12-03 07:55:00+00:00,0.0,20.0,442.0,20.9,0.0,48.0,33.0,59.0,0.0
2023-12-03 08:00:00+00:00,0.0,20.0,442.0,20.9,0.0,48.0,34.0,59.0,0.0
2023-12-03 08:05:00+00:00,0.0,20.0,443.0,20.9,0.0,48.0,34.0,59.0,0.0
2023-12-03 08:10:00+00:00,0.0,20.0,456.0,20.9,0.0,48.0,34.0,59.0,0.0
2023-12-03 08:15:00+00:00,0.0,20.0,456.0,20.9,0.0,48.0,34.0,59.0,0.0
2023-12-03 08:20:00+00:00,0.0,20.0,436.0,20.9,0.0,51.0,34.0,59.0,0.0
2023-12-03 08:25:00+00:00,0.0,20.0,447.0,20.9,0.0,53.0,34.0,59.0,0.0
2023-12-03 08:30:00+00:00,0.0,20.0,452.0,20.9,0.0,54.0,34.0,59.0,0.0
2023-12-03 08:35:00+00:00,0.0,19.0,458.0,20.9,0.0,56.0,34.0,59.0,0.0
2023-12-03 08:40:00+00:00,0.0,19.0,446.0,20.9,0.0,58.0,33.0,59.0,0.0
2023-12-03 08:45:00+00:00,0.0,20.0,446.0,20.9,0.0,59.0,34.0,59.0,0.0
2023-12-03 08:50:00+00:00,0.0,19.0,447.0,20.9,0.0,62.0,34.0,59.0,0.0
2023-12-03 08:55:00+00:00,0.0,19.0,453.0,20.9,0.0,63.0,34.0,59.0,0.0
2023-12-03 09:00:00+00:00,0.0,19.0,443.0,20.9,0.0,63.0,34.0,59.0,0.0
2023-12-03 09:05:00+00:00,0.0,19.0,438.0,20.9,0.0,65.0,34.0,59.0,0.0
2023-12-03 09:10:00+00:00,0.0,19.0,455.0,20.9,0.0,69.0,34.0,59.0,0.0
2023-12-03 09:15:00+00:00,0.0,19.0,434.0,20.9,0.0,74.0,35.0,59.0,0.0
2023-12-03 09:20:00+00:00,0.0,19.0,452.0,20.9,0.0,76.0,34.0,59.0,0.0
2023-12-03 09:25:00+00:00,0.0,19.0,439.0,20.9,0.0,78.0,34.0,59.0,0.0
2023-12-03 09:30:00+00:00,0.0,19.0,449.0,20.9,0.0,79.0,34.0,59.0,0.0
2023-12-03 09:35:00+00:00,0.0,19.0,458.0,20.9,0.0,81.0,34.0,59.0,0.0
2023-12-03 09:40:00+00:00,0.0,19.0,436.0,20.9,0.0,78.0,34.0,59.0,0.0
2023-12-03 09:45:00+00:00,0.0,19.0,459.0,20.9,0.0,78.0,34.0,59.0,0.0
2023-12-03 09:50:00+00:00,0.0,19.0,453.0,20.9,0.0,78.0,34.0,59.0,0.0
2023-12-03 09:55:00+00:00,0.0,19.0,435.0,20.9,0.0,78.0,34.0,59.0,0.0
2023-12-03 10:00:00+00:00,0.0,19.0,439.0,20.9,0.0,78.0,34.0,59.0,0.0
2023-12-03 10:05:00+00:00,0.0,19.0,442.0,20.9,0.0,77.0,34.0,59.0,0.0
2023-12-03 10:10:00+00:00,0.0,19.0,454.0,20.9,0.0,75.0,34.0,59.0,0.0
2023-12-03 10:15:00+00:00,0.0,19.0,446.0,20.9,0.0,74.0,34.0,59.0,0.0
2023-12-03 10:20:00+00:00,0.0,19.0,442.0,20.9,0.0,72.0,34.0,59.0,0.0
2023-12-03 10:25:00+00:00,0.0,19.0,455.0,20.9,0.0,72.0,34.0,59.0,0.0
2023-12-03 10:30:00+00:00,0.0,19.0,440.0,20.9,0.0,72.0,35.0,59.0,0.0
2023-12-03 10:35:00+00:00,0.0,19.0,436.0,20.9,0.0,72.0,33.0,59.0,0.0
2023-12-03 10:40:00+00:00,0.0,19.0,441.0,20.9,0.0,72.0,34.0,59.0,0.0
2023-12-03 10:45:00+00:00,0.0,19.0,448.0,20.9,0.0,70.0,34.0,59.0,0.0
2023-12-03 10:50:00+00:00,0.0,19.0,456.0,20.9,0.0,68.0,34.0,59.0,0.0
2023-12-03 10:55:00+00:00,0.0,19.0,451.0,20.9,0.0,69.0,34.0,59.0,0.0
2023-12-03 11:00:00+00:00,0.0,19.0,464.0,20.9,0.0,71.0,34.0,59.0,0.0
2023-12-03 11:05:00+00:00,0.0,19.0,438.0,20.9,0.0,71.0,34.0,59.0,0.0
2023-12-03 11:10:00+00:00,0.0,19.0,435.0,20.9,0.0,68.0,34.0,59.0,0.0
2023-12-03 11:15:00+00:00,0.0,19.0,445.0,20.9,0.0,69.0,34.0,59.0,0.0
2023-12-03 11:20:00+00:00,0.0,19.0,456.0,20.9,0.0,72.0,34.0,59.0,0.0
2023-12-03 11:25:00+00:00,0.0,19.0,437.0,20.8,0.0,76.0,34.0,59.0,0.0
2023-12-03 11:30:00+00:00,0.0,19.0,449.0,20.9,0.0,73.0,34.0,59.0,0.0
2023-12-03 11:35:00+00:00,0.0,19.0,431.0,20.9,0.0,83.0,34.0,59.0,0.0
2023-12-03 11:40:00+00:00,0.0,19.0,452.0,20.9,0.0,72.0,34.0,59.0,0.0
2023-12-03 11:45:00+00:00,0.0,19.0,462.0,20.9,0.0,72.0,34.0,59.0,0.0
2023-12-03 11:50:00+00:00,0.0,19.0,452.0,20.9,0.0,81.0,34.0,59.0,0.0
2023-12-03 11:55:00+00:00,0.0,19.0,416.0,20.9,0.0,68.0,34.0,59.0,0.0
2023-12-03 12:00:00+00:00,0.0,19.0,436.0,20.9,0.0,65.0,34.0,59.0,0.0
2023-12-03 12:05:00+00:00,0.0,19.0,449.0,20.9,0.0,65.0,34.0,59.0,0.0
2023-12-03 12:10:00+00:00,0.0,18.0,440.0,20.9,0.0,64.0,34.0,59.0,0.0
2023-12-03 12:15:00+00:00,0.0,18.0,443.0,20.9,0.0,64.0,34.0,59.0,0.0
2023-12-03 12:20:00+00:00,0.0,18.0,437.0,20.9,0.0,66.0,34.0,59.0,0.0
2023-12-03 12:25:00+00:00,0.0,18.0,431.0,20.9,0.0,66.0,35.0,59.0,0.0
2023-12-03 12:30:00+00:00,0.0,18.0,431.0,20.9,0.0,67.0,34.0,59.0,0.0
2023-12-03 12:35:00+00:00,0.0,18.0,436.0,20.9,0.0,65.0,34.0,59.0,0.0
2023-12-03 12:40:00+00:00,0.0,18.0,446.0,20.9,0.0,64.0,34.0,59.0,0.0
2023-12-03 12:45:00+00:00,0.0,18.0,438.0,20.9,0.0,61.0,34.0,59.0,0.0
2023-12-03 12:50:00+00:00,0.0,18.0,425.0,20.9,0.0,57.0,34.0,59.0,0.0
2023-12-03 12:55:00+00:00,0.0,19.0,436.0,20.9,0.0,56.0,34.0,59.0,0.0
2023-12-03 13:00:00+00:00,0.0,19.0,443.0,20.9,0.0,53.0,34.0,59.0,0.0
2023-12-03 13:05:00+00:00,0.0,19.0,440.0,20.9,0.0,50.0,35.0,59.0,0.0
2023-12-03 13:10:00+00:00,0.0,19.0,443.0,20.9,0.0,48.0,34.0,59.0,0.0
2023-12-03 13:15:00+00:00,0.0,19.0,457.0,20.9,0.0,47.0,34.0,59.0,0.0
2023-12-03 13:20:00+00:00,0.0,19.0,442.0,20.9,0.0,46.0,34.0,59.0,0.0
2023-12-03 13:25:00+00:00,0.0,19.0,455.0,20.9,0.0,45.0,34.0,59.0,0.0
2023-12-03 13:30:00+00:00,0.0,19.0,440.0,20.9,0.0,41.0,34.0,59.0,0.0
2023-12-03 13:35:00+00:00,0.0,19.0,442.0,20.9,0.0,38.0,34.0,59.0,0.0
2023-12-03 13:40:00+00:00,0.0,19.0,446.0,20.9,0.0,35.0,35.0,59.0,0.0
2023-12-03 13:45:00+00:00,0.0,19.0,442.0,20.9,0.0,32.0,34.0,59.0,0.0
2023-12-03 13:50:00+00:00,0.0,19.0,431.0,20.9,0.0,30.0,34.0,59.0,0.0
2023-12-03 13:55:00+00:00,0.0,19.0,451.0,20.9,0.0,29.0,34.0,59.0,0.0
2023-12-03 14:00:00+00:00,0.0,19.0,455.0,20.9,0.0,27.0,34.0,59.0,0.0
2023-12-03 14:05:00+00:00,0.0,19.0,450.0,20.9,0.0,27.0,34.0,59.0,0.0
2023-12-03 14:10:00+00:00,0.0,19.0,446.0,20.9,0.0,26.0,34.0,59.0,0.0
2023-12-03 14:15:00+00:00,0.0,19.0,448.0,20.9,0.0,24.0,34.0,59.0,0.0
2023-12-03 14:20:00+00:00,0.0,19.0,441.0,20.9,0.0,22.0,34.0,59.0,0.0
2023-12-03 14:25:00+00:00,0.0,19.0,443.0,20.9,0.0,21.0,34.0,59.0,0.0
2023-12-03 14:30:00+00:00,0.0,19.0,443.0,20.9,0.0,19.0,35.0,59.0,0.0
2023-12-03 14:35:00+00:00,0.0,19.0,448.0,20.9,0.0,18.0,35.0,59.0,0.0
2023-12-03 14:40:00+00:00,0.0,19.0,468.0,20.9,0.0,16.0,34.0,59.0,0.0
2023-12-03 14:45:00+00:00,0.0,19.0,441.0,20.9,0.0,14.0,35.0,59.0,0.0
2023-12-03 14:50:00+00:00,0.0,19.0,456.0,20.9,0.0,11.0,35.0,59.0,0.0
2023-12-03 14:55:00+00:00,0.0,19.0,442.0,20.9,0.0,9.0,34.0,59.0,0.0
2023-12-03 15:00:00+00:00,0.0,19.0,451.0,20.9,0.0,8.0,35.0,59.0,0.0
2023-12-03 15:05:00+00:00,0.0,19.0,448.0,20.9,0.0,5.0,35.0,59.0,0.0
2023-12-03 15:10:00+00:00,0.0,19.0,459.0,20.9,0.0,4.0,35.0,59.0,0.0
2023-12-03 15:15:00+00:00,0.0,19.0,444.0,21.0,0.0,2.0,35.0,59.0,0.0
2023-12-03 15:20:00+00:00,0.0,19.0,463.0,21.0,0.0,1.0,35.0,59.0,0.0
2023-12-03 15:25:00+00:00,0.0,19.0,445.0,21.0,0.0,0.0,35.0,59.0,0.0
2023-12-03 15:30:00+00:00,0.0,19.0,450.0,21.0,0.0,1.0,35.0,59.0,0.0
2023-12-03 15:35:00+00:00,0.0,19.0,458.0,21.0,0.0,0.0,34.0,59.0,0.0
2023-12-03 15:40:00+00:00,0.0,19.0,437.0,21.1,0.0,0.0,34.0,59.0,0.0
2023-12-03 15:45:00+00:00,0.0,19.0,448.0,21.1,0.0,0.0,34.0,59.0,0.0
2023-12-03 15:50:00+00:00,0.0,19.0,455.0,21.1,0.0,0.0,34.0,59.0,0.0
2023-12-03 15:55:00+00:00,0.0,19.0,446.0,21.1,0.0,0.0,34.0,59.0,0.0
2023-12-03 16:00:00+00:00,0.0,19.0,450.0,21.1,0.0,0.0,35.0,59.0,0.0
2023-12-03 16:05:00+00:00,0.0,19.0,442.0,21.2,0.0,0.0,34.0,59.0,0.0
2023-12-03 16:10:00+00:00,0.0,19.0,450.0,21.2,0.0,0.0,34.0,59.0,0.0
2023-12-03 16:15:00+00:00,0.0,19.0,460.0,21.2,0.0,0.0,34.0,59.0,0.0
2023-12-03 16:20:00+00:00,0.0,19.0,461.0,21.2,0.0,0.0,34.0,59.0,0.0
2023-12-03 16:25:00+00:00,0.0,19.0,456.0,21.2,0.0,0.0,34.0,59.0,0.0
2023-12-03 16:30:00+00:00,0.0,19.0,465.0,21.2,0.0,0.0,34.0,59.0,0.0
2023-12-03 16:35:00+00:00,0.0,19.0,464.0,21.2,0.0,0.0,34.0,59.0,0.0
2023-12-03 16:40:00+00:00,0.0,19.0,462.0,21.2,0.0,0.0,34.0,59.0,0.0
2023-12-03 16:45:00+00:00,0.0,19.0,466.0,21.2,0.0,0.0,34.0,59.0,0.0
2023-12-03 16:50:00+00:00,0.0,19.0,454.0,21.2,0.0,0.0,34.0,59.0,0.0
2023-12-03 16:55:00+00:00,0.0,19.0,470.0,21.2,0.0,0.0,34.0,59.0,0.0
2023-12-03 17:00:00+00:00,0.0,19.0,457.0,21.2,0.0,0.0,35.0,59.0,0.0
2023-12-03 17:05:00+00:00,0.0,19.0,443.0,21.2,0.0,0.0,34.0,59.0,0.0
2023-12-03 17:10:00+00:00,0.0,19.0,466.0,21.2,0.0,0.0,34.0,59.0,0.0
2023-12-03 17:15:00+00:00,0.0,19.0,476.0,21.2,0.0,0.0,34.0,59.0,0.0
2023-12-03 17:20:00+00:00,0.0,19.0,470.0,21.2,0.0,0.0,34.0,59.0,0.0
2023-12-03 17:25:00+00:00,0.0,19.0,469.0,21.2,0.0,0.0,34.0,59.0,0.0
2023-12-03 17:30:00+00:00,0.0,19.0,460.0,21.2,0.0,0.0,34.0,59.0,0.0
2023-12-03 17:35:00+00:00,0.0,19.0,463.0,21.2,0.0,0.0,34.0,59.0,0.0
2023-12-03 17:40:00+00:00,0.0,19.0,480.0,21.2,0.0,0.0,34.0,59.0,0.0
2023-12-03 17:45:00+00:00,0.0,19.0,465.0,21.2,0.0,0.0,34.0,59.0,0.0
2023-12-03 17:50:00+00:00,0.0,19.0,468.0,21.2,0.0,0.0,34.0,59.0,0.0
2023-12-03 17:55:00+00:00,0.0,19.0,456.0,21.2,0.0,0.0,34.0,59.0,0.0
2023-12-03 18:00:00+00:00,0.0,19.0,464.0,21.2,0.0,0.0,35.0,59.0,0.0
2023-12-03 18:05:00+00:00,0.0,19.0,466.0,21.2,0.0,0.0,34.0,59.0,0.0
2023-12-03 18:10:00+00:00,0.0,19.0,464.0,21.2,0.0,0.0,34.0,59.0,0.0
2023-12-03 18:15:00+00:00,0.0,19.0,485.0,21.2,0.0,0.0,34.0,59.0,0.0
2023-12-03 18:20:00+00:00,0.0,19.0,483.0,21.2,0.0,0.0,34.0,59.0,0.0
2023-12-03 18:25:00+00:00,0.0,19.0,471.0,21.2,0.0,0.0,34.0,59.0,0.0
2023-12-03 18:30:00+00:00,0.0,19.0,482.0,21.2,0.0,0.0,35.0,59.0,0.0
2023-12-03 18:35:00+00:00,0.0,19.0,491.0,21.2,0.0,0.0,34.0,59.0,0.0
2023-12-03 18:40:00+00:00,0.0,19.0,469.0,21.2,0.0,0.0,34.0,59.0,0.0
2023-12-03 18:45:00+00:00,0.0,19.0,499.0,21.2,0.0,0.0,34.0,59.0,0.0
2023-12-03 18:50:00+00:00,0.0,19.0,472.0,21.2,0.0,0.0,34.0,59.0,0.0
2023-12-03 18:55:00+00:00,0.0,19.0,455.0,21.2,0.0,0.0,34.0,59.0,0.0
2023-12-03 19:00:00+00:00,0.0,19.0,476.0,21.2,0.0,0.0,34.0,59.0,0.0
2023-12-03 19:05:00+00:00,0.0,19.0,480.0,21.2,0.0,0.0,34.0,59.0,0.0
2023-12-03 19:10:00+00:00,0.0,19.0,470.0,21.2,0.0,0.0,35.0,59.0,0.0
2023-12-03 19:15:00+00:00,0.0,19.0,501.0,21.1,0.0,0.0,34.0,59.0,0.0
2023-12-03 19:20:00+00:00,0.0,19.0,469.0,21.2,0.0,0.0,34.0,59.0,0.0
2023-12-03 19:25:00+00:00,0.0,19.0,473.0,21.1,0.0,0.0,34.0,59.0,0.0
2023-12-03 19:30:00+00:00,0.0,19.0,491.0,21.2,0.0,0.0,34.0,59.0,0.0
2023-12-03 19:35:00+00:00,0.0,19.0,475.0,21.1,0.0,0.0,33.0,59.0,0.0
2023-12-03 19:40:00+00:00,0.0,19.0,481.0,21.2,0.0,0.0,34.0,59.0,0.0
2023-12-03 19:45:00+00:00,0.0,19.0,467.0,21.1,0.0,0.0,34.0,59.0,0.0
2023-12-03 19:50:00+00:00,0.0,19.0,473.0,21.1,0.0,0.0,34.0,59.0,0.0
2023-12-03 19:55:00+00:00,0.0,19.0,482.0,21.1,0.0,0.0,34.0,59.0,0.0
2023-12-03 20:00:00+00:00,0.0,19.0,478.0,21.1,0.0,0.0,34.0,59.0,0.0
2023-12-03 20:05:00+00:00,0.0,19.0,479.0,21.1,0.0,0.0,34.0,59.0,0.0
2023-12-03 20:10:00+00:00,0.0,19.0,464.0,21.1,0.0,0.0,34.0,59.0,0.0
2023-12-03 20:15:00+00:00,0.0,19.0,487.0,21.1,0.0,0.0,34.0,59.0,0.0
2023-12-03 20:20:00+00:00,0.0,19.0,489.0,21.1,0.0,0.0,34.0,59.0,0.0
2023-12-03 20:25:00+00:00,0.0,19.0,475.0,21.1,0.0,0.0,34.0,59.0,0.0
2023-12-03 20:30:00+00:00,0.0,19.0,483.0,21.1,0.0,0.0,34.0,59.0,0.0
2023-12-03 20:35:00+00:00,0.0,19.0,473.0,21.1,0.0,0.0,34.0,59.0,0.0
2023-12-03 20:40:00+00:00,0.0,19.0,477.0,21.1,0.0,0.0,34.0,59.0,0.0
2023-12-03 20:45:00+00:00,0.0,19.0,463.0,21.1,0.0,0.0,34.0,59.0,0.0
2023-12-03 20:50:00+00:00,0.0,19.0,480.0,21.0,0.0,0.0,34.0,59.0,0.0
2023-12-03 20:55:00+00:00,0.0,19.0,484.0,21.1,0.0,0.0,34.0,59.0,0.0
2023-12-03 21:00:00+00:00,0.0,19.0,475.0,21.0,0.0,0.0,33.0,59.0,0.0
2023-12-03 21:05:00+00:00,0.0,19.0,488.0,21.0,0.0,0.0,33.0,59.0,0.0
2023-12-03 21:10:00+00:00,0.0,19.0,482.0,21.0,0.0,0.0,34.0,59.0,0.0
2023-12-03 21:15:00+00:00,0.0,19.0,475.0,21.1,0.0,0.0,34.0,59.0,0.0
2023-12-03 21:20:00+00:00,0.0,19.0,474.0,21.0,0.0,0.0,34.0,59.0,0.0
2023-12-03 21:25:00+00:00,0.0,19.0,468.0,21.0,0.0,0.0,33.0,59.0,0.0
2023-12-03 21:30:00+00:00,0.0,19.0,461.0,21.0,0.0,0.0,34.0,59.0,0.0
2023-12-03 21:35:00+00:00,0.0,19.0,476.0,21.0,0.0,0.0,34.0,59.0,0.0
2023-12-03 21:40:00+00:00,0.0,19.0,468.0,21.0,0.0,0.0,34.0,59.0,0.0
2023-12-03 21:45:00+00:00,0.0,19.0,466.0,21.0,0.0,0.0,33.0,59.0,0.0
2023-12-03 21:50:00+00:00,0.0,19.0,478.0,21.0,0.0,0.0,34.0,59.0,0.0
2023-12-03 21:55:00+00:00,0.0,19.0,465.0,21.0,0.0,0.0,34.0,59.0,0.0
2023-12-03 22:00:00+00:00,0.0,19.0,477.0,21.0,0.0,0.0,34.0,59.0,0.0
2023-12-03 22:05:00+00:00,0.0,19.0,463.0,21.0,0.0,0.0,33.0,59.0,0.0
2023-12-03 22:10:00+00:00,0.0,19.0,459.0,21.0,0.0,0.0,34.0,59.0,0.0
2023-12-03 22:15:00+00:00,0.0,19.0,459.0,21.0,0.0,0.0,33.0,59.0,0.0
2023-12-03 22:20:00+00:00,0.0,19.0,472.0,20.9,0.0,0.0,34.0,59.0,0.0
2023-12-03 22:25:00+00:00,0.0,19.0,472.0,20.9,0.0,0.0,33.0,59.0,0.0
2023-12-03 22:30:00+00:00,0.0,19.0,454.0,21.0,0.0,0.0,33.0,59.0,0.0
2023-12-03 22:35:00+00:00,0.0,19.0,466.0,20.9,0.0,0.0,33.0,59.0,0.0
2023-12-03 22:40:00+00:00,0.0,19.0,466.0,20.9,0.0,0.0,33.0,59.0,0.0
2023-12-03 22:45:00+00:00,0.0,19.0,460.0,20.9,0.0,0.0,33.0,59.0,0.0
2023-12-03 22:50:00+00:00,0.0,19.0,456.0,20.9,0.0,0.0,34.0,59.0,0.0
2023-12-03 22:55:00+00:00,0.0,19.0,466.0,20.9,0.0,0.0,34.0,59.0,0.0
2023-12-03 23:00:00+00:00,0.0,19.0,483.0,20.9,0.0,0.0,33.0,59.0,0.0
2023-12-03 23:05:00+00:00,0.0,19.0,478.0,20.9,0.0,0.0,33.0,59.0,0.0
2023-12-03 23:10:00+00:00,0.0,18.0,472.0,20.9,0.0,0.0,33.0,59.0,0.0
2023-12-03 23:15:00+00:00,0.0,18.0,466.0,20.9,0.0,0.0,33.0,59.0,0.0
2023-12-03 23:20:00+00:00,0.0,18.0,469.0,20.9,0.0,0.0,33.0,59.0,0.0
2023-12-03 23:25:00+00:00,0.0,18.0,475.0,20.9,0.0,0.0,33.0,59.0,0.0
2023-12-03 23:30:00+00:00,0.0,18.0,474.0,20.9,0.0,0.0,33.0,59.0,0.0
2023-12-03 23:35:00+00:00,0.0,18.0,468.0,20.9,0.0,0.0,33.0,59.0,0.0
2023-12-03 23:40:00+00:00,0.0,18.0,488.0,20.9,0.0,0.0,33.0,59.0,0.0
2023-12-03 23:45:00+00:00,0.0,18.0,474.0,20.8,0.0,0.0,34.0,59.0,0.0
2023-12-03 23:50:00+00:00,0.0,18.0,472.0,20.9,0.0,0.0,34.0,59.0,0.0
2023-12-03 23:55:00+00:00,0.0,18.0,473.0,20.9,0.0,0.0,33.0,59.0,0.0
2023-12-07 00:00:00+00:00,0.0,24.0,484.0,21.6,0.0,0.0,33.0,59.0,0.0
2023-12-07 00:05:00+00:00,0.0,24.0,481.0,21.6,0.0,0.0,33.0,59.0,0.0
2023-12-07 00:10:00+00:00,0.0,24.0,512.0,21.6,0.0,0.0,33.0,59.0,0.0
2023-12-07 00:15:00+00:00,0.0,24.0,490.0,21.6,0.0,0.0,33.0,59.0,0.0
2023-12-07 00:20:00+00:00,0.0,24.0,498.0,21.6,0.0,0.0,33.0,59.0,0.0
2023-12-07 00:25:00+00:00,0.0,24.0,480.0,21.6,0.0,0.0,33.0,59.0,0.0
2023-12-07 00:30:00+00:00,0.0,24.0,496.0,21.6,0.0,0.0,33.0,59.0,0.0
2023-12-07 00:35:00+00:00,0.0,24.0,491.0,21.6,0.0,0.0,33.0,59.0,0.0
2023-12-07 00:40:00+00:00,0.0,24.0,485.0,21.6,0.0,0.0,33.0,59.0,0.0
2023-12-07 00:45:00+00:00,0.0,24.0,490.0,21.6,0.0,0.0,33.0,59.0,0.0
2023-12-07 00:50:00+00:00,0.0,24.0,501.0,21.6,0.0,0.0,33.0,59.0,0.0
2023-12-07 00:55:00+00:00,0.0,24.0,490.0,21.6,0.0,0.0,33.0,59.0,0.0
2023-12-07 01:00:00+00:00,0.0,24.0,496.0,21.6,0.0,0.0,33.0,59.0,0.0
2023-12-07 01:05:00+00:00,0.0,24.0,490.0,21.6,0.0,0.0,33.0,59.0,0.0
2023-12-07 01:10:00+00:00,0.0,24.0,478.0,21.6,0.0,0.0,33.0,59.0,0.0
2023-12-07 01:15:00+00:00,0.0,24.0,488.0,21.6,0.0,0.0,33.0,59.0,0.0
2023-12-07 01:20:00+00:00,0.0,24.0,479.0,21.5,0.0,0.0,33.0,59.0,0.0
2023-12-07 01:25:00+00:00,0.0,24.0,494.0,21.6,0.0,0.0,33.0,59.0,0.0
2023-12-07 01:30:00+00:00,0.0,24.0,482.0,21.5,0.0,0.0,33.0,59.0,0.0
2023-12-07 01:35:00+00:00,0.0,24.0,476.0,21.6,0.0,0.0,33.0,59.0,0.0
2023-12-07 01:40:00+00:00,0.0,24.0,471.0,21.5,0.0,0.0,33.0,59.0,0.0
2023-12-07 01:45:00+00:00,0.0,24.0,475.0,21.5,0.0,0.0,33.0,59.0,0.0
2023-12-07 01:50:00+00:00,0.0,24.0,479.0,21.5,0.0,0.0,33.0,59.0,0.0
2023-12-07 01:55:00+00:00,0.0,24.0,485.0,21.5,0.0,0.0,33.0,59.0,0.0
2023-12-07 02:00:00+00:00,0.0,24.0,478.0,21.5,0.0,0.0,33.0,59.0,0.0
2023-12-07 02:05:00+00:00,0.0,24.0,491.0,21.5,0.0,0.0,33.0,59.0,0.0
2023-12-07 02:10:00+00:00,0.0,24.0,478.0,21.5,0.0,0.0,33.0,59.0,0.0
2023-12-07 02:15:00+00:00,0.0,24.0,478.0,21.5,0.0,0.0,33.0,59.0,0.0
2023-12-07 02:20:00+00:00,0.0,24.0,476.0,21.5,0.0,0.0,33.0,59.0,0.0
2023-12-07 02:25:00+00:00,0.0,24.0,491.0,21.5,0.0,0.0,33.0,59.0,0.0
2023-12-07 02:30:00+00:00,0.0,24.0,492.0,21.5,0.0,0.0,33.0,59.0,0.0
2023-12-07 02:35:00+00:00,0.0,24.0,487.0,21.5,0.0,0.0,33.0,59.0,0.0
2023-12-07 02:40:00+00:00,0.0,24.0,463.0,21.5,0.0,0.0,33.0,59.0,0.0
2023-12-07 02:45:00+00:00,0.0,24.0,473.0,21.5,0.0,0.0,33.0,59.0,0.0
2023-12-07 02:50:00+00:00,0.0,24.0,490.0,21.5,0.0,0.0,33.0,59.0,0.0
2023-12-07 02:55:00+00:00,0.0,24.0,492.0,21.5,0.0,0.0,33.0,59.0,0.0
2023-12-07 03:00:00+00:00,0.0,24.0,496.0,21.5,0.0,0.0,33.0,59.0,0.0
2023-12-07 03:05:00+00:00,0.0,24.0,476.0,21.4,0.0,0.0,33.0,59.0,0.0
2023-12-07 03:10:00+00:00,0.0,24.0,486.0,21.5,0.0,0.0,33.0,59.0,0.0
2023-12-07 03:15:00+00:00,0.0,24.0,484.0,21.4,0.0,0.0,33.0,59.0,0.0
2023-12-07 03:20:00+00:00,0.0,24.0,477.0,21.4,0.0,0.0,33.0,59.0,0.0
2023-12-07 03:25:00+00:00,0.0,24.0,491.0,21.4,0.0,0.0,33.0,59.0,0.0
2023-12-07 03:30:00+00:00,0.0,24.0,478.0,21.4,0.0,0.0,33.0,59.0,0.0
2023-12-07 03:35:00+00:00,0.0,24.0,485.0,21.4,0.0,0.0,33.0,59.0,0.0
2023-12-07 03:40:00+00:00,0.0,23.0,480.0,21.4,0.0,0.0,33.0,59.0,0.0
2023-12-07 03:45:00+00:00,0.0,23.0,496.0,21.4,0.0,0.0,33.0,59.0,0.0
2023-12-07 03:50:00+00:00,0.0,23.0,485.0,21.4,0.0,0.0,33.0,59.0,0.0
2023-12-07 03:55:00+00:00,0.0,23.0,479.0,21.4,0.0,0.0,33.0,59.0,0.0
2023-12-07 04:00:00+00:00,0.0,23.0,494.0,21.4,0.0,0.0,33.0,59.0,0.0
2023-12-07 04:05:00+00:00,0.0,23.0,484.0,21.4,0.0,0.0,34.0,59.0,0.0
2023-12-07 04:10:00+00:00,0.0,23.0,481.0,21.4,0.0,0.0,34.0,59.0,0.0
2023-12-07 04:15:00+00:00,0.0,23.0,488.0,21.4,0.0,0.0,33.0,59.0,0.0
2023-12-07 04:20:00+00:00,0.0,23.0,468.0,21.4,0.0,0.0,34.0,59.0,0.0
2023-12-07 04:25:00+00:00,0.0,23.0,485.0,21.4,0.0,0.0,34.0,59.0,0.0
2023-12-07 04:30:00+00:00,0.0,23.0,501.0,21.4,0.0,0.0,34.0,59.0,0.0
2023-12-07 04:35:00+00:00,0.0,23.0,495.0,21.4,0.0,0.0,34.0,59.0,0.0
2023-12-07 04:40:00+00:00,0.0,23.0,493.0,21.4,0.0,0.0,34.0,59.0,0.0
2023-12-07 04:45:00+00:00,1.0,23.0,501.0,21.4,0.0,1.0,34.0,59.0,0.0
2023-12-07 04:50:00+00:00,0.0,23.0,492.0,21.4,3.0,1.0,37.0,64.0,0.0
2023-12-07 04:55:00+00:00,0.0,23.0,493.0,21.4,0.0,1.0,33.0,59.0,0.0
2023-12-07 05:00:00+00:00,0.0,23.0,497.0,21.4,0.0,0.0,34.0,59.0,0.0
2023-12-07 05:05:00+00:00,0.0,23.0,516.0,21.4,0.0,0.0,34.0,59.0,0.0
2023-12-07 05:10:00+00:00,0.0,23.0,491.0,21.4,0.0,0.0,34.0,59.0,0.0
2023-12-07 05:15:00+00:00,0.0,23.0,528.0,21.4,0.0,0.0,34.0,59.0,0.0
2023-12-07 05:20:00+00:00,0.0,23.0,496.0,21.3,0.0,0.0,34.0,59.0,0.0
2023-12-07 05:25:00+00:00,0.0,23.0,498.0,21.4,0.0,0.0,35.0,59.0,0.0
2023-12-07 05:30:00+00:00,0.0,23.0,511.0,21.4,0.0,0.0,34.0,59.0,0.0
2023-12-07 05:35:00+00:00,0.0,23.0,516.0,21.3,0.0,0.0,35.0,59.0,0.0
2023-12-07 05:40:00+00:00,0.0,23.0,510.0,21.3,0.0,0.0,34.0,59.0,0.0
2023-12-07 05:45:00+00:00,0.0,23.0,500.0,21.3,0.0,0.0,35.0,59.0,0.0
2023-12-07 05:50:00+00:00,0.0,23.0,515.0,21.3,0.0,0.0,35.0,59.0,0.0
2023-12-07 05:55:00+00:00,0.0,23.0,515.0,21.3,0.0,0.0,35.0,59.0,0.0
2023-12-07 06:00:00+00:00,0.0,23.0,515.0,21.3,0.0,0.0,35.0,59.0,0.0
2023-12-07 06:05:00+00:00,0.0,23.0,504.0,21.3,0.0,0.0,35.0,59.0,0.0
2023-12-07 06:10:00+00:00,0.0,23.0,516.0,21.3,0.0,0.0,35.0,59.0,0.0
2023-12-07 06:15:00+00:00,1.0,23.0,513.0,21.3,0.0,0.0,35.0,59.0,0.0
2023-12-07 06:20:00+00:00,0.0,23.0,534.0,21.3,10.0,221.0,38.0,61.0,0.0
2023-12-07 06:25:00+00:00,0.0,23.0,545.0,21.4,7.0,221.0,40.0,61.0,0.0
2023-12-07 06:30:00+00:00,0.0,23.0,540.0,21.4,1.0,222.0,39.0,64.0,0.0
2023-12-07 06:35:00+00:00,0.0,23.0,546.0,21.4,0.0,220.0,38.0,59.0,0.0
2023-12-07 06:40:00+00:00,0.0,23.0,553.0,21.5,0.0,221.0,38.0,59.0,0.0
2023-12-07 06:45:00+00:00,0.0,23.0,572.0,21.5,2.0,224.0,39.0,62.0,0.0
2023-12-07 06:50:00+00:00,0.0,23.0,575.0,21.5,7.0,227.0,39.0,64.0,0.0
2023-12-07 06:55:00+00:00,1.0,23.0,590.0,21.6,0.0,229.0,39.0,70.0,0.0
2023-12-07 07:00:00+00:00,1.0,23.0,598.0,21.6,8.0,229.0,41.0,68.0,0.0
2023-12-07 07:05:00+00:00,0.0,23.0,626.0,21.7,10.0,230.0,49.0,68.0,0.0
2023-12-07 07:10:00+00:00,0.0,23.0,604.0,21.7,4.0,234.0,43.0,68.0,0.0
2023-12-07 07:15:00+00:00,0.0,23.0,579.0,21.8,6.0,238.0,50.0,71.0,0.0
2023-12-07 07:20:00+00:00,0.0,23.0,606.0,21.8,4.0,240.0,48.0,70.0,0.0
2023-12-07 07:25:00+00:00,0.0,23.0,628.0,21.9,10.0,240.0,50.0,66.0,0.0
2023-12-07 07:30:00+00:00,0.0,23.0,658.0,21.9,12.0,244.0,49.0,70.0,0.0
2023-12-07 07:35:00+00:00,0.0,23.0,647.0,22.0,14.0,248.0,49.0,67.0,0.0
2023-12-07 07:40:00+00:00,1.0,23.0,659.0,22.1,4.0,248.0,51.0,68.0,0.0
2023-12-07 07:45:00+00:00,0.0,24.0,676.0,22.1,10.0,243.0,48.0,67.0,0.0
2023-12-07 07:50:00+00:00,0.0,23.0,680.0,22.1,4.0,255.0,40.0,68.0,0.0
2023-12-07 07:55:00+00:00,0.0,23.0,667.0,22.2,5.0,257.0,42.0,74.0,0.0
2023-12-07 08:00:00+00:00,0.0,23.0,680.0,22.2,2.0,253.0,45.0,63.0,0.0
2023-12-07 08:05:00+00:00,0.0,24.0,675.0,22.3,2.0,255.0,42.0,69.0,0.0
2023-12-07 08:10:00+00:00,0.0,24.0,693.0,22.3,7.0,252.0,50.0,70.0,0.0
2023-12-07 08:15:00+00:00,0.0,24.0,696.0,22.3,0.0,252.0,42.0,66.0,0.0
2023-12-07 08:20:00+00:00,0.0,24.0,694.0,22.3,0.0,252.0,38.0,59.0,0.0
2023-12-07 08:25:00+00:00,0.0,24.0,678.0,22.4,5.0,252.0,44.0,68.0,0.0
2023-12-07 08:30:00+00:00,0.0,24.0,712.0,22.4,9.0,252.0,54.0,72.0,0.0
2023-12-07 08:35:00+00:00,0.0,24.0,709.0,22.5,2.0,254.0,51.0,70.0,0.0
2023-12-07 08:40:00+00:00,0.0,24.0,724.0,22.5,0.0,257.0,46.0,68.0,0.0
2023-12-07 08:45:00+00:00,0.0,24.0,731.0,22.5,10.0,258.0,48.0,69.0,0.0
2023-12-07 08:50:00+00:00,0.0,24.0,715.0,22.5,1.0,261.0,43.0,68.0,0.0
2023-12-07 08:55:00+00:00,1.0,24.0,720.0,22.6,1.0,262.0,39.0,66.0,0.0
2023-12-07 09:00:00+00:00,1.0,24.0,738.0,22.6,8.0,261.0,44.0,63.0,0.0
2023-12-07 09:05:00+00:00,1.0,24.0,721.0,22.6,0.0,262.0,42.0,71.0,0.0
2023-12-07 09:10:00+00:00,1.0,24.0,681.0,22.6,0.0,264.0,37.0,59.0,0.0
2023-12-07 09:15:00+00:00,0.0,24.0,664.0,22.6,0.0,269.0,37.0,59.0,0.0
2023-12-07 09:20:00+00:00,0.0,24.0,661.0,22.6,9.0,273.0,42.0,67.0,0.0
2023-12-07 09:25:00+00:00,0.0,24.0,667.0,22.6,3.0,275.0,50.0,68.0,0.0
2023-12-07 09:30:00+00:00,0.0,24.0,679.0,22.7,4.0,276.0,45.0,65.0,0.0
2023-12-07 09:35:00+00:00,0.0,24.0,694.0,22.6,4.0,279.0,45.0,69.0,0.0
2023-12-07 09:40:00+00:00,0.0,24.0,694.0,22.7,3.0,278.0,38.0,63.0,0.0
2023-12-07 09:45:00+00:00,0.0,24.0,690.0,22.7,15.0,278.0,47.0,64.0,0.0
2023-12-07 09:50:00+00:00,1.0,24.0,683.0,22.7,6.0,275.0,48.0,68.0,0.0
2023-12-07 09:55:00+00:00,1.0,24.0,713.0,22.8,6.0,276.0,41.0,63.0,0.0
2023-12-07 10:00:00+00:00,0.0,24.0,696.0,22.7,0.0,276.0,43.0,65.0,0.0
2023-12-07 10:05:00+00:00,1.0,24.0,652.0,22.7,0.0,276.0,43.0,61.0,0.0
2023-12-07 10:10:00+00:00,0.0,24.0,637.0,22.8,13.0,273.0,48.0,66.0,0.0
2023-12-07 10:15:00+00:00,0.0,23.0,631.0,22.8,9.0,279.0,47.0,68.0,0.0
2023-12-07 10:20:00+00:00,0.0,23.0,638.0,22.7,1.0,275.0,36.0,59.0,0.0
2023-12-07 10:25:00+00:00,0.0,23.0,644.0,22.7,1.0,274.0,36.0,59.0,0.0
2023-12-07 10:30:00+00:00,0.0,23.0,635.0,22.7,3.0,275.0,36.0,66.0,0.0
2023-12-07 10:35:00+00:00,0.0,23.0,634.0,22.8,3.0,276.0,39.0,59.0,0.0
2023-12-07 10:40:00+00:00,1.0,23.0,635.0,22.8,10.0,271.0,47.0,67.0,0.0
2023-12-07 10:45:00+00:00,0.0,23.0,623.0,22.8,11.0,63.0,43.0,65.0,0.0
2023-12-07 10:50:00+00:00,0.0,23.0,604.0,22.7,0.0,59.0,36.0,59.0,0.0
2023-12-07 10:55:00+00:00,0.0,23.0,606.0,22.7,0.0,57.0,35.0,59.0,0.0
2023-12-07 11:00:00+00:00,0.0,23.0,593.0,22.7,0.0,61.0,34.0,59.0,0.0
2023-12-07 11:05:00+00:00,0.0,22.0,586.0,22.7,0.0,63.0,35.0,59.0,0.0
2023-12-07 11:10:00+00:00,0.0,22.0,571.0,22.6,0.0,62.0,36.0,59.0,0.0
2023-12-07 11:15:00+00:00,0.0,22.0,547.0,22.6,0.0,58.0,35.0,59.0,0.0
2023-12-07 11:20:00+00:00,0.0,22.0,528.0,22.5,0.0,63.0,35.0,59.0,0.0
2023-12-07 11:25:00+00:00,0.0,22.0,528.0,22.5,0.0,63.0,35.0,59.0,0.0
2023-12-07 11:30:00+00:00,0.0,22.0,519.0,22.5,0.0,65.0,35.0,59.0,0.0
2023-12-07 11:35:00+00:00,0.0,22.0,519.0,22.5,0.0,65.0,35.0,59.0,0.0
2023-12-07 11:40:00+00:00,0.0,22.0,514.0,22.5,0.0,64.0,35.0,59.0,0.0
2023-12-07 11:45:00+00:00,0.0,22.0,500.0,22.5,0.0,63.0,35.0,59.0,0.0
2023-12-07 11:50:00+00:00,0.0,22.0,511.0,22.4,0.0,64.0,36.0,59.0,0.0
2023-12-07 11:55:00+00:00,0.0,22.0,496.0,22.4,0.0,64.0,35.0,59.0,0.0
2023-12-07 12:00:00+00:00,0.0,22.0,508.0,22.4,0.0,58.0,34.0,59.0,0.0
2023-12-07 12:05:00+00:00,0.0,21.0,505.0,22.4,0.0,58.0,35.0,59.0,0.0
2023-12-07 12:10:00+00:00,0.0,21.0,505.0,22.4,0.0,58.0,35.0,59.0,0.0
2023-12-07 12:15:00+00:00,1.0,21.0,481.0,22.4,0.0,57.0,36.0,59.0,0.0
2023-12-07 12:20:00+00:00,1.0,21.0,503.0,22.3,10.0,272.0,39.0,70.0,0.0
2023-12-07 12:25:00+00:00,1.0,21.0,522.0,22.3,10.0,276.0,43.0,73.0,0.0
2023-12-07 12:30:00+00:00,1.0,21.0,531.0,22.4,2.0,274.0,40.0,70.0,0.0
2023-12-07 12:35:00+00:00,1.0,21.0,536.0,22.4,1.0,275.0,38.0,65.0,0.0
2023-12-07 12:40:00+00:00,1.0,21.0,557.0,22.4,2.0,271.0,37.0,59.0,0.0
2023-12-07 12:45:00+00:00,1.0,21.0,537.0,22.4,3.0,269.0,38.0,65.0,0.0
2023-12-07 12:50:00+00:00,1.0,21.0,554.0,22.4,3.0,263.0,37.0,66.0,0.0
2023-12-07 12:55:00+00:00,1.0,21.0,551.0,22.4,3.0,261.0,37.0,70.0,0.0
2023-12-07 13:00:00+00:00,1.0,21.0,531.0,22.4,2.0,261.0,36.0,59.0,0.0
2023-12-07 13:05:00+00:00,1.0,21.0,562.0,22.4,2.0,260.0,36.0,61.0,0.0
2023-12-07 13:10:00+00:00,1.0,21.0,555.0,22.4,2.0,260.0,37.0,63.0,0.0
2023-12-07 13:15:00+00:00,1.0,21.0,535.0,22.4,0.0,258.0,39.0,59.0,0.0
2023-12-07 13:20:00+00:00,1.0,21.0,536.0,22.5,0.0,254.0,38.0,59.0,0.0
2023-12-07 13:25:00+00:00,1.0,21.0,524.0,22.4,0.0,252.0,38.0,59.0,0.0
2023-12-07 13:30:00+00:00,1.0,21.0,530.0,22.4,0.0,250.0,39.0,59.0,0.0
2023-12-07 13:35:00+00:00,0.0,21.0,527.0,22.4,0.0,248.0,40.0,59.0,0.0
2023-12-07 13:40:00+00:00,0.0,21.0,513.0,22.4,0.0,245.0,40.0,59.0,0.0
2023-12-07 13:45:00+00:00,0.0,21.0,509.0,22.4,4.0,243.0,40.0,71.0,0.0
2023-12-07 13:50:00+00:00,0.0,21.0,545.0,22.4,1.0,242.0,37.0,64.0,0.0
2023-12-07 13:55:00+00:00,0.0,21.0,543.0,22.5,2.0,243.0,37.0,60.0,0.0
2023-12-07 14:00:00+00:00,0.0,21.0,538.0,22.5,3.0,239.0,36.0,62.0,0.0
2023-12-07 14:05:00+00:00,0.0,21.0,560.0,22.5,5.0,240.0,37.0,61.0,0.0
2023-12-07 14:10:00+00:00,0.0,21.0,550.0,22.5,4.0,240.0,37.0,68.0,0.0
2023-12-07 14:15:00+00:00,0.0,20.0,562.0,22.5,4.0,234.0,36.0,59.0,0.0
2023-12-07 14:20:00+00:00,0.0,20.0,569.0,22.5,1.0,234.0,37.0,65.0,0.0
2023-12-07 14:25:00+00:00,0.0,20.0,570.0,22.5,3.0,234.0,38.0,65.0,0.0
2023-12-07 14:30:00+00:00,0.0,20.0,599.0,22.5,0.0,233.0,37.0,59.0,0.0
2023-12-07 14:35:00+00:00,0.0,20.0,592.0,22.6,2.0,230.0,38.0,59.0,0.0
2023-12-07 14:40:00+00:00,0.0,20.0,582.0,22.6,2.0,230.0,39.0,59.0,0.0
2023-12-07 14:45:00+00:00,0.0,20.0,597.0,22.6,9.0,225.0,45.0,71.0,0.0
2023-12-07 14:50:00+00:00,0.0,20.0,610.0,22.6,1.0,225.0,42.0,70.0,0.0
2023-12-07 14:55:00+00:00,0.0,20.0,603.0,22.6,0.0,224.0,37.0,59.0,0.0
2023-12-07 15:00:00+00:00,0.0,20.0,599.0,22.6,2.0,219.0,36.0,59.0,0.0
2023-12-07 15:05:00+00:00,0.0,20.0,599.0,22.6,2.0,219.0,38.0,59.0,0.0
2023-12-07 15:10:00+00:00,1.0,20.0,617.0,22.6,2.0,219.0,37.0,68.0,0.0
2023-12-07 15:15:00+00:00,1.0,20.0,606.0,22.6,11.0,3.0,41.0,70.0,0.0
2023-12-07 15:20:00+00:00,1.0,20.0,595.0,22.5,2.0,2.0,37.0,61.0,0.0
2023-12-07 15:25:00+00:00,0.0,20.0,595.0,22.5,2.0,2.0,37.0,65.0,0.0
2023-12-07 15:30:00+00:00,0.0,20.0,597.0,22.5,0.0,1.0,34.0,59.0,0.0
2023-12-07 15:35:00+00:00,0.0,20.0,570.0,22.5,0.0,0.0,35.0,59.0,0.0
2023-12-07 15:40:00+00:00,0.0,20.0,570.0,22.5,0.0,0.0,34.0,59.0,0.0
2023-12-07 15:45:00+00:00,0.0,20.0,560.0,22.4,0.0,0.0,35.0,59.0,0.0
2023-12-07 15:50:00+00:00,0.0,20.0,555.0,22.4,0.0,0.0,34.0,59.0,0.0
2023-12-07 15:55:00+00:00,0.0,20.0,544.0,22.4,0.0,0.0,35.0,59.0,0.0
2023-12-07 16:00:00+00:00,0.0,20.0,544.0,22.4,0.0,0.0,34.0,59.0,0.0
2023-12-07 16:05:00+00:00,0.0,20.0,538.0,22.3,0.0,0.0,35.0,59.0,0.0
2023-12-07 16:10:00+00:00,0.0,20.0,535.0,22.3,0.0,0.0,35.0,59.0,0.0
2023-12-07 16:15:00+00:00,0.0,20.0,531.0,22.3,0.0,0.0,35.0,59.0,0.0
2023-12-07 16:20:00+00:00,0.0,20.0,508.0,22.3,0.0,0.0,35.0,59.0,0.0
2023-12-07 16:25:00+00:00,0.0,20.0,524.0,22.3,0.0,0.0,35.0,59.0,0.0
2023-12-07 16:30:00+00:00,0.0,20.0,520.0,22.3,0.0,1.0,35.0,59.0,0.0
2023-12-07 16:35:00+00:00,0.0,20.0,516.0,22.2,0.0,1.0,35.0,59.0,0.0
2023-12-07 16:40:00+00:00,0.0,20.0,515.0,22.2,0.0,1.0,35.0,59.0,0.0
2023-12-07 16:45:00+00:00,0.0,20.0,503.0,22.2,0.0,1.0,35.0,59.0,0.0
2023-12-07 16:50:00+00:00,0.0,20.0,490.0,22.2,0.0,1.0,36.0,59.0,0.0
2023-12-07 16:55:00+00:00,0.0,20.0,511.0,22.2,0.0,1.0,35.0,59.0,0.0
2023-12-07 17:00:00+00:00,0.0,20.0,492.0,22.2,0.0,1.0,35.0,59.0,0.0
2023-12-07 17:05:00+00:00,0.0,20.0,490.0,22.1,0.0,1.0,35.0,59.0,0.0
2023-12-07 17:10:00+00:00,0.0,20.0,502.0,22.1,0.0,1.0,35.0,59.0,0.0
2023-12-07 17:15:00+00:00,0.0,20.0,497.0,22.1,0.0,1.0,35.0,59.0,0.0
2023-12-07 17:20:00+00:00,0.0,20.0,484.0,22.1,0.0,1.0,35.0,59.0,0.0
2023-12-07 17:25:00+00:00,0.0,20.0,500.0,22.1,0.0,1.0,34.0,59.0,0.0
2023-12-07 17:30:00+00:00,0.0,20.0,489.0,22.1,0.0,1.0,34.0,59.0,0.0
2023-12-07 17:35:00+00:00,0.0,20.0,497.0,22.1,0.0,1.0,34.0,59.0,0.0
2023-12-07 17:40:00+00:00,0.0,20.0,495.0,22.1,0.0,0.0,34.0,59.0,0.0
2023-12-07 17:45:00+00:00,0.0,20.0,487.0,22.0,0.0,0.0,35.0,59.0,0.0
2023-12-07 17:50:00+00:00,0.0,20.0,501.0,22.0,0.0,0.0,34.0,59.0,0.0
2023-12-07 17:55:00+00:00,0.0,20.0,510.0,22.0,0.0,0.0,34.0,59.0,0.0
2023-12-07 18:00:00+00:00,0.0,20.0,494.0,22.0,0.0,0.0,35.0,59.0,0.0
2023-12-07 18:05:00+00:00,0.0,20.0,492.0,22.0,0.0,0.0,34.0,59.0,0.0
2023-12-07 18:10:00+00:00,0.0,20.0,502.0,22.0,0.0,0.0,34.0,59.0,0.0
2023-12-07 18:15:00+00:00,0.0,20.0,485.0,22.0,0.0,0.0,34.0,59.0,0.0
2023-12-07 18:20:00+00:00,0.0,20.0,486.0,22.0,0.0,0.0,34.0,59.0,0.0
2023-12-07 18:25:00+00:00,0.0,20.0,502.0,22.0,0.0,0.0,34.0,59.0,0.0
2023-12-07 18:30:00+00:00,0.0,20.0,483.0,21.9,0.0,0.0,34.0,59.0,0.0
2023-12-07 18:35:00+00:00,0.0,20.0,502.0,21.9,0.0,0.0,34.0,59.0,0.0
2023-12-07 18:40:00+00:00,0.0,20.0,488.0,21.9,0.0,1.0,34.0,59.0,0.0
2023-12-07 18:45:00+00:00,0.0,20.0,489.0,21.9,0.0,1.0,35.0,59.0,0.0
2023-12-07 18:50:00+00:00,0.0,20.0,499.0,21.9,0.0,1.0,34.0,59.0,0.0
2023-12-07 18:55:00+00:00,0.0,20.0,491.0,21.9,0.0,0.0,33.0,59.0,0.0
2023-12-07 19:00:00+00:00,0.0,20.0,501.0,21.9,0.0,0.0,35.0,59.0,0.0
2023-12-07 19:05:00+00:00,0.0,20.0,501.0,21.9,0.0,0.0,34.0,59.0,0.0
2023-12-07 19:10:00+00:00,0.0,20.0,497.0,21.8,0.0,0.0,34.0,59.0,0.0
2023-12-07 19:15:00+00:00,0.0,20.0,481.0,21.8,0.0,0.0,34.0,59.0,0.0
2023-12-07 19:20:00+00:00,0.0,20.0,491.0,21.9,0.0,0.0,34.0,59.0,0.0
2023-12-07 19:25:00+00:00,0.0,20.0,503.0,21.8,0.0,0.0,34.0,59.0,0.0
2023-12-07 19:30:00+00:00,0.0,20.0,488.0,21.8,0.0,0.0,34.0,59.0,0.0
2023-12-07 19:35:00+00:00,0.0,20.0,500.0,21.8,0.0,0.0,34.0,59.0,0.0
2023-12-07 19:40:00+00:00,0.0,20.0,494.0,21.8,0.0,0.0,33.0,59.0,0.0
2023-12-07 19:45:00+00:00,0.0,20.0,506.0,21.8,0.0,0.0,34.0,59.0,0.0
2023-12-07 19:50:00+00:00,0.0,20.0,490.0,21.8,0.0,0.0,33.0,59.0,0.0
2023-12-07 19:55:00+00:00,0.0,20.0,494.0,21.8,0.0,0.0,33.0,59.0,0.0
2023-12-07 20:00:00+00:00,0.0,20.0,486.0,21.8,0.0,0.0,34.0,59.0,0.0
2023-12-07 20:05:00+00:00,0.0,20.0,480.0,21.8,0.0,0.0,33.0,59.0,0.0
2023-12-07 20:10:00+00:00,0.0,20.0,491.0,21.8,0.0,0.0,33.0,59.0,0.0
2023-12-07 20:15:00+00:00,0.0,20.0,486.0,21.7,0.0,0.0,34.0,59.0,0.0
2023-12-07 20:20:00+00:00,0.0,20.0,499.0,21.7,0.0,0.0,33.0,59.0,0.0
2023-12-07 20:25:00+00:00,0.0,20.0,485.0,21.7,0.0,0.0,33.0,59.0,0.0
2023-12-07 20:30:00+00:00,0.0,20.0,484.0,21.7,0.0,0.0,34.0,59.0,0.0
2023-12-07 20:35:00+00:00,0.0,20.0,510.0,21.7,0.0,0.0,33.0,59.0,0.0
2023-12-07 20:40:00+00:00,0.0,20.0,495.0,21.7,0.0,0.0,33.0,59.0,0.0
2023-12-07 20:45:00+00:00,0.0,20.0,487.0,21.7,0.0,0.0,34.0,59.0,0.0
2023-12-07 20:50:00+00:00,0.0,20.0,491.0,21.7,0.0,0.0,34.0,59.0,0.0
2023-12-07 20:55:00+00:00,0.0,20.0,475.0,21.7,0.0,0.0,34.0,59.0,0.0
2023-12-07 21:00:00+00:00,0.0,20.0,483.0,21.6,0.0,0.0,34.0,59.0,0.0
2023-12-07 21:05:00+00:00,1.0,20.0,468.0,21.7,0.0,0.0,34.0,59.0,0.0
2023-12-07 21:10:00+00:00,0.0,20.0,478.0,21.7,0.0,0.0,34.0,59.0,0.0
2023-12-07 21:15:00+00:00,0.0,20.0,478.0,21.7,2.0,1.0,35.0,59.0,0.0
2023-12-07 21:20:00+00:00,0.0,20.0,483.0,21.6,0.0,1.0,33.0,59.0,0.0
2023-12-07 21:25:00+00:00,0.0,20.0,485.0,21.6,0.0,0.0,34.0,59.0,0.0
2023-12-07 21:30:00+00:00,0.0,20.0,500.0,21.6,0.0,0.0,34.0,59.0,0.0
2023-12-07 21:35:00+00:00,0.0,20.0,484.0,21.6,0.0,0.0,34.0,59.0,0.0
2023-12-07 21:40:00+00:00,0.0,20.0,490.0,21.6,0.0,0.0,34.0,59.0,0.0
2023-12-07 21:45:00+00:00,0.0,20.0,496.0,21.6,0.0,0.0,34.0,59.0,0.0
2023-12-07 21:50:00+00:00,0.0,20.0,502.0,21.6,0.0,0.0,34.0,59.0,0.0
2023-12-07 21:55:00+00:00,0.0,20.0,488.0,21.6,0.0,0.0,34.0,59.0,0.0
2023-12-07 22:00:00+00:00,0.0,20.0,483.0,21.6,0.0,0.0,34.0,59.0,0.0
2023-12-07 22:05:00+00:00,0.0,20.0,498.0,21.6,0.0,0.0,34.0,59.0,0.0
2023-12-07 22:10:00+00:00,0.0,20.0,488.0,21.6,0.0,0.0,33.0,59.0,0.0
2023-12-07 22:15:00+00:00,0.0,20.0,481.0,21.5,0.0,0.0,33.0,59.0,0.0
2023-12-07 22:20:00+00:00,0.0,20.0,488.0,21.5,0.0,0.0,33.0,59.0,0.0
2023-12-07 22:25:00+00:00,0.0,20.0,487.0,21.5,0.0,0.0,34.0,59.0,0.0
2023-12-07 22:30:00+00:00,0.0,20.0,503.0,21.5,0.0,0.0,34.0,59.0,0.0
2023-12-07 22:35:00+00:00,0.0,20.0,477.0,21.5,0.0,0.0,33.0,59.0,0.0
2023-12-07 22:40:00+00:00,0.0,20.0,496.0,21.5,0.0,0.0,33.0,59.0,0.0
2023-12-07 22:45:00+00:00,0.0,20.0,499.0,21.5,0.0,0.0,33.0,59.0,0.0
2023-12-07 22:50:00+00:00,0.0,20.0,489.0,21.5,0.0,0.0,33.0,59.0,0.0
2023-12-07 22:55:00+00:00,0.0,20.0,465.0,21.5,0.0,0.0,34.0,59.0,0.0
2023-12-07 23:00:00+00:00,1.0,20.0,484.0,21.5,0.0,0.0,34.0,59.0,0.0
2023-12-07 23:05:00+00:00,0.0,20.0,482.0,21.5,0.0,1.0,33.0,59.0,0.0
2023-12-07 23:10:00+00:00,0.0,20.0,486.0,21.5,2.0,1.0,35.0,59.0,0.0
2023-12-07 23:15:00+00:00,0.0,20.0,480.0,21.5,0.0,1.0,34.0,59.0,0.0
2023-12-07 23:20:00+00:00,0.0,20.0,483.0,21.5,0.0,0.0,33.0,59.0,0.0
2023-12-07 23:25:00+00:00,0.0,20.0,481.0,21.5,0.0,0.0,33.0,59.0,0.0
2023-12-07 23:30:00+00:00,0.0,20.0,486.0,21.5,0.0,0.0,33.0,59.0,0.0
2023-12-07 23:35:00+00:00,0.0,20.0,483.0,21.4,0.0,0.0,33.0,59.0,0.0
2023-12-07 23:40:00+00:00,0.0,20.0,479.0,21.4,0.0,0.0,33.0,59.0,0.0
2023-12-07 23:45:00+00:00,0.0,20.0,487.0,21.5,0.0,0.0,33.0,59.0,0.0
2023-12-07 23:50:00+00:00,0.0,20.0,476.0,21.4,0.0,0.0,33.0,59.0,0.0
2023-12-07 23:55:00+00:00,0.0,20.0,474.0,21.4,0.0,0.0,33.0,59.0,0.0
2023-12-08 00:00:00+00:00,0.0,20.0,487.0,21.4,0.0,0.0,34.0,59.0,0.0
2023-12-08 00:05:00+00:00,0.0,20.0,494.0,21.4,0.0,0.0,33.0,59.0,0.0
2023-12-08 00:10:00+00:00,0.0,20.0,486.0,21.4,0.0,0.0,33.0,59.0,0.0
2023-12-08 00:15:00+00:00,0.0,19.0,481.0,21.4,0.0,0.0,33.0,59.0,0.0
2023-12-08 00:20:00+00:00,1.0,19.0,482.0,21.4,0.0,0.0,33.0,59.0,0.0
2023-12-08 00:25:00+00:00,0.0,19.0,482.0,21.4,4.0,1.0,33.0,59.0,0.0
2023-12-08 00:30:00+00:00,0.0,19.0,486.0,21.4,3.0,1.0,37.0,65.0,0.0
2023-12-08 00:35:00+00:00,0.0,19.0,486.0,21.4,0.0,1.0,33.0,59.0,0.0
2023-12-08 00:40:00+00:00,0.0,19.0,489.0,21.4,0.0,0.0,33.0,59.0,0.0
2023-12-08 00:45:00+00:00,0.0,19.0,494.0,21.4,0.0,0.0,34.0,59.0,0.0
2023-12-08 00:50:00+00:00,0.0,19.0,477.0,21.4,0.0,0.0,34.0,59.0,0.0
2023-12-08 00:55:00+00:00,0.0,19.0,479.0,21.4,0.0,0.0,34.0,59.0,0.0
2023-12-08 01:00:00+00:00,0.0,19.0,485.0,21.4,0.0,0.0,33.0,59.0,0.0
2023-12-08 01:05:00+00:00,0.0,19.0,480.0,21.4,0.0,0.0,34.0,59.0,0.0
2023-12-08 01:10:00+00:00,0.0,19.0,459.0,21.4,0.0,0.0,33.0,59.0,0.0
2023-12-08 01:15:00+00:00,0.0,19.0,468.0,21.4,0.0,0.0,33.0,59.0,0.0
2023-12-08 01:20:00+00:00,0.0,19.0,476.0,21.4,0.0,0.0,33.0,59.0,0.0
2023-12-08 01:25:00+00:00,0.0,19.0,474.0,21.5,0.0,0.0,33.0,59.0,0.0
2023-12-08 01:30:00+00:00,0.0,19.0,458.0,21.4,0.0,0.0,33.0,59.0,0.0
2023-12-08 01:35:00+00:00,0.0,19.0,466.0,21.5,0.0,0.0,33.0,59.0,0.0
2023-12-08 01:40:00+00:00,0.0,19.0,475.0,21.5,0.0,0.0,33.0,59.0,0.0
2023-12-08 01:45:00+00:00,0.0,19.0,455.0,21.5,0.0,0.0,33.0,59.0,0.0
2023-12-08 01:50:00+00:00,0.0,19.0,470.0,21.5,0.0,0.0,33.0,59.0,0.0
2023-12-08 01:55:00+00:00,0.0,19.0,472.0,21.5,0.0,0.0,33.0,59.0,0.0
2023-12-08 02:00:00+00:00,0.0,19.0,464.0,21.5,0.0,0.0,33.0,59.0,0.0
2023-12-08 02:05:00+00:00,0.0,19.0,455.0,21.5,0.0,0.0,33.0,59.0,0.0
2023-12-08 02:10:00+00:00,0.0,19.0,472.0,21.5,0.0,0.0,33.0,59.0,0.0
2023-12-08 02:15:00+00:00,0.0,19.0,472.0,21.5,0.0,0.0,33.0,59.0,0.0
2023-12-08 02:20:00+00:00,0.0,19.0,471.0,21.5,0.0,0.0,33.0,59.0,0.0
2023-12-08 02:25:00+00:00,0.0,19.0,469.0,21.5,0.0,0.0,33.0,59.0,0.0
2023-12-08 02:30:00+00:00,0.0,19.0,453.0,21.5,0.0,0.0,33.0,59.0,0.0
2023-12-08 02:35:00+00:00,0.0,19.0,475.0,21.5,0.0,0.0,33.0,59.0,0.0
2023-12-08 02:40:00+00:00,0.0,19.0,473.0,21.5,0.0,0.0,33.0,59.0,0.0
2023-12-08 02:45:00+00:00,0.0,19.0,461.0,21.5,0.0,0.0,33.0,59.0,0.0
2023-12-08 02:50:00+00:00,0.0,19.0,471.0,21.5,0.0,0.0,33.0,59.0,0.0
2023-12-08 02:55:00+00:00,0.0,19.0,476.0,21.6,0.0,0.0,33.0,59.0,0.0
2023-12-08 03:00:00+00:00,0.0,19.0,483.0,21.5,0.0,0.0,33.0,59.0,0.0
2023-12-08 03:05:00+00:00,0.0,19.0,473.0,21.5,0.0,0.0,33.0,59.0,0.0
2023-12-08 03:10:00+00:00,0.0,19.0,477.0,21.5,0.0,0.0,33.0,59.0,0.0
2023-12-08 03:15:00+00:00,0.0,19.0,466.0,21.5,0.0,0.0,33.0,59.0,0.0
2023-12-08 03:20:00+00:00,0.0,19.0,477.0,21.5,0.0,0.0,33.0,59.0,0.0
2023-12-08 03:25:00+00:00,0.0,19.0,466.0,21.5,0.0,0.0,33.0,59.0,0.0
2023-12-08 03:30:00+00:00,0.0,19.0,481.0,21.5,0.0,0.0,33.0,59.0,0.0
2023-12-08 03:35:00+00:00,0.0,19.0,476.0,21.5,0.0,0.0,33.0,59.0,0.0
2023-12-08 03:40:00+00:00,0.0,19.0,472.0,21.5,0.0,0.0,33.0,59.0,0.0
2023-12-08 03:45:00+00:00,0.0,19.0,483.0,21.5,0.0,0.0,33.0,59.0,0.0
2023-12-08 03:50:00+00:00,0.0,19.0,476.0,21.5,0.0,0.0,33.0,59.0,0.0
2023-12-08 03:55:00+00:00,0.0,19.0,484.0,21.5,0.0,0.0,33.0,59.0,0.0
2023-12-08 04:00:00+00:00,0.0,19.0,466.0,21.5,0.0,0.0,33.0,59.0,0.0
2023-12-08 04:05:00+00:00,0.0,19.0,465.0,21.5,0.0,0.0,33.0,59.0,0.0
2023-12-08 04:10:00+00:00,0.0,19.0,473.0,21.5,0.0,0.0,33.0,59.0,0.0
2023-12-08 04:15:00+00:00,0.0,19.0,488.0,21.5,0.0,0.0,33.0,59.0,0.0
2023-12-08 04:20:00+00:00,0.0,19.0,476.0,21.5,0.0,0.0,33.0,59.0,0.0
2023-12-08 04:25:00+00:00,0.0,19.0,479.0,21.5,0.0,0.0,33.0,59.0,0.0
2023-12-08 04:30:00+00:00,0.0,19.0,485.0,21.5,0.0,0.0,34.0,59.0,0.0
2023-12-08 04:35:00+00:00,0.0,19.0,493.0,21.5,0.0,0.0,33.0,59.0,0.0
2023-12-08 04:40:00+00:00,0.0,18.0,486.0,21.5,0.0,0.0,33.0,59.0,0.0
2023-12-08 04:45:00+00:00,0.0,18.0,479.0,21.5,0.0,0.0,33.0,59.0,0.0
2023-12-08 04:50:00+00:00,0.0,18.0,473.0,21.4,0.0,0.0,33.0,59.0,0.0
2023-12-08 04:55:00+00:00,0.0,18.0,483.0,21.5,0.0,0.0,33.0,59.0,0.0
2023-12-08 05:00:00+00:00,0.0,18.0,483.0,21.4,0.0,0.0,33.0,59.0,0.0
2023-12-08 05:05:00+00:00,0.0,18.0,482.0,21.4,0.0,0.0,33.0,59.0,0.0
2023-12-08 05:10:00+00:00,0.0,18.0,477.0,21.4,0.0,0.0,34.0,59.0,0.0
2023-12-08 05:15:00+00:00,0.0,18.0,467.0,21.4,0.0,0.0,33.0,59.0,0.0
2023-12-08 05:20:00+00:00,0.0,18.0,484.0,21.4,0.0,0.0,33.0,59.0,0.0
2023-12-08 05:25:00+00:00,0.0,18.0,487.0,21.4,0.0,0.0,33.0,59.0,0.0
2023-12-08 05:30:00+00:00,0.0,18.0,485.0,21.4,0.0,0.0,33.0,59.0,0.0
2023-12-08 05:35:00+00:00,0.0,18.0,475.0,21.4,0.0,0.0,34.0,59.0,0.0
2023-12-08 05:40:00+00:00,0.0,18.0,483.0,21.4,0.0,1.0,34.0,59.0,0.0
2023-12-08 05:45:00+00:00,0.0,18.0,491.0,21.4,0.0,1.0,34.0,59.0,0.0
2023-12-08 05:50:00+00:00,0.0,18.0,472.0,21.4,0.0,1.0,34.0,59.0,0.0
2023-12-08 05:55:00+00:00,0.0,18.0,486.0,21.4,0.0,1.0,33.0,59.0,0.0
2023-12-08 06:00:00+00:00,0.0,18.0,481.0,21.4,0.0,1.0,34.0,59.0,0.0
2023-12-08 06:05:00+00:00,0.0,18.0,475.0,21.3,0.0,1.0,33.0,59.0,0.0
2023-12-08 06:10:00+00:00,0.0,18.0,476.0,21.4,0.0,1.0,33.0,59.0,0.0
2023-12-08 06:15:00+00:00,0.0,18.0,466.0,21.3,0.0,1.0,33.0,59.0,0.0
2023-12-08 06:20:00+00:00,0.0,18.0,456.0,21.3,0.0,1.0,33.0,59.0,0.0
2023-12-08 06:25:00+00:00,0.0,18.0,465.0,21.3,0.0,2.0,33.0,59.0,0.0
2023-12-08 06:30:00+00:00,0.0,18.0,501.0,21.3,0.0,4.0,34.0,59.0,0.0
2023-12-08 06:35:00+00:00,0.0,18.0,481.0,21.3,0.0,5.0,34.0,59.0,0.0
2023-12-08 06:40:00+00:00,0.0,18.0,489.0,21.3,0.0,8.0,33.0,59.0,0.0
2023-12-08 06:45:00+00:00,0.0,18.0,485.0,21.3,0.0,10.0,34.0,59.0,0.0
2023-12-08 06:50:00+00:00,0.0,18.0,481.0,21.3,0.0,13.0,33.0,59.0,0.0
2023-12-08 06:55:00+00:00,0.0,18.0,497.0,21.3,0.0,17.0,33.0,59.0,0.0
2023-12-08 07:00:00+00:00,0.0,18.0,491.0,21.3,0.0,19.0,34.0,59.0,0.0
2023-12-08 07:05:00+00:00,0.0,18.0,499.0,21.3,0.0,23.0,33.0,59.0,0.0
2023-12-08 07:10:00+00:00,0.0,18.0,479.0,21.3,0.0,26.0,34.0,59.0,0.0
2023-12-08 07:15:00+00:00,0.0,18.0,491.0,21.3,0.0,29.0,34.0,59.0,0.0
2023-12-08 07:20:00+00:00,0.0,18.0,479.0,21.3,0.0,33.0,34.0,59.0,0.0
2023-12-08 07:25:00+00:00,0.0,18.0,489.0,21.3,0.0,35.0,33.0,59.0,0.0
2023-12-08 07:30:00+00:00,0.0,18.0,485.0,21.3,0.0,36.0,34.0,59.0,0.0
2023-12-08 07:35:00+00:00,0.0,18.0,485.0,21.3,0.0,37.0,33.0,59.0,0.0
2023-12-08 07:40:00+00:00,0.0,18.0,492.0,21.3,0.0,37.0,34.0,59.0,0.0
2023-12-08 07:45:00+00:00,0.0,18.0,487.0,21.3,0.0,37.0,33.0,59.0,0.0
2023-12-08 07:50:00+00:00,0.0,18.0,499.0,21.3,0.0,40.0,34.0,59.0,0.0
2023-12-08 07:55:00+00:00,0.0,18.0,495.0,21.3,0.0,42.0,36.0,59.0,0.0
2023-12-08 08:00:00+00:00,0.0,18.0,483.0,21.3,0.0,45.0,35.0,59.0,0.0
2023-12-08 08:05:00+00:00,0.0,18.0,471.0,21.3,0.0,48.0,34.0,59.0,0.0
2023-12-08 08:10:00+00:00,0.0,18.0,482.0,21.3,0.0,51.0,34.0,59.0,0.0
2023-12-08 08:15:00+00:00,0.0,18.0,482.0,21.3,0.0,54.0,34.0,59.0,0.0
2023-12-08 08:20:00+00:00,0.0,18.0,466.0,21.3,0.0,57.0,34.0,59.0,0.0
2023-12-08 08:25:00+00:00,0.0,18.0,476.0,21.3,0.0,60.0,34.0,59.0,0.0
2023-12-08 08:30:00+00:00,0.0,18.0,496.0,21.3,0.0,63.0,34.0,59.0,0.0
2023-12-08 08:35:00+00:00,0.0,18.0,474.0,21.3,0.0,63.0,34.0,59.0,0.0
2023-12-08 08:40:00+00:00,0.0,18.0,452.0,21.3,0.0,65.0,34.0,59.0,0.0
2023-12-08 08:45:00+00:00,0.0,18.0,452.0,21.4,0.0,67.0,34.0,59.0,0.0
2023-12-08 08:50:00+00:00,0.0,18.0,460.0,21.4,0.0,69.0,34.0,59.0,0.0
2023-12-08 08:55:00+00:00,0.0,18.0,475.0,21.4,0.0,70.0,34.0,59.0,0.0
2023-12-08 09:00:00+00:00,0.0,18.0,469.0,21.4,0.0,69.0,34.0,59.0,0.0
2023-12-08 09:05:00+00:00,0.0,18.0,463.0,21.4,0.0,72.0,34.0,59.0,0.0
2023-12-08 09:10:00+00:00,0.0,18.0,461.0,21.5,0.0,75.0,34.0,59.0,0.0
2023-12-08 09:15:00+00:00,0.0,18.0,478.0,21.5,0.0,75.0,34.0,59.0,0.0
2023-12-08 09:20:00+00:00,0.0,18.0,467.0,21.5,0.0,81.0,34.0,59.0,0.0
2023-12-08 09:25:00+00:00,0.0,18.0,467.0,21.5,0.0,83.0,33.0,59.0,0.0
2023-12-08 09:30:00+00:00,0.0,18.0,457.0,21.5,0.0,85.0,35.0,59.0,0.0
2023-12-08 09:35:00+00:00,0.0,18.0,463.0,21.6,0.0,87.0,35.0,59.0,0.0
2023-12-08 09:40:00+00:00,0.0,18.0,477.0,21.5,0.0,89.0,35.0,59.0,0.0
2023-12-08 09:45:00+00:00,0.0,18.0,460.0,21.6,0.0,88.0,35.0,59.0,0.0
2023-12-08 09:50:00+00:00,0.0,18.0,460.0,21.6,0.0,85.0,35.0,59.0,0.0
2023-12-08 09:55:00+00:00,0.0,18.0,460.0,21.6,0.0,87.0,35.0,59.0,0.0
2023-12-08 10:00:00+00:00,0.0,18.0,470.0,21.6,0.0,86.0,35.0,59.0,0.0
2023-12-08 10:05:00+00:00,0.0,18.0,475.0,21.6,0.0,88.0,35.0,59.0,0.0
2023-12-08 10:10:00+00:00,0.0,18.0,490.0,21.6,0.0,89.0,34.0,59.0,0.0
2023-12-08 10:15:00+00:00,0.0,18.0,488.0,21.6,0.0,92.0,34.0,59.0,0.0
2023-12-08 10:20:00+00:00,0.0,18.0,491.0,21.7,0.0,93.0,35.0,59.0,0.0
2023-12-08 10:25:00+00:00,0.0,18.0,483.0,21.7,0.0,93.0,34.0,59.0,0.0
2023-12-08 10:30:00+00:00,0.0,18.0,475.0,21.7,0.0,88.0,34.0,59.0,0.0
2023-12-08 10:35:00+00:00,0.0,18.0,485.0,21.7,0.0,87.0,35.0,59.0,0.0
2023-12-08 10:40:00+00:00,0.0,18.0,493.0,21.7,0.0,88.0,34.0,59.0,0.0
2023-12-08 10:45:00+00:00,0.0,18.0,491.0,21.7,0.0,90.0,34.0,59.0,0.0
2023-12-08 10:50:00+00:00,0.0,18.0,503.0,21.7,0.0,90.0,34.0,59.0,0.0
2023-12-08 10:55:00+00:00,0.0,18.0,485.0,21.7,0.0,90.0,33.0,59.0,0.0
2023-12-08 11:00:00+00:00,0.0,18.0,487.0,21.7,0.0,91.0,34.0,59.0,0.0
2023-12-08 11:05:00+00:00,0.0,18.0,490.0,21.7,0.0,93.0,34.0,59.0,0.0
2023-12-08 11:10:00+00:00,0.0,18.0,500.0,21.7,0.0,96.0,34.0,59.0,0.0
2023-12-08 11:15:00+00:00,0.0,18.0,487.0,21.7,0.0,98.0,33.0,59.0,0.0
2023-12-08 11:20:00+00:00,0.0,18.0,496.0,21.7,0.0,97.0,34.0,59.0,0.0
2023-12-08 11:25:00+00:00,0.0,18.0,506.0,21.7,0.0,94.0,34.0,59.0,0.0
2023-12-08 11:30:00+00:00,0.0,18.0,510.0,21.7,0.0,92.0,34.0,59.0,0.0
2023-12-08 11:35:00+00:00,0.0,18.0,502.0,21.7,0.0,89.0,35.0,59.0,0.0
2023-12-08 11:40:00+00:00,0.0,18.0,490.0,21.8,0.0,92.0,34.0,59.0,0.0
2023-12-08 11:45:00+00:00,0.0,18.0,495.0,21.8,0.0,87.0,34.0,59.0,0.0
2023-12-08 11:50:00+00:00,0.0,18.0,503.0,21.7,0.0,84.0,35.0,59.0,0.0
2023-12-08 11:55:00+00:00,0.0,18.0,508.0,21.7,0.0,81.0,35.0,59.0,0.0
2023-12-08 12:00:00+00:00,0.0,18.0,494.0,21.8,0.0,83.0,34.0,59.0,0.0
2023-12-08 12:05:00+00:00,0.0,18.0,489.0,21.8,0.0,83.0,34.0,59.0,0.0
2023-12-08 12:10:00+00:00,0.0,18.0,505.0,21.8,0.0,82.0,34.0,59.0,0.0
2023-12-08 12:15:00+00:00,0.0,18.0,506.0,21.8,0.0,76.0,34.0,59.0,0.0
2023-12-08 12:20:00+00:00,0.0,18.0,497.0,21.8,0.0,77.0,34.0,59.0,0.0
2023-12-08 12:25:00+00:00,0.0,18.0,506.0,21.8,0.0,74.0,34.0,59.0,0.0
2023-12-08 12:30:00+00:00,0.0,18.0,506.0,21.8,0.0,78.0,34.0,59.0,0.0
2023-12-08 12:35:00+00:00,0.0,18.0,502.0,21.8,0.0,77.0,34.0,59.0,0.0
2023-12-08 12:40:00+00:00,0.0,18.0,504.0,21.8,0.0,79.0,34.0,59.0,0.0
2023-12-08 12:45:00+00:00,0.0,18.0,506.0,21.8,0.0,78.0,34.0,59.0,0.0
2023-12-08 12:50:00+00:00,0.0,18.0,492.0,21.8,0.0,74.0,34.0,59.0,0.0
2023-12-08 12:55:00+00:00,0.0,19.0,494.0,21.8,0.0,68.0,34.0,59.0,0.0
2023-12-08 13:00:00+00:00,0.0,19.0,489.0,21.8,0.0,66.0,34.0,59.0,0.0
2023-12-08 13:05:00+00:00,0.0,19.0,491.0,21.8,0.0,63.0,34.0,59.0,0.0
2023-12-08 13:10:00+00:00,0.0,19.0,481.0,21.8,0.0,56.0,34.0,59.0,0.0
2023-12-08 13:15:00+00:00,0.0,19.0,480.0,21.8,0.0,53.0,33.0,59.0,0.0
2023-12-08 13:20:00+00:00,0.0,19.0,492.0,21.8,0.0,51.0,34.0,59.0,0.0
2023-12-08 13:25:00+00:00,0.0,19.0,483.0,21.8,0.0,47.0,34.0,59.0,0.0
2023-12-08 13:30:00+00:00,0.0,19.0,489.0,21.8,0.0,43.0,34.0,59.0,0.0
2023-12-08 13:35:00+00:00,0.0,19.0,481.0,21.8,0.0,39.0,34.0,59.0,0.0
2023-12-08 13:40:00+00:00,0.0,19.0,483.0,21.8,0.0,41.0,34.0,59.0,0.0
2023-12-08 13:45:00+00:00,0.0,19.0,485.0,21.8,0.0,36.0,34.0,59.0,0.0
2023-12-08 13:50:00+00:00,0.0,19.0,494.0,21.8,0.0,35.0,34.0,59.0,0.0
2023-12-08 13:55:00+00:00,0.0,19.0,487.0,21.8,0.0,30.0,33.0,59.0,0.0
2023-12-08 14:00:00+00:00,0.0,19.0,476.0,21.8,0.0,29.0,34.0,59.0,0.0
2023-12-08 14:05:00+00:00,0.0,19.0,494.0,21.8,0.0,28.0,34.0,59.0,0.0
2023-12-08 14:10:00+00:00,0.0,19.0,485.0,21.8,0.0,27.0,34.0,59.0,0.0
2023-12-08 14:15:00+00:00,0.0,19.0,491.0,21.8,0.0,24.0,34.0,59.0,0.0
2023-12-08 14:20:00+00:00,0.0,19.0,478.0,21.8,0.0,20.0,34.0,59.0,0.0
2023-12-08 14:25:00+00:00,0.0,19.0,470.0,21.8,0.0,18.0,34.0,59.0,0.0
2023-12-08 14:30:00+00:00,0.0,19.0,500.0,21.8,0.0,16.0,33.0,59.0,0.0
2023-12-08 14:35:00+00:00,0.0,19.0,478.0,21.8,0.0,14.0,34.0,59.0,0.0
2023-12-08 14:40:00+00:00,0.0,19.0,484.0,21.8,0.0,11.0,34.0,59.0,0.0
2023-12-08 14:45:00+00:00,0.0,19.0,471.0,21.8,0.0,9.0,34.0,59.0,0.0
2023-12-08 14:50:00+00:00,0.0,19.0,470.0,21.7,0.0,7.0,34.0,59.0,0.0
2023-12-08 14:55:00+00:00,0.0,19.0,476.0,21.7,0.0,5.0,34.0,59.0,0.0
2023-12-08 15:00:00+00:00,0.0,19.0,477.0,21.8,0.0,4.0,34.0,59.0,0.0
2023-12-08 15:05:00+00:00,0.0,19.0,484.0,21.7,0.0,2.0,34.0,59.0,0.0
2023-12-08 15:10:00+00:00,0.0,19.0,474.0,21.7,0.0,1.0,34.0,59.0,0.0
2023-12-08 15:15:00+00:00,0.0,19.0,475.0,21.7,0.0,1.0,34.0,59.0,0.0
2023-12-08 15:20:00+00:00,0.0,19.0,463.0,21.7,0.0,1.0,34.0,59.0,0.0
2023-12-08 15:25:00+00:00,0.0,19.0,476.0,21.7,0.0,1.0,33.0,59.0,0.0
2023-12-08 15:30:00+00:00,0.0,19.0,474.0,21.7,0.0,0.0,34.0,59.0,0.0
2023-12-08 15:35:00+00:00,0.0,19.0,463.0,21.7,0.0,0.0,34.0,59.0,0.0
2023-12-08 15:40:00+00:00,0.0,19.0,472.0,21.7,0.0,0.0,33.0,59.0,0.0
2023-12-08 15:45:00+00:00,0.0,19.0,468.0,21.7,0.0,0.0,34.0,59.0,0.0
2023-12-08 15:50:00+00:00,0.0,19.0,480.0,21.7,0.0,0.0,34.0,59.0,0.0
2023-12-08 15:55:00+00:00,0.0,19.0,479.0,21.7,0.0,0.0,34.0,59.0,0.0
2023-12-08 16:00:00+00:00,0.0,19.0,470.0,21.7,0.0,0.0,34.0,59.0,0.0
2023-12-08 16:05:00+00:00,0.0,19.0,478.0,21.7,0.0,0.0,34.0,59.0,0.0
2023-12-08 16:10:00+00:00,0.0,19.0,478.0,21.7,0.0,0.0,33.0,59.0,0.0
2023-12-08 16:15:00+00:00,0.0,19.0,462.0,21.7,0.0,0.0,34.0,59.0,0.0
2023-12-08 16:20:00+00:00,0.0,19.0,465.0,21.7,0.0,0.0,34.0,59.0,0.0
2023-12-08 16:25:00+00:00,0.0,19.0,477.0,21.7,0.0,0.0,34.0,59.0,0.0
2023-12-08 16:30:00+00:00,0.0,19.0,484.0,21.6,0.0,0.0,33.0,59.0,0.0
2023-12-08 16:35:00+00:00,0.0,19.0,463.0,21.6,0.0,0.0,34.0,59.0,0.0
2023-12-08 16:40:00+00:00,0.0,19.0,483.0,21.7,0.0,1.0,33.0,59.0,0.0
2023-12-08 16:45:00+00:00,0.0,19.0,483.0,21.6,0.0,1.0,34.0,59.0,0.0
2023-12-08 16:50:00+00:00,0.0,19.0,481.0,21.6,0.0,0.0,34.0,59.0,0.0
2023-12-08 16:55:00+00:00,0.0,19.0,473.0,21.6,0.0,0.0,33.0,59.0,0.0
2023-12-08 17:00:00+00:00,0.0,19.0,464.0,21.6,0.0,0.0,34.0,59.0,0.0
2023-12-08 17:05:00+00:00,0.0,19.0,477.0,21.6,0.0,0.0,34.0,59.0,0.0
2023-12-08 17:10:00+00:00,0.0,19.0,484.0,21.6,0.0,0.0,34.0,59.0,0.0
2023-12-08 17:15:00+00:00,0.0,19.0,495.0,21.6,0.0,0.0,34.0,59.0,0.0
2023-12-08 17:20:00+00:00,0.0,19.0,486.0,21.6,0.0,0.0,34.0,59.0,0.0
2023-12-08 17:25:00+00:00,0.0,19.0,482.0,21.6,0.0,0.0,34.0,59.0,0.0
2023-12-08 17:30:00+00:00,0.0,19.0,483.0,21.6,0.0,0.0,34.0,59.0,0.0
2023-12-08 17:35:00+00:00,0.0,19.0,506.0,21.6,0.0,0.0,34.0,59.0,0.0
2023-12-08 17:40:00+00:00,0.0,19.0,486.0,21.6,0.0,0.0,33.0,59.0,0.0
2023-12-08 17:45:00+00:00,0.0,19.0,489.0,21.6,0.0,0.0,34.0,59.0,0.0
2023-12-08 17:50:00+00:00,0.0,19.0,495.0,21.6,0.0,0.0,34.0,59.0,0.0
2023-12-08 17:55:00+00:00,0.0,19.0,504.0,21.6,0.0,0.0,34.0,59.0,0.0
2023-12-08 18:00:00+00:00,0.0,19.0,517.0,21.6,0.0,0.0,34.0,59.0,0.0
2023-12-08 18:05:00+00:00,0.0,19.0,507.0,21.5,0.0,0.0,33.0,59.0,0.0
2023-12-08 18:10:00+00:00,0.0,19.0,476.0,21.6,0.0,0.0,33.0,59.0,0.0
2023-12-08 18:15:00+00:00,0.0,19.0,486.0,21.6,0.0,0.0,34.0,59.0,0.0
2023-12-08 18:20:00+00:00,0.0,19.0,502.0,21.6,0.0,0.0,34.0,59.0,0.0
2023-12-08 18:25:00+00:00,0.0,19.0,496.0,21.5,0.0,0.0,34.0,59.0,0.0
2023-12-08 18:30:00+00:00,0.0,19.0,484.0,21.5,0.0,0.0,34.0,59.0,0.0
2023-12-08 18:35:00+00:00,0.0,19.0,496.0,21.5,0.0,0.0,34.0,59.0,0.0
2023-12-08 18:40:00+00:00,0.0,19.0,512.0,21.5,0.0,0.0,33.0,59.0,0.0
2023-12-08 18:45:00+00:00,0.0,19.0,502.0,21.5,0.0,0.0,34.0,59.0,0.0
2023-12-08 18:50:00+00:00,0.0,19.0,477.0,21.5,0.0,0.0,34.0,59.0,0.0
2023-12-08 18:55:00+00:00,0.0,19.0,514.0,21.5,0.0,0.0,33.0,59.0,0.0
2023-12-08 19:00:00+00:00,0.0,19.0,501.0,21.5,0.0,0.0,34.0,59.0,0.0
2023-12-08 19:05:00+00:00,0.0,19.0,503.0,21.5,0.0,0.0,33.0,59.0,0.0
2023-12-08 19:10:00+00:00,0.0,19.0,500.0,21.5,0.0,0.0,33.0,59.0,0.0
2023-12-08 19:15:00+00:00,0.0,19.0,503.0,21.5,0.0,0.0,34.0,59.0,0.0
2023-12-08 19:20:00+00:00,0.0,19.0,494.0,21.5,0.0,0.0,33.0,59.0,0.0
2023-12-08 19:25:00+00:00,0.0,19.0,488.0,21.5,0.0,0.0,34.0,59.0,0.0
2023-12-08 19:30:00+00:00,0.0,19.0,496.0,21.5,0.0,0.0,34.0,59.0,0.0
2023-12-08 19:35:00+00:00,0.0,19.0,504.0,21.5,0.0,0.0,34.0,59.0,0.0
2023-12-08 19:40:00+00:00,0.0,19.0,491.0,21.5,0.0,0.0,33.0,59.0,0.0
2023-12-08 19:45:00+00:00,0.0,19.0,491.0,21.4,0.0,0.0,34.0,59.0,0.0
2023-12-08 19:50:00+00:00,0.0,19.0,485.0,21.5,0.0,0.0,34.0,59.0,0.0
2023-12-08 19:55:00+00:00,0.0,19.0,504.0,21.5,0.0,0.0,34.0,59.0,0.0
2023-12-08 20:00:00+00:00,0.0,19.0,494.0,21.4,0.0,0.0,33.0,59.0,0.0
2023-12-08 20:05:00+00:00,0.0,19.0,505.0,21.4,0.0,0.0,33.0,59.0,0.0
2023-12-08 20:10:00+00:00,0.0,19.0,490.0,21.4,0.0,0.0,33.0,59.0,0.0
2023-12-08 20:15:00+00:00,0.0,19.0,505.0,21.5,0.0,0.0,34.0,59.0,0.0
2023-12-08 20:20:00+00:00,0.0,19.0,500.0,21.4,0.0,0.0,33.0,59.0,0.0
2023-12-08 20:25:00+00:00,0.0,19.0,499.0,21.4,0.0,0.0,33.0,59.0,0.0
2023-12-08 20:30:00+00:00,0.0,19.0,487.0,21.4,0.0,0.0,34.0,59.0,0.0
2023-12-08 20:35:00+00:00,0.0,19.0,498.0,21.4,0.0,0.0,33.0,59.0,0.0
2023-12-08 20:40:00+00:00,0.0,19.0,507.0,21.4,0.0,0.0,33.0,59.0,0.0
2023-12-08 20:45:00+00:00,0.0,19.0,481.0,21.4,0.0,0.0,33.0,59.0,0.0
2023-12-08 20:50:00+00:00,0.0,19.0,490.0,21.4,0.0,0.0,34.0,59.0,0.0
2023-12-08 20:55:00+00:00,0.0,19.0,508.0,21.4,0.0,0.0,33.0,59.0,0.0
2023-12-08 21:00:00+00:00,0.0,19.0,489.0,21.4,0.0,0.0,33.0,59.0,0.0
2023-12-08 21:05:00+00:00,0.0,19.0,495.0,21.4,0.0,0.0,33.0,59.0,0.0
2023-12-08 21:10:00+00:00,0.0,19.0,492.0,21.4,0.0,0.0,33.0,59.0,0.0
2023-12-08 21:15:00+00:00,0.0,19.0,501.0,21.4,0.0,0.0,34.0,59.0,0.0
2023-12-08 21:20:00+00:00,0.0,19.0,497.0,21.4,0.0,0.0,33.0,59.0,0.0
2023-12-08 21:25:00+00:00,0.0,19.0,495.0,21.4,0.0,0.0,34.0,59.0,0.0
2023-12-08 21:30:00+00:00,0.0,19.0,490.0,21.4,0.0,0.0,33.0,59.0,0.0
2023-12-08 21:35:00+00:00,0.0,19.0,502.0,21.4,0.0,0.0,33.0,59.0,0.0
2023-12-08 21:40:00+00:00,0.0,19.0,496.0,21.4,0.0,0.0,33.0,59.0,0.0
2023-12-08 21:45:00+00:00,0.0,19.0,492.0,21.4,0.0,0.0,33.0,59.0,0.0
2023-12-08 21:50:00+00:00,0.0,19.0,491.0,21.4,0.0,0.0,33.0,59.0,0.0
2023-12-08 21:55:00+00:00,0.0,19.0,493.0,21.4,0.0,0.0,33.0,59.0,0.0
2023-12-08 22:00:00+00:00,0.0,19.0,480.0,21.4,0.0,0.0,33.0,59.0,0.0
2023-12-08 22:05:00+00:00,0.0,19.0,519.0,21.4,0.0,0.0,34.0,59.0,0.0
2023-12-08 22:10:00+00:00,0.0,19.0,480.0,21.4,0.0,0.0,33.0,59.0,0.0
2023-12-08 22:15:00+00:00,0.0,19.0,490.0,21.3,0.0,0.0,33.0,59.0,0.0
2023-12-08 22:20:00+00:00,0.0,19.0,475.0,21.3,0.0,0.0,34.0,59.0,0.0
2023-12-08 22:25:00+00:00,0.0,19.0,488.0,21.4,0.0,0.0,33.0,59.0,0.0
2023-12-08 22:30:00+00:00,0.0,19.0,488.0,21.3,0.0,0.0,33.0,59.0,0.0
2023-12-08 22:35:00+00:00,0.0,19.0,485.0,21.3,0.0,0.0,33.0,59.0,0.0
2023-12-08 22:40:00+00:00,0.0,19.0,482.0,21.3,0.0,0.0,33.0,59.0,0.0
2023-12-08 22:45:00+00:00,0.0,19.0,490.0,21.3,0.0,0.0,33.0,59.0,0.0
2023-12-08 22:50:00+00:00,0.0,19.0,488.0,21.3,0.0,0.0,33.0,59.0,0.0
2023-12-08 22:55:00+00:00,0.0,19.0,488.0,21.3,0.0,0.0,33.0,59.0,0.0
2023-12-08 23:00:00+00:00,0.0,19.0,497.0,21.3,0.0,0.0,34.0,59.0,0.0
2023-12-08 23:05:00+00:00,0.0,19.0,497.0,21.3,0.0,0.0,34.0,59.0,0.0
2023-12-08 23:10:00+00:00,0.0,19.0,477.0,21.4,0.0,0.0,34.0,59.0,0.0
2023-12-08 23:15:00+00:00,0.0,19.0,476.0,21.4,0.0,0.0,34.0,59.0,0.0
2023-12-08 23:20:00+00:00,0.0,19.0,473.0,21.4,0.0,0.0,34.0,59.0,0.0
2023-12-08 23:25:00+00:00,0.0,19.0,476.0,21.4,0.0,0.0,34.0,59.0,0.0
2023-12-08 23:30:00+00:00,0.0,19.0,475.0,21.4,0.0,0.0,33.0,59.0,0.0
2023-12-08 23:35:00+00:00,0.0,19.0,475.0,21.4,0.0,0.0,34.0,59.0,0.0
2023-12-08 23:40:00+00:00,0.0,19.0,483.0,21.4,0.0,0.0,33.0,59.0,0.0
2023-12-08 23:45:00+00:00,0.0,19.0,467.0,21.4,0.0,0.0,34.0,59.0,0.0
2023-12-08 23:50:00+00:00,0.0,19.0,466.0,21.5,0.0,0.0,34.0,59.0,0.0
2023-12-08 23:55:00+00:00,0.0,19.0,473.0,21.5,0.0,0.0,33.0,59.0,0.0
2023-12-09 00:00:00+00:00,0.0,19.0,471.0,21.5,0.0,0.0,33.0,59.0,0.0
2023-12-09 00:05:00+00:00,0.0,19.0,455.0,21.5,0.0,0.0,33.0,59.0,0.0
2023-12-09 00:10:00+00:00,0.0,19.0,491.0,21.6,0.0,0.0,33.0,59.0,0.0
2023-12-09 00:15:00+00:00,0.0,19.0,469.0,21.6,0.0,0.0,33.0,59.0,0.0
2023-12-09 00:20:00+00:00,0.0,19.0,471.0,21.6,0.0,0.0,33.0,59.0,0.0
2023-12-09 00:25:00+00:00,0.0,19.0,469.0,21.6,0.0,0.0,33.0,59.0,0.0
2023-12-09 00:30:00+00:00,0.0,19.0,474.0,21.6,0.0,0.0,33.0,59.0,0.0
2023-12-09 00:35:00+00:00,0.0,19.0,483.0,21.6,0.0,0.0,33.0,59.0,0.0
2023-12-09 00:40:00+00:00,0.0,19.0,479.0,21.7,0.0,0.0,33.0,59.0,0.0
2023-12-09 00:45:00+00:00,0.0,19.0,459.0,21.7,0.0,0.0,33.0,59.0,0.0
2023-12-09 00:50:00+00:00,0.0,19.0,466.0,21.7,0.0,0.0,33.0,59.0,0.0
2023-12-09 00:55:00+00:00,0.0,19.0,461.0,21.7,0.0,0.0,33.0,59.0,0.0
2023-12-09 01:00:00+00:00,0.0,19.0,473.0,21.7,0.0,0.0,33.0,59.0,0.0
2023-12-09 01:05:00+00:00,0.0,19.0,482.0,21.7,0.0,0.0,33.0,59.0,0.0
2023-12-09 01:10:00+00:00,0.0,19.0,486.0,21.7,0.0,0.0,33.0,59.0,0.0
2023-12-09 01:15:00+00:00,0.0,19.0,454.0,21.7,0.0,0.0,33.0,59.0,0.0
2023-12-09 01:20:00+00:00,0.0,19.0,460.0,21.7,0.0,0.0,33.0,59.0,0.0
2023-12-09 01:25:00+00:00,0.0,19.0,464.0,21.7,0.0,0.0,33.0,59.0,0.0
2023-12-09 01:30:00+00:00,0.0,19.0,472.0,21.7,0.0,0.0,33.0,59.0,0.0
2023-12-09 01:35:00+00:00,0.0,19.0,463.0,21.7,0.0,0.0,33.0,59.0,0.0
2023-12-09 01:40:00+00:00,0.0,19.0,464.0,21.7,0.0,0.0,33.0,59.0,0.0
2023-12-09 01:45:00+00:00,0.0,19.0,474.0,21.7,0.0,0.0,33.0,59.0,0.0
2023-12-09 01:50:00+00:00,0.0,19.0,466.0,21.7,0.0,0.0,33.0,59.0,0.0
2023-12-09 01:55:00+00:00,0.0,19.0,479.0,21.7,0.0,0.0,33.0,59.0,0.0
2023-12-09 02:00:00+00:00,0.0,19.0,468.0,21.7,0.0,0.0,34.0,59.0,0.0
2023-12-09 02:05:00+00:00,0.0,19.0,472.0,21.7,0.0,0.0,33.0,59.0,0.0
2023-12-09 02:10:00+00:00,0.0,19.0,486.0,21.7,0.0,0.0,33.0,59.0,0.0
2023-12-09 02:15:00+00:00,0.0,19.0,463.0,21.7,0.0,0.0,33.0,59.0,0.0
2023-12-09 02:20:00+00:00,0.0,19.0,476.0,21.7,0.0,0.0,33.0,59.0,0.0
2023-12-09 02:25:00+00:00,0.0,19.0,485.0,21.7,0.0,0.0,33.0,59.0,0.0
2023-12-09 02:30:00+00:00,0.0,19.0,462.0,21.7,0.0,0.0,33.0,59.0,0.0
2023-12-09 02:35:00+00:00,0.0,19.0,478.0,21.8,0.0,0.0,33.0,59.0,0.0
2023-12-09 02:40:00+00:00,0.0,19.0,470.0,21.7,0.0,0.0,33.0,59.0,0.0
2023-12-09 02:45:00+00:00,0.0,19.0,474.0,21.7,0.0,0.0,33.0,59.0,0.0
2023-12-09 02:50:00+00:00,0.0,19.0,466.0,21.7,0.0,0.0,33.0,59.0,0.0
2023-12-09 02:55:00+00:00,0.0,19.0,467.0,21.7,0.0,0.0,33.0,59.0,0.0
2023-12-09 03:00:00+00:00,0.0,19.0,461.0,21.7,0.0,0.0,33.0,59.0,0.0
2023-12-09 03:05:00+00:00,0.0,19.0,479.0,21.7,0.0,0.0,33.0,59.0,0.0
2023-12-09 03:10:00+00:00,0.0,19.0,466.0,21.7,0.0,0.0,33.0,59.0,0.0
2023-12-09 03:15:00+00:00,0.0,19.0,488.0,21.7,0.0,0.0,32.0,59.0,0.0
2023-12-09 03:20:00+00:00,0.0,19.0,471.0,21.7,0.0,0.0,31.0,59.0,0.0
2023-12-09 03:25:00+00:00,0.0,19.0,489.0,21.7,0.0,0.0,31.0,59.0,0.0
2023-12-09 03:30:00+00:00,0.0,19.0,474.0,21.7,0.0,0.0,31.0,59.0,0.0
2023-12-09 03:35:00+00:00,0.0,19.0,472.0,21.7,0.0,0.0,32.0,59.0,0.0
2023-12-09 03:40:00+00:00,0.0,19.0,480.0,21.7,0.0,0.0,31.0,59.0,0.0
2023-12-09 03:45:00+00:00,0.0,19.0,472.0,21.7,0.0,0.0,31.0,59.0,0.0
2023-12-09 03:50:00+00:00,0.0,19.0,469.0,21.7,0.0,0.0,32.0,59.0,0.0
2023-12-09 03:55:00+00:00,0.0,19.0,476.0,21.7,0.0,0.0,32.0,59.0,0.0
2023-12-09 04:00:00+00:00,0.0,19.0,469.0,21.7,0.0,0.0,31.0,59.0,0.0
2023-12-09 04:05:00+00:00,0.0,19.0,469.0,21.7,0.0,0.0,32.0,59.0,0.0
2023-12-09 04:10:00+00:00,0.0,19.0,484.0,21.7,0.0,0.0,32.0,59.0,0.0
2023-12-09 04:15:00+00:00,0.0,19.0,470.0,21.7,0.0,0.0,32.0,59.0,0.0
2023-12-09 04:20:00+00:00,0.0,19.0,483.0,21.7,0.0,0.0,32.0,59.0,0.0
2023-12-09 04:25:00+00:00,0.0,19.0,472.0,21.7,0.0,0.0,32.0,59.0,0.0
2023-12-09 04:30:00+00:00,0.0,19.0,479.0,21.7,0.0,0.0,33.0,59.0,0.0
2023-12-09 04:35:00+00:00,0.0,19.0,475.0,21.7,0.0,0.0,33.0,59.0,0.0
2023-12-09 04:40:00+00:00,0.0,19.0,481.0,21.7,0.0,0.0,33.0,59.0,0.0
2023-12-09 04:45:00+00:00,0.0,19.0,475.0,21.7,0.0,0.0,33.0,59.0,0.0
2023-12-09 04:50:00+00:00,0.0,19.0,470.0,21.7,0.0,0.0,33.0,59.0,0.0
2023-12-09 04:55:00+00:00,0.0,19.0,473.0,21.7,0.0,0.0,33.0,59.0,0.0
2023-12-09 05:00:00+00:00,0.0,19.0,470.0,21.7,0.0,0.0,32.0,59.0,0.0
2023-12-09 05:05:00+00:00,0.0,19.0,474.0,21.7,0.0,0.0,32.0,59.0,0.0
2023-12-09 05:10:00+00:00,0.0,19.0,483.0,21.7,0.0,0.0,32.0,59.0,0.0
2023-12-09 05:15:00+00:00,0.0,19.0,469.0,21.7,0.0,0.0,32.0,59.0,0.0
2023-12-09 05:20:00+00:00,0.0,19.0,485.0,21.6,0.0,0.0,32.0,59.0,0.0
2023-12-09 05:25:00+00:00,0.0,19.0,478.0,21.7,0.0,0.0,31.0,59.0,0.0
2023-12-09 05:30:00+00:00,0.0,19.0,465.0,21.6,0.0,0.0,32.0,59.0,0.0
2023-12-09 05:35:00+00:00,0.0,19.0,473.0,21.7,0.0,0.0,32.0,59.0,0.0
2023-12-09 05:40:00+00:00,0.0,19.0,476.0,21.6,0.0,0.0,32.0,59.0,0.0
2023-12-09 05:45:00+00:00,0.0,19.0,487.0,21.6,0.0,0.0,32.0,59.0,0.0
2023-12-09 05:50:00+00:00,0.0,19.0,466.0,21.6,0.0,0.0,32.0,59.0,0.0
2023-12-09 05:55:00+00:00,0.0,19.0,475.0,21.6,0.0,0.0,33.0,59.0,0.0
2023-12-09 06:00:00+00:00,0.0,19.0,487.0,21.6,0.0,0.0,33.0,59.0,0.0
2023-12-09 06:05:00+00:00,0.0,19.0,475.0,21.6,0.0,0.0,33.0,59.0,0.0
2023-12-09 06:10:00+00:00,0.0,19.0,470.0,21.6,0.0,0.0,33.0,59.0,0.0
2023-12-09 06:15:00+00:00,0.0,19.0,477.0,21.6,0.0,0.0,33.0,59.0,0.0
2023-12-09 06:20:00+00:00,0.0,19.0,476.0,21.6,0.0,0.0,32.0,59.0,0.0
2023-12-09 06:25:00+00:00,0.0,19.0,487.0,21.6,0.0,0.0,32.0,59.0,0.0
2023-12-09 06:30:00+00:00,0.0,19.0,484.0,21.6,0.0,1.0,32.0,59.0,0.0
2023-12-09 06:35:00+00:00,0.0,19.0,481.0,21.6,0.0,1.0,32.0,59.0,0.0
2023-12-09 06:40:00+00:00,0.0,19.0,482.0,21.6,0.0,1.0,32.0,59.0,0.0
2023-12-09 06:45:00+00:00,0.0,19.0,476.0,21.6,0.0,2.0,32.0,59.0,0.0
2023-12-09 06:50:00+00:00,0.0,19.0,480.0,21.6,0.0,3.0,32.0,59.0,0.0
2023-12-09 06:55:00+00:00,0.0,19.0,465.0,21.6,0.0,4.0,32.0,59.0,0.0
2023-12-09 07:00:00+00:00,0.0,19.0,472.0,21.6,0.0,6.0,32.0,59.0,0.0
2023-12-09 07:05:00+00:00,0.0,19.0,468.0,21.6,0.0,6.0,32.0,59.0,0.0
2023-12-09 07:10:00+00:00,0.0,19.0,472.0,21.6,0.0,8.0,33.0,59.0,0.0
2023-12-09 07:15:00+00:00,0.0,19.0,482.0,21.6,0.0,9.0,33.0,59.0,0.0
2023-12-09 07:20:00+00:00,0.0,19.0,484.0,21.6,0.0,10.0,33.0,59.0,0.0
2023-12-09 07:25:00+00:00,0.0,19.0,479.0,21.6,0.0,12.0,33.0,59.0,0.0
2023-12-09 07:30:00+00:00,0.0,19.0,469.0,21.6,0.0,15.0,34.0,59.0,0.0
2023-12-09 07:35:00+00:00,0.0,19.0,478.0,21.6,0.0,18.0,33.0,59.0,0.0
2023-12-09 07:40:00+00:00,0.0,19.0,484.0,21.6,0.0,22.0,33.0,59.0,0.0
2023-12-09 07:45:00+00:00,0.0,19.0,477.0,21.6,0.0,25.0,34.0,59.0,0.0
2023-12-09 07:50:00+00:00,0.0,19.0,477.0,21.6,0.0,27.0,32.0,59.0,0.0
2023-12-09 07:55:00+00:00,0.0,19.0,479.0,21.6,0.0,34.0,32.0,59.0,0.0
2023-12-09 08:00:00+00:00,0.0,19.0,476.0,21.6,0.0,36.0,32.0,59.0,0.0
2023-12-09 08:05:00+00:00,0.0,19.0,454.0,21.6,0.0,37.0,33.0,59.0,0.0
2023-12-09 08:10:00+00:00,0.0,19.0,472.0,21.6,0.0,40.0,32.0,59.0,0.0
2023-12-09 08:15:00+00:00,0.0,19.0,474.0,21.5,0.0,45.0,32.0,59.0,0.0
2023-12-09 08:20:00+00:00,0.0,19.0,483.0,21.5,0.0,48.0,33.0,59.0,0.0
2023-12-09 08:25:00+00:00,0.0,19.0,476.0,21.5,0.0,46.0,32.0,59.0,0.0
2023-12-09 08:30:00+00:00,0.0,19.0,484.0,21.5,0.0,44.0,33.0,59.0,0.0
2023-12-09 08:35:00+00:00,0.0,19.0,473.0,21.5,0.0,39.0,33.0,59.0,0.0
2023-12-09 08:40:00+00:00,0.0,19.0,487.0,21.5,0.0,42.0,33.0,59.0,0.0
2023-12-09 08:45:00+00:00,0.0,19.0,470.0,21.5,0.0,40.0,32.0,59.0,0.0
2023-12-09 08:50:00+00:00,0.0,19.0,490.0,21.5,0.0,42.0,33.0,59.0,0.0
2023-12-09 08:55:00+00:00,0.0,19.0,488.0,21.5,0.0,42.0,33.0,59.0,0.0
2023-12-09 09:00:00+00:00,0.0,19.0,497.0,21.5,0.0,44.0,36.0,59.0,0.0
2023-12-09 09:05:00+00:00,0.0,20.0,489.0,21.6,0.0,45.0,35.0,59.0,0.0
2023-12-09 09:10:00+00:00,0.0,20.0,477.0,21.5,0.0,48.0,35.0,59.0,0.0
2023-12-09 09:15:00+00:00,0.0,20.0,490.0,21.5,0.0,54.0,34.0,59.0,0.0
2023-12-09 09:20:00+00:00,0.0,20.0,476.0,21.5,0.0,58.0,34.0,59.0,0.0
2023-12-09 09:25:00+00:00,0.0,20.0,495.0,21.5,0.0,63.0,34.0,59.0,0.0
2023-12-09 09:30:00+00:00,0.0,20.0,478.0,21.5,0.0,66.0,33.0,59.0,0.0
2023-12-09 09:35:00+00:00,0.0,20.0,470.0,21.5,0.0,71.0,33.0,59.0,0.0
2023-12-09 09:40:00+00:00,0.0,20.0,475.0,21.5,0.0,71.0,33.0,59.0,0.0
2023-12-09 09:45:00+00:00,0.0,20.0,471.0,21.5,0.0,72.0,33.0,59.0,0.0
2023-12-09 09:50:00+00:00,0.0,20.0,477.0,21.5,0.0,75.0,32.0,59.0,0.0
2023-12-09 09:55:00+00:00,0.0,20.0,481.0,21.5,0.0,77.0,34.0,59.0,0.0
2023-12-09 10:00:00+00:00,0.0,20.0,490.0,21.5,0.0,78.0,35.0,59.0,0.0
2023-12-09 10:05:00+00:00,0.0,20.0,482.0,21.5,0.0,75.0,34.0,59.0,0.0
2023-12-09 10:10:00+00:00,0.0,20.0,475.0,21.5,0.0,72.0,33.0,59.0,0.0
2023-12-09 10:15:00+00:00,0.0,20.0,479.0,21.5,0.0,70.0,33.0,59.0,0.0
2023-12-09 10:20:00+00:00,0.0,20.0,487.0,21.5,0.0,70.0,33.0,59.0,0.0
2023-12-09 10:25:00+00:00,0.0,20.0,476.0,21.5,0.0,69.0,33.0,59.0,0.0
2023-12-09 10:30:00+00:00,0.0,20.0,471.0,21.5,0.0,63.0,34.0,59.0,0.0
2023-12-09 10:35:00+00:00,0.0,20.0,476.0,21.5,0.0,77.0,33.0,59.0,0.0
2023-12-09 10:40:00+00:00,0.0,20.0,501.0,21.5,0.0,92.0,33.0,59.0,0.0
2023-12-09 10:45:00+00:00,0.0,20.0,486.0,21.6,0.0,87.0,33.0,59.0,0.0
2023-12-09 10:50:00+00:00,0.0,20.0,488.0,21.5,0.0,80.0,34.0,59.0,0.0
2023-12-09 10:55:00+00:00,0.0,20.0,498.0,21.5,0.0,78.0,33.0,59.0,0.0
2023-12-09 11:00:00+00:00,0.0,20.0,488.0,21.5,0.0,78.0,34.0,59.0,0.0
2023-12-09 11:05:00+00:00,0.0,20.0,492.0,21.5,0.0,77.0,35.0,59.0,0.0
2023-12-09 11:10:00+00:00,0.0,20.0,502.0,21.5,0.0,78.0,33.0,59.0,0.0
2023-12-09 11:15:00+00:00,0.0,20.0,503.0,21.5,0.0,72.0,33.0,59.0,0.0
2023-12-09 11:20:00+00:00,0.0,20.0,494.0,21.5,0.0,71.0,33.0,59.0,0.0
2023-12-09 11:25:00+00:00,0.0,20.0,506.0,21.5,0.0,72.0,33.0,59.0,0.0
2023-12-09 11:30:00+00:00,0.0,20.0,495.0,21.5,0.0,72.0,33.0,59.0,0.0
2023-12-09 11:35:00+00:00,0.0,20.0,484.0,21.5,0.0,72.0,33.0,59.0,0.0
2023-12-09 11:40:00+00:00,0.0,20.0,515.0,21.5,0.0,75.0,33.0,59.0,0.0
2023-12-09 11:45:00+00:00,0.0,20.0,497.0,21.5,0.0,71.0,33.0,59.0,0.0
2023-12-09 11:50:00+00:00,0.0,20.0,491.0,21.5,0.0,70.0,34.0,59.0,0.0
2023-12-09 11:55:00+00:00,0.0,20.0,501.0,21.5,0.0,70.0,33.0,59.0,0.0
2023-12-09 12:00:00+00:00,0.0,20.0,487.0,21.5,0.0,66.0,32.0,59.0,0.0
2023-12-09 12:05:00+00:00,0.0,20.0,484.0,21.5,0.0,65.0,33.0,59.0,0.0
2023-12-09 12:10:00+00:00,0.0,20.0,492.0,21.5,0.0,64.0,32.0,59.0,0.0
2023-12-09 12:15:00+00:00,0.0,20.0,488.0,21.5,0.0,64.0,33.0,59.0,0.0
2023-12-09 12:20:00+00:00,0.0,20.0,484.0,21.5,0.0,64.0,32.0,59.0,0.0
2023-12-09 12:25:00+00:00,0.0,20.0,471.0,21.5,0.0,66.0,32.0,59.0,0.0
2023-12-09 12:30:00+00:00,0.0,20.0,499.0,21.5,0.0,67.0,32.0,59.0,0.0
2023-12-09 12:35:00+00:00,0.0,20.0,482.0,21.5,0.0,67.0,33.0,59.0,0.0
2023-12-09 12:40:00+00:00,0.0,20.0,495.0,21.5,0.0,68.0,33.0,59.0,0.0
2023-12-09 12:45:00+00:00,0.0,20.0,490.0,21.5,0.0,64.0,32.0,59.0,0.0
2023-12-09 12:50:00+00:00,0.0,20.0,483.0,21.6,0.0,59.0,33.0,59.0,0.0
2023-12-09 12:55:00+00:00,0.0,20.0,492.0,21.5,0.0,59.0,34.0,59.0,0.0
2023-12-09 13:00:00+00:00,0.0,20.0,487.0,21.5,0.0,60.0,34.0,59.0,0.0
2023-12-09 13:05:00+00:00,0.0,20.0,487.0,21.5,0.0,61.0,33.0,59.0,0.0
2023-12-09 13:10:00+00:00,0.0,20.0,482.0,21.5,0.0,60.0,34.0,59.0,0.0
2023-12-09 13:15:00+00:00,0.0,20.0,490.0,21.5,0.0,56.0,33.0,59.0,0.0
2023-12-09 13:20:00+00:00,0.0,20.0,493.0,21.5,0.0,57.0,33.0,59.0,0.0
2023-12-09 13:25:00+00:00,0.0,20.0,475.0,21.5,0.0,51.0,33.0,59.0,0.0
2023-12-09 13:30:00+00:00,0.0,20.0,480.0,21.5,0.0,47.0,33.0,59.0,0.0
2023-12-09 13:35:00+00:00,0.0,20.0,480.0,21.5,0.0,45.0,33.0,59.0,0.0
2023-12-09 13:40:00+00:00,0.0,20.0,473.0,21.5,0.0,45.0,33.0,59.0,0.0
2023-12-09 13:45:00+00:00,0.0,20.0,471.0,21.5,0.0,45.0,32.0,59.0,0.0
2023-12-09 13:50:00+00:00,0.0,20.0,476.0,21.5,0.0,37.0,33.0,59.0,0.0
2023-12-09 13:55:00+00:00,0.0,20.0,486.0,21.5,0.0,33.0,32.0,59.0,0.0
2023-12-09 14:00:00+00:00,0.0,21.0,480.0,21.5,0.0,32.0,33.0,59.0,0.0
2023-12-09 14:05:00+00:00,0.0,21.0,477.0,21.5,0.0,28.0,34.0,59.0,0.0
2023-12-09 14:10:00+00:00,0.0,21.0,469.0,21.5,0.0,27.0,34.0,59.0,0.0
2023-12-09 14:15:00+00:00,0.0,21.0,462.0,21.5,0.0,25.0,34.0,59.0,0.0
2023-12-09 14:20:00+00:00,0.0,21.0,466.0,21.5,0.0,21.0,33.0,59.0,0.0
2023-12-09 14:25:00+00:00,0.0,21.0,484.0,21.5,0.0,16.0,33.0,59.0,0.0
2023-12-09 14:30:00+00:00,0.0,21.0,476.0,21.5,0.0,14.0,33.0,59.0,0.0
2023-12-09 14:35:00+00:00,0.0,21.0,472.0,21.5,0.0,12.0,34.0,59.0,0.0
2023-12-09 14:40:00+00:00,0.0,21.0,474.0,21.5,0.0,9.0,33.0,59.0,0.0
2023-12-09 14:45:00+00:00,0.0,21.0,474.0,21.5,0.0,6.0,34.0,59.0,0.0
2023-12-09 14:50:00+00:00,0.0,21.0,465.0,21.5,0.0,4.0,34.0,59.0,0.0
2023-12-09 14:55:00+00:00,0.0,21.0,461.0,21.5,0.0,3.0,33.0,59.0,0.0
2023-12-09 15:00:00+00:00,0.0,21.0,465.0,21.5,0.0,2.0,34.0,59.0,0.0
2023-12-09 15:05:00+00:00,0.0,21.0,471.0,21.5,0.0,1.0,34.0,59.0,0.0
2023-12-09 15:10:00+00:00,0.0,21.0,470.0,21.5,0.0,1.0,34.0,59.0,0.0
2023-12-09 15:15:00+00:00,0.0,21.0,470.0,21.5,0.0,1.0,34.0,59.0,0.0
2023-12-09 15:20:00+00:00,0.0,21.0,462.0,21.5,0.0,1.0,34.0,59.0,0.0
2023-12-09 15:25:00+00:00,0.0,21.0,468.0,21.5,0.0,0.0,34.0,59.0,0.0
2023-12-09 15:30:00+00:00,0.0,21.0,471.0,21.5,0.0,0.0,34.0,59.0,0.0
2023-12-09 15:35:00+00:00,0.0,21.0,474.0,21.5,0.0,0.0,34.0,59.0,0.0
2023-12-09 15:40:00+00:00,0.0,21.0,466.0,21.6,0.0,0.0,34.0,59.0,0.0
2023-12-09 15:45:00+00:00,0.0,21.0,462.0,21.6,0.0,0.0,34.0,59.0,0.0
2023-12-09 15:50:00+00:00,0.0,21.0,476.0,21.6,0.0,0.0,34.0,59.0,0.0
2023-12-09 15:55:00+00:00,0.0,21.0,462.0,21.6,0.0,0.0,34.0,59.0,0.0
2023-12-09 16:00:00+00:00,0.0,21.0,469.0,21.6,0.0,0.0,33.0,59.0,0.0
2023-12-09 16:05:00+00:00,0.0,21.0,454.0,21.7,0.0,0.0,34.0,59.0,0.0
2023-12-09 16:10:00+00:00,0.0,21.0,475.0,21.7,0.0,0.0,34.0,59.0,0.0
2023-12-09 16:15:00+00:00,0.0,21.0,477.0,21.7,0.0,0.0,34.0,59.0,0.0
2023-12-09 16:20:00+00:00,0.0,21.0,448.0,21.7,0.0,0.0,34.0,59.0,0.0
2023-12-09 16:25:00+00:00,0.0,21.0,463.0,21.7,0.0,0.0,33.0,59.0,0.0
2023-12-09 16:30:00+00:00,0.0,21.0,462.0,21.7,0.0,0.0,34.0,59.0,0.0
2023-12-09 16:35:00+00:00,0.0,21.0,473.0,21.7,0.0,0.0,34.0,59.0,0.0
2023-12-09 16:40:00+00:00,0.0,21.0,451.0,21.8,0.0,0.0,33.0,59.0,0.0
2023-12-09 16:45:00+00:00,0.0,21.0,450.0,21.8,0.0,0.0,34.0,59.0,0.0
2023-12-09 16:50:00+00:00,0.0,21.0,461.0,21.8,0.0,0.0,34.0,59.0,0.0
2023-12-09 16:55:00+00:00,0.0,21.0,464.0,21.8,0.0,0.0,33.0,59.0,0.0
2023-12-09 17:00:00+00:00,0.0,21.0,467.0,21.8,0.0,0.0,34.0,59.0,0.0
2023-12-09 17:05:00+00:00,0.0,21.0,467.0,21.8,0.0,0.0,34.0,59.0,0.0
2023-12-09 17:10:00+00:00,0.0,21.0,464.0,21.8,0.0,0.0,34.0,59.0,0.0
2023-12-09 17:15:00+00:00,0.0,21.0,460.0,21.8,0.0,0.0,34.0,59.0,0.0
2023-12-09 17:20:00+00:00,0.0,21.0,462.0,21.8,0.0,0.0,33.0,59.0,0.0
2023-12-09 17:25:00+00:00,0.0,21.0,456.0,21.8,0.0,0.0,33.0,59.0,0.0
2023-12-09 17:30:00+00:00,0.0,21.0,465.0,21.8,0.0,0.0,34.0,59.0,0.0
2023-12-09 17:35:00+00:00,0.0,21.0,455.0,21.8,0.0,0.0,34.0,59.0,0.0
2023-12-09 17:40:00+00:00,0.0,21.0,462.0,21.8,0.0,0.0,33.0,59.0,0.0
2023-12-09 17:45:00+00:00,0.0,21.0,454.0,21.8,0.0,0.0,34.0,59.0,0.0
2023-12-09 17:50:00+00:00,0.0,21.0,438.0,21.9,0.0,0.0,34.0,59.0,0.0
2023-12-09 17:55:00+00:00,0.0,21.0,464.0,21.8,0.0,0.0,33.0,59.0,0.0
2023-12-09 18:00:00+00:00,0.0,21.0,473.0,21.9,0.0,0.0,33.0,59.0,0.0
2023-12-09 18:05:00+00:00,0.0,21.0,467.0,21.9,0.0,0.0,34.0,59.0,0.0
2023-12-09 18:10:00+00:00,0.0,21.0,445.0,21.8,0.0,0.0,34.0,59.0,0.0
2023-12-09 18:15:00+00:00,0.0,21.0,453.0,21.8,0.0,0.0,34.0,59.0,0.0
2023-12-09 18:20:00+00:00,0.0,21.0,451.0,21.8,0.0,0.0,33.0,59.0,0.0
2023-12-09 18:25:00+00:00,0.0,21.0,471.0,21.8,0.0,1.0,33.0,59.0,0.0
2023-12-09 18:30:00+00:00,0.0,21.0,461.0,21.8,0.0,1.0,33.0,59.0,0.0
2023-12-09 18:35:00+00:00,0.0,21.0,465.0,21.8,0.0,0.0,33.0,59.0,0.0
2023-12-09 18:40:00+00:00,0.0,21.0,471.0,21.8,0.0,0.0,33.0,59.0,0.0
2023-12-09 18:45:00+00:00,0.0,21.0,458.0,21.8,0.0,0.0,34.0,59.0,0.0
2023-12-09 18:50:00+00:00,0.0,21.0,463.0,21.8,0.0,0.0,33.0,59.0,0.0
2023-12-09 18:55:00+00:00,0.0,21.0,467.0,21.8,0.0,0.0,33.0,59.0,0.0
2023-12-09 19:00:00+00:00,0.0,21.0,450.0,21.8,0.0,0.0,34.0,59.0,0.0
2023-12-09 19:05:00+00:00,0.0,21.0,438.0,21.8,0.0,0.0,33.0,59.0,0.0
2023-12-09 19:10:00+00:00,0.0,21.0,447.0,21.8,0.0,0.0,34.0,59.0,0.0
2023-12-09 19:15:00+00:00,0.0,21.0,454.0,21.8,0.0,0.0,34.0,59.0,0.0
2023-12-09 19:20:00+00:00,0.0,21.0,461.0,21.8,0.0,0.0,33.0,59.0,0.0
2023-12-09 19:25:00+00:00,0.0,21.0,460.0,21.8,0.0,0.0,33.0,59.0,0.0
2023-12-09 19:30:00+00:00,0.0,21.0,453.0,21.8,0.0,0.0,34.0,59.0,0.0
2023-12-09 19:35:00+00:00,0.0,21.0,453.0,21.8,0.0,0.0,33.0,59.0,0.0
2023-12-09 19:40:00+00:00,0.0,21.0,454.0,21.8,0.0,0.0,33.0,59.0,0.0
2023-12-09 19:45:00+00:00,0.0,21.0,450.0,21.8,0.0,0.0,34.0,59.0,0.0
2023-12-09 19:50:00+00:00,0.0,21.0,468.0,21.8,0.0,0.0,33.0,59.0,0.0
2023-12-09 19:55:00+00:00,0.0,21.0,449.0,21.8,0.0,0.0,33.0,59.0,0.0
2023-12-09 20:00:00+00:00,0.0,21.0,462.0,21.8,0.0,0.0,34.0,59.0,0.0
2023-12-09 20:05:00+00:00,0.0,21.0,452.0,21.8,0.0,0.0,33.0,59.0,0.0
2023-12-09 20:10:00+00:00,0.0,21.0,454.0,21.8,0.0,0.0,33.0,59.0,0.0
2023-12-09 20:15:00+00:00,0.0,21.0,447.0,21.8,0.0,0.0,33.0,59.0,0.0
2023-12-09 20:20:00+00:00,0.0,21.0,457.0,21.8,0.0,0.0,33.0,59.0,0.0
2023-12-09 20:25:00+00:00,0.0,21.0,465.0,21.8,0.0,0.0,33.0,59.0,0.0
2023-12-09 20:30:00+00:00,0.0,21.0,457.0,21.8,0.0,0.0,33.0,59.0,0.0
2023-12-09 20:35:00+00:00,0.0,21.0,447.0,21.8,0.0,0.0,33.0,59.0,0.0
2023-12-09 20:40:00+00:00,0.0,21.0,459.0,21.8,0.0,0.0,33.0,59.0,0.0
2023-12-09 20:45:00+00:00,0.0,21.0,451.0,21.7,0.0,0.0,33.0,59.0,0.0
2023-12-09 20:50:00+00:00,0.0,21.0,460.0,21.7,0.0,0.0,33.0,59.0,0.0
2023-12-09 20:55:00+00:00,0.0,21.0,459.0,21.7,0.0,0.0,33.0,59.0,0.0
2023-12-09 21:00:00+00:00,0.0,21.0,439.0,21.7,0.0,0.0,33.0,59.0,0.0
2023-12-09 21:05:00+00:00,0.0,21.0,462.0,21.7,0.0,0.0,33.0,59.0,0.0
2023-12-09 21:10:00+00:00,0.0,21.0,465.0,21.8,0.0,0.0,34.0,59.0,0.0
2023-12-09 21:15:00+00:00,0.0,21.0,446.0,21.7,0.0,0.0,33.0,59.0,0.0
2023-12-09 21:20:00+00:00,0.0,21.0,455.0,21.7,0.0,0.0,33.0,59.0,0.0
2023-12-09 21:25:00+00:00,0.0,21.0,452.0,21.7,0.0,0.0,33.0,59.0,0.0
2023-12-09 21:30:00+00:00,0.0,21.0,460.0,21.7,0.0,0.0,33.0,59.0,0.0
2023-12-09 21:35:00+00:00,0.0,21.0,459.0,21.7,0.0,0.0,33.0,59.0,0.0
2023-12-09 21:40:00+00:00,0.0,21.0,448.0,21.7,0.0,0.0,33.0,59.0,0.0
2023-12-09 21:45:00+00:00,0.0,21.0,456.0,21.7,0.0,0.0,33.0,59.0,0.0
2023-12-09 21:50:00+00:00,0.0,21.0,470.0,21.7,0.0,0.0,33.0,59.0,0.0
2023-12-09 21:55:00+00:00,0.0,21.0,460.0,21.7,0.0,0.0,33.0,59.0,0.0
2023-12-09 22:00:00+00:00,0.0,21.0,453.0,21.7,0.0,0.0,33.0,59.0,0.0
2023-12-09 22:05:00+00:00,0.0,21.0,464.0,21.7,0.0,0.0,33.0,59.0,0.0
2023-12-09 22:10:00+00:00,0.0,21.0,462.0,21.7,0.0,0.0,33.0,59.0,0.0
2023-12-09 22:15:00+00:00,0.0,21.0,451.0,21.7,0.0,0.0,33.0,59.0,0.0
2023-12-09 22:20:00+00:00,0.0,21.0,451.0,21.7,0.0,0.0,33.0,59.0,0.0
2023-12-09 22:25:00+00:00,0.0,21.0,452.0,21.7,0.0,0.0,33.0,59.0,0.0
2023-12-09 22:30:00+00:00,0.0,21.0,449.0,21.7,0.0,0.0,33.0,59.0,0.0
2023-12-09 22:35:00+00:00,0.0,21.0,457.0,21.7,0.0,0.0,33.0,59.0,0.0
2023-12-09 22:40:00+00:00,0.0,21.0,458.0,21.7,0.0,0.0,33.0,59.0,0.0
2023-12-09 22:45:00+00:00,0.0,21.0,451.0,21.6,0.0,0.0,34.0,59.0,0.0
2023-12-09 22:50:00+00:00,0.0,21.0,466.0,21.7,0.0,0.0,33.0,59.0,0.0
2023-12-09 22:55:00+00:00,0.0,21.0,455.0,21.6,0.0,0.0,33.0,59.0,0.0
2023-12-09 23:00:00+00:00,0.0,21.0,445.0,21.7,0.0,0.0,33.0,59.0,0.0
2023-12-09 23:05:00+00:00,0.0,21.0,452.0,21.6,0.0,0.0,34.0,62.0,0.0
2023-12-09 23:10:00+00:00,0.0,21.0,439.0,21.6,0.0,0.0,33.0,59.0,0.0
2023-12-09 23:15:00+00:00,0.0,21.0,454.0,21.6,0.0,0.0,33.0,59.0,0.0
2023-12-09 23:20:00+00:00,0.0,21.0,443.0,21.6,0.0,0.0,33.0,59.0,0.0
2023-12-09 23:25:00+00:00,0.0,21.0,452.0,21.6,0.0,0.0,33.0,59.0,0.0
2023-12-09 23:30:00+00:00,0.0,21.0,449.0,21.6,0.0,0.0,33.0,59.0,0.0
2023-12-09 23:35:00+00:00,0.0,21.0,452.0,21.6,0.0,0.0,33.0,59.0,0.0
2023-12-09 23:40:00+00:00,0.0,21.0,449.0,21.6,0.0,0.0,33.0,59.0,0.0
2023-12-09 23:45:00+00:00,0.0,21.0,446.0,21.6,0.0,0.0,33.0,59.0,0.0
2023-12-09 23:50:00+00:00,0.0,21.0,439.0,21.6,0.0,0.0,34.0,59.0,0.0
2023-12-09 23:55:00+00:00,0.0,21.0,451.0,21.6,0.0,0.0,34.0,59.0,0.0
2023-12-10 00:00:00+00:00,0.0,22.0,456.0,21.6,0.0,0.0,33.0,59.0,0.0
2023-12-10 00:05:00+00:00,0.0,21.0,452.0,21.6,0.0,0.0,33.0,59.0,0.0
2023-12-10 00:10:00+00:00,0.0,22.0,445.0,21.6,0.0,0.0,33.0,59.0,0.0
2023-12-10 00:15:00+00:00,0.0,22.0,458.0,21.6,0.0,0.0,34.0,59.0,0.0
2023-12-10 00:20:00+00:00,0.0,22.0,445.0,21.5,0.0,0.0,33.0,59.0,0.0
2023-12-10 00:25:00+00:00,0.0,22.0,445.0,21.5,0.0,0.0,33.0,59.0,0.0
2023-12-10 00:30:00+00:00,0.0,22.0,449.0,21.6,0.0,0.0,33.0,59.0,0.0
2023-12-10 00:35:00+00:00,0.0,22.0,452.0,21.6,0.0,0.0,33.0,59.0,0.0
2023-12-10 00:40:00+00:00,0.0,22.0,446.0,21.5,0.0,0.0,34.0,59.0,0.0
2023-12-10 00:45:00+00:00,0.0,22.0,457.0,21.6,0.0,0.0,33.0,59.0,0.0
2023-12-10 00:50:00+00:00,0.0,22.0,442.0,21.6,0.0,0.0,33.0,59.0,0.0
2023-12-10 00:55:00+00:00,0.0,22.0,443.0,21.5,0.0,0.0,33.0,59.0,0.0
2023-12-10 01:00:00+00:00,0.0,22.0,461.0,21.6,0.0,0.0,33.0,59.0,0.0
2023-12-10 01:05:00+00:00,0.0,22.0,446.0,21.5,0.0,0.0,33.0,59.0,0.0
2023-12-10 01:10:00+00:00,0.0,22.0,454.0,21.5,0.0,0.0,33.0,59.0,0.0
2023-12-10 01:15:00+00:00,0.0,22.0,453.0,21.5,0.0,0.0,33.0,59.0,0.0
2023-12-10 01:20:00+00:00,0.0,22.0,453.0,21.5,0.0,0.0,32.0,59.0,0.0
2023-12-10 01:25:00+00:00,0.0,22.0,444.0,21.5,0.0,0.0,33.0,59.0,0.0
2023-12-10 01:30:00+00:00,0.0,22.0,446.0,21.5,0.0,0.0,33.0,59.0,0.0
2023-12-10 01:35:00+00:00,0.0,22.0,445.0,21.5,0.0,0.0,33.0,59.0,0.0
2023-12-10 01:40:00+00:00,0.0,22.0,455.0,21.5,0.0,0.0,33.0,59.0,0.0
2023-12-10 01:45:00+00:00,0.0,22.0,433.0,21.5,0.0,0.0,33.0,59.0,0.0
2023-12-10 01:50:00+00:00,0.0,22.0,462.0,21.5,0.0,0.0,33.0,59.0,0.0
2023-12-10 01:55:00+00:00,0.0,22.0,450.0,21.5,0.0,0.0,33.0,59.0,0.0
2023-12-10 02:00:00+00:00,0.0,22.0,438.0,21.5,0.0,0.0,33.0,59.0,0.0
2023-12-10 02:05:00+00:00,0.0,22.0,444.0,21.5,0.0,0.0,33.0,59.0,0.0
2023-12-10 02:10:00+00:00,0.0,22.0,455.0,21.5,0.0,0.0,33.0,59.0,0.0
2023-12-10 02:15:00+00:00,0.0,22.0,450.0,21.5,0.0,0.0,33.0,59.0,0.0
2023-12-10 02:20:00+00:00,0.0,22.0,456.0,21.5,0.0,0.0,33.0,59.0,0.0
2023-12-10 02:25:00+00:00,0.0,22.0,432.0,21.4,0.0,0.0,33.0,59.0,0.0
2023-12-10 02:30:00+00:00,0.0,22.0,450.0,21.5,0.0,0.0,33.0,59.0,0.0
2023-12-10 02:35:00+00:00,0.0,22.0,457.0,21.5,0.0,0.0,34.0,59.0,0.0
2023-12-10 02:40:00+00:00,0.0,22.0,453.0,21.5,0.0,0.0,33.0,59.0,0.0
2023-12-10 02:45:00+00:00,0.0,22.0,446.0,21.5,0.0,0.0,33.0,59.0,0.0
2023-12-10 02:50:00+00:00,0.0,22.0,455.0,21.5,0.0,0.0,33.0,59.0,0.0
2023-12-10 02:55:00+00:00,0.0,22.0,453.0,21.5,0.0,0.0,33.0,59.0,0.0
2023-12-10 03:00:00+00:00,0.0,22.0,448.0,21.4,0.0,0.0,33.0,59.0,0.0
2023-12-10 03:05:00+00:00,0.0,22.0,460.0,21.5,0.0,0.0,33.0,59.0,0.0
2023-12-10 03:10:00+00:00,0.0,22.0,435.0,21.4,0.0,0.0,33.0,59.0,0.0
2023-12-10 03:15:00+00:00,0.0,22.0,461.0,21.4,0.0,0.0,33.0,59.0,0.0
2023-12-10 03:20:00+00:00,0.0,22.0,443.0,21.4,0.0,0.0,32.0,59.0,0.0
2023-12-10 03:25:00+00:00,0.0,22.0,445.0,21.4,0.0,0.0,33.0,59.0,0.0
2023-12-10 03:30:00+00:00,0.0,22.0,459.0,21.4,0.0,0.0,32.0,59.0,0.0
2023-12-10 03:35:00+00:00,0.0,22.0,459.0,21.4,0.0,0.0,33.0,59.0,0.0
2023-12-10 03:40:00+00:00,0.0,22.0,457.0,21.4,0.0,0.0,33.0,59.0,0.0
2023-12-10 03:45:00+00:00,0.0,22.0,427.0,21.4,0.0,0.0,33.0,59.0,0.0
2023-12-10 03:50:00+00:00,0.0,22.0,431.0,21.4,0.0,0.0,33.0,59.0,0.0
2023-12-10 03:55:00+00:00,0.0,22.0,441.0,21.4,0.0,0.0,33.0,59.0,0.0
2023-12-10 04:00:00+00:00,0.0,22.0,441.0,21.4,0.0,0.0,33.0,59.0,0.0
2023-12-10 04:05:00+00:00,0.0,22.0,459.0,21.4,0.0,0.0,33.0,59.0,0.0
2023-12-10 04:10:00+00:00,0.0,22.0,444.0,21.4,0.0,0.0,33.0,59.0,0.0
2023-12-10 04:15:00+00:00,0.0,22.0,459.0,21.4,0.0,0.0,33.0,59.0,0.0
2023-12-10 04:20:00+00:00,0.0,22.0,451.0,21.4,0.0,0.0,32.0,59.0,0.0
2023-12-10 04:25:00+00:00,0.0,22.0,448.0,21.4,0.0,0.0,33.0,59.0,0.0
2023-12-10 04:30:00+00:00,0.0,22.0,465.0,21.4,0.0,0.0,33.0,59.0,0.0
2023-12-10 04:35:00+00:00,0.0,22.0,450.0,21.4,0.0,0.0,33.0,59.0,0.0
2023-12-10 04:40:00+00:00,0.0,22.0,446.0,21.4,0.0,0.0,34.0,59.0,0.0
2023-12-10 04:45:00+00:00,0.0,22.0,448.0,21.4,0.0,0.0,33.0,59.0,0.0
2023-12-10 04:50:00+00:00,0.0,22.0,447.0,21.4,0.0,0.0,33.0,59.0,0.0
2023-12-10 04:55:00+00:00,0.0,22.0,458.0,21.4,0.0,0.0,33.0,59.0,0.0
2023-12-10 05:00:00+00:00,0.0,22.0,462.0,21.4,0.0,0.0,33.0,59.0,0.0
2023-12-10 05:05:00+00:00,0.0,22.0,454.0,21.4,0.0,0.0,33.0,59.0,0.0
2023-12-10 05:10:00+00:00,0.0,22.0,444.0,21.4,0.0,0.0,33.0,59.0,0.0
2023-12-10 05:15:00+00:00,0.0,22.0,443.0,21.4,0.0,0.0,33.0,59.0,0.0
2023-12-10 05:20:00+00:00,0.0,22.0,459.0,21.4,0.0,0.0,33.0,59.0,0.0
2023-12-10 05:25:00+00:00,0.0,22.0,462.0,21.5,0.0,0.0,34.0,59.0,0.0
2023-12-10 05:30:00+00:00,0.0,22.0,461.0,21.5,0.0,0.0,34.0,59.0,0.0
2023-12-10 05:35:00+00:00,0.0,22.0,459.0,21.5,0.0,0.0,34.0,59.0,0.0
2023-12-10 05:40:00+00:00,0.0,22.0,456.0,21.5,0.0,0.0,33.0,59.0,0.0
2023-12-10 05:45:00+00:00,0.0,22.0,460.0,21.5,0.0,0.0,33.0,59.0,0.0
2023-12-10 05:50:00+00:00,0.0,22.0,460.0,21.6,0.0,0.0,33.0,59.0,0.0
2023-12-10 05:55:00+00:00,0.0,22.0,461.0,21.6,0.0,0.0,33.0,59.0,0.0
2023-12-10 06:00:00+00:00,0.0,22.0,462.0,21.6,0.0,0.0,33.0,59.0,0.0
2023-12-10 06:05:00+00:00,0.0,22.0,463.0,21.6,0.0,0.0,33.0,59.0,0.0
2023-12-10 06:10:00+00:00,0.0,22.0,449.0,21.6,0.0,0.0,33.0,59.0,0.0
2023-12-10 06:15:00+00:00,0.0,22.0,460.0,21.6,0.0,0.0,33.0,59.0,0.0
2023-12-10 06:20:00+00:00,0.0,22.0,467.0,21.7,0.0,0.0,32.0,59.0,0.0
2023-12-10 06:25:00+00:00,0.0,22.0,463.0,21.7,0.0,0.0,33.0,59.0,0.0
2023-12-10 06:30:00+00:00,0.0,22.0,460.0,21.7,0.0,1.0,33.0,59.0,0.0
2023-12-10 06:35:00+00:00,0.0,22.0,455.0,21.7,0.0,1.0,33.0,59.0,0.0
2023-12-10 06:40:00+00:00,0.0,22.0,473.0,21.7,0.0,1.0,33.0,59.0,0.0
2023-12-10 06:45:00+00:00,0.0,22.0,467.0,21.7,0.0,2.0,33.0,59.0,0.0
2023-12-10 06:50:00+00:00,0.0,22.0,464.0,21.7,0.0,2.0,33.0,59.0,0.0
2023-12-10 06:55:00+00:00,0.0,22.0,450.0,21.7,0.0,3.0,33.0,59.0,0.0
2023-12-10 07:00:00+00:00,0.0,22.0,480.0,21.7,0.0,4.0,33.0,59.0,0.0
2023-12-10 07:05:00+00:00,0.0,22.0,476.0,21.7,0.0,4.0,33.0,59.0,0.0
2023-12-10 07:10:00+00:00,0.0,22.0,470.0,21.7,0.0,6.0,33.0,59.0,0.0
2023-12-10 07:15:00+00:00,0.0,22.0,498.0,21.7,0.0,8.0,33.0,59.0,0.0
2023-12-10 07:20:00+00:00,0.0,22.0,479.0,21.8,0.0,9.0,33.0,59.0,0.0
2023-12-10 07:25:00+00:00,0.0,22.0,468.0,21.8,0.0,11.0,33.0,59.0,0.0
2023-12-10 07:30:00+00:00,0.0,22.0,455.0,21.8,0.0,12.0,33.0,59.0,0.0
2023-12-10 07:35:00+00:00,0.0,22.0,464.0,21.8,0.0,14.0,33.0,59.0,0.0
2023-12-10 07:40:00+00:00,0.0,22.0,475.0,21.8,0.0,16.0,33.0,59.0,0.0
2023-12-10 07:45:00+00:00,0.0,22.0,467.0,21.8,0.0,18.0,33.0,59.0,0.0
2023-12-10 07:50:00+00:00,0.0,22.0,479.0,21.8,0.0,18.0,33.0,59.0,0.0
2023-12-10 07:55:00+00:00,0.0,22.0,479.0,21.8,0.0,18.0,33.0,59.0,0.0
2023-12-10 08:00:00+00:00,0.0,22.0,487.0,21.8,0.0,18.0,33.0,59.0,0.0
2023-12-10 08:05:00+00:00,0.0,22.0,483.0,21.8,0.0,19.0,33.0,59.0,0.0
2023-12-10 08:10:00+00:00,0.0,22.0,483.0,21.8,0.0,20.0,33.0,59.0,0.0
2023-12-10 08:15:00+00:00,0.0,22.0,479.0,21.8,0.0,27.0,33.0,59.0,0.0
2023-12-10 08:20:00+00:00,0.0,22.0,470.0,21.8,0.0,29.0,33.0,59.0,0.0
2023-12-10 08:25:00+00:00,0.0,22.0,470.0,21.8,0.0,31.0,33.0,59.0,0.0
2023-12-10 08:30:00+00:00,0.0,22.0,479.0,21.8,0.0,33.0,33.0,59.0,0.0
2023-12-10 08:35:00+00:00,0.0,22.0,492.0,21.8,0.0,33.0,33.0,59.0,0.0
2023-12-10 08:40:00+00:00,0.0,22.0,484.0,21.8,0.0,33.0,33.0,59.0,0.0
2023-12-10 08:45:00+00:00,0.0,22.0,472.0,21.8,0.0,35.0,33.0,59.0,0.0
2023-12-10 08:50:00+00:00,0.0,22.0,497.0,21.8,0.0,36.0,34.0,59.0,0.0
2023-12-10 08:55:00+00:00,0.0,22.0,478.0,21.8,0.0,39.0,34.0,59.0,0.0
2023-12-10 09:00:00+00:00,0.0,22.0,470.0,21.8,0.0,44.0,33.0,59.0,0.0
2023-12-10 09:05:00+00:00,0.0,22.0,486.0,21.8,0.0,47.0,33.0,59.0,0.0
2023-12-10 09:10:00+00:00,0.0,22.0,467.0,21.8,0.0,50.0,34.0,59.0,0.0
2023-12-10 09:15:00+00:00,0.0,22.0,486.0,21.8,0.0,53.0,33.0,59.0,0.0
2023-12-10 09:20:00+00:00,0.0,22.0,464.0,21.8,0.0,56.0,33.0,59.0,0.0
2023-12-10 09:25:00+00:00,0.0,22.0,493.0,21.8,0.0,57.0,34.0,59.0,0.0
2023-12-10 09:30:00+00:00,0.0,22.0,490.0,21.8,0.0,60.0,34.0,59.0,0.0
2023-12-10 09:35:00+00:00,0.0,22.0,481.0,21.8,0.0,61.0,33.0,59.0,0.0
2023-12-10 09:40:00+00:00,0.0,22.0,487.0,21.8,0.0,62.0,33.0,59.0,0.0
2023-12-10 09:45:00+00:00,0.0,22.0,486.0,21.8,0.0,63.0,33.0,59.0,0.0
2023-12-10 09:50:00+00:00,0.0,22.0,477.0,21.8,0.0,63.0,34.0,59.0,0.0
2023-12-10 09:55:00+00:00,0.0,22.0,462.0,21.8,0.0,63.0,34.0,59.0,0.0
2023-12-10 10:00:00+00:00,0.0,22.0,477.0,21.8,0.0,66.0,34.0,59.0,0.0
2023-12-10 10:05:00+00:00,0.0,22.0,494.0,21.8,0.0,69.0,33.0,59.0,0.0
2023-12-10 10:10:00+00:00,0.0,22.0,490.0,21.8,0.0,71.0,33.0,59.0,0.0
2023-12-10 10:15:00+00:00,0.0,22.0,487.0,21.8,0.0,74.0,34.0,59.0,0.0
2023-12-10 10:20:00+00:00,0.0,22.0,472.0,21.8,0.0,79.0,33.0,59.0,0.0
2023-12-10 10:25:00+00:00,0.0,22.0,480.0,21.8,0.0,78.0,34.0,59.0,0.0
2023-12-10 10:30:00+00:00,0.0,22.0,493.0,21.8,0.0,76.0,33.0,59.0,0.0
2023-12-10 10:35:00+00:00,0.0,22.0,482.0,21.8,0.0,76.0,34.0,59.0,0.0
2023-12-10 10:40:00+00:00,0.0,22.0,471.0,21.8,0.0,81.0,33.0,59.0,0.0
2023-12-10 10:45:00+00:00,0.0,22.0,487.0,21.8,0.0,86.0,34.0,59.0,0.0
2023-12-10 10:50:00+00:00,0.0,22.0,479.0,21.8,0.0,84.0,34.0,59.0,0.0
2023-12-10 10:55:00+00:00,0.0,22.0,486.0,21.8,0.0,83.0,33.0,59.0,0.0
2023-12-10 11:00:00+00:00,0.0,22.0,484.0,21.8,0.0,81.0,34.0,59.0,0.0
2023-12-10 11:05:00+00:00,0.0,22.0,484.0,21.8,0.0,81.0,34.0,59.0,0.0
2023-12-10 11:10:00+00:00,0.0,22.0,474.0,21.8,0.0,81.0,33.0,59.0,0.0
2023-12-10 11:15:00+00:00,0.0,22.0,475.0,21.8,0.0,81.0,34.0,59.0,0.0
2023-12-10 11:20:00+00:00,0.0,22.0,483.0,21.8,0.0,81.0,33.0,59.0,0.0
2023-12-10 11:25:00+00:00,0.0,22.0,479.0,21.8,0.0,76.0,34.0,59.0,0.0
2023-12-10 11:30:00+00:00,0.0,22.0,496.0,21.8,0.0,72.0,34.0,59.0,0.0
2023-12-10 11:35:00+00:00,0.0,22.0,505.0,21.8,0.0,69.0,33.0,59.0,0.0
2023-12-10 11:40:00+00:00,0.0,22.0,490.0,21.8,0.0,87.0,33.0,59.0,0.0
2023-12-10 11:45:00+00:00,0.0,22.0,479.0,21.8,0.0,89.0,34.0,59.0,0.0
2023-12-10 11:50:00+00:00,0.0,22.0,487.0,21.8,0.0,59.0,34.0,59.0,0.0
2023-12-10 11:55:00+00:00,0.0,22.0,482.0,21.8,0.0,48.0,33.0,59.0,0.0
2023-12-10 12:00:00+00:00,0.0,22.0,487.0,21.8,0.0,52.0,34.0,59.0,0.0
2023-12-10 12:05:00+00:00,0.0,22.0,499.0,21.8,0.0,61.0,34.0,59.0,0.0
2023-12-10 12:10:00+00:00,0.0,22.0,500.0,21.8,0.0,52.0,33.0,59.0,0.0
2023-12-10 12:15:00+00:00,0.0,22.0,489.0,21.8,0.0,52.0,34.0,59.0,0.0
2023-12-10 12:20:00+00:00,0.0,22.0,499.0,21.8,0.0,61.0,33.0,59.0,0.0
2023-12-10 12:25:00+00:00,0.0,22.0,502.0,21.8,0.0,60.0,33.0,59.0,0.0
2023-12-10 12:30:00+00:00,0.0,22.0,494.0,21.8,0.0,60.0,34.0,59.0,0.0
2023-12-10 12:35:00+00:00,0.0,22.0,492.0,21.8,0.0,58.0,33.0,59.0,0.0
2023-12-10 12:40:00+00:00,0.0,22.0,495.0,21.8,0.0,56.0,33.0,59.0,0.0
2023-12-10 12:45:00+00:00,0.0,22.0,497.0,21.8,0.0,54.0,34.0,59.0,0.0
2023-12-10 12:50:00+00:00,0.0,22.0,492.0,21.8,0.0,51.0,34.0,59.0,0.0
2023-12-10 12:55:00+00:00,0.0,22.0,490.0,21.8,0.0,48.0,34.0,59.0,0.0
2023-12-10 13:00:00+00:00,0.0,23.0,503.0,21.8,0.0,46.0,33.0,59.0,0.0
2023-12-10 13:05:00+00:00,0.0,23.0,510.0,21.8,0.0,45.0,33.0,59.0,0.0
2023-12-10 13:10:00+00:00,0.0,23.0,512.0,21.8,0.0,43.0,33.0,59.0,0.0
2023-12-10 13:15:00+00:00,0.0,23.0,498.0,21.8,0.0,42.0,33.0,59.0,0.0
2023-12-10 13:20:00+00:00,0.0,23.0,499.0,21.8,0.0,43.0,34.0,59.0,0.0
2023-12-10 13:25:00+00:00,0.0,23.0,519.0,21.8,0.0,38.0,33.0,59.0,0.0
2023-12-10 13:30:00+00:00,0.0,23.0,500.0,21.8,0.0,37.0,33.0,59.0,0.0
2023-12-10 13:35:00+00:00,0.0,23.0,497.0,21.8,0.0,34.0,34.0,59.0,0.0
2023-12-10 13:40:00+00:00,0.0,23.0,525.0,21.8,0.0,31.0,34.0,59.0,0.0
2023-12-10 13:45:00+00:00,0.0,23.0,507.0,21.8,0.0,29.0,34.0,59.0,0.0
2023-12-10 13:50:00+00:00,0.0,23.0,500.0,21.8,0.0,27.0,33.0,59.0,0.0
2023-12-10 13:55:00+00:00,0.0,23.0,511.0,21.8,0.0,25.0,33.0,59.0,0.0
2023-12-10 14:00:00+00:00,0.0,23.0,510.0,21.8,0.0,25.0,33.0,59.0,0.0
2023-12-10 14:05:00+00:00,0.0,23.0,497.0,21.8,0.0,24.0,34.0,59.0,0.0
2023-12-10 14:10:00+00:00,0.0,23.0,501.0,21.8,0.0,21.0,33.0,59.0,0.0
2023-12-10 14:15:00+00:00,0.0,23.0,508.0,21.8,0.0,20.0,34.0,59.0,0.0
2023-12-10 14:20:00+00:00,0.0,23.0,494.0,21.8,0.0,19.0,33.0,59.0,0.0
2023-12-10 14:25:00+00:00,0.0,23.0,489.0,21.8,0.0,18.0,34.0,59.0,0.0
2023-12-10 14:30:00+00:00,0.0,23.0,484.0,21.8,0.0,17.0,34.0,59.0,0.0
2023-12-10 14:35:00+00:00,0.0,23.0,495.0,21.8,0.0,16.0,34.0,59.0,0.0
2023-12-10 14:40:00+00:00,0.0,23.0,489.0,21.7,0.0,14.0,34.0,59.0,0.0
2023-12-10 14:45:00+00:00,0.0,23.0,498.0,21.7,0.0,12.0,33.0,59.0,0.0
2023-12-10 14:50:00+00:00,0.0,23.0,511.0,21.8,0.0,9.0,34.0,59.0,0.0
2023-12-10 14:55:00+00:00,0.0,23.0,485.0,21.7,0.0,9.0,34.0,59.0,0.0
2023-12-10 15:00:00+00:00,0.0,23.0,497.0,21.7,0.0,6.0,34.0,59.0,0.0
2023-12-10 15:05:00+00:00,0.0,23.0,503.0,21.7,0.0,4.0,34.0,59.0,0.0
2023-12-10 15:10:00+00:00,0.0,23.0,496.0,21.7,0.0,3.0,34.0,59.0,0.0
2023-12-10 15:15:00+00:00,0.0,23.0,482.0,21.7,0.0,2.0,34.0,59.0,0.0
2023-12-10 15:20:00+00:00,0.0,23.0,505.0,21.7,0.0,1.0,34.0,59.0,0.0
2023-12-10 15:25:00+00:00,0.0,23.0,500.0,21.7,0.0,1.0,34.0,59.0,0.0
2023-12-10 15:30:00+00:00,0.0,23.0,518.0,21.7,0.0,0.0,34.0,59.0,0.0
2023-12-10 15:35:00+00:00,0.0,23.0,506.0,21.7,0.0,0.0,34.0,59.0,0.0
2023-12-10 15:40:00+00:00,0.0,23.0,504.0,21.7,0.0,0.0,33.0,59.0,0.0
2023-12-10 15:45:00+00:00,0.0,23.0,510.0,21.7,0.0,0.0,34.0,59.0,0.0
2023-12-10 15:50:00+00:00,0.0,23.0,498.0,21.7,0.0,0.0,34.0,59.0,0.0
2023-12-10 15:55:00+00:00,0.0,23.0,534.0,21.7,0.0,0.0,34.0,59.0,0.0
2023-12-10 16:00:00+00:00,0.0,23.0,508.0,21.7,0.0,0.0,33.0,59.0,0.0
2023-12-10 16:05:00+00:00,0.0,23.0,512.0,21.7,0.0,0.0,34.0,59.0,0.0
2023-12-10 16:10:00+00:00,0.0,23.0,494.0,21.7,0.0,0.0,34.0,59.0,0.0
2023-12-10 16:15:00+00:00,0.0,23.0,523.0,21.7,0.0,0.0,34.0,59.0,0.0
2023-12-10 16:20:00+00:00,0.0,23.0,514.0,21.7,0.0,0.0,34.0,59.0,0.0
2023-12-10 16:25:00+00:00,0.0,23.0,510.0,21.7,0.0,0.0,33.0,59.0,0.0
2023-12-10 16:30:00+00:00,0.0,23.0,512.0,21.7,0.0,0.0,34.0,59.0,0.0
2023-12-10 16:35:00+00:00,0.0,23.0,510.0,21.7,0.0,0.0,33.0,59.0,0.0
2023-12-10 16:40:00+00:00,0.0,23.0,528.0,21.7,0.0,0.0,34.0,59.0,0.0
2023-12-10 16:45:00+00:00,0.0,23.0,535.0,21.7,0.0,0.0,34.0,59.0,0.0
2023-12-10 16:50:00+00:00,0.0,23.0,521.0,21.7,0.0,0.0,33.0,59.0,0.0
2023-12-10 16:55:00+00:00,0.0,23.0,521.0,21.6,0.0,0.0,33.0,59.0,0.0
2023-12-10 17:00:00+00:00,0.0,23.0,521.0,21.6,0.0,0.0,34.0,59.0,0.0
2023-12-10 17:05:00+00:00,0.0,23.0,515.0,21.6,0.0,0.0,34.0,59.0,0.0
2023-12-10 17:10:00+00:00,0.0,23.0,528.0,21.6,0.0,0.0,34.0,59.0,0.0
2023-12-10 17:15:00+00:00,0.0,23.0,498.0,21.6,0.0,0.0,34.0,59.0,0.0
2023-12-10 17:20:00+00:00,0.0,23.0,520.0,21.6,0.0,0.0,34.0,59.0,0.0
2023-12-10 17:25:00+00:00,0.0,23.0,528.0,21.6,0.0,0.0,34.0,59.0,0.0
2023-12-10 17:30:00+00:00,0.0,23.0,529.0,21.6,0.0,0.0,33.0,59.0,0.0
2023-12-10 17:35:00+00:00,0.0,23.0,524.0,21.6,0.0,0.0,33.0,59.0,0.0
2023-12-10 17:40:00+00:00,0.0,23.0,522.0,21.6,0.0,0.0,34.0,59.0,0.0
2023-12-10 17:45:00+00:00,0.0,23.0,532.0,21.6,0.0,0.0,34.0,59.0,0.0
2023-12-10 17:50:00+00:00,0.0,23.0,539.0,21.6,0.0,0.0,33.0,59.0,0.0
2023-12-10 17:55:00+00:00,0.0,23.0,520.0,21.6,0.0,0.0,33.0,59.0,0.0
2023-12-10 18:00:00+00:00,0.0,23.0,516.0,21.6,0.0,0.0,34.0,59.0,0.0
2023-12-10 18:05:00+00:00,0.0,23.0,529.0,21.6,0.0,0.0,34.0,59.0,0.0
2023-12-10 18:10:00+00:00,0.0,23.0,533.0,21.6,0.0,0.0,33.0,59.0,0.0
2023-12-10 18:15:00+00:00,0.0,23.0,521.0,21.6,0.0,0.0,34.0,59.0,0.0
2023-12-10 18:20:00+00:00,0.0,23.0,518.0,21.6,0.0,0.0,34.0,59.0,0.0
2023-12-10 18:25:00+00:00,0.0,23.0,540.0,21.6,0.0,0.0,34.0,59.0,0.0
2023-12-10 18:30:00+00:00,0.0,23.0,525.0,21.5,0.0,0.0,34.0,59.0,0.0
2023-12-10 18:35:00+00:00,0.0,23.0,533.0,21.6,0.0,0.0,34.0,59.0,0.0
2023-12-10 18:40:00+00:00,0.0,23.0,525.0,21.5,0.0,0.0,33.0,59.0,0.0
2023-12-10 18:45:00+00:00,0.0,23.0,529.0,21.6,0.0,0.0,34.0,59.0,0.0
2023-12-10 18:50:00+00:00,0.0,23.0,518.0,21.5,0.0,0.0,33.0,59.0,0.0
2023-12-10 18:55:00+00:00,0.0,23.0,537.0,21.5,0.0,0.0,32.0,59.0,0.0
2023-12-10 19:00:00+00:00,0.0,23.0,536.0,21.5,0.0,0.0,33.0,59.0,0.0
2023-12-10 19:05:00+00:00,0.0,23.0,523.0,21.5,0.0,0.0,32.0,59.0,0.0
2023-12-10 19:10:00+00:00,0.0,23.0,516.0,21.6,0.0,0.0,33.0,59.0,0.0
2023-12-10 19:15:00+00:00,0.0,23.0,517.0,21.5,0.0,0.0,33.0,59.0,0.0
2023-12-10 19:20:00+00:00,0.0,23.0,519.0,21.5,0.0,0.0,33.0,59.0,0.0
2023-12-10 19:25:00+00:00,0.0,23.0,513.0,21.5,0.0,0.0,33.0,59.0,0.0
2023-12-10 19:30:00+00:00,0.0,23.0,531.0,21.5,0.0,0.0,33.0,59.0,0.0
2023-12-10 19:35:00+00:00,0.0,23.0,520.0,21.5,0.0,0.0,33.0,59.0,0.0
2023-12-10 19:40:00+00:00,0.0,23.0,531.0,21.5,0.0,0.0,32.0,59.0,0.0
2023-12-10 19:45:00+00:00,0.0,23.0,525.0,21.5,0.0,0.0,32.0,59.0,0.0
2023-12-10 19:50:00+00:00,0.0,23.0,523.0,21.5,0.0,0.0,32.0,59.0,0.0
2023-12-10 19:55:00+00:00,0.0,23.0,534.0,21.5,0.0,0.0,32.0,59.0,0.0
2023-12-10 20:00:00+00:00,0.0,23.0,519.0,21.5,0.0,0.0,32.0,59.0,0.0
2023-12-10 20:05:00+00:00,0.0,23.0,525.0,21.5,0.0,0.0,32.0,59.0,0.0
2023-12-10 20:10:00+00:00,0.0,23.0,523.0,21.5,0.0,0.0,32.0,59.0,0.0
2023-12-10 20:15:00+00:00,0.0,23.0,506.0,21.5,0.0,0.0,33.0,59.0,0.0
2023-12-10 20:20:00+00:00,0.0,23.0,511.0,21.5,0.0,0.0,32.0,59.0,0.0
2023-12-10 20:25:00+00:00,0.0,23.0,498.0,21.5,0.0,0.0,33.0,59.0,0.0
2023-12-10 20:30:00+00:00,0.0,23.0,499.0,21.5,0.0,0.0,34.0,59.0,0.0
2023-12-10 20:35:00+00:00,0.0,23.0,516.0,21.5,0.0,0.0,33.0,59.0,0.0
2023-12-10 20:40:00+00:00,0.0,23.0,508.0,21.5,0.0,0.0,33.0,59.0,0.0
2023-12-10 20:45:00+00:00,0.0,22.0,502.0,21.5,0.0,0.0,33.0,59.0,0.0
2023-12-10 20:50:00+00:00,0.0,22.0,513.0,21.5,0.0,0.0,33.0,59.0,0.0
2023-12-10 20:55:00+00:00,0.0,22.0,518.0,21.5,0.0,0.0,34.0,59.0,0.0
2023-12-10 21:00:00+00:00,0.0,22.0,510.0,21.5,0.0,0.0,33.0,59.0,0.0
2023-12-10 21:05:00+00:00,0.0,22.0,508.0,21.6,0.0,0.0,33.0,59.0,0.0
2023-12-10 21:10:00+00:00,0.0,22.0,530.0,21.6,0.0,0.0,33.0,59.0,0.0
2023-12-10 21:15:00+00:00,0.0,22.0,499.0,21.6,0.0,0.0,32.0,59.0,0.0
2023-12-10 21:20:00+00:00,0.0,22.0,504.0,21.6,0.0,0.0,32.0,59.0,0.0
2023-12-10 21:25:00+00:00,0.0,22.0,506.0,21.6,0.0,0.0,32.0,59.0,0.0
2023-12-10 21:30:00+00:00,0.0,22.0,506.0,21.7,0.0,0.0,32.0,59.0,0.0
2023-12-10 21:35:00+00:00,0.0,22.0,517.0,21.6,0.0,0.0,31.0,59.0,0.0
2023-12-10 21:40:00+00:00,0.0,22.0,494.0,21.7,0.0,0.0,31.0,59.0,0.0
2023-12-10 21:45:00+00:00,0.0,22.0,503.0,21.7,0.0,0.0,31.0,59.0,0.0
2023-12-10 21:50:00+00:00,0.0,22.0,528.0,21.7,0.0,0.0,31.0,59.0,0.0
2023-12-10 21:55:00+00:00,0.0,22.0,504.0,21.7,0.0,0.0,32.0,59.0,0.0
2023-12-10 22:00:00+00:00,0.0,22.0,498.0,21.7,0.0,0.0,33.0,59.0,0.0
2023-12-10 22:05:00+00:00,0.0,22.0,505.0,21.7,0.0,0.0,31.0,59.0,0.0
2023-12-10 22:10:00+00:00,0.0,22.0,506.0,21.8,0.0,0.0,31.0,59.0,0.0
2023-12-10 22:15:00+00:00,0.0,22.0,505.0,21.7,0.0,0.0,31.0,59.0,0.0
2023-12-10 22:20:00+00:00,0.0,22.0,504.0,21.8,0.0,0.0,32.0,59.0,0.0
2023-12-10 22:25:00+00:00,0.0,22.0,488.0,21.8,0.0,0.0,31.0,59.0,0.0
2023-12-10 22:30:00+00:00,0.0,22.0,500.0,21.8,0.0,0.0,31.0,59.0,0.0
2023-12-10 22:35:00+00:00,0.0,22.0,499.0,21.8,0.0,0.0,32.0,59.0,0.0
2023-12-10 22:40:00+00:00,0.0,22.0,492.0,21.8,0.0,0.0,31.0,59.0,0.0
2023-12-10 22:45:00+00:00,0.0,22.0,504.0,21.8,0.0,0.0,31.0,59.0,0.0
2023-12-10 22:50:00+00:00,0.0,22.0,498.0,21.8,0.0,0.0,31.0,59.0,0.0
2023-12-10 22:55:00+00:00,0.0,22.0,499.0,21.8,0.0,0.0,33.0,59.0,0.0
2023-12-10 23:00:00+00:00,0.0,22.0,490.0,21.8,0.0,0.0,32.0,59.0,0.0
2023-12-10 23:05:00+00:00,0.0,22.0,501.0,21.8,0.0,0.0,33.0,59.0,0.0
2023-12-10 23:10:00+00:00,0.0,22.0,513.0,21.8,0.0,0.0,33.0,59.0,0.0
2023-12-10 23:15:00+00:00,0.0,22.0,488.0,21.8,0.0,0.0,32.0,59.0,0.0
2023-12-10 23:20:00+00:00,0.0,22.0,491.0,21.8,0.0,0.0,31.0,59.0,0.0
2023-12-10 23:25:00+00:00,0.0,22.0,495.0,21.8,0.0,0.0,31.0,59.0,0.0
2023-12-10 23:30:00+00:00,0.0,22.0,494.0,21.8,0.0,0.0,31.0,59.0,0.0
2023-12-10 23:35:00+00:00,0.0,22.0,499.0,21.8,0.0,0.0,31.0,59.0,0.0
2023-12-10 23:40:00+00:00,0.0,22.0,496.0,21.8,0.0,0.0,31.0,59.0,0.0
2023-12-10 23:45:00+00:00,0.0,22.0,494.0,21.8,0.0,0.0,31.0,59.0,0.0
2023-12-10 23:50:00+00:00,0.0,22.0,496.0,21.8,0.0,0.0,31.0,59.0,0.0
2023-12-10 23:55:00+00:00,0.0,22.0,479.0,21.8,0.0,0.0,31.0,59.0,0.0
2023-12-11 00:00:00+00:00,0.0,22.0,478.0,21.8,0.0,0.0,32.0,59.0,0.0
2023-12-11 00:05:00+00:00,0.0,22.0,477.0,21.8,0.0,0.0,33.0,59.0,0.0
2023-12-11 00:10:00+00:00,0.0,22.0,489.0,21.8,0.0,0.0,32.0,59.0,0.0
2023-12-11 00:15:00+00:00,0.0,22.0,490.0,21.8,0.0,0.0,32.0,59.0,0.0
2023-12-11 00:20:00+00:00,0.0,22.0,505.0,21.8,0.0,0.0,33.0,59.0,0.0
2023-12-11 00:25:00+00:00,0.0,22.0,491.0,21.8,0.0,0.0,32.0,59.0,0.0
2023-12-11 00:30:00+00:00,0.0,22.0,483.0,21.8,0.0,0.0,32.0,59.0,0.0
2023-12-11 00:35:00+00:00,0.0,22.0,490.0,21.8,0.0,0.0,32.0,59.0,0.0
2023-12-11 00:40:00+00:00,0.0,22.0,484.0,21.8,0.0,0.0,31.0,59.0,0.0
2023-12-11 00:45:00+00:00,0.0,22.0,484.0,21.8,0.0,0.0,31.0,59.0,0.0
2023-12-11 00:50:00+00:00,0.0,22.0,488.0,21.8,0.0,0.0,31.0,59.0,0.0
2023-12-11 00:55:00+00:00,0.0,22.0,507.0,21.7,0.0,0.0,31.0,59.0,0.0
2023-12-11 01:00:00+00:00,0.0,22.0,483.0,21.8,0.0,0.0,31.0,59.0,0.0
2023-12-11 01:05:00+00:00,0.0,22.0,494.0,21.7,0.0,0.0,31.0,59.0,0.0
2023-12-11 01:10:00+00:00,0.0,22.0,520.0,21.7,0.0,0.0,31.0,59.0,0.0
2023-12-11 01:15:00+00:00,0.0,22.0,504.0,21.7,0.0,0.0,31.0,59.0,0.0
2023-12-11 01:20:00+00:00,0.0,22.0,502.0,21.7,0.0,0.0,31.0,59.0,0.0
2023-12-11 01:25:00+00:00,0.0,22.0,519.0,21.7,0.0,0.0,32.0,59.0,0.0
2023-12-11 01:30:00+00:00,0.0,22.0,520.0,21.8,0.0,0.0,33.0,59.0,0.0
2023-12-11 01:35:00+00:00,0.0,22.0,497.0,21.7,0.0,0.0,32.0,59.0,0.0
2023-12-11 01:40:00+00:00,0.0,22.0,518.0,21.7,0.0,0.0,32.0,59.0,0.0
2023-12-11 01:45:00+00:00,0.0,22.0,514.0,21.7,0.0,0.0,32.0,59.0,0.0
2023-12-11 01:50:00+00:00,0.0,22.0,529.0,21.7,0.0,0.0,31.0,59.0,0.0
2023-12-11 01:55:00+00:00,0.0,22.0,522.0,21.7,0.0,0.0,31.0,59.0,0.0
2023-12-11 02:00:00+00:00,0.0,22.0,555.0,21.7,0.0,0.0,31.0,59.0,0.0
2023-12-11 02:05:00+00:00,0.0,22.0,536.0,21.7,0.0,0.0,31.0,59.0,0.0
2023-12-11 02:10:00+00:00,0.0,22.0,531.0,21.7,0.0,0.0,31.0,59.0,0.0
2023-12-11 02:15:00+00:00,0.0,22.0,513.0,21.7,0.0,0.0,31.0,59.0,0.0
2023-12-11 02:20:00+00:00,0.0,22.0,527.0,21.7,0.0,0.0,31.0,59.0,0.0
2023-12-11 02:25:00+00:00,0.0,22.0,525.0,21.7,0.0,0.0,31.0,59.0,0.0
2023-12-11 02:30:00+00:00,0.0,22.0,530.0,21.7,0.0,0.0,31.0,59.0,0.0
2023-12-11 02:35:00+00:00,0.0,22.0,529.0,21.7,0.0,0.0,32.0,59.0,0.0
2023-12-11 02:40:00+00:00,0.0,22.0,522.0,21.7,0.0,0.0,32.0,59.0,0.0
2023-12-11 02:45:00+00:00,0.0,22.0,519.0,21.7,0.0,0.0,32.0,59.0,0.0
2023-12-11 02:50:00+00:00,0.0,22.0,518.0,21.7,0.0,0.0,32.0,59.0,0.0
2023-12-11 02:55:00+00:00,0.0,22.0,528.0,21.7,0.0,0.0,32.0,59.0,0.0
2023-12-11 03:00:00+00:00,0.0,22.0,519.0,21.7,0.0,0.0,32.0,59.0,0.0
2023-12-11 03:05:00+00:00,0.0,22.0,504.0,21.7,0.0,0.0,32.0,59.0,0.0
2023-12-11 03:10:00+00:00,0.0,22.0,527.0,21.7,0.0,0.0,32.0,59.0,0.0
2023-12-11 03:15:00+00:00,0.0,22.0,529.0,21.7,0.0,0.0,32.0,59.0,0.0
2023-12-11 03:20:00+00:00,0.0,22.0,540.0,21.7,0.0,0.0,32.0,59.0,0.0
2023-12-11 03:25:00+00:00,0.0,22.0,510.0,21.7,0.0,0.0,32.0,59.0,0.0
2023-12-11 03:30:00+00:00,0.0,22.0,532.0,21.7,0.0,0.0,32.0,59.0,0.0
2023-12-11 03:35:00+00:00,0.0,22.0,526.0,21.7,0.0,0.0,33.0,59.0,0.0
2023-12-11 03:40:00+00:00,0.0,22.0,519.0,21.7,0.0,0.0,33.0,59.0,0.0
2023-12-11 03:45:00+00:00,0.0,22.0,520.0,21.7,0.0,0.0,32.0,59.0,0.0
2023-12-11 03:50:00+00:00,0.0,22.0,523.0,21.7,0.0,0.0,33.0,59.0,0.0
2023-12-11 03:55:00+00:00,0.0,22.0,518.0,21.6,0.0,0.0,33.0,59.0,0.0
2023-12-11 04:00:00+00:00,0.0,22.0,524.0,21.6,0.0,0.0,33.0,59.0,0.0
2023-12-11 04:05:00+00:00,0.0,22.0,508.0,21.6,0.0,0.0,33.0,59.0,0.0
2023-12-11 04:10:00+00:00,0.0,22.0,511.0,21.6,0.0,0.0,33.0,59.0,0.0
2023-12-11 04:15:00+00:00,0.0,22.0,522.0,21.6,0.0,0.0,33.0,59.0,0.0
2023-12-11 04:20:00+00:00,0.0,22.0,518.0,21.6,0.0,0.0,33.0,59.0,0.0
2023-12-11 04:25:00+00:00,0.0,22.0,530.0,21.6,0.0,0.0,33.0,59.0,0.0
2023-12-11 04:30:00+00:00,0.0,22.0,521.0,21.6,0.0,0.0,34.0,59.0,0.0
2023-12-11 04:35:00+00:00,0.0,22.0,501.0,21.6,0.0,0.0,33.0,59.0,0.0
2023-12-11 04:40:00+00:00,0.0,22.0,518.0,21.6,0.0,0.0,33.0,59.0,0.0
2023-12-11 04:45:00+00:00,0.0,22.0,500.0,21.6,0.0,0.0,33.0,59.0,0.0
2023-12-11 04:50:00+00:00,0.0,22.0,500.0,21.6,0.0,0.0,34.0,59.0,0.0
2023-12-11 04:55:00+00:00,0.0,22.0,515.0,21.6,0.0,0.0,33.0,59.0,0.0
2023-12-11 05:00:00+00:00,0.0,22.0,524.0,21.6,0.0,0.0,33.0,59.0,0.0
2023-12-11 05:05:00+00:00,0.0,22.0,506.0,21.6,0.0,0.0,34.0,59.0,0.0
2023-12-11 05:10:00+00:00,0.0,22.0,514.0,21.6,0.0,0.0,33.0,59.0,0.0
2023-12-11 05:15:00+00:00,0.0,22.0,514.0,21.6,0.0,0.0,33.0,59.0,0.0
2023-12-11 05:20:00+00:00,0.0,22.0,488.0,21.6,0.0,0.0,33.0,59.0,0.0
2023-12-11 05:25:00+00:00,0.0,22.0,513.0,21.6,0.0,0.0,34.0,59.0,0.0
2023-12-11 05:30:00+00:00,0.0,22.0,504.0,21.6,0.0,0.0,34.0,59.0,0.0
2023-12-11 05:35:00+00:00,0.0,22.0,507.0,21.6,0.0,0.0,34.0,59.0,0.0
2023-12-11 05:40:00+00:00,0.0,22.0,490.0,21.6,0.0,0.0,34.0,59.0,0.0
2023-12-11 05:45:00+00:00,0.0,22.0,499.0,21.6,0.0,0.0,35.0,59.0,0.0
2023-12-11 05:50:00+00:00,0.0,22.0,510.0,21.6,0.0,0.0,35.0,59.0,0.0
2023-12-11 05:55:00+00:00,0.0,22.0,497.0,21.6,0.0,0.0,38.0,59.0,0.0
2023-12-11 06:00:00+00:00,0.0,22.0,490.0,21.6,0.0,1.0,38.0,59.0,0.0
2023-12-11 06:05:00+00:00,0.0,22.0,505.0,21.6,0.0,1.0,38.0,59.0,0.0
2023-12-11 06:10:00+00:00,0.0,22.0,500.0,21.6,0.0,1.0,35.0,59.0,0.0
2023-12-11 06:15:00+00:00,0.0,22.0,487.0,21.6,0.0,1.0,34.0,71.0,0.0
2023-12-11 06:20:00+00:00,0.0,22.0,482.0,21.6,0.0,0.0,35.0,59.0,0.0
2023-12-11 06:25:00+00:00,0.0,22.0,490.0,21.6,0.0,1.0,35.0,59.0,0.0
2023-12-11 06:30:00+00:00,0.0,22.0,494.0,21.5,0.0,1.0,35.0,59.0,0.0
2023-12-11 06:35:00+00:00,0.0,22.0,463.0,21.6,0.0,2.0,35.0,59.0,0.0
2023-12-11 06:40:00+00:00,0.0,22.0,498.0,21.6,0.0,4.0,35.0,59.0,0.0
2023-12-11 06:45:00+00:00,0.0,22.0,487.0,21.6,0.0,4.0,35.0,59.0,0.0
2023-12-11 06:50:00+00:00,0.0,22.0,487.0,21.5,0.0,7.0,35.0,59.0,0.0
2023-12-11 06:55:00+00:00,0.0,22.0,475.0,21.6,0.0,9.0,35.0,59.0,0.0
2023-12-11 07:00:00+00:00,0.0,22.0,495.0,21.6,0.0,11.0,35.0,59.0,0.0
2023-12-11 07:05:00+00:00,0.0,22.0,512.0,21.5,0.0,15.0,35.0,59.0,0.0
2023-12-11 07:10:00+00:00,0.0,22.0,481.0,21.5,0.0,18.0,35.0,59.0,0.0
2023-12-11 07:15:00+00:00,0.0,22.0,493.0,21.6,0.0,21.0,35.0,59.0,0.0
2023-12-11 07:20:00+00:00,0.0,22.0,498.0,21.5,0.0,24.0,35.0,59.0,0.0
2023-12-11 07:25:00+00:00,0.0,22.0,494.0,21.5,0.0,30.0,35.0,59.0,0.0
2023-12-11 07:30:00+00:00,0.0,22.0,502.0,21.5,0.0,30.0,34.0,59.0,0.0
2023-12-11 07:35:00+00:00,0.0,22.0,490.0,21.5,0.0,33.0,36.0,61.0,0.0
2023-12-11 07:40:00+00:00,0.0,22.0,501.0,21.5,0.0,35.0,36.0,59.0,0.0
2023-12-11 07:45:00+00:00,0.0,22.0,487.0,21.5,0.0,36.0,35.0,59.0,0.0
2023-12-11 07:50:00+00:00,0.0,22.0,503.0,21.5,0.0,38.0,35.0,59.0,0.0
2023-12-11 07:55:00+00:00,0.0,22.0,507.0,21.5,0.0,37.0,35.0,59.0,0.0
2023-12-11 08:00:00+00:00,0.0,22.0,531.0,21.5,0.0,36.0,35.0,59.0,0.0
2023-12-11 08:05:00+00:00,0.0,22.0,508.0,21.5,0.0,36.0,35.0,59.0,0.0
2023-12-11 08:10:00+00:00,0.0,22.0,530.0,21.5,0.0,36.0,36.0,59.0,0.0
2023-12-11 08:15:00+00:00,1.0,22.0,548.0,21.5,0.0,36.0,35.0,59.0,0.0
2023-12-11 08:20:00+00:00,1.0,22.0,541.0,21.5,10.0,252.0,37.0,61.0,0.0
2023-12-11 08:25:00+00:00,1.0,22.0,558.0,21.6,11.0,252.0,39.0,72.0,0.0
2023-12-11 08:30:00+00:00,0.0,22.0,612.0,21.5,9.0,246.0,39.0,62.0,0.0
2023-12-11 08:35:00+00:00,1.0,22.0,605.0,21.6,15.0,249.0,54.0,79.0,0.0
2023-12-11 08:40:00+00:00,0.0,22.0,616.0,21.7,7.0,256.0,50.0,73.0,0.0
2023-12-11 08:45:00+00:00,0.0,22.0,644.0,21.7,10.0,250.0,44.0,69.0,0.0
2023-12-11 08:50:00+00:00,0.0,22.0,654.0,21.8,14.0,251.0,51.0,70.0,0.0
2023-12-11 08:55:00+00:00,0.0,22.0,637.0,21.9,15.0,252.0,52.0,70.0,0.0
2023-12-11 09:00:00+00:00,0.0,22.0,675.0,21.9,2.0,255.0,54.0,72.0,0.0
2023-12-11 09:05:00+00:00,0.0,23.0,683.0,21.9,9.0,256.0,54.0,73.0,0.0
2023-12-11 09:10:00+00:00,0.0,23.0,687.0,22.0,14.0,260.0,51.0,75.0,0.0
2023-12-11 09:15:00+00:00,0.0,23.0,728.0,22.0,9.0,265.0,49.0,69.0,0.0
2023-12-11 09:20:00+00:00,0.0,23.0,737.0,22.0,10.0,255.0,51.0,69.0,0.0
2023-12-11 09:25:00+00:00,1.0,23.0,737.0,22.1,14.0,260.0,53.0,73.0,0.0
2023-12-11 09:30:00+00:00,0.0,23.0,758.0,22.1,2.0,259.0,39.0,60.0,0.0
2023-12-11 09:35:00+00:00,0.0,23.0,761.0,22.2,6.0,248.0,46.0,67.0,0.0
2023-12-11 09:40:00+00:00,0.0,23.0,763.0,22.2,8.0,259.0,49.0,68.0,0.0
2023-12-11 09:45:00+00:00,0.0,23.0,738.0,22.3,8.0,268.0,45.0,70.0,0.0
2023-12-11 09:50:00+00:00,0.0,23.0,769.0,22.3,13.0,275.0,44.0,65.0,0.0
2023-12-11 09:55:00+00:00,1.0,23.0,752.0,22.3,1.0,282.0,41.0,65.0,0.0
2023-12-11 10:00:00+00:00,1.0,23.0,784.0,22.3,4.0,276.0,39.0,65.0,0.0
2023-12-11 10:05:00+00:00,0.0,23.0,794.0,22.4,2.0,280.0,39.0,68.0,0.0
2023-12-11 10:10:00+00:00,0.0,23.0,758.0,22.4,7.0,276.0,40.0,62.0,0.0
2023-12-11 10:15:00+00:00,0.0,23.0,738.0,22.4,7.0,270.0,44.0,67.0,0.0
2023-12-11 10:20:00+00:00,1.0,23.0,746.0,22.5,11.0,271.0,47.0,68.0,0.0
2023-12-11 10:25:00+00:00,0.0,23.0,759.0,22.5,6.0,272.0,46.0,67.0,0.0
2023-12-11 10:30:00+00:00,0.0,23.0,785.0,22.5,6.0,272.0,43.0,66.0,0.0
2023-12-11 10:35:00+00:00,0.0,23.0,756.0,22.5,2.0,283.0,42.0,64.0,0.0
2023-12-11 10:40:00+00:00,0.0,23.0,767.0,22.6,3.0,293.0,42.0,66.0,0.0
2023-12-11 10:45:00+00:00,0.0,24.0,788.0,22.6,7.0,293.0,49.0,68.0,0.0
2023-12-11 10:50:00+00:00,0.0,24.0,775.0,22.6,9.0,286.0,52.0,67.0,0.0
2023-12-11 10:55:00+00:00,1.0,24.0,771.0,22.7,7.0,279.0,46.0,65.0,0.0
2023-12-11 11:00:00+00:00,1.0,24.0,789.0,22.7,18.0,277.0,54.0,70.0,0.0
2023-12-11 11:05:00+00:00,0.0,24.0,785.0,22.7,15.0,260.0,45.0,69.0,0.0
2023-12-11 11:25:00+00:00,0.0,25.0,1151.0,23.1,14.0,292.0,57.0,88.0,0.0
2023-12-11 11:30:00+00:00,0.0,25.0,1061.0,23.0,0.0,293.0,38.0,59.0,0.0
2023-12-11 11:35:00+00:00,1.0,25.0,1050.0,23.0,12.0,288.0,43.0,80.0,0.0
2023-12-11 11:40:00+00:00,0.0,25.0,979.0,23.0,5.0,281.0,46.0,86.0,0.0
2023-12-11 11:45:00+00:00,0.0,25.0,925.0,22.9,1.0,287.0,39.0,65.0,0.0
2023-12-11 11:50:00+00:00,0.0,25.0,883.0,22.9,1.0,283.0,49.0,68.0,0.0
2023-12-11 11:55:00+00:00,1.0,25.0,872.0,22.9,0.0,281.0,52.0,70.0,0.0
2023-12-11 12:00:00+00:00,0.0,25.0,857.0,22.9,0.0,271.0,54.0,71.0,0.0
2023-12-11 12:05:00+00:00,1.0,25.0,831.0,22.9,2.0,263.0,52.0,70.0,0.0
2023-12-11 12:10:00+00:00,0.0,25.0,859.0,22.9,3.0,256.0,49.0,71.0,0.0
2023-12-11 12:15:00+00:00,1.0,25.0,844.0,23.0,6.0,249.0,45.0,71.0,0.0
2023-12-11 12:20:00+00:00,1.0,25.0,838.0,23.0,0.0,249.0,39.0,70.0,0.0
2023-12-11 12:25:00+00:00,0.0,25.0,845.0,23.0,8.0,246.0,46.0,72.0,0.0
2023-12-11 12:30:00+00:00,0.0,25.0,825.0,23.0,5.0,241.0,47.0,68.0,0.0
2023-12-11 12:35:00+00:00,0.0,25.0,833.0,23.0,0.0,239.0,40.0,67.0,0.0
2023-12-11 12:40:00+00:00,0.0,25.0,831.0,23.0,0.0,244.0,36.0,59.0,0.0
2023-12-11 12:45:00+00:00,0.0,25.0,825.0,23.0,2.0,248.0,37.0,59.0,0.0
2023-12-11 12:50:00+00:00,0.0,25.0,856.0,23.0,0.0,243.0,37.0,60.0,0.0
2023-12-11 12:55:00+00:00,0.0,25.0,871.0,23.0,3.0,249.0,36.0,59.0,0.0
2023-12-11 13:00:00+00:00,0.0,25.0,835.0,23.1,7.0,247.0,48.0,68.0,0.0
2023-12-11 13:05:00+00:00,0.0,25.0,831.0,23.1,6.0,244.0,42.0,64.0,0.0
2023-12-11 13:10:00+00:00,0.0,25.0,839.0,23.1,13.0,245.0,46.0,79.0,0.0
2023-12-11 13:15:00+00:00,0.0,25.0,852.0,23.1,13.0,243.0,49.0,68.0,0.0
2023-12-11 13:20:00+00:00,0.0,25.0,830.0,23.1,6.0,237.0,45.0,66.0,0.0
2023-12-11 13:25:00+00:00,0.0,25.0,849.0,23.1,7.0,236.0,42.0,65.0,0.0
2023-12-11 13:30:00+00:00,0.0,25.0,860.0,23.2,0.0,242.0,38.0,59.0,0.0
2023-12-11 13:35:00+00:00,0.0,25.0,867.0,23.2,6.0,253.0,41.0,64.0,0.0
2023-12-11 13:40:00+00:00,0.0,25.0,851.0,23.1,4.0,257.0,43.0,66.0,0.0
2023-12-11 13:45:00+00:00,0.0,25.0,865.0,23.2,5.0,243.0,42.0,64.0,0.0
2023-12-11 13:50:00+00:00,0.0,25.0,868.0,23.2,6.0,238.0,43.0,64.0,0.0
2023-12-11 13:55:00+00:00,1.0,25.0,887.0,23.2,3.0,241.0,38.0,71.0,0.0
2023-12-11 14:00:00+00:00,0.0,25.0,832.0,23.2,7.0,234.0,45.0,70.0,0.0
2023-12-11 14:05:00+00:00,0.0,25.0,860.0,23.2,3.0,245.0,45.0,70.0,0.0
2023-12-11 14:10:00+00:00,1.0,25.0,805.0,23.2,0.0,254.0,35.0,59.0,0.0
2023-12-11 14:15:00+00:00,0.0,25.0,793.0,23.1,6.0,236.0,36.0,65.0,0.0
2023-12-11 14:20:00+00:00,0.0,25.0,778.0,23.1,3.0,225.0,47.0,64.0,0.0
2023-12-11 14:25:00+00:00,0.0,25.0,804.0,23.2,2.0,222.0,39.0,61.0,0.0
2023-12-11 14:30:00+00:00,0.0,25.0,798.0,23.2,2.0,223.0,43.0,66.0,0.0
2023-12-11 14:35:00+00:00,1.0,25.0,814.0,23.2,7.0,223.0,46.0,65.0,0.0
2023-12-11 14:40:00+00:00,0.0,25.0,835.0,23.2,8.0,221.0,43.0,64.0,0.0
2023-12-11 14:45:00+00:00,0.0,25.0,802.0,23.2,8.0,216.0,42.0,68.0,0.0
2023-12-11 14:50:00+00:00,0.0,25.0,816.0,23.2,7.0,217.0,47.0,64.0,0.0
2023-12-11 14:55:00+00:00,0.0,25.0,840.0,23.2,9.0,214.0,50.0,66.0,0.0
2023-12-11 15:00:00+00:00,0.0,25.0,805.0,23.2,4.0,212.0,51.0,69.0,0.0
2023-12-11 15:05:00+00:00,0.0,25.0,806.0,23.2,10.0,212.0,47.0,64.0,0.0
2023-12-11 15:10:00+00:00,1.0,25.0,854.0,23.3,4.0,212.0,50.0,67.0,0.0
2023-12-11 15:15:00+00:00,0.0,25.0,813.0,23.3,7.0,214.0,48.0,67.0,0.0
2023-12-11 15:20:00+00:00,0.0,25.0,837.0,23.2,8.0,214.0,46.0,67.0,0.0
2023-12-11 15:25:00+00:00,0.0,25.0,828.0,23.3,10.0,214.0,45.0,70.0,0.0
2023-12-11 15:30:00+00:00,0.0,25.0,841.0,23.3,6.0,216.0,50.0,72.0,0.0
2023-12-11 15:35:00+00:00,0.0,25.0,861.0,23.3,12.0,206.0,44.0,64.0,0.0
2023-12-11 15:40:00+00:00,1.0,25.0,828.0,23.3,12.0,212.0,47.0,66.0,0.0
2023-12-11 15:45:00+00:00,0.0,25.0,801.0,23.3,5.0,214.0,48.0,68.0,0.0
2023-12-11 15:50:00+00:00,0.0,25.0,808.0,23.2,0.0,213.0,40.0,59.0,0.0
2023-12-11 15:55:00+00:00,0.0,25.0,822.0,23.2,5.0,213.0,45.0,69.0,0.0
2023-12-11 16:00:00+00:00,0.0,25.0,813.0,23.2,4.0,212.0,56.0,70.0,0.0
2023-12-11 16:05:00+00:00,0.0,25.0,814.0,23.2,3.0,212.0,57.0,70.0,0.0
2023-12-11 16:10:00+00:00,0.0,25.0,795.0,23.2,3.0,212.0,56.0,71.0,0.0
2023-12-11 16:15:00+00:00,1.0,25.0,771.0,23.1,9.0,214.0,56.0,70.0,0.0
2023-12-11 16:20:00+00:00,1.0,25.0,782.0,23.1,11.0,214.0,55.0,72.0,0.0
2023-12-11 16:25:00+00:00,0.0,25.0,794.0,23.1,9.0,1.0,43.0,69.0,0.0
2023-12-11 16:30:00+00:00,0.0,25.0,755.0,23.1,1.0,1.0,38.0,61.0,0.0
2023-12-11 16:35:00+00:00,0.0,25.0,755.0,23.0,0.0,1.0,34.0,59.0,0.0
2023-12-11 16:40:00+00:00,0.0,25.0,722.0,23.0,0.0,0.0,35.0,59.0,0.0
2023-12-11 16:45:00+00:00,0.0,25.0,690.0,23.0,0.0,0.0,35.0,59.0,0.0
2023-12-11 16:50:00+00:00,0.0,25.0,698.0,22.9,0.0,0.0,35.0,59.0,0.0
2023-12-11 16:55:00+00:00,0.0,25.0,677.0,22.9,0.0,0.0,34.0,59.0,0.0
2023-12-11 17:00:00+00:00,0.0,25.0,666.0,22.9,0.0,0.0,35.0,59.0,0.0
2023-12-11 17:05:00+00:00,0.0,25.0,652.0,22.8,0.0,0.0,34.0,59.0,0.0
2023-12-11 17:10:00+00:00,0.0,25.0,642.0,22.8,0.0,0.0,34.0,59.0,0.0
2023-12-11 17:15:00+00:00,0.0,25.0,644.0,22.8,0.0,0.0,34.0,59.0,0.0
2023-12-11 17:20:00+00:00,0.0,25.0,635.0,22.7,0.0,1.0,34.0,59.0,0.0
2023-12-11 17:25:00+00:00,0.0,25.0,623.0,22.7,0.0,0.0,34.0,59.0,0.0
2023-12-11 17:30:00+00:00,0.0,25.0,623.0,22.7,0.0,0.0,34.0,59.0,0.0
2023-12-11 17:35:00+00:00,0.0,25.0,626.0,22.7,0.0,0.0,34.0,59.0,0.0
2023-12-11 17:40:00+00:00,0.0,25.0,608.0,22.6,0.0,0.0,34.0,59.0,0.0
2023-12-11 17:45:00+00:00,0.0,25.0,604.0,22.6,0.0,0.0,35.0,59.0,0.0
2023-12-11 17:50:00+00:00,0.0,25.0,601.0,22.6,0.0,0.0,34.0,59.0,0.0
2023-12-11 17:55:00+00:00,0.0,25.0,605.0,22.6,0.0,0.0,34.0,59.0,0.0
2023-12-11 18:00:00+00:00,0.0,25.0,607.0,22.5,0.0,0.0,34.0,59.0,0.0
2023-12-11 18:05:00+00:00,0.0,24.0,599.0,22.5,0.0,0.0,34.0,59.0,0.0
2023-12-11 18:10:00+00:00,0.0,24.0,594.0,22.5,0.0,0.0,34.0,59.0,0.0
2023-12-11 18:15:00+00:00,0.0,25.0,583.0,22.5,0.0,0.0,34.0,59.0,0.0
2023-12-11 18:20:00+00:00,0.0,24.0,582.0,22.5,0.0,0.0,34.0,59.0,0.0
2023-12-11 18:25:00+00:00,0.0,24.0,568.0,22.4,0.0,0.0,34.0,59.0,0.0
2023-12-11 18:30:00+00:00,0.0,24.0,571.0,22.4,0.0,0.0,35.0,59.0,0.0
2023-12-11 18:35:00+00:00,0.0,24.0,573.0,22.4,0.0,0.0,34.0,59.0,0.0
2023-12-11 18:40:00+00:00,0.0,24.0,575.0,22.4,0.0,0.0,34.0,59.0,0.0
2023-12-11 18:45:00+00:00,0.0,24.0,553.0,22.4,0.0,0.0,35.0,59.0,0.0
2023-12-11 18:50:00+00:00,0.0,24.0,552.0,22.4,0.0,0.0,34.0,59.0,0.0
2023-12-11 18:55:00+00:00,0.0,24.0,552.0,22.4,0.0,0.0,34.0,59.0,0.0
2023-12-11 19:00:00+00:00,0.0,24.0,569.0,22.3,0.0,0.0,35.0,59.0,0.0
2023-12-11 19:05:00+00:00,0.0,24.0,567.0,22.3,0.0,0.0,34.0,59.0,0.0
2023-12-11 19:10:00+00:00,0.0,24.0,565.0,22.3,0.0,0.0,34.0,59.0,0.0
2023-12-11 19:15:00+00:00,0.0,24.0,539.0,22.3,0.0,0.0,34.0,59.0,0.0
2023-12-11 19:20:00+00:00,0.0,24.0,545.0,22.3,0.0,0.0,34.0,59.0,0.0
2023-12-11 19:25:00+00:00,0.0,24.0,547.0,22.3,0.0,0.0,34.0,59.0,0.0
2023-12-11 19:30:00+00:00,0.0,24.0,559.0,22.3,0.0,0.0,34.0,59.0,0.0
2023-12-11 19:35:00+00:00,0.0,24.0,551.0,22.2,0.0,0.0,34.0,59.0,0.0
2023-12-11 19:40:00+00:00,0.0,24.0,531.0,22.2,0.0,0.0,34.0,59.0,0.0
2023-12-11 19:45:00+00:00,0.0,24.0,539.0,22.2,0.0,0.0,34.0,59.0,0.0
2023-12-11 19:50:00+00:00,0.0,24.0,547.0,22.2,0.0,0.0,34.0,59.0,0.0
2023-12-11 19:55:00+00:00,0.0,24.0,535.0,22.2,0.0,0.0,34.0,59.0,0.0
2023-12-11 20:00:00+00:00,0.0,24.0,557.0,22.2,0.0,0.0,34.0,59.0,0.0
2023-12-11 20:05:00+00:00,0.0,24.0,537.0,22.2,0.0,0.0,33.0,59.0,0.0
2023-12-11 20:10:00+00:00,0.0,24.0,526.0,22.2,0.0,0.0,34.0,59.0,0.0
2023-12-11 20:15:00+00:00,0.0,24.0,525.0,22.1,0.0,0.0,33.0,59.0,0.0
2023-12-11 20:20:00+00:00,0.0,24.0,535.0,22.1,0.0,0.0,33.0,59.0,0.0
2023-12-11 20:25:00+00:00,0.0,24.0,548.0,22.1,0.0,0.0,33.0,59.0,0.0
2023-12-11 20:30:00+00:00,0.0,24.0,537.0,22.1,0.0,0.0,33.0,59.0,0.0
2023-12-11 20:35:00+00:00,0.0,24.0,535.0,22.1,0.0,0.0,34.0,59.0,0.0
2023-12-11 20:40:00+00:00,0.0,24.0,528.0,22.1,0.0,0.0,33.0,59.0,0.0
2023-12-11 20:45:00+00:00,0.0,24.0,533.0,22.1,0.0,0.0,33.0,59.0,0.0
2023-12-11 20:50:00+00:00,0.0,24.0,529.0,22.1,0.0,0.0,34.0,59.0,0.0
2023-12-11 20:55:00+00:00,0.0,24.0,522.0,22.1,0.0,0.0,33.0,59.0,0.0
2023-12-11 21:00:00+00:00,0.0,24.0,516.0,22.1,0.0,0.0,34.0,59.0,0.0
2023-12-11 21:05:00+00:00,0.0,24.0,509.0,22.0,0.0,0.0,33.0,59.0,0.0
2023-12-11 21:10:00+00:00,0.0,24.0,513.0,22.1,0.0,0.0,34.0,59.0,0.0
2023-12-11 21:15:00+00:00,0.0,24.0,520.0,22.0,0.0,0.0,33.0,59.0,0.0
2023-12-11 21:20:00+00:00,0.0,24.0,510.0,22.0,0.0,0.0,33.0,59.0,0.0
2023-12-11 21:25:00+00:00,0.0,24.0,516.0,22.0,0.0,0.0,33.0,59.0,0.0
2023-12-11 21:30:00+00:00,0.0,24.0,515.0,22.0,0.0,0.0,33.0,59.0,0.0
2023-12-11 21:35:00+00:00,0.0,24.0,518.0,22.0,0.0,0.0,33.0,59.0,0.0
2023-12-11 21:40:00+00:00,0.0,24.0,522.0,22.0,0.0,0.0,33.0,59.0,0.0
2023-12-11 21:45:00+00:00,0.0,24.0,516.0,22.0,0.0,0.0,33.0,59.0,0.0
2023-12-11 21:50:00+00:00,0.0,24.0,529.0,21.9,0.0,0.0,33.0,59.0,0.0
2023-12-11 21:55:00+00:00,0.0,24.0,502.0,22.0,0.0,0.0,33.0,59.0,0.0
2023-12-11 22:00:00+00:00,0.0,23.0,533.0,21.9,0.0,0.0,34.0,59.0,0.0
2023-12-11 22:05:00+00:00,0.0,23.0,499.0,21.9,0.0,0.0,33.0,59.0,0.0
2023-12-11 22:10:00+00:00,0.0,23.0,528.0,21.9,0.0,0.0,33.0,59.0,0.0
2023-12-11 22:15:00+00:00,0.0,23.0,517.0,21.9,0.0,0.0,33.0,59.0,0.0
2023-12-11 22:20:00+00:00,0.0,23.0,524.0,21.9,0.0,0.0,33.0,59.0,0.0
2023-12-11 22:25:00+00:00,0.0,23.0,519.0,21.9,0.0,0.0,34.0,59.0,0.0
2023-12-11 22:30:00+00:00,0.0,23.0,490.0,21.9,0.0,0.0,33.0,59.0,0.0
2023-12-11 22:35:00+00:00,0.0,23.0,505.0,21.9,0.0,0.0,33.0,59.0,0.0
2023-12-11 22:40:00+00:00,0.0,23.0,523.0,21.9,0.0,0.0,33.0,59.0,0.0
2023-12-11 22:45:00+00:00,0.0,23.0,518.0,21.9,0.0,0.0,33.0,59.0,0.0
2023-12-11 22:50:00+00:00,0.0,23.0,492.0,21.9,0.0,0.0,33.0,59.0,0.0
2023-12-11 22:55:00+00:00,0.0,23.0,530.0,21.9,0.0,0.0,33.0,59.0,0.0
2023-12-11 23:00:00+00:00,0.0,23.0,508.0,21.8,0.0,0.0,33.0,59.0,0.0
2023-12-11 23:05:00+00:00,0.0,23.0,496.0,21.8,0.0,0.0,33.0,59.0,0.0
2023-12-11 23:10:00+00:00,0.0,23.0,507.0,21.8,0.0,0.0,33.0,59.0,0.0
2023-12-11 23:15:00+00:00,0.0,23.0,506.0,21.8,0.0,0.0,33.0,59.0,0.0
2023-12-11 23:20:00+00:00,0.0,23.0,499.0,21.8,0.0,0.0,33.0,59.0,0.0
2023-12-11 23:25:00+00:00,0.0,23.0,504.0,21.8,0.0,0.0,33.0,59.0,0.0
2023-12-11 23:30:00+00:00,0.0,23.0,525.0,21.8,0.0,0.0,33.0,59.0,0.0
2023-12-11 23:35:00+00:00,0.0,23.0,495.0,21.8,0.0,0.0,33.0,59.0,0.0
2023-12-11 23:40:00+00:00,0.0,23.0,492.0,21.8,0.0,0.0,33.0,59.0,0.0
2023-12-11 23:45:00+00:00,0.0,23.0,503.0,21.8,0.0,0.0,33.0,59.0,0.0
2023-12-11 23:50:00+00:00,0.0,23.0,501.0,21.8,0.0,0.0,33.0,59.0,0.0
2023-12-11 23:55:00+00:00,0.0,23.0,501.0,21.8,0.0,0.0,33.0,59.0,0.0
2023-12-12 00:00:00+00:00,0.0,23.0,515.0,21.8,0.0,0.0,33.0,59.0,0.0
2023-12-12 00:05:00+00:00,0.0,23.0,506.0,21.8,0.0,0.0,33.0,59.0,0.0
2023-12-12 00:10:00+00:00,0.0,23.0,496.0,21.8,0.0,0.0,33.0,59.0,0.0
2023-12-12 00:15:00+00:00,0.0,23.0,495.0,21.8,0.0,0.0,33.0,59.0,0.0
2023-12-12 00:20:00+00:00,0.0,23.0,488.0,21.7,0.0,0.0,33.0,59.0,0.0
2023-12-12 00:25:00+00:00,0.0,23.0,488.0,21.7,0.0,0.0,33.0,59.0,0.0
2023-12-12 00:30:00+00:00,0.0,23.0,490.0,21.7,0.0,0.0,33.0,59.0,0.0
2023-12-12 00:35:00+00:00,0.0,23.0,502.0,21.7,0.0,0.0,33.0,59.0,0.0
2023-12-12 00:40:00+00:00,0.0,23.0,506.0,21.7,0.0,0.0,33.0,59.0,0.0
2023-12-12 00:45:00+00:00,0.0,23.0,472.0,21.7,0.0,0.0,33.0,59.0,0.0
2023-12-12 00:50:00+00:00,0.0,23.0,482.0,21.7,0.0,0.0,33.0,59.0,0.0
2023-12-12 00:55:00+00:00,0.0,23.0,494.0,21.7,0.0,0.0,33.0,59.0,0.0
2023-12-12 01:00:00+00:00,0.0,23.0,497.0,21.7,0.0,0.0,33.0,59.0,0.0
2023-12-12 01:05:00+00:00,0.0,23.0,481.0,21.7,0.0,0.0,33.0,59.0,0.0
2023-12-12 01:10:00+00:00,0.0,23.0,491.0,21.7,0.0,0.0,33.0,59.0,0.0
2023-12-12 01:15:00+00:00,0.0,23.0,491.0,21.7,0.0,0.0,33.0,59.0,0.0
2023-12-12 01:20:00+00:00,0.0,23.0,480.0,21.7,0.0,0.0,33.0,59.0,0.0
2023-12-12 01:25:00+00:00,0.0,23.0,488.0,21.7,0.0,0.0,33.0,59.0,0.0
2023-12-12 01:30:00+00:00,0.0,23.0,474.0,21.7,0.0,0.0,33.0,59.0,0.0
2023-12-12 01:35:00+00:00,0.0,23.0,498.0,21.7,0.0,0.0,33.0,59.0,0.0
2023-12-12 01:40:00+00:00,0.0,23.0,468.0,21.7,0.0,0.0,33.0,59.0,0.0
2023-12-12 01:45:00+00:00,0.0,23.0,468.0,21.6,0.0,0.0,33.0,59.0,0.0
2023-12-12 01:50:00+00:00,0.0,23.0,490.0,21.6,0.0,0.0,33.0,59.0,0.0
2023-12-12 01:55:00+00:00,0.0,23.0,495.0,21.6,0.0,0.0,33.0,59.0,0.0
2023-12-12 02:00:00+00:00,0.0,23.0,486.0,21.6,0.0,0.0,33.0,59.0,0.0
2023-12-12 02:05:00+00:00,0.0,23.0,488.0,21.6,0.0,0.0,33.0,59.0,0.0
2023-12-12 02:10:00+00:00,0.0,23.0,496.0,21.6,0.0,0.0,33.0,59.0,0.0
2023-12-12 02:15:00+00:00,0.0,23.0,479.0,21.6,0.0,0.0,33.0,59.0,0.0
2023-12-12 02:20:00+00:00,0.0,23.0,478.0,21.6,0.0,0.0,33.0,59.0,0.0
2023-12-12 02:25:00+00:00,0.0,23.0,471.0,21.6,0.0,0.0,33.0,59.0,0.0
2023-12-12 02:30:00+00:00,0.0,23.0,484.0,21.6,0.0,0.0,33.0,59.0,0.0
2023-12-12 02:35:00+00:00,0.0,23.0,481.0,21.6,0.0,0.0,33.0,59.0,0.0
2023-12-12 02:40:00+00:00,0.0,23.0,501.0,21.6,0.0,0.0,33.0,59.0,0.0
2023-12-12 02:45:00+00:00,0.0,23.0,473.0,21.6,0.0,0.0,33.0,59.0,0.0
2023-12-12 02:50:00+00:00,0.0,23.0,481.0,21.6,0.0,0.0,33.0,59.0,0.0
2023-12-12 02:55:00+00:00,0.0,23.0,471.0,21.6,0.0,0.0,33.0,59.0,0.0
2023-12-12 03:00:00+00:00,0.0,23.0,497.0,21.6,0.0,0.0,33.0,59.0,0.0
2023-12-12 03:05:00+00:00,0.0,23.0,485.0,21.6,0.0,0.0,33.0,59.0,0.0
2023-12-12 03:10:00+00:00,0.0,23.0,460.0,21.6,0.0,0.0,32.0,59.0,0.0
2023-12-12 03:15:00+00:00,0.0,23.0,460.0,21.6,0.0,0.0,33.0,59.0,0.0
2023-12-12 03:20:00+00:00,0.0,23.0,456.0,21.6,0.0,0.0,33.0,59.0,0.0
2023-12-12 03:25:00+00:00,0.0,23.0,472.0,21.5,0.0,0.0,33.0,59.0,0.0
2023-12-12 03:30:00+00:00,0.0,23.0,475.0,21.5,0.0,0.0,33.0,59.0,0.0
2023-12-12 03:35:00+00:00,0.0,23.0,479.0,21.5,0.0,0.0,33.0,59.0,0.0
2023-12-12 03:40:00+00:00,0.0,23.0,476.0,21.5,0.0,0.0,33.0,59.0,0.0
2023-12-12 03:45:00+00:00,0.0,23.0,478.0,21.5,0.0,0.0,33.0,59.0,0.0
2023-12-12 03:50:00+00:00,0.0,23.0,473.0,21.5,0.0,0.0,33.0,59.0,0.0
2023-12-12 03:55:00+00:00,0.0,23.0,475.0,21.5,0.0,0.0,33.0,59.0,0.0
2023-12-12 04:00:00+00:00,0.0,23.0,467.0,21.5,0.0,0.0,33.0,59.0,0.0
2023-12-12 04:05:00+00:00,0.0,23.0,480.0,21.5,0.0,0.0,33.0,59.0,0.0
2023-12-12 04:10:00+00:00,0.0,23.0,478.0,21.5,0.0,0.0,33.0,59.0,0.0
2023-12-12 04:15:00+00:00,0.0,23.0,481.0,21.5,0.0,0.0,33.0,59.0,0.0
2023-12-12 04:20:00+00:00,0.0,23.0,452.0,21.5,0.0,0.0,33.0,59.0,0.0
2023-12-12 04:25:00+00:00,0.0,23.0,469.0,21.5,0.0,0.0,34.0,59.0,0.0
2023-12-12 04:30:00+00:00,0.0,23.0,460.0,21.5,0.0,0.0,34.0,59.0,0.0
2023-12-12 04:35:00+00:00,0.0,23.0,475.0,21.5,0.0,0.0,34.0,59.0,0.0
2023-12-12 04:40:00+00:00,0.0,23.0,468.0,21.5,0.0,0.0,34.0,59.0,0.0
2023-12-12 04:45:00+00:00,0.0,23.0,468.0,21.5,0.0,0.0,34.0,59.0,0.0
2023-12-12 04:50:00+00:00,0.0,23.0,455.0,21.5,0.0,0.0,34.0,59.0,0.0
2023-12-12 04:55:00+00:00,1.0,23.0,478.0,21.5,0.0,0.0,33.0,59.0,0.0
2023-12-12 05:00:00+00:00,0.0,23.0,473.0,21.5,0.0,1.0,33.0,59.0,0.0
2023-12-12 05:05:00+00:00,0.0,23.0,477.0,21.5,4.0,1.0,38.0,66.0,0.0
2023-12-12 05:10:00+00:00,0.0,23.0,478.0,21.5,0.0,1.0,35.0,59.0,0.0
2023-12-12 05:15:00+00:00,0.0,23.0,479.0,21.5,0.0,0.0,34.0,59.0,0.0
2023-12-12 05:20:00+00:00,0.0,22.0,469.0,21.4,0.0,0.0,34.0,59.0,0.0
2023-12-12 05:25:00+00:00,0.0,22.0,483.0,21.4,0.0,0.0,35.0,59.0,0.0
2023-12-12 05:30:00+00:00,0.0,22.0,471.0,21.5,0.0,0.0,34.0,59.0,0.0
2023-12-12 05:35:00+00:00,0.0,22.0,466.0,21.4,0.0,0.0,34.0,59.0,0.0
2023-12-12 05:40:00+00:00,0.0,22.0,486.0,21.4,0.0,0.0,35.0,59.0,0.0
2023-12-12 05:45:00+00:00,0.0,22.0,463.0,21.4,0.0,0.0,35.0,59.0,0.0
2023-12-12 05:50:00+00:00,0.0,22.0,489.0,21.5,0.0,0.0,36.0,59.0,0.0
2023-12-12 05:55:00+00:00,0.0,22.0,471.0,21.4,0.0,1.0,37.0,59.0,0.0
2023-12-12 06:00:00+00:00,0.0,22.0,467.0,21.4,0.0,1.0,36.0,59.0,0.0
2023-12-12 06:05:00+00:00,0.0,22.0,478.0,21.4,0.0,1.0,35.0,59.0,0.0
2023-12-12 06:10:00+00:00,0.0,22.0,476.0,21.5,0.0,1.0,35.0,59.0,0.0
2023-12-12 06:15:00+00:00,0.0,22.0,489.0,21.4,0.0,1.0,35.0,59.0,0.0
2023-12-12 06:20:00+00:00,0.0,22.0,477.0,21.4,0.0,0.0,35.0,59.0,0.0
2023-12-12 06:25:00+00:00,0.0,22.0,481.0,21.4,0.0,0.0,35.0,59.0,0.0
2023-12-12 06:30:00+00:00,0.0,22.0,489.0,21.4,0.0,1.0,36.0,59.0,0.0
2023-12-12 06:35:00+00:00,0.0,22.0,490.0,21.4,0.0,2.0,36.0,59.0,0.0
2023-12-12 06:40:00+00:00,0.0,22.0,491.0,21.4,0.0,3.0,36.0,59.0,0.0
2023-12-12 06:45:00+00:00,0.0,22.0,482.0,21.4,0.0,3.0,36.0,59.0,0.0
2023-12-12 06:50:00+00:00,0.0,23.0,487.0,21.4,0.0,4.0,36.0,59.0,0.0
2023-12-12 06:55:00+00:00,0.0,22.0,495.0,21.4,0.0,7.0,35.0,59.0,0.0
2023-12-12 07:00:00+00:00,1.0,22.0,496.0,21.4,0.0,9.0,36.0,59.0,0.0
2023-12-12 07:05:00+00:00,1.0,22.0,511.0,21.5,4.0,14.0,36.0,61.0,0.0
2023-12-12 07:10:00+00:00,0.0,23.0,539.0,21.5,9.0,234.0,39.0,66.0,0.0
2023-12-12 07:15:00+00:00,1.0,23.0,536.0,21.6,3.0,237.0,40.0,63.0,0.0
2023-12-12 07:20:00+00:00,0.0,23.0,537.0,21.6,0.0,236.0,37.0,59.0,0.0
2023-12-12 07:25:00+00:00,0.0,23.0,530.0,21.7,0.0,240.0,36.0,59.0,0.0
2023-12-12 07:30:00+00:00,0.0,23.0,563.0,21.7,0.0,243.0,37.0,59.0,0.0
2023-12-12 07:35:00+00:00,0.0,23.0,565.0,21.8,1.0,244.0,36.0,59.0,0.0
2023-12-12 07:40:00+00:00,0.0,23.0,590.0,21.8,1.0,244.0,38.0,62.0,0.0
2023-12-12 07:45:00+00:00,1.0,23.0,590.0,21.8,0.0,249.0,37.0,59.0,0.0
2023-12-12 07:50:00+00:00,0.0,23.0,606.0,21.9,8.0,255.0,39.0,70.0,0.0
2023-12-12 07:55:00+00:00,0.0,23.0,632.0,21.9,0.0,259.0,37.0,59.0,0.0
2023-12-12 08:00:00+00:00,1.0,23.0,585.0,22.0,0.0,256.0,36.0,59.0,0.0
2023-12-12 08:05:00+00:00,1.0,23.0,600.0,22.0,4.0,259.0,38.0,66.0,0.0
2023-12-12 08:10:00+00:00,0.0,23.0,647.0,22.0,9.0,238.0,38.0,63.0,0.0
2023-12-12 08:15:00+00:00,0.0,23.0,675.0,22.1,11.0,246.0,50.0,74.0,0.0
2023-12-12 08:20:00+00:00,0.0,23.0,694.0,22.1,2.0,248.0,47.0,68.0,0.0
2023-12-12 08:25:00+00:00,0.0,23.0,712.0,22.2,10.0,249.0,46.0,72.0,0.0
2023-12-12 08:30:00+00:00,0.0,23.0,718.0,22.2,4.0,249.0,49.0,67.0,0.0
2023-12-12 08:35:00+00:00,0.0,23.0,749.0,22.3,11.0,243.0,47.0,66.0,0.0
2023-12-12 08:40:00+00:00,1.0,23.0,717.0,22.3,7.0,245.0,45.0,65.0,0.0
2023-12-12 08:45:00+00:00,0.0,23.0,772.0,22.4,4.0,251.0,42.0,68.0,0.0
2023-12-12 08:50:00+00:00,0.0,23.0,773.0,22.4,14.0,250.0,45.0,72.0,0.0
2023-12-12 08:55:00+00:00,0.0,23.0,779.0,22.4,4.0,253.0,47.0,69.0,0.0
2023-12-12 09:00:00+00:00,0.0,23.0,775.0,22.5,5.0,256.0,45.0,69.0,0.0
2023-12-12 09:05:00+00:00,0.0,23.0,774.0,22.5,7.0,259.0,53.0,69.0,0.0
2023-12-12 09:10:00+00:00,0.0,24.0,762.0,22.5,4.0,262.0,49.0,73.0,0.0
2023-12-12 09:15:00+00:00,0.0,24.0,763.0,22.5,15.0,273.0,50.0,69.0,0.0
2023-12-12 09:20:00+00:00,0.0,24.0,796.0,22.6,7.0,274.0,51.0,76.0,0.0
2023-12-12 09:25:00+00:00,0.0,24.0,797.0,22.6,1.0,278.0,48.0,67.0,0.0
2023-12-12 09:30:00+00:00,0.0,24.0,811.0,22.6,3.0,277.0,43.0,65.0,0.0
2023-12-12 09:35:00+00:00,0.0,24.0,816.0,22.7,0.0,280.0,38.0,61.0,0.0
2023-12-12 09:40:00+00:00,1.0,24.0,815.0,22.7,1.0,280.0,38.0,59.0,0.0
2023-12-12 09:45:00+00:00,0.0,24.0,804.0,22.7,8.0,280.0,49.0,72.0,0.0
2023-12-12 09:50:00+00:00,1.0,24.0,759.0,22.7,2.0,281.0,45.0,60.0,0.0
2023-12-12 09:55:00+00:00,0.0,24.0,745.0,22.7,1.0,280.0,39.0,62.0,0.0
2023-12-12 10:00:00+00:00,0.0,24.0,734.0,22.8,0.0,282.0,38.0,59.0,0.0
2023-12-12 10:05:00+00:00,0.0,24.0,753.0,22.8,0.0,278.0,38.0,66.0,0.0
2023-12-12 10:10:00+00:00,0.0,24.0,755.0,22.8,0.0,279.0,38.0,61.0,0.0
2023-12-12 10:15:00+00:00,0.0,24.0,727.0,22.8,3.0,281.0,41.0,67.0,0.0
2023-12-12 10:20:00+00:00,0.0,24.0,763.0,22.8,7.0,273.0,44.0,68.0,0.0
2023-12-12 10:25:00+00:00,0.0,24.0,764.0,22.9,2.0,281.0,43.0,65.0,0.0
2023-12-12 10:30:00+00:00,1.0,24.0,780.0,22.9,2.0,275.0,37.0,60.0,0.0
2023-12-12 10:35:00+00:00,1.0,24.0,793.0,22.9,1.0,273.0,38.0,59.0,0.0
2023-12-12 10:40:00+00:00,0.0,24.0,790.0,22.9,6.0,279.0,39.0,64.0,0.0
2023-12-12 10:45:00+00:00,0.0,24.0,790.0,22.9,0.0,281.0,41.0,70.0,0.0
2023-12-12 10:50:00+00:00,0.0,24.0,778.0,22.9,2.0,279.0,39.0,59.0,0.0
2023-12-12 10:55:00+00:00,1.0,24.0,799.0,22.9,3.0,280.0,43.0,64.0,0.0
2023-12-12 11:00:00+00:00,1.0,24.0,792.0,23.0,10.0,277.0,46.0,67.0,0.0
2023-12-12 11:05:00+00:00,0.0,24.0,811.0,23.0,12.0,251.0,40.0,76.0,0.0
2023-12-12 11:30:00+00:00,1.0,25.0,1201.0,23.4,1.0,261.0,49.0,82.0,0.0
2023-12-12 11:35:00+00:00,0.0,25.0,1090.0,23.3,0.0,262.0,49.0,67.0,0.0
2023-12-12 11:40:00+00:00,0.0,25.0,961.0,23.3,3.0,244.0,50.0,79.0,0.0
2023-12-12 11:45:00+00:00,1.0,25.0,915.0,23.4,7.0,243.0,56.0,72.0,0.0
2023-12-12 11:50:00+00:00,0.0,25.0,924.0,23.4,4.0,252.0,55.0,72.0,0.0
2023-12-12 11:55:00+00:00,1.0,25.0,929.0,23.4,9.0,256.0,54.0,75.0,0.0
2023-12-12 12:00:00+00:00,0.0,25.0,956.0,23.3,10.0,258.0,51.0,72.0,0.0
2023-12-12 12:05:00+00:00,0.0,25.0,924.0,23.3,2.0,255.0,43.0,70.0,0.0
2023-12-12 12:10:00+00:00,1.0,25.0,903.0,23.3,0.0,259.0,46.0,59.0,0.0
2023-12-12 12:15:00+00:00,1.0,25.0,874.0,23.2,2.0,261.0,46.0,66.0,0.0
2023-12-12 12:20:00+00:00,1.0,25.0,875.0,23.3,9.0,253.0,41.0,66.0,0.0
2023-12-12 12:25:00+00:00,1.0,25.0,851.0,23.3,5.0,251.0,49.0,67.0,0.0
2023-12-12 12:30:00+00:00,1.0,25.0,860.0,23.3,10.0,250.0,46.0,70.0,0.0
2023-12-12 12:35:00+00:00,1.0,25.0,864.0,23.3,11.0,251.0,49.0,68.0,0.0
2023-12-12 12:40:00+00:00,1.0,25.0,868.0,23.3,8.0,256.0,48.0,69.0,0.0
2023-12-12 12:45:00+00:00,1.0,25.0,873.0,23.3,3.0,255.0,48.0,68.0,0.0
2023-12-12 12:50:00+00:00,1.0,25.0,899.0,23.3,10.0,258.0,48.0,71.0,0.0
2023-12-12 12:55:00+00:00,0.0,25.0,878.0,23.3,1.0,257.0,39.0,63.0,0.0
2023-12-12 13:00:00+00:00,0.0,25.0,902.0,23.3,4.0,254.0,41.0,64.0,0.0
2023-12-12 13:05:00+00:00,1.0,25.0,892.0,23.3,2.0,256.0,37.0,59.0,0.0
2023-12-12 13:10:00+00:00,0.0,25.0,896.0,23.3,0.0,269.0,38.0,59.0,0.0
2023-12-12 13:15:00+00:00,1.0,25.0,872.0,23.3,1.0,271.0,38.0,59.0,0.0
2023-12-12 13:20:00+00:00,0.0,25.0,871.0,23.3,1.0,258.0,36.0,59.0,0.0
2023-12-12 13:25:00+00:00,0.0,25.0,853.0,23.3,5.0,243.0,43.0,68.0,0.0
2023-12-12 13:30:00+00:00,0.0,25.0,864.0,23.3,2.0,240.0,42.0,64.0,0.0
2023-12-12 13:35:00+00:00,0.0,25.0,859.0,23.3,2.0,241.0,41.0,64.0,0.0
2023-12-12 13:40:00+00:00,0.0,25.0,894.0,23.3,7.0,237.0,46.0,67.0,0.0
2023-12-12 13:45:00+00:00,0.0,25.0,890.0,23.3,7.0,230.0,48.0,72.0,0.0
2023-12-12 13:50:00+00:00,0.0,25.0,882.0,23.3,1.0,224.0,41.0,70.0,0.0
2023-12-12 13:55:00+00:00,0.0,25.0,879.0,23.3,12.0,221.0,50.0,72.0,0.0
2023-12-12 14:00:00+00:00,0.0,25.0,878.0,23.3,10.0,219.0,50.0,84.0,0.0
2023-12-12 14:05:00+00:00,0.0,25.0,895.0,23.3,9.0,217.0,47.0,77.0,0.0
2023-12-12 14:10:00+00:00,0.0,25.0,885.0,23.3,9.0,222.0,46.0,67.0,0.0
2023-12-12 14:15:00+00:00,0.0,25.0,886.0,23.3,8.0,218.0,46.0,67.0,0.0
2023-12-12 14:20:00+00:00,0.0,25.0,884.0,23.3,4.0,220.0,45.0,68.0,0.0
2023-12-12 14:25:00+00:00,0.0,25.0,915.0,23.3,2.0,217.0,43.0,68.0,0.0
2023-12-12 14:30:00+00:00,0.0,25.0,882.0,23.3,0.0,215.0,37.0,59.0,0.0
2023-12-12 14:35:00+00:00,1.0,25.0,891.0,23.3,0.0,216.0,38.0,59.0,0.0
2023-12-12 14:40:00+00:00,0.0,26.0,900.0,23.3,0.0,213.0,37.0,59.0,0.0
2023-12-12 14:45:00+00:00,0.0,26.0,900.0,23.3,4.0,215.0,39.0,70.0,0.0
2023-12-12 14:50:00+00:00,0.0,26.0,888.0,23.3,2.0,213.0,44.0,64.0,0.0
2023-12-12 14:55:00+00:00,0.0,26.0,914.0,23.3,5.0,216.0,40.0,63.0,0.0
2023-12-12 15:00:00+00:00,0.0,26.0,894.0,23.3,8.0,212.0,48.0,70.0,0.0
2023-12-12 15:05:00+00:00,0.0,26.0,884.0,23.3,5.0,211.0,44.0,67.0,0.0
2023-12-12 15:10:00+00:00,0.0,26.0,876.0,23.3,5.0,212.0,42.0,66.0,0.0
2023-12-12 15:15:00+00:00,0.0,26.0,880.0,23.3,4.0,212.0,39.0,63.0,0.0
2023-12-12 15:20:00+00:00,0.0,26.0,875.0,23.3,6.0,211.0,42.0,63.0,0.0
2023-12-12 15:25:00+00:00,0.0,26.0,886.0,23.3,1.0,212.0,42.0,67.0,0.0
2023-12-12 15:30:00+00:00,1.0,26.0,888.0,23.3,0.0,212.0,37.0,64.0,0.0
2023-12-12 15:35:00+00:00,1.0,26.0,892.0,23.3,4.0,214.0,38.0,59.0,0.0
2023-12-12 15:40:00+00:00,0.0,26.0,869.0,23.3,9.0,211.0,40.0,69.0,0.0
2023-12-12 15:45:00+00:00,0.0,26.0,882.0,23.4,13.0,216.0,47.0,68.0,0.0
2023-12-12 15:50:00+00:00,1.0,26.0,892.0,23.3,3.0,214.0,44.0,68.0,0.0
2023-12-12 15:55:00+00:00,0.0,26.0,884.0,23.3,6.0,214.0,41.0,70.0,0.0
2023-12-12 16:00:00+00:00,0.0,26.0,863.0,23.3,1.0,214.0,36.0,59.0,0.0
2023-12-12 16:05:00+00:00,0.0,26.0,853.0,23.3,1.0,214.0,37.0,69.0,0.0
2023-12-12 16:10:00+00:00,0.0,26.0,866.0,23.3,6.0,209.0,37.0,63.0,0.0
2023-12-12 16:15:00+00:00,0.0,26.0,830.0,23.2,0.0,209.0,35.0,59.0,0.0
2023-12-12 16:20:00+00:00,0.0,26.0,815.0,23.3,0.0,209.0,35.0,59.0,0.0
2023-12-12 16:25:00+00:00,0.0,26.0,816.0,23.3,0.0,209.0,34.0,59.0,0.0
2023-12-12 16:30:00+00:00,0.0,26.0,813.0,23.3,2.0,209.0,35.0,59.0,0.0
2023-12-12 16:35:00+00:00,0.0,26.0,826.0,23.2,3.0,210.0,35.0,61.0,0.0
2023-12-12 16:40:00+00:00,0.0,26.0,826.0,23.2,2.0,211.0,36.0,59.0,0.0
2023-12-12 16:45:00+00:00,0.0,26.0,806.0,23.2,4.0,210.0,35.0,59.0,0.0
2023-12-12 16:50:00+00:00,0.0,26.0,795.0,23.2,1.0,210.0,35.0,59.0,0.0
2023-12-12 16:55:00+00:00,0.0,26.0,790.0,23.2,1.0,210.0,34.0,59.0,0.0
2023-12-12 17:00:00+00:00,0.0,26.0,772.0,23.2,10.0,210.0,36.0,64.0,0.0
2023-12-12 17:05:00+00:00,0.0,26.0,795.0,23.1,1.0,210.0,36.0,59.0,0.0
2023-12-12 17:10:00+00:00,0.0,26.0,791.0,23.2,6.0,210.0,36.0,60.0,0.0
2023-12-12 17:15:00+00:00,0.0,26.0,785.0,23.1,4.0,209.0,35.0,59.0,0.0
2023-12-12 17:20:00+00:00,0.0,26.0,767.0,23.1,1.0,210.0,35.0,59.0,0.0
2023-12-12 17:25:00+00:00,0.0,26.0,787.0,23.1,2.0,209.0,35.0,59.0,0.0
2023-12-12 17:30:00+00:00,0.0,26.0,781.0,23.1,0.0,209.0,36.0,59.0,0.0
2023-12-12 17:35:00+00:00,0.0,26.0,790.0,23.1,3.0,209.0,36.0,59.0,0.0
2023-12-12 17:40:00+00:00,1.0,26.0,782.0,23.1,0.0,209.0,35.0,59.0,0.0
2023-12-12 17:45:00+00:00,0.0,26.0,767.0,23.1,0.0,208.0,37.0,59.0,0.0
2023-12-12 17:50:00+00:00,0.0,26.0,754.0,23.1,7.0,209.0,38.0,69.0,0.0
2023-12-12 17:55:00+00:00,0.0,26.0,781.0,23.1,0.0,209.0,36.0,61.0,0.0
2023-12-12 18:00:00+00:00,0.0,26.0,760.0,23.1,2.0,209.0,36.0,59.0,0.0
2023-12-12 18:05:00+00:00,0.0,26.0,768.0,23.1,2.0,208.0,35.0,59.0,0.0
2023-12-12 18:10:00+00:00,0.0,26.0,773.0,23.1,2.0,209.0,36.0,59.0,0.0
2023-12-12 18:15:00+00:00,0.0,26.0,753.0,23.1,1.0,208.0,36.0,59.0,0.0
2023-12-12 18:20:00+00:00,0.0,26.0,762.0,23.0,2.0,209.0,35.0,59.0,0.0
2023-12-12 18:25:00+00:00,0.0,26.0,777.0,23.0,1.0,208.0,35.0,61.0,0.0
2023-12-12 18:30:00+00:00,0.0,26.0,764.0,23.0,0.0,210.0,35.0,59.0,0.0
2023-12-12 18:35:00+00:00,1.0,26.0,758.0,23.0,1.0,209.0,34.0,59.0,0.0
2023-12-12 18:40:00+00:00,0.0,26.0,756.0,23.0,7.0,209.0,36.0,59.0,0.0
2023-12-12 18:45:00+00:00,0.0,26.0,746.0,23.0,5.0,1.0,41.0,70.0,0.0
2023-12-12 18:50:00+00:00,0.0,26.0,721.0,23.0,0.0,1.0,34.0,59.0,0.0
2023-12-12 18:55:00+00:00,0.0,26.0,691.0,22.9,0.0,1.0,34.0,59.0,0.0
2023-12-12 19:00:00+00:00,0.0,25.0,691.0,22.9,0.0,1.0,35.0,59.0,0.0
2023-12-12 19:05:00+00:00,0.0,25.0,647.0,22.9,0.0,1.0,34.0,59.0,0.0
2023-12-12 19:10:00+00:00,0.0,25.0,650.0,22.8,0.0,1.0,34.0,59.0,0.0
2023-12-12 19:15:00+00:00,0.0,25.0,640.0,22.8,0.0,1.0,33.0,59.0,0.0
2023-12-12 19:20:00+00:00,0.0,25.0,647.0,22.8,0.0,1.0,33.0,59.0,0.0
2023-12-12 19:25:00+00:00,0.0,25.0,624.0,22.7,0.0,1.0,33.0,59.0,0.0
2023-12-12 19:30:00+00:00,0.0,25.0,617.0,22.7,0.0,0.0,33.0,59.0,0.0
2023-12-12 19:35:00+00:00,0.0,25.0,620.0,22.7,0.0,0.0,32.0,59.0,0.0
2023-12-12 19:40:00+00:00,0.0,25.0,594.0,22.7,0.0,0.0,32.0,59.0,0.0
2023-12-12 19:45:00+00:00,0.0,25.0,581.0,22.7,0.0,0.0,33.0,59.0,0.0
2023-12-12 19:50:00+00:00,0.0,25.0,574.0,22.7,0.0,0.0,32.0,59.0,0.0
2023-12-12 19:55:00+00:00,0.0,25.0,583.0,22.6,0.0,0.0,33.0,59.0,0.0
2023-12-12 20:00:00+00:00,0.0,25.0,591.0,22.6,0.0,0.0,32.0,59.0,0.0
2023-12-12 20:05:00+00:00,0.0,25.0,566.0,22.6,0.0,0.0,33.0,59.0,0.0
2023-12-12 20:10:00+00:00,0.0,25.0,564.0,22.6,0.0,0.0,33.0,59.0,0.0
2023-12-12 20:15:00+00:00,0.0,25.0,572.0,22.6,0.0,0.0,33.0,59.0,0.0
2023-12-12 20:20:00+00:00,0.0,25.0,553.0,22.5,0.0,0.0,33.0,59.0,0.0
2023-12-12 20:25:00+00:00,0.0,25.0,567.0,22.5,0.0,0.0,33.0,59.0,0.0
2023-12-12 20:30:00+00:00,0.0,25.0,562.0,22.5,0.0,0.0,33.0,59.0,0.0
2023-12-12 20:35:00+00:00,0.0,25.0,551.0,22.5,0.0,0.0,32.0,59.0,0.0
2023-12-12 20:40:00+00:00,0.0,25.0,541.0,22.5,0.0,0.0,32.0,59.0,0.0
2023-12-12 20:45:00+00:00,0.0,25.0,563.0,22.5,0.0,0.0,32.0,59.0,0.0
2023-12-12 20:50:00+00:00,0.0,25.0,551.0,22.5,0.0,0.0,32.0,59.0,0.0
2023-12-12 20:55:00+00:00,0.0,25.0,552.0,22.5,0.0,0.0,32.0,59.0,0.0
2023-12-12 21:00:00+00:00,0.0,25.0,548.0,22.4,0.0,0.0,32.0,59.0,0.0
2023-12-12 21:05:00+00:00,0.0,25.0,546.0,22.4,0.0,0.0,32.0,59.0,0.0
2023-12-12 21:10:00+00:00,0.0,25.0,536.0,22.4,0.0,0.0,32.0,59.0,0.0
2023-12-12 21:15:00+00:00,0.0,25.0,539.0,22.4,0.0,0.0,32.0,59.0,0.0
2023-12-12 21:20:00+00:00,0.0,25.0,540.0,22.4,0.0,0.0,32.0,59.0,0.0
2023-12-12 21:25:00+00:00,0.0,25.0,535.0,22.4,0.0,0.0,34.0,59.0,0.0
2023-12-12 21:30:00+00:00,0.0,25.0,541.0,22.4,0.0,0.0,33.0,59.0,0.0
2023-12-12 21:35:00+00:00,0.0,25.0,544.0,22.3,0.0,0.0,33.0,59.0,0.0
2023-12-12 21:40:00+00:00,0.0,25.0,545.0,22.3,0.0,0.0,33.0,59.0,0.0
2023-12-12 21:45:00+00:00,0.0,25.0,534.0,22.3,0.0,0.0,33.0,59.0,0.0
2023-12-12 21:50:00+00:00,0.0,25.0,560.0,22.3,0.0,0.0,33.0,59.0,0.0
2023-12-12 21:55:00+00:00,0.0,25.0,555.0,22.3,0.0,0.0,33.0,59.0,0.0
2023-12-12 22:00:00+00:00,0.0,25.0,547.0,22.3,0.0,0.0,34.0,59.0,0.0
2023-12-12 22:05:00+00:00,0.0,25.0,560.0,22.3,0.0,0.0,33.0,59.0,0.0
2023-12-12 22:10:00+00:00,0.0,25.0,569.0,22.3,0.0,0.0,33.0,59.0,0.0
2023-12-12 22:15:00+00:00,0.0,25.0,541.0,22.3,0.0,0.0,33.0,59.0,0.0
2023-12-12 22:20:00+00:00,0.0,25.0,544.0,22.3,0.0,0.0,33.0,59.0,0.0
2023-12-12 22:25:00+00:00,0.0,25.0,564.0,22.2,0.0,0.0,33.0,59.0,0.0
2023-12-12 22:30:00+00:00,0.0,25.0,572.0,22.2,0.0,0.0,32.0,59.0,0.0
2023-12-12 22:35:00+00:00,0.0,25.0,560.0,22.2,0.0,0.0,32.0,59.0,0.0
2023-12-12 22:40:00+00:00,0.0,25.0,566.0,22.2,0.0,0.0,32.0,59.0,0.0
2023-12-12 22:45:00+00:00,0.0,25.0,550.0,22.2,0.0,0.0,32.0,59.0,0.0
2023-12-12 22:50:00+00:00,0.0,25.0,565.0,22.2,0.0,0.0,32.0,59.0,0.0
2023-12-12 22:55:00+00:00,0.0,25.0,543.0,22.2,0.0,0.0,31.0,59.0,0.0
2023-12-12 23:00:00+00:00,0.0,25.0,568.0,22.2,0.0,0.0,32.0,59.0,0.0
2023-12-12 23:05:00+00:00,0.0,25.0,569.0,22.2,0.0,0.0,31.0,59.0,0.0
2023-12-12 23:10:00+00:00,0.0,25.0,565.0,22.2,0.0,0.0,31.0,59.0,0.0
2023-12-12 23:15:00+00:00,0.0,25.0,555.0,22.2,0.0,0.0,31.0,59.0,0.0
2023-12-12 23:20:00+00:00,0.0,25.0,551.0,22.2,0.0,0.0,32.0,59.0,0.0
2023-12-12 23:25:00+00:00,0.0,25.0,568.0,22.2,0.0,0.0,31.0,59.0,0.0
2023-12-12 23:30:00+00:00,0.0,25.0,559.0,22.2,0.0,0.0,32.0,59.0,0.0
2023-12-12 23:35:00+00:00,0.0,25.0,550.0,22.2,0.0,0.0,32.0,59.0,0.0
2023-12-12 23:40:00+00:00,0.0,25.0,555.0,22.2,0.0,0.0,31.0,59.0,0.0
2023-12-12 23:45:00+00:00,0.0,25.0,565.0,22.1,0.0,0.0,31.0,59.0,0.0
2023-12-12 23:50:00+00:00,0.0,25.0,539.0,22.1,0.0,0.0,31.0,59.0,0.0
2023-12-12 23:55:00+00:00,0.0,25.0,552.0,22.1,0.0,0.0,31.0,59.0,0.0
2023-12-13 00:00:00+00:00,0.0,25.0,546.0,22.1,0.0,0.0,31.0,59.0,0.0
2023-12-13 00:05:00+00:00,0.0,25.0,550.0,22.1,0.0,0.0,32.0,59.0,0.0
2023-12-13 00:10:00+00:00,0.0,25.0,541.0,22.1,0.0,0.0,31.0,59.0,0.0
2023-12-13 00:15:00+00:00,0.0,25.0,549.0,22.1,0.0,0.0,31.0,59.0,0.0
2023-12-13 00:20:00+00:00,0.0,25.0,566.0,22.1,0.0,0.0,31.0,59.0,0.0
2023-12-13 00:25:00+00:00,0.0,25.0,533.0,22.1,0.0,0.0,31.0,59.0,0.0
2023-12-13 00:30:00+00:00,0.0,25.0,555.0,22.1,0.0,0.0,31.0,59.0,0.0
2023-12-13 00:35:00+00:00,0.0,25.0,534.0,22.1,0.0,0.0,31.0,59.0,0.0
2023-12-13 00:40:00+00:00,0.0,25.0,560.0,22.1,0.0,0.0,31.0,59.0,0.0
2023-12-13 00:45:00+00:00,0.0,25.0,521.0,22.1,0.0,0.0,32.0,59.0,0.0
2023-12-13 00:50:00+00:00,0.0,25.0,523.0,22.1,0.0,0.0,31.0,59.0,0.0
2023-12-13 00:55:00+00:00,0.0,25.0,538.0,22.1,0.0,0.0,31.0,59.0,0.0
2023-12-13 01:00:00+00:00,0.0,25.0,541.0,22.1,0.0,0.0,31.0,59.0,0.0
2023-12-13 01:05:00+00:00,0.0,25.0,524.0,22.1,0.0,0.0,31.0,59.0,0.0
2023-12-13 01:10:00+00:00,0.0,25.0,520.0,22.1,0.0,0.0,31.0,59.0,0.0
2023-12-13 01:15:00+00:00,0.0,25.0,505.0,22.0,0.0,0.0,32.0,59.0,0.0
2023-12-13 01:20:00+00:00,0.0,25.0,528.0,22.0,0.0,0.0,33.0,59.0,0.0
2023-12-13 01:25:00+00:00,0.0,25.0,526.0,22.0,0.0,0.0,33.0,59.0,0.0
2023-12-13 01:30:00+00:00,0.0,25.0,520.0,22.0,0.0,0.0,33.0,59.0,0.0
2023-12-13 01:35:00+00:00,0.0,25.0,514.0,22.1,0.0,0.0,33.0,59.0,0.0
2023-12-13 01:40:00+00:00,0.0,25.0,503.0,22.0,0.0,0.0,32.0,59.0,0.0
2023-12-13 01:45:00+00:00,0.0,25.0,507.0,22.0,0.0,0.0,33.0,59.0,0.0
2023-12-13 01:50:00+00:00,0.0,25.0,509.0,22.0,0.0,0.0,33.0,59.0,0.0
2023-12-13 01:55:00+00:00,0.0,25.0,514.0,22.0,0.0,0.0,31.0,59.0,0.0
2023-12-13 02:00:00+00:00,0.0,25.0,515.0,22.0,0.0,0.0,31.0,59.0,0.0
2023-12-13 02:05:00+00:00,0.0,25.0,519.0,22.0,0.0,0.0,31.0,59.0,0.0
2023-12-13 02:10:00+00:00,0.0,25.0,516.0,22.0,0.0,0.0,32.0,59.0,0.0
2023-12-13 02:15:00+00:00,0.0,25.0,527.0,22.0,0.0,0.0,32.0,59.0,0.0
2023-12-13 02:20:00+00:00,0.0,25.0,530.0,22.0,0.0,0.0,31.0,59.0,0.0
2023-12-13 02:25:00+00:00,0.0,25.0,527.0,22.0,0.0,0.0,31.0,59.0,0.0
2023-12-13 02:30:00+00:00,0.0,25.0,531.0,22.0,0.0,0.0,31.0,59.0,0.0
2023-12-13 02:35:00+00:00,0.0,25.0,520.0,22.0,0.0,0.0,31.0,59.0,0.0
2023-12-13 02:40:00+00:00,0.0,25.0,530.0,22.0,0.0,0.0,31.0,59.0,0.0
2023-12-13 02:45:00+00:00,0.0,25.0,536.0,22.0,0.0,0.0,33.0,59.0,0.0
2023-12-13 02:50:00+00:00,0.0,25.0,548.0,22.0,0.0,0.0,33.0,59.0,0.0
2023-12-13 02:55:00+00:00,0.0,25.0,533.0,22.0,0.0,0.0,33.0,59.0,0.0
2023-12-13 03:00:00+00:00,0.0,25.0,522.0,22.0,0.0,0.0,33.0,59.0,0.0
2023-12-13 03:05:00+00:00,0.0,25.0,522.0,22.0,0.0,0.0,33.0,59.0,0.0
2023-12-13 03:10:00+00:00,0.0,25.0,533.0,22.0,0.0,0.0,32.0,59.0,0.0
2023-12-13 03:15:00+00:00,0.0,26.0,522.0,22.0,0.0,0.0,32.0,59.0,0.0
2023-12-13 03:20:00+00:00,0.0,26.0,513.0,22.0,0.0,0.0,32.0,59.0,0.0
2023-12-13 03:25:00+00:00,0.0,26.0,530.0,22.0,0.0,0.0,32.0,59.0,0.0
2023-12-13 03:30:00+00:00,0.0,26.0,530.0,22.0,0.0,0.0,32.0,59.0,0.0
2023-12-13 03:35:00+00:00,0.0,26.0,526.0,22.0,0.0,0.0,32.0,59.0,0.0
2023-12-13 03:40:00+00:00,0.0,26.0,513.0,22.0,0.0,0.0,32.0,59.0,0.0
2023-12-13 03:45:00+00:00,0.0,26.0,523.0,21.9,0.0,0.0,32.0,59.0,0.0
2023-12-13 03:50:00+00:00,0.0,26.0,516.0,21.9,0.0,0.0,32.0,59.0,0.0
2023-12-13 03:55:00+00:00,0.0,26.0,525.0,21.9,0.0,0.0,33.0,59.0,0.0
2023-12-13 04:00:00+00:00,0.0,26.0,520.0,21.9,0.0,0.0,34.0,59.0,0.0
2023-12-13 04:05:00+00:00,0.0,26.0,522.0,21.9,0.0,0.0,33.0,59.0,0.0
2023-12-13 04:10:00+00:00,0.0,26.0,532.0,22.0,0.0,0.0,34.0,59.0,0.0
2023-12-13 04:15:00+00:00,0.0,26.0,496.0,21.9,0.0,0.0,33.0,59.0,0.0
2023-12-13 04:20:00+00:00,0.0,26.0,521.0,21.9,0.0,0.0,32.0,59.0,0.0
2023-12-13 04:25:00+00:00,0.0,26.0,534.0,21.9,0.0,0.0,33.0,59.0,0.0
2023-12-13 04:30:00+00:00,0.0,26.0,530.0,21.9,0.0,0.0,33.0,59.0,0.0
2023-12-13 04:35:00+00:00,0.0,26.0,515.0,21.9,0.0,0.0,32.0,59.0,0.0
2023-12-13 04:40:00+00:00,0.0,26.0,525.0,21.9,0.0,0.0,32.0,59.0,0.0
2023-12-13 04:45:00+00:00,0.0,26.0,522.0,21.9,0.0,0.0,33.0,59.0,0.0
2023-12-13 04:50:00+00:00,1.0,26.0,510.0,21.9,0.0,0.0,33.0,59.0,0.0
2023-12-13 04:55:00+00:00,1.0,26.0,523.0,21.9,0.0,1.0,33.0,59.0,0.0
2023-12-13 05:00:00+00:00,0.0,26.0,530.0,21.9,5.0,1.0,36.0,68.0,0.0
2023-12-13 05:05:00+00:00,0.0,26.0,538.0,21.9,0.0,1.0,33.0,59.0,0.0
2023-12-13 05:10:00+00:00,0.0,26.0,513.0,21.9,0.0,0.0,33.0,59.0,0.0
2023-12-13 05:15:00+00:00,0.0,26.0,546.0,21.9,0.0,0.0,32.0,59.0,0.0
2023-12-13 05:20:00+00:00,0.0,26.0,528.0,21.9,0.0,0.0,33.0,59.0,0.0
2023-12-13 05:25:00+00:00,0.0,26.0,531.0,21.9,0.0,0.0,33.0,59.0,0.0
2023-12-13 05:30:00+00:00,0.0,26.0,537.0,21.9,0.0,0.0,33.0,59.0,0.0
2023-12-13 05:35:00+00:00,0.0,26.0,530.0,21.9,0.0,0.0,33.0,59.0,0.0
2023-12-13 05:40:00+00:00,0.0,26.0,522.0,21.9,0.0,0.0,33.0,59.0,0.0
2023-12-13 05:45:00+00:00,0.0,26.0,542.0,21.9,0.0,0.0,34.0,59.0,0.0
2023-12-13 05:50:00+00:00,0.0,26.0,529.0,21.9,0.0,0.0,34.0,59.0,0.0
2023-12-13 05:55:00+00:00,0.0,26.0,545.0,21.9,0.0,0.0,34.0,59.0,0.0
2023-12-13 06:00:00+00:00,0.0,26.0,549.0,21.9,0.0,0.0,34.0,59.0,0.0
2023-12-13 06:05:00+00:00,0.0,26.0,527.0,21.9,0.0,0.0,34.0,59.0,0.0
2023-12-13 06:10:00+00:00,0.0,26.0,532.0,21.9,0.0,0.0,33.0,59.0,0.0
2023-12-13 06:15:00+00:00,0.0,26.0,525.0,21.9,0.0,0.0,34.0,59.0,0.0
2023-12-13 06:20:00+00:00,0.0,26.0,530.0,21.9,0.0,0.0,34.0,59.0,0.0
2023-12-13 06:25:00+00:00,0.0,26.0,513.0,21.9,0.0,0.0,34.0,59.0,0.0
2023-12-13 06:30:00+00:00,0.0,26.0,521.0,21.9,0.0,0.0,35.0,59.0,0.0
2023-12-13 06:35:00+00:00,0.0,26.0,522.0,21.9,0.0,0.0,36.0,59.0,0.0
2023-12-13 06:40:00+00:00,0.0,26.0,521.0,21.8,0.0,1.0,35.0,59.0,0.0
2023-12-13 06:45:00+00:00,0.0,26.0,540.0,21.9,0.0,1.0,35.0,59.0,0.0
2023-12-13 06:50:00+00:00,0.0,26.0,528.0,21.8,0.0,1.0,36.0,59.0,0.0
2023-12-13 06:55:00+00:00,0.0,26.0,515.0,21.8,0.0,1.0,34.0,59.0,0.0
2023-12-13 07:00:00+00:00,0.0,26.0,521.0,21.9,0.0,2.0,35.0,59.0,0.0
2023-12-13 07:05:00+00:00,0.0,26.0,523.0,21.8,0.0,2.0,35.0,59.0,0.0
2023-12-13 07:10:00+00:00,0.0,26.0,528.0,21.8,0.0,3.0,35.0,59.0,0.0
2023-12-13 07:15:00+00:00,0.0,26.0,532.0,21.8,0.0,3.0,34.0,59.0,0.0
2023-12-13 07:20:00+00:00,0.0,26.0,534.0,21.8,0.0,4.0,35.0,59.0,0.0
2023-12-13 07:25:00+00:00,0.0,26.0,539.0,21.8,0.0,6.0,38.0,59.0,0.0
2023-12-13 07:30:00+00:00,0.0,26.0,550.0,21.8,0.0,6.0,36.0,60.0,0.0
2023-12-13 07:35:00+00:00,0.0,26.0,531.0,21.8,0.0,7.0,36.0,59.0,0.0
2023-12-13 07:40:00+00:00,0.0,26.0,535.0,21.8,0.0,8.0,35.0,59.0,0.0
2023-12-13 07:45:00+00:00,0.0,26.0,535.0,21.8,0.0,9.0,35.0,59.0,0.0
2023-12-13 07:50:00+00:00,0.0,27.0,549.0,21.8,0.0,9.0,35.0,59.0,0.0
2023-12-13 07:55:00+00:00,0.0,27.0,540.0,21.8,0.0,8.0,35.0,59.0,0.0
2023-12-13 08:00:00+00:00,0.0,27.0,539.0,21.8,0.0,9.0,36.0,59.0,0.0
2023-12-13 08:05:00+00:00,0.0,27.0,541.0,21.8,0.0,9.0,35.0,59.0,0.0
2023-12-13 08:10:00+00:00,1.0,27.0,542.0,21.8,0.0,9.0,35.0,59.0,0.0
2023-12-13 08:15:00+00:00,0.0,27.0,544.0,21.8,5.0,9.0,35.0,59.0,0.0
2023-12-13 08:20:00+00:00,1.0,27.0,537.0,21.8,7.0,9.0,42.0,79.0,0.0
2023-12-13 08:25:00+00:00,1.0,27.0,579.0,21.8,5.0,207.0,38.0,63.0,0.0
2023-12-13 08:30:00+00:00,1.0,27.0,610.0,21.8,14.0,223.0,46.0,69.0,0.0
2023-12-13 08:35:00+00:00,0.0,27.0,667.0,21.9,10.0,219.0,38.0,71.0,0.0
2023-12-13 08:40:00+00:00,0.0,27.0,642.0,21.9,6.0,220.0,44.0,70.0,0.0
2023-12-13 08:45:00+00:00,1.0,27.0,687.0,22.0,2.0,220.0,37.0,59.0,0.0
2023-12-13 08:50:00+00:00,1.0,27.0,672.0,22.0,1.0,225.0,37.0,64.0,0.0
2023-12-13 08:55:00+00:00,1.0,28.0,691.0,22.1,1.0,224.0,36.0,61.0,0.0
2023-12-13 09:00:00+00:00,1.0,28.0,705.0,22.1,3.0,225.0,36.0,59.0,0.0
2023-12-13 09:05:00+00:00,1.0,28.0,699.0,22.2,10.0,228.0,49.0,72.0,0.0
2023-12-13 09:10:00+00:00,1.0,28.0,724.0,22.2,0.0,227.0,36.0,59.0,0.0
2023-12-13 09:15:00+00:00,1.0,28.0,704.0,22.2,0.0,225.0,35.0,59.0,0.0
2023-12-13 09:20:00+00:00,1.0,28.0,703.0,22.2,0.0,225.0,35.0,59.0,0.0
2023-12-13 09:25:00+00:00,1.0,28.0,688.0,22.2,0.0,227.0,35.0,59.0,0.0
2023-12-13 09:30:00+00:00,1.0,28.0,673.0,22.2,0.0,228.0,35.0,59.0,0.0
2023-12-13 09:35:00+00:00,1.0,28.0,668.0,22.2,0.0,229.0,36.0,59.0,0.0
2023-12-13 09:40:00+00:00,1.0,28.0,650.0,22.2,0.0,229.0,36.0,59.0,0.0
2023-12-13 09:45:00+00:00,1.0,28.0,643.0,22.2,0.0,228.0,36.0,59.0,0.0
2023-12-13 09:50:00+00:00,1.0,28.0,629.0,22.3,0.0,229.0,35.0,59.0,0.0
2023-12-13 09:55:00+00:00,1.0,28.0,621.0,22.3,0.0,227.0,35.0,59.0,0.0
2023-12-13 10:00:00+00:00,1.0,28.0,621.0,22.3,0.0,227.0,35.0,59.0,0.0
2023-12-13 10:05:00+00:00,0.0,28.0,627.0,22.3,3.0,227.0,38.0,68.0,0.0
2023-12-13 10:10:00+00:00,0.0,28.0,636.0,22.3,11.0,226.0,45.0,69.0,0.0
2023-12-13 10:15:00+00:00,0.0,28.0,645.0,22.4,13.0,230.0,53.0,66.0,0.0
2023-12-13 10:20:00+00:00,0.0,28.0,653.0,22.4,8.0,231.0,55.0,72.0,0.0
2023-12-13 10:25:00+00:00,0.0,28.0,704.0,22.5,9.0,228.0,54.0,70.0,0.0
2023-12-13 10:30:00+00:00,0.0,28.0,699.0,22.5,12.0,228.0,53.0,69.0,0.0
2023-12-13 10:35:00+00:00,0.0,28.0,729.0,22.5,7.0,226.0,52.0,68.0,0.0
2023-12-13 10:40:00+00:00,0.0,28.0,760.0,22.6,6.0,225.0,53.0,70.0,0.0
2023-12-13 10:45:00+00:00,1.0,28.0,747.0,22.6,5.0,224.0,53.0,70.0,0.0
2023-12-13 10:50:00+00:00,1.0,28.0,787.0,22.6,11.0,224.0,53.0,71.0,0.0
2023-12-13 10:55:00+00:00,1.0,28.0,798.0,22.6,6.0,219.0,47.0,67.0,0.0
2023-12-13 11:00:00+00:00,1.0,28.0,792.0,22.6,1.0,221.0,38.0,59.0,0.0
2023-12-13 11:05:00+00:00,1.0,28.0,792.0,22.6,2.0,221.0,38.0,71.0,0.0
2023-12-13 11:10:00+00:00,1.0,28.0,751.0,22.6,0.0,220.0,36.0,59.0,0.0
2023-12-13 11:15:00+00:00,1.0,28.0,742.0,22.6,0.0,220.0,36.0,59.0,0.0
2023-12-13 11:20:00+00:00,1.0,28.0,733.0,22.6,0.0,221.0,35.0,59.0,0.0
2023-12-13 11:25:00+00:00,1.0,28.0,720.0,22.6,0.0,220.0,35.0,59.0,0.0
2023-12-13 11:30:00+00:00,1.0,28.0,705.0,22.5,0.0,219.0,36.0,59.0,0.0
2023-12-13 11:35:00+00:00,1.0,28.0,679.0,22.6,0.0,219.0,36.0,59.0,0.0
2023-12-13 11:40:00+00:00,1.0,28.0,660.0,22.6,0.0,221.0,36.0,59.0,0.0
2023-12-13 11:45:00+00:00,1.0,28.0,678.0,22.6,0.0,220.0,36.0,59.0,0.0
2023-12-13 11:50:00+00:00,1.0,28.0,682.0,22.6,0.0,220.0,36.0,59.0,0.0
2023-12-13 11:55:00+00:00,1.0,28.0,679.0,22.5,0.0,219.0,35.0,59.0,0.0
2023-12-13 12:00:00+00:00,1.0,28.0,672.0,22.5,0.0,218.0,36.0,59.0,0.0
2023-12-13 12:05:00+00:00,1.0,28.0,675.0,22.5,0.0,218.0,35.0,59.0,0.0
2023-12-13 12:10:00+00:00,1.0,28.0,658.0,22.5,0.0,219.0,36.0,59.0,0.0
2023-12-13 12:15:00+00:00,1.0,28.0,636.0,22.5,0.0,218.0,35.0,59.0,0.0
2023-12-13 12:20:00+00:00,1.0,28.0,649.0,22.5,0.0,218.0,35.0,59.0,0.0
2023-12-13 12:25:00+00:00,1.0,28.0,631.0,22.5,0.0,218.0,35.0,59.0,0.0
2023-12-13 12:30:00+00:00,1.0,28.0,655.0,22.5,12.0,217.0,42.0,72.0,0.0
2023-12-13 12:35:00+00:00,1.0,28.0,661.0,22.6,2.0,219.0,47.0,66.0,0.0
2023-12-13 12:40:00+00:00,1.0,28.0,684.0,22.6,1.0,218.0,51.0,72.0,0.0
2023-12-13 12:45:00+00:00,1.0,28.0,708.0,22.6,0.0,217.0,54.0,71.0,0.0
2023-12-13 12:50:00+00:00,1.0,28.0,728.0,22.7,2.0,216.0,52.0,70.0,0.0
2023-12-13 12:55:00+00:00,1.0,28.0,758.0,22.7,0.0,217.0,42.0,68.0,0.0
2023-12-13 13:00:00+00:00,1.0,28.0,732.0,22.7,0.0,217.0,42.0,68.0,0.0
2023-12-13 13:05:00+00:00,1.0,28.0,764.0,22.7,0.0,217.0,43.0,68.0,0.0
2023-12-13 13:10:00+00:00,1.0,28.0,777.0,22.7,1.0,217.0,51.0,69.0,0.0
2023-12-13 13:15:00+00:00,1.0,28.0,770.0,22.8,1.0,216.0,57.0,73.0,0.0
2023-12-13 13:20:00+00:00,1.0,28.0,766.0,22.8,1.0,216.0,54.0,71.0,0.0
2023-12-13 13:25:00+00:00,1.0,29.0,797.0,22.8,1.0,216.0,47.0,72.0,0.0
2023-12-13 13:30:00+00:00,1.0,29.0,782.0,22.8,4.0,215.0,52.0,69.0,0.0
2023-12-13 13:35:00+00:00,1.0,29.0,818.0,22.8,1.0,215.0,52.0,69.0,0.0
2023-12-13 13:40:00+00:00,1.0,29.0,810.0,22.8,7.0,214.0,49.0,70.0,0.0
2023-12-13 13:45:00+00:00,1.0,29.0,835.0,22.9,7.0,215.0,53.0,69.0,0.0
2023-12-13 13:50:00+00:00,1.0,29.0,833.0,22.9,17.0,213.0,56.0,72.0,0.0
2023-12-13 13:55:00+00:00,1.0,29.0,857.0,22.9,23.0,212.0,52.0,71.0,0.0
2023-12-13 14:00:00+00:00,0.0,29.0,835.0,22.9,11.0,211.0,39.0,61.0,0.0
2023-12-13 14:05:00+00:00,0.0,29.0,830.0,22.9,10.0,5.0,42.0,68.0,0.0
2023-12-13 14:10:00+00:00,0.0,29.0,810.0,22.8,0.0,4.0,35.0,59.0,0.0
2023-12-13 14:15:00+00:00,0.0,29.0,784.0,22.8,0.0,4.0,35.0,59.0,0.0
2023-12-13 14:20:00+00:00,0.0,29.0,753.0,22.7,0.0,4.0,35.0,59.0,0.0
2023-12-13 14:25:00+00:00,0.0,29.0,740.0,22.7,0.0,3.0,35.0,59.0,0.0
2023-12-13 14:30:00+00:00,0.0,29.0,727.0,22.7,0.0,3.0,35.0,59.0,0.0
2023-12-13 14:35:00+00:00,0.0,29.0,721.0,22.7,0.0,2.0,36.0,59.0,0.0
2023-12-13 14:40:00+00:00,0.0,29.0,691.0,22.7,0.0,2.0,35.0,59.0,0.0
2023-12-13 14:45:00+00:00,0.0,29.0,698.0,22.6,0.0,2.0,35.0,59.0,0.0
2023-12-13 14:50:00+00:00,0.0,29.0,679.0,22.6,0.0,2.0,35.0,59.0,0.0
2023-12-13 14:55:00+00:00,0.0,29.0,684.0,22.5,0.0,2.0,35.0,59.0,0.0
2023-12-13 15:00:00+00:00,0.0,29.0,646.0,22.5,0.0,2.0,35.0,59.0,0.0
2023-12-13 15:05:00+00:00,0.0,29.0,643.0,22.5,0.0,2.0,34.0,59.0,0.0
2023-12-13 15:10:00+00:00,0.0,29.0,641.0,22.5,0.0,1.0,35.0,59.0,0.0
2023-12-13 15:15:00+00:00,0.0,29.0,619.0,22.5,0.0,1.0,35.0,59.0,0.0
2023-12-13 15:20:00+00:00,0.0,29.0,630.0,22.4,0.0,1.0,35.0,59.0,0.0
2023-12-13 15:25:00+00:00,0.0,29.0,611.0,22.4,0.0,1.0,35.0,59.0,0.0
2023-12-13 15:30:00+00:00,0.0,29.0,614.0,22.4,0.0,1.0,35.0,59.0,0.0
2023-12-13 15:35:00+00:00,0.0,29.0,593.0,22.4,0.0,1.0,35.0,59.0,0.0
2023-12-13 15:40:00+00:00,0.0,29.0,597.0,22.4,0.0,1.0,36.0,59.0,0.0
2023-12-13 15:45:00+00:00,1.0,29.0,565.0,22.3,0.0,1.0,35.0,59.0,0.0
2023-12-13 15:50:00+00:00,1.0,29.0,581.0,22.3,0.0,1.0,35.0,59.0,0.0
2023-12-13 15:55:00+00:00,0.0,29.0,584.0,22.3,12.0,1.0,41.0,70.0,0.0
2023-12-13 16:00:00+00:00,0.0,29.0,604.0,22.3,2.0,1.0,40.0,62.0,0.0
2023-12-13 16:05:00+00:00,0.0,29.0,576.0,22.3,0.0,1.0,35.0,59.0,0.0
2023-12-13 16:10:00+00:00,0.0,29.0,587.0,22.3,0.0,0.0,35.0,59.0,0.0
2023-12-13 16:15:00+00:00,0.0,29.0,566.0,22.3,0.0,1.0,36.0,59.0,0.0
2023-12-13 16:20:00+00:00,0.0,29.0,556.0,22.2,0.0,1.0,35.0,59.0,0.0
2023-12-13 16:25:00+00:00,0.0,29.0,545.0,22.3,0.0,1.0,35.0,59.0,0.0
2023-12-13 16:30:00+00:00,0.0,29.0,551.0,22.2,0.0,1.0,35.0,59.0,0.0
2023-12-13 16:35:00+00:00,0.0,29.0,550.0,22.2,0.0,1.0,35.0,59.0,0.0
2023-12-13 16:40:00+00:00,0.0,29.0,548.0,22.2,0.0,1.0,35.0,59.0,0.0
2023-12-13 16:45:00+00:00,0.0,29.0,538.0,22.2,0.0,1.0,35.0,59.0,0.0
2023-12-13 16:50:00+00:00,0.0,29.0,525.0,22.1,0.0,1.0,35.0,59.0,0.0
2023-12-13 16:55:00+00:00,0.0,29.0,545.0,22.2,0.0,1.0,35.0,59.0,0.0
2023-12-13 17:00:00+00:00,0.0,29.0,525.0,22.2,0.0,1.0,35.0,59.0,0.0
2023-12-13 17:05:00+00:00,0.0,29.0,518.0,22.1,0.0,0.0,35.0,59.0,0.0
2023-12-13 17:10:00+00:00,0.0,29.0,510.0,22.1,0.0,1.0,36.0,59.0,0.0
2023-12-13 17:15:00+00:00,0.0,29.0,520.0,22.1,0.0,1.0,35.0,59.0,0.0
2023-12-13 17:20:00+00:00,1.0,29.0,535.0,22.1,0.0,0.0,35.0,59.0,0.0
2023-12-13 17:25:00+00:00,1.0,29.0,550.0,22.1,1.0,1.0,34.0,59.0,0.0
2023-12-13 17:30:00+00:00,0.0,29.0,559.0,22.1,6.0,1.0,40.0,71.0,0.0
2023-12-13 17:35:00+00:00,0.0,29.0,559.0,22.1,0.0,1.0,35.0,59.0,0.0
2023-12-13 17:40:00+00:00,0.0,29.0,553.0,22.1,0.0,0.0,35.0,59.0,0.0
2023-12-13 17:45:00+00:00,0.0,29.0,578.0,22.1,0.0,0.0,35.0,59.0,0.0
2023-12-13 17:50:00+00:00,0.0,29.0,555.0,22.1,0.0,0.0,34.0,59.0,0.0
2023-12-13 17:55:00+00:00,0.0,29.0,569.0,22.1,0.0,0.0,34.0,59.0,0.0
2023-12-13 18:00:00+00:00,0.0,29.0,584.0,22.1,0.0,0.0,34.0,59.0,0.0
2023-12-13 18:05:00+00:00,0.0,29.0,572.0,22.1,0.0,0.0,35.0,59.0,0.0
2023-12-13 18:10:00+00:00,0.0,29.0,571.0,22.1,0.0,0.0,34.0,59.0,0.0
2023-12-13 18:15:00+00:00,0.0,29.0,573.0,22.0,0.0,0.0,35.0,59.0,0.0
2023-12-13 18:20:00+00:00,0.0,29.0,563.0,22.0,0.0,0.0,35.0,59.0,0.0
2023-12-13 18:25:00+00:00,0.0,29.0,572.0,22.0,0.0,0.0,34.0,59.0,0.0
2023-12-13 18:30:00+00:00,0.0,29.0,561.0,22.0,0.0,0.0,34.0,59.0,0.0
2023-12-13 18:35:00+00:00,0.0,29.0,573.0,22.0,0.0,0.0,34.0,59.0,0.0
2023-12-13 18:40:00+00:00,0.0,29.0,571.0,22.0,0.0,0.0,34.0,59.0,0.0
2023-12-13 18:45:00+00:00,0.0,29.0,568.0,22.0,0.0,0.0,35.0,59.0,0.0
2023-12-13 18:50:00+00:00,0.0,29.0,560.0,22.0,0.0,0.0,34.0,59.0,0.0
2023-12-13 18:55:00+00:00,0.0,29.0,576.0,22.0,0.0,0.0,34.0,59.0,0.0
2023-12-13 19:00:00+00:00,0.0,29.0,572.0,22.0,0.0,0.0,35.0,59.0,0.0
2023-12-13 19:05:00+00:00,0.0,29.0,558.0,22.0,0.0,0.0,34.0,59.0,0.0
2023-12-13 19:10:00+00:00,0.0,29.0,580.0,22.0,0.0,0.0,34.0,59.0,0.0
2023-12-13 19:15:00+00:00,0.0,29.0,567.0,21.9,0.0,0.0,34.0,59.0,0.0
2023-12-13 19:20:00+00:00,0.0,29.0,556.0,21.9,0.0,0.0,34.0,59.0,0.0
2023-12-13 19:25:00+00:00,0.0,29.0,544.0,21.9,0.0,0.0,34.0,59.0,0.0
2023-12-13 19:30:00+00:00,0.0,29.0,553.0,21.9,0.0,0.0,34.0,59.0,0.0
2023-12-13 19:35:00+00:00,0.0,29.0,570.0,21.9,0.0,0.0,34.0,59.0,0.0
2023-12-13 19:40:00+00:00,0.0,29.0,538.0,21.9,0.0,0.0,34.0,59.0,0.0
2023-12-13 19:45:00+00:00,0.0,29.0,558.0,21.9,0.0,0.0,34.0,59.0,0.0
2023-12-13 19:50:00+00:00,0.0,29.0,557.0,21.9,0.0,0.0,34.0,59.0,0.0
2023-12-13 19:55:00+00:00,0.0,29.0,545.0,21.9,0.0,0.0,34.0,59.0,0.0
2023-12-13 20:00:00+00:00,0.0,29.0,542.0,21.9,0.0,0.0,34.0,59.0,0.0
2023-12-13 20:05:00+00:00,0.0,29.0,551.0,21.9,0.0,0.0,33.0,59.0,0.0
2023-12-13 20:10:00+00:00,0.0,29.0,545.0,21.9,0.0,0.0,34.0,59.0,0.0
2023-12-13 20:15:00+00:00,0.0,29.0,543.0,21.9,0.0,0.0,34.0,59.0,0.0
2023-12-13 20:20:00+00:00,0.0,29.0,556.0,21.9,0.0,0.0,34.0,59.0,0.0
2023-12-13 20:25:00+00:00,0.0,29.0,543.0,21.9,0.0,0.0,33.0,59.0,0.0
2023-12-13 20:30:00+00:00,0.0,29.0,553.0,21.9,0.0,0.0,34.0,59.0,0.0
2023-12-13 20:35:00+00:00,0.0,29.0,543.0,21.9,0.0,0.0,34.0,59.0,0.0
2023-12-13 20:40:00+00:00,0.0,29.0,556.0,21.8,0.0,0.0,34.0,59.0,0.0
2023-12-13 20:45:00+00:00,0.0,29.0,537.0,21.8,0.0,0.0,34.0,59.0,0.0
2023-12-13 20:50:00+00:00,0.0,29.0,549.0,21.8,0.0,0.0,35.0,59.0,0.0
2023-12-13 20:55:00+00:00,0.0,29.0,544.0,21.8,0.0,0.0,35.0,59.0,0.0
2023-12-13 21:00:00+00:00,0.0,29.0,558.0,21.8,0.0,0.0,35.0,59.0,0.0
2023-12-13 21:05:00+00:00,0.0,29.0,553.0,21.8,0.0,0.0,35.0,59.0,0.0
2023-12-13 21:10:00+00:00,0.0,29.0,557.0,21.8,0.0,0.0,34.0,59.0,0.0
2023-12-13 21:15:00+00:00,0.0,29.0,563.0,21.8,0.0,0.0,34.0,59.0,0.0
2023-12-13 21:20:00+00:00,0.0,29.0,538.0,21.8,0.0,0.0,34.0,59.0,0.0
2023-12-13 21:25:00+00:00,0.0,29.0,542.0,21.8,0.0,0.0,34.0,59.0,0.0
2023-12-13 21:30:00+00:00,0.0,29.0,549.0,21.8,0.0,0.0,34.0,59.0,0.0
2023-12-13 21:35:00+00:00,0.0,29.0,566.0,21.8,0.0,0.0,34.0,59.0,0.0
2023-12-13 21:40:00+00:00,0.0,29.0,563.0,21.8,0.0,0.0,34.0,59.0,0.0
2023-12-13 21:45:00+00:00,0.0,29.0,542.0,21.8,0.0,0.0,34.0,59.0,0.0
2023-12-13 21:50:00+00:00,0.0,29.0,539.0,21.8,0.0,0.0,34.0,59.0,0.0
2023-12-13 21:55:00+00:00,0.0,29.0,535.0,21.8,0.0,0.0,34.0,59.0,0.0
2023-12-13 22:00:00+00:00,0.0,29.0,546.0,21.8,0.0,0.0,35.0,59.0,0.0
2023-12-13 22:05:00+00:00,0.0,29.0,538.0,21.8,0.0,0.0,34.0,59.0,0.0
2023-12-13 22:10:00+00:00,0.0,29.0,550.0,21.8,0.0,0.0,34.0,59.0,0.0
2023-12-13 22:15:00+00:00,0.0,29.0,524.0,21.8,0.0,0.0,33.0,59.0,0.0
2023-12-13 22:20:00+00:00,0.0,29.0,543.0,21.8,0.0,0.0,34.0,59.0,0.0
2023-12-13 22:25:00+00:00,0.0,29.0,533.0,21.8,0.0,0.0,34.0,59.0,0.0
2023-12-13 22:30:00+00:00,0.0,29.0,543.0,21.8,0.0,0.0,34.0,59.0,0.0
2023-12-13 22:35:00+00:00,0.0,29.0,548.0,21.7,0.0,0.0,34.0,59.0,0.0
2023-12-13 22:40:00+00:00,0.0,29.0,535.0,21.8,0.0,0.0,33.0,59.0,0.0
2023-12-13 22:45:00+00:00,0.0,29.0,534.0,21.8,0.0,0.0,33.0,59.0,0.0
2023-12-13 22:50:00+00:00,0.0,29.0,533.0,21.8,0.0,0.0,33.0,59.0,0.0
2023-12-13 22:55:00+00:00,0.0,29.0,544.0,21.8,0.0,0.0,34.0,59.0,0.0
2023-12-13 23:00:00+00:00,0.0,29.0,544.0,21.7,0.0,0.0,34.0,59.0,0.0
2023-12-13 23:05:00+00:00,0.0,29.0,517.0,21.7,0.0,0.0,34.0,59.0,0.0
2023-12-13 23:10:00+00:00,0.0,29.0,534.0,21.7,0.0,0.0,33.0,59.0,0.0
2023-12-13 23:15:00+00:00,0.0,29.0,558.0,21.7,0.0,0.0,33.0,59.0,0.0
2023-12-13 23:20:00+00:00,0.0,29.0,549.0,21.7,0.0,0.0,33.0,59.0,0.0
2023-12-13 23:25:00+00:00,0.0,29.0,554.0,21.7,0.0,0.0,33.0,59.0,0.0
2023-12-13 23:30:00+00:00,0.0,29.0,539.0,21.7,0.0,0.0,33.0,59.0,0.0
2023-12-13 23:35:00+00:00,0.0,29.0,551.0,21.7,0.0,0.0,33.0,59.0,0.0
2023-12-13 23:40:00+00:00,0.0,29.0,549.0,21.7,0.0,0.0,34.0,59.0,0.0
2023-12-13 23:45:00+00:00,0.0,29.0,547.0,21.7,0.0,0.0,34.0,59.0,0.0
2023-12-13 23:50:00+00:00,0.0,29.0,548.0,21.7,0.0,0.0,33.0,59.0,0.0
2023-12-13 23:55:00+00:00,0.0,29.0,537.0,21.7,0.0,0.0,33.0,59.0,0.0
2023-12-14 00:00:00+00:00,0.0,29.0,535.0,21.7,0.0,0.0,33.0,59.0,0.0
2023-12-14 00:05:00+00:00,0.0,29.0,535.0,21.7,0.0,0.0,34.0,59.0,0.0
2023-12-14 00:10:00+00:00,0.0,29.0,544.0,21.7,0.0,0.0,33.0,59.0,0.0
2023-12-14 00:15:00+00:00,0.0,29.0,561.0,21.7,0.0,0.0,33.0,59.0,0.0
2023-12-14 00:20:00+00:00,0.0,29.0,553.0,21.7,0.0,0.0,34.0,59.0,0.0
2023-12-14 00:25:00+00:00,0.0,29.0,540.0,21.7,0.0,0.0,34.0,59.0,0.0
2023-12-14 00:30:00+00:00,0.0,29.0,534.0,21.7,0.0,0.0,33.0,59.0,0.0
2023-12-14 00:35:00+00:00,0.0,29.0,549.0,21.7,0.0,0.0,34.0,59.0,0.0
2023-12-14 00:40:00+00:00,0.0,29.0,549.0,21.7,0.0,0.0,34.0,59.0,0.0
2023-12-14 00:45:00+00:00,0.0,29.0,545.0,21.7,0.0,0.0,34.0,59.0,0.0
2023-12-14 00:50:00+00:00,0.0,29.0,545.0,21.7,0.0,0.0,33.0,59.0,0.0
2023-12-14 00:55:00+00:00,0.0,29.0,571.0,21.7,0.0,0.0,33.0,59.0,0.0
2023-12-14 01:00:00+00:00,0.0,29.0,548.0,21.7,0.0,0.0,33.0,59.0,0.0
2023-12-14 01:05:00+00:00,0.0,29.0,549.0,21.7,0.0,0.0,33.0,59.0,0.0
2023-12-14 01:10:00+00:00,0.0,29.0,554.0,21.7,0.0,0.0,33.0,59.0,0.0
2023-12-14 01:15:00+00:00,0.0,29.0,543.0,21.7,0.0,0.0,33.0,59.0,0.0
2023-12-14 01:20:00+00:00,0.0,29.0,549.0,21.7,0.0,0.0,33.0,59.0,0.0
2023-12-14 01:25:00+00:00,0.0,29.0,544.0,21.7,0.0,0.0,33.0,59.0,0.0
2023-12-14 01:30:00+00:00,0.0,29.0,564.0,21.7,0.0,0.0,33.0,59.0,0.0
2023-12-14 01:35:00+00:00,0.0,29.0,551.0,21.7,0.0,0.0,33.0,59.0,0.0
2023-12-14 01:40:00+00:00,0.0,29.0,539.0,21.7,0.0,0.0,33.0,59.0,0.0
2023-12-14 01:45:00+00:00,0.0,29.0,524.0,21.7,0.0,0.0,34.0,59.0,0.0
2023-12-14 01:50:00+00:00,0.0,29.0,548.0,21.7,0.0,0.0,34.0,59.0,0.0
2023-12-14 01:55:00+00:00,0.0,29.0,553.0,21.7,0.0,0.0,33.0,59.0,0.0
2023-12-14 02:00:00+00:00,0.0,29.0,548.0,21.7,0.0,0.0,33.0,59.0,0.0
2023-12-14 02:05:00+00:00,0.0,29.0,548.0,21.7,0.0,0.0,33.0,59.0,0.0
2023-12-14 02:10:00+00:00,0.0,29.0,544.0,21.7,0.0,0.0,34.0,59.0,0.0
2023-12-14 02:15:00+00:00,0.0,29.0,546.0,21.7,0.0,0.0,33.0,59.0,0.0
2023-12-14 02:20:00+00:00,0.0,29.0,519.0,21.7,0.0,0.0,33.0,59.0,0.0
2023-12-14 02:25:00+00:00,0.0,29.0,536.0,21.7,0.0,0.0,35.0,59.0,0.0
2023-12-14 02:30:00+00:00,0.0,29.0,539.0,21.7,0.0,0.0,34.0,59.0,0.0
2023-12-14 02:35:00+00:00,0.0,29.0,523.0,21.7,0.0,0.0,33.0,59.0,0.0
2023-12-14 02:40:00+00:00,0.0,29.0,528.0,21.7,0.0,0.0,33.0,59.0,0.0
2023-12-14 02:45:00+00:00,0.0,29.0,515.0,21.7,0.0,0.0,33.0,59.0,0.0
2023-12-14 02:50:00+00:00,0.0,29.0,534.0,21.7,0.0,0.0,33.0,59.0,0.0
2023-12-14 02:55:00+00:00,0.0,29.0,537.0,21.7,0.0,0.0,33.0,59.0,0.0
2023-12-14 03:00:00+00:00,0.0,29.0,525.0,21.6,0.0,0.0,33.0,59.0,0.0
2023-12-14 03:05:00+00:00,0.0,29.0,499.0,21.7,0.0,0.0,33.0,59.0,0.0
2023-12-14 03:10:00+00:00,0.0,29.0,514.0,21.6,0.0,0.0,33.0,59.0,0.0
2023-12-14 03:15:00+00:00,0.0,29.0,507.0,21.7,0.0,0.0,34.0,59.0,0.0
2023-12-14 03:20:00+00:00,0.0,29.0,499.0,21.7,0.0,0.0,33.0,59.0,0.0
2023-12-14 03:25:00+00:00,0.0,29.0,511.0,21.7,0.0,0.0,33.0,59.0,0.0
2023-12-14 03:30:00+00:00,0.0,29.0,510.0,21.7,0.0,0.0,33.0,59.0,0.0
2023-12-14 03:35:00+00:00,0.0,29.0,513.0,21.7,0.0,0.0,33.0,59.0,0.0
2023-12-14 03:40:00+00:00,0.0,29.0,498.0,21.6,0.0,0.0,33.0,59.0,0.0
2023-12-14 03:45:00+00:00,0.0,29.0,495.0,21.6,0.0,0.0,33.0,59.0,0.0
2023-12-14 03:50:00+00:00,0.0,29.0,502.0,21.7,0.0,0.0,33.0,59.0,0.0
2023-12-14 03:55:00+00:00,0.0,29.0,496.0,21.7,0.0,0.0,33.0,59.0,0.0
2023-12-14 04:00:00+00:00,0.0,29.0,503.0,21.6,0.0,0.0,33.0,59.0,0.0
2023-12-14 04:05:00+00:00,0.0,29.0,481.0,21.6,0.0,0.0,33.0,59.0,0.0
2023-12-14 04:10:00+00:00,0.0,29.0,499.0,21.7,0.0,0.0,33.0,59.0,0.0
2023-12-14 04:15:00+00:00,0.0,29.0,504.0,21.6,0.0,0.0,33.0,59.0,0.0
2023-12-14 04:20:00+00:00,0.0,29.0,490.0,21.6,0.0,0.0,33.0,59.0,0.0
2023-12-14 04:25:00+00:00,0.0,29.0,503.0,21.6,0.0,0.0,34.0,59.0,0.0
2023-12-14 04:30:00+00:00,0.0,29.0,481.0,21.6,0.0,0.0,34.0,59.0,0.0
2023-12-14 04:35:00+00:00,0.0,29.0,497.0,21.6,0.0,0.0,34.0,59.0,0.0
2023-12-14 04:40:00+00:00,0.0,29.0,495.0,21.6,0.0,0.0,34.0,59.0,0.0
2023-12-14 04:45:00+00:00,1.0,29.0,489.0,21.6,0.0,1.0,34.0,59.0,0.0
2023-12-14 04:50:00+00:00,0.0,29.0,505.0,21.6,3.0,1.0,37.0,63.0,0.0
2023-12-14 04:55:00+00:00,0.0,29.0,490.0,21.6,0.0,1.0,33.0,59.0,0.0
2023-12-14 05:00:00+00:00,0.0,29.0,500.0,21.6,0.0,0.0,33.0,59.0,0.0
2023-12-14 05:05:00+00:00,0.0,29.0,505.0,21.6,0.0,0.0,34.0,59.0,0.0
2023-12-14 05:10:00+00:00,0.0,29.0,496.0,21.6,0.0,0.0,34.0,59.0,0.0
2023-12-14 05:15:00+00:00,0.0,29.0,511.0,21.6,0.0,0.0,34.0,59.0,0.0
2023-12-14 05:20:00+00:00,0.0,29.0,508.0,21.7,0.0,0.0,34.0,59.0,0.0
2023-12-14 05:25:00+00:00,0.0,29.0,520.0,21.7,0.0,0.0,35.0,59.0,0.0
2023-12-14 05:30:00+00:00,0.0,29.0,515.0,21.7,0.0,0.0,34.0,59.0,0.0
2023-12-14 05:35:00+00:00,0.0,29.0,523.0,21.7,0.0,0.0,35.0,59.0,0.0
2023-12-14 05:40:00+00:00,0.0,29.0,523.0,21.7,0.0,0.0,35.0,59.0,0.0
2023-12-14 05:45:00+00:00,0.0,29.0,527.0,21.7,0.0,0.0,34.0,59.0,0.0
2023-12-14 05:50:00+00:00,0.0,29.0,520.0,21.7,0.0,0.0,35.0,59.0,0.0
2023-12-14 05:55:00+00:00,0.0,29.0,541.0,21.7,0.0,0.0,35.0,59.0,0.0
2023-12-14 06:00:00+00:00,0.0,29.0,532.0,21.8,0.0,0.0,35.0,59.0,0.0
2023-12-14 06:05:00+00:00,0.0,29.0,551.0,21.8,0.0,0.0,35.0,59.0,0.0
2023-12-14 06:10:00+00:00,0.0,29.0,558.0,21.8,0.0,0.0,35.0,59.0,0.0
2023-12-14 06:15:00+00:00,0.0,29.0,556.0,21.8,0.0,0.0,35.0,59.0,0.0
2023-12-14 06:20:00+00:00,0.0,29.0,549.0,21.8,0.0,0.0,35.0,59.0,0.0
2023-12-14 06:25:00+00:00,0.0,29.0,534.0,21.8,0.0,0.0,35.0,59.0,0.0
2023-12-14 06:30:00+00:00,0.0,29.0,533.0,21.8,0.0,0.0,35.0,59.0,0.0
2023-12-14 06:35:00+00:00,0.0,29.0,548.0,21.9,0.0,0.0,35.0,59.0,0.0
2023-12-14 06:40:00+00:00,0.0,29.0,559.0,21.9,0.0,1.0,35.0,59.0,0.0
2023-12-14 06:45:00+00:00,0.0,29.0,553.0,21.9,0.0,1.0,35.0,59.0,0.0
2023-12-14 06:50:00+00:00,0.0,29.0,545.0,21.9,0.0,1.0,35.0,59.0,0.0
2023-12-14 06:55:00+00:00,0.0,29.0,547.0,21.9,0.0,2.0,35.0,59.0,0.0
2023-12-14 07:00:00+00:00,1.0,29.0,561.0,21.9,0.0,3.0,35.0,59.0,0.0
2023-12-14 07:05:00+00:00,1.0,29.0,560.0,21.9,0.0,3.0,35.0,59.0,0.0
2023-12-14 07:10:00+00:00,1.0,29.0,561.0,21.9,7.0,218.0,37.0,63.0,0.0
2023-12-14 07:15:00+00:00,0.0,29.0,602.0,21.9,4.0,219.0,37.0,67.0,0.0
2023-12-14 07:20:00+00:00,0.0,30.0,614.0,22.0,1.0,218.0,37.0,72.0,0.0
2023-12-14 07:25:00+00:00,1.0,30.0,624.0,22.0,17.0,213.0,46.0,78.0,0.0
2023-12-14 07:30:00+00:00,0.0,30.0,674.0,22.1,15.0,222.0,53.0,70.0,0.0
2023-12-14 07:35:00+00:00,0.0,30.0,674.0,22.1,1.0,224.0,47.0,67.0,0.0
2023-12-14 07:40:00+00:00,0.0,30.0,637.0,22.2,12.0,221.0,48.0,72.0,0.0
2023-12-14 07:45:00+00:00,0.0,30.0,625.0,22.2,15.0,223.0,53.0,71.0,0.0
2023-12-14 07:50:00+00:00,0.0,30.0,621.0,22.3,7.0,224.0,49.0,71.0,0.0
2023-12-14 07:55:00+00:00,1.0,30.0,641.0,22.3,7.0,224.0,55.0,70.0,0.0
2023-12-14 08:00:00+00:00,1.0,30.0,673.0,22.4,7.0,228.0,55.0,74.0,0.0
2023-12-14 08:05:00+00:00,0.0,30.0,668.0,22.4,7.0,227.0,42.0,80.0,0.0
2023-12-14 08:10:00+00:00,1.0,30.0,698.0,22.4,3.0,229.0,43.0,66.0,0.0
2023-12-14 08:15:00+00:00,0.0,30.0,705.0,22.4,9.0,234.0,47.0,68.0,0.0
2023-12-14 08:20:00+00:00,0.0,30.0,709.0,22.5,2.0,241.0,42.0,72.0,0.0
2023-12-14 08:25:00+00:00,0.0,30.0,712.0,22.5,2.0,246.0,39.0,68.0,0.0
2023-12-14 08:30:00+00:00,0.0,30.0,734.0,22.6,1.0,249.0,38.0,59.0,0.0
2023-12-14 08:35:00+00:00,0.0,30.0,738.0,22.6,4.0,248.0,37.0,59.0,0.0
2023-12-14 08:40:00+00:00,1.0,30.0,735.0,22.6,1.0,250.0,42.0,71.0,0.0
2023-12-14 08:45:00+00:00,1.0,30.0,753.0,22.7,2.0,251.0,38.0,61.0,0.0
2023-12-14 08:50:00+00:00,0.0,30.0,764.0,22.7,10.0,249.0,46.0,64.0,0.0
2023-12-14 08:55:00+00:00,0.0,30.0,755.0,22.7,5.0,248.0,41.0,62.0,0.0
2023-12-14 09:00:00+00:00,0.0,30.0,760.0,22.7,0.0,249.0,37.0,59.0,0.0
2023-12-14 09:05:00+00:00,0.0,30.0,760.0,22.8,0.0,252.0,37.0,59.0,0.0
2023-12-14 09:10:00+00:00,0.0,30.0,771.0,22.8,0.0,254.0,38.0,59.0,0.0
2023-12-14 09:15:00+00:00,0.0,30.0,772.0,22.8,1.0,252.0,38.0,61.0,0.0
2023-12-14 09:20:00+00:00,0.0,30.0,749.0,22.8,0.0,250.0,36.0,59.0,0.0
2023-12-14 09:25:00+00:00,1.0,30.0,733.0,22.9,0.0,252.0,37.0,59.0,0.0
2023-12-14 09:30:00+00:00,1.0,30.0,775.0,22.9,2.0,253.0,37.0,59.0,0.0
2023-12-14 09:35:00+00:00,1.0,30.0,774.0,22.9,1.0,262.0,36.0,59.0,0.0
2023-12-14 09:40:00+00:00,1.0,30.0,775.0,22.9,10.0,257.0,42.0,67.0,0.0
2023-12-14 09:45:00+00:00,0.0,31.0,785.0,22.9,18.0,262.0,50.0,77.0,0.0
2023-12-14 09:50:00+00:00,0.0,30.0,769.0,22.9,8.0,264.0,43.0,75.0,0.0
2023-12-14 09:55:00+00:00,0.0,30.0,744.0,22.9,7.0,263.0,41.0,68.0,0.0
2023-12-14 10:00:00+00:00,0.0,30.0,754.0,22.9,1.0,270.0,37.0,59.0,0.0
2023-12-14 10:05:00+00:00,0.0,30.0,732.0,22.9,1.0,264.0,43.0,64.0,0.0
2023-12-14 10:10:00+00:00,0.0,31.0,742.0,22.9,0.0,266.0,37.0,64.0,0.0
2023-12-14 10:15:00+00:00,0.0,31.0,729.0,22.9,2.0,264.0,36.0,59.0,0.0
2023-12-14 10:20:00+00:00,0.0,31.0,722.0,22.9,1.0,262.0,36.0,59.0,0.0
2023-12-14 10:25:00+00:00,0.0,31.0,707.0,22.9,2.0,264.0,37.0,59.0,0.0
2023-12-14 10:30:00+00:00,0.0,31.0,699.0,22.9,0.0,263.0,36.0,59.0,0.0
2023-12-14 10:35:00+00:00,0.0,30.0,695.0,22.9,8.0,264.0,44.0,69.0,0.0
2023-12-14 10:40:00+00:00,0.0,31.0,704.0,22.9,10.0,266.0,54.0,69.0,0.0
2023-12-14 10:45:00+00:00,0.0,30.0,724.0,23.0,14.0,272.0,53.0,68.0,0.0
2023-12-14 10:50:00+00:00,0.0,30.0,715.0,23.0,8.0,274.0,53.0,73.0,0.0
2023-12-14 10:55:00+00:00,0.0,30.0,729.0,23.0,7.0,271.0,52.0,72.0,0.0
2023-12-14 11:00:00+00:00,0.0,31.0,761.0,23.0,16.0,279.0,49.0,67.0,0.0
2023-12-14 11:05:00+00:00,0.0,31.0,717.0,23.0,0.0,279.0,36.0,59.0,0.0
2023-12-14 11:10:00+00:00,0.0,31.0,712.0,23.0,0.0,277.0,36.0,59.0,0.0
2023-12-14 11:15:00+00:00,0.0,31.0,682.0,23.0,0.0,281.0,35.0,59.0,0.0
2023-12-14 11:20:00+00:00,1.0,31.0,680.0,23.0,0.0,288.0,35.0,59.0,0.0
2023-12-14 11:25:00+00:00,0.0,31.0,647.0,23.0,0.0,279.0,35.0,59.0,0.0
2023-12-14 11:30:00+00:00,0.0,31.0,640.0,23.0,4.0,276.0,40.0,67.0,0.0
2023-12-14 11:35:00+00:00,0.0,31.0,626.0,23.0,1.0,274.0,41.0,69.0,0.0
2023-12-14 11:40:00+00:00,0.0,31.0,628.0,23.0,0.0,267.0,39.0,63.0,0.0
2023-12-14 11:45:00+00:00,0.0,31.0,623.0,23.0,0.0,268.0,39.0,63.0,0.0
2023-12-14 11:50:00+00:00,1.0,31.0,626.0,23.1,0.0,267.0,38.0,62.0,0.0
2023-12-14 11:55:00+00:00,0.0,31.0,625.0,23.0,0.0,264.0,38.0,63.0,0.0
2023-12-14 12:00:00+00:00,0.0,31.0,643.0,23.1,5.0,263.0,43.0,66.0,0.0
2023-12-14 12:05:00+00:00,0.0,31.0,651.0,23.1,5.0,264.0,43.0,66.0,0.0
2023-12-14 12:10:00+00:00,0.0,31.0,664.0,23.1,7.0,264.0,48.0,67.0,0.0
2023-12-14 12:15:00+00:00,0.0,31.0,658.0,23.1,4.0,261.0,47.0,67.0,0.0
2023-12-14 12:20:00+00:00,0.0,31.0,661.0,23.1,0.0,259.0,37.0,59.0,0.0
2023-12-14 12:25:00+00:00,0.0,31.0,657.0,23.1,15.0,260.0,44.0,71.0,0.0
2023-12-14 12:30:00+00:00,0.0,31.0,640.0,23.1,0.0,261.0,37.0,59.0,0.0
2023-12-14 12:35:00+00:00,0.0,31.0,615.0,23.1,0.0,264.0,35.0,59.0,0.0
2023-12-14 12:40:00+00:00,0.0,31.0,601.0,23.1,0.0,267.0,35.0,59.0,0.0
2023-12-14 12:45:00+00:00,0.0,30.0,587.0,23.0,0.0,274.0,34.0,59.0,0.0
2023-12-14 12:50:00+00:00,0.0,30.0,587.0,23.0,0.0,274.0,35.0,59.0,0.0
2023-12-14 12:55:00+00:00,0.0,30.0,552.0,23.0,0.0,271.0,35.0,59.0,0.0
2023-12-14 13:00:00+00:00,0.0,30.0,556.0,23.0,0.0,270.0,35.0,59.0,0.0
2023-12-14 13:05:00+00:00,0.0,30.0,563.0,23.0,5.0,261.0,35.0,59.0,0.0
2023-12-14 13:10:00+00:00,0.0,30.0,555.0,23.0,7.0,266.0,43.0,74.0,0.0
2023-12-14 13:15:00+00:00,0.0,30.0,559.0,23.0,1.0,269.0,39.0,67.0,0.0
2023-12-14 13:20:00+00:00,0.0,30.0,588.0,23.1,5.0,260.0,44.0,68.0,0.0
2023-12-14 13:25:00+00:00,0.0,30.0,591.0,23.1,6.0,255.0,40.0,64.0,0.0
2023-12-14 13:30:00+00:00,0.0,30.0,595.0,23.1,0.0,248.0,37.0,59.0,0.0
2023-12-14 13:35:00+00:00,0.0,30.0,615.0,23.1,2.0,248.0,37.0,61.0,0.0
2023-12-14 13:40:00+00:00,0.0,30.0,602.0,23.1,11.0,249.0,44.0,70.0,0.0
2023-12-14 13:45:00+00:00,0.0,30.0,627.0,23.1,1.0,245.0,44.0,67.0,0.0
2023-12-14 13:50:00+00:00,0.0,30.0,602.0,23.1,0.0,244.0,38.0,61.0,0.0
2023-12-14 13:55:00+00:00,0.0,30.0,613.0,23.1,3.0,243.0,38.0,67.0,0.0
2023-12-14 14:00:00+00:00,0.0,30.0,585.0,23.1,2.0,240.0,36.0,59.0,0.0
2023-12-14 14:05:00+00:00,0.0,30.0,592.0,23.1,0.0,235.0,35.0,59.0,0.0
2023-12-14 14:10:00+00:00,0.0,30.0,600.0,23.1,4.0,232.0,37.0,59.0,0.0
2023-12-14 14:15:00+00:00,0.0,30.0,580.0,23.1,0.0,229.0,37.0,61.0,0.0
2023-12-14 14:20:00+00:00,0.0,30.0,590.0,23.0,0.0,223.0,37.0,59.0,0.0
2023-12-14 14:25:00+00:00,0.0,30.0,587.0,23.1,0.0,220.0,37.0,59.0,0.0
2023-12-14 14:30:00+00:00,0.0,30.0,582.0,23.0,0.0,219.0,37.0,59.0,0.0
2023-12-14 14:35:00+00:00,0.0,30.0,599.0,23.1,0.0,217.0,36.0,59.0,0.0
2023-12-14 14:40:00+00:00,0.0,30.0,582.0,23.1,0.0,216.0,37.0,59.0,0.0
2023-12-14 14:45:00+00:00,0.0,30.0,605.0,23.0,0.0,216.0,38.0,62.0,0.0
2023-12-14 14:50:00+00:00,0.0,30.0,600.0,23.0,4.0,215.0,37.0,62.0,0.0
2023-12-14 14:55:00+00:00,0.0,30.0,596.0,23.1,5.0,216.0,42.0,72.0,0.0
2023-12-14 15:00:00+00:00,0.0,30.0,591.0,23.0,0.0,213.0,38.0,59.0,0.0
2023-12-14 15:05:00+00:00,0.0,30.0,605.0,23.0,0.0,214.0,39.0,59.0,0.0
2023-12-14 15:10:00+00:00,0.0,30.0,628.0,23.0,3.0,212.0,40.0,66.0,0.0
2023-12-14 15:15:00+00:00,0.0,30.0,612.0,23.0,0.0,212.0,42.0,59.0,0.0
2023-12-14 15:20:00+00:00,0.0,30.0,596.0,23.0,11.0,211.0,47.0,70.0,0.0
2023-12-14 15:25:00+00:00,0.0,30.0,608.0,23.0,12.0,212.0,50.0,74.0,0.0
2023-12-14 15:30:00+00:00,0.0,30.0,653.0,23.1,9.0,217.0,52.0,73.0,0.0
2023-12-14 15:35:00+00:00,0.0,30.0,641.0,23.1,9.0,216.0,50.0,70.0,0.0
2023-12-14 15:40:00+00:00,0.0,30.0,669.0,23.1,5.0,215.0,39.0,71.0,0.0
2023-12-14 15:45:00+00:00,0.0,30.0,680.0,23.1,6.0,216.0,43.0,67.0,0.0
2023-12-14 15:50:00+00:00,1.0,30.0,705.0,23.1,9.0,214.0,44.0,76.0,0.0
2023-12-14 15:55:00+00:00,1.0,30.0,707.0,23.1,5.0,215.0,40.0,61.0,0.0
2023-12-14 16:00:00+00:00,1.0,30.0,744.0,23.1,23.0,185.0,49.0,74.0,0.0
2023-12-14 16:05:00+00:00,1.0,30.0,758.0,23.2,15.0,213.0,51.0,72.0,0.0
2023-12-14 16:10:00+00:00,1.0,31.0,761.0,23.1,6.0,214.0,40.0,69.0,0.0
2023-12-14 16:15:00+00:00,1.0,31.0,754.0,23.1,0.0,214.0,39.0,66.0,0.0
2023-12-14 16:20:00+00:00,1.0,31.0,749.0,23.1,0.0,214.0,38.0,59.0,0.0
2023-12-14 16:25:00+00:00,1.0,31.0,721.0,23.1,1.0,214.0,38.0,59.0,0.0
2023-12-14 16:30:00+00:00,1.0,31.0,717.0,23.1,4.0,213.0,38.0,59.0,0.0
2023-12-14 16:35:00+00:00,1.0,31.0,700.0,23.1,0.0,213.0,38.0,59.0,0.0
2023-12-14 16:40:00+00:00,1.0,30.0,703.0,23.1,2.0,210.0,39.0,64.0,0.0
2023-12-14 16:45:00+00:00,1.0,30.0,690.0,23.1,3.0,211.0,40.0,62.0,0.0
2023-12-14 16:50:00+00:00,1.0,30.0,697.0,23.1,5.0,212.0,40.0,65.0,0.0
2023-12-14 16:55:00+00:00,1.0,30.0,700.0,23.1,3.0,211.0,39.0,59.0,0.0
2023-12-14 17:00:00+00:00,1.0,30.0,667.0,23.1,1.0,214.0,38.0,69.0,0.0
2023-12-14 17:05:00+00:00,1.0,30.0,690.0,23.1,5.0,211.0,38.0,63.0,0.0
2023-12-14 17:10:00+00:00,1.0,30.0,662.0,23.1,0.0,211.0,39.0,63.0,0.0
2023-12-14 17:15:00+00:00,1.0,30.0,665.0,23.2,6.0,210.0,41.0,67.0,0.0
2023-12-14 17:20:00+00:00,1.0,30.0,659.0,23.2,5.0,212.0,43.0,69.0,0.0
2023-12-14 17:25:00+00:00,1.0,30.0,675.0,23.2,6.0,211.0,50.0,68.0,0.0
2023-12-14 17:30:00+00:00,1.0,30.0,663.0,23.2,5.0,210.0,38.0,61.0,0.0
2023-12-14 17:35:00+00:00,1.0,30.0,667.0,23.1,5.0,212.0,38.0,62.0,0.0
2023-12-14 17:40:00+00:00,1.0,30.0,657.0,23.2,0.0,212.0,40.0,67.0,0.0
2023-12-14 17:45:00+00:00,1.0,30.0,675.0,23.2,3.0,210.0,37.0,59.0,0.0
2023-12-14 17:50:00+00:00,1.0,30.0,657.0,23.2,0.0,211.0,38.0,59.0,0.0
2023-12-14 17:55:00+00:00,1.0,30.0,668.0,23.2,0.0,216.0,38.0,59.0,0.0
2023-12-14 18:00:00+00:00,1.0,30.0,659.0,23.2,1.0,215.0,37.0,60.0,0.0
2023-12-14 18:05:00+00:00,1.0,30.0,650.0,23.2,2.0,216.0,38.0,59.0,0.0
2023-12-14 18:10:00+00:00,1.0,30.0,659.0,23.2,2.0,214.0,37.0,59.0,0.0
2023-12-14 18:15:00+00:00,1.0,30.0,658.0,23.2,0.0,214.0,39.0,61.0,0.0
2023-12-14 18:20:00+00:00,1.0,30.0,644.0,23.2,0.0,214.0,38.0,61.0,0.0
2023-12-14 18:25:00+00:00,1.0,30.0,648.0,23.2,0.0,215.0,37.0,59.0,0.0
2023-12-14 18:30:00+00:00,1.0,30.0,649.0,23.2,2.0,215.0,38.0,69.0,0.0
2023-12-14 18:35:00+00:00,1.0,30.0,660.0,23.2,1.0,212.0,37.0,59.0,0.0
2023-12-14 18:40:00+00:00,1.0,30.0,649.0,23.2,2.0,215.0,38.0,70.0,0.0
2023-12-14 18:45:00+00:00,1.0,30.0,630.0,23.2,1.0,216.0,37.0,59.0,0.0
2023-12-14 18:50:00+00:00,1.0,30.0,638.0,23.2,7.0,215.0,37.0,59.0,0.0
2023-12-14 18:55:00+00:00,1.0,30.0,637.0,23.2,0.0,213.0,37.0,61.0,0.0
2023-12-14 19:00:00+00:00,1.0,30.0,633.0,23.2,0.0,213.0,36.0,64.0,0.0
2023-12-14 19:05:00+00:00,1.0,30.0,644.0,23.2,0.0,213.0,35.0,59.0,0.0
2023-12-14 19:10:00+00:00,1.0,30.0,641.0,23.2,0.0,212.0,35.0,59.0,0.0
2023-12-14 19:15:00+00:00,1.0,29.0,640.0,23.2,1.0,212.0,35.0,59.0,0.0
2023-12-14 19:20:00+00:00,1.0,29.0,633.0,23.2,3.0,213.0,37.0,61.0,0.0
2023-12-14 19:25:00+00:00,1.0,29.0,642.0,23.2,4.0,208.0,36.0,59.0,0.0
2023-12-14 19:30:00+00:00,1.0,29.0,614.0,23.2,15.0,222.0,39.0,69.0,0.0
2023-12-14 19:35:00+00:00,0.0,29.0,645.0,23.2,21.0,219.0,42.0,65.0,0.0
2023-12-14 19:40:00+00:00,0.0,29.0,650.0,23.2,11.0,1.0,41.0,64.0,0.0
2023-12-14 19:45:00+00:00,0.0,29.0,628.0,23.1,0.0,1.0,34.0,59.0,0.0
2023-12-14 19:50:00+00:00,0.0,29.0,593.0,23.1,0.0,0.0,33.0,59.0,0.0
2023-12-14 19:55:00+00:00,0.0,29.0,595.0,23.1,0.0,0.0,33.0,59.0,0.0
2023-12-14 20:00:00+00:00,0.0,29.0,578.0,23.0,0.0,0.0,34.0,59.0,0.0
2023-12-14 20:05:00+00:00,0.0,29.0,568.0,23.0,0.0,0.0,34.0,59.0,0.0
2023-12-14 20:10:00+00:00,0.0,29.0,575.0,22.9,0.0,0.0,34.0,59.0,0.0
2023-12-14 20:15:00+00:00,0.0,29.0,542.0,22.9,0.0,0.0,33.0,59.0,0.0
2023-12-14 20:20:00+00:00,0.0,28.0,548.0,22.9,0.0,0.0,34.0,59.0,0.0
2023-12-14 20:25:00+00:00,0.0,28.0,522.0,22.9,0.0,0.0,34.0,59.0,0.0
2023-12-14 20:30:00+00:00,0.0,28.0,520.0,22.8,0.0,0.0,33.0,59.0,0.0
2023-12-14 20:35:00+00:00,0.0,28.0,518.0,22.8,0.0,0.0,33.0,59.0,0.0
2023-12-14 20:40:00+00:00,0.0,28.0,522.0,22.8,0.0,0.0,33.0,59.0,0.0
2023-12-14 20:45:00+00:00,0.0,28.0,500.0,22.8,0.0,0.0,33.0,59.0,0.0
2023-12-14 20:50:00+00:00,0.0,28.0,511.0,22.7,0.0,0.0,33.0,59.0,0.0
2023-12-14 20:55:00+00:00,0.0,28.0,502.0,22.7,0.0,0.0,34.0,59.0,0.0
2023-12-14 21:00:00+00:00,0.0,28.0,497.0,22.7,0.0,0.0,34.0,59.0,0.0
2023-12-14 21:05:00+00:00,0.0,28.0,501.0,22.7,0.0,0.0,34.0,59.0,0.0
2023-12-14 21:10:00+00:00,0.0,28.0,500.0,22.6,0.0,0.0,34.0,59.0,0.0
2023-12-14 21:15:00+00:00,0.0,28.0,498.0,22.6,0.0,0.0,33.0,59.0,0.0
2023-12-14 21:20:00+00:00,0.0,28.0,483.0,22.6,0.0,0.0,34.0,59.0,0.0
2023-12-14 21:25:00+00:00,0.0,28.0,472.0,22.6,0.0,0.0,34.0,59.0,0.0
2023-12-14 21:30:00+00:00,0.0,28.0,487.0,22.5,0.0,0.0,33.0,59.0,0.0
2023-12-14 21:35:00+00:00,0.0,28.0,487.0,22.5,0.0,0.0,33.0,59.0,0.0
2023-12-14 21:40:00+00:00,0.0,28.0,469.0,22.5,0.0,0.0,34.0,59.0,0.0
2023-12-14 21:45:00+00:00,0.0,28.0,472.0,22.5,0.0,0.0,33.0,59.0,0.0
2023-12-14 21:50:00+00:00,0.0,27.0,463.0,22.5,0.0,0.0,33.0,59.0,0.0
2023-12-14 21:55:00+00:00,0.0,27.0,471.0,22.5,0.0,0.0,34.0,59.0,0.0
2023-12-14 22:00:00+00:00,0.0,27.0,479.0,22.5,0.0,0.0,33.0,59.0,0.0
2023-12-14 22:05:00+00:00,0.0,27.0,475.0,22.4,0.0,0.0,33.0,59.0,0.0
2023-12-14 22:10:00+00:00,0.0,27.0,472.0,22.4,0.0,0.0,33.0,59.0,0.0
2023-12-14 22:15:00+00:00,0.0,27.0,472.0,22.4,0.0,0.0,33.0,59.0,0.0
2023-12-14 22:20:00+00:00,0.0,27.0,472.0,22.4,0.0,0.0,34.0,59.0,0.0
2023-12-14 22:25:00+00:00,0.0,27.0,472.0,22.4,0.0,0.0,33.0,59.0,0.0
2023-12-14 22:30:00+00:00,0.0,27.0,463.0,22.3,0.0,0.0,34.0,59.0,0.0
2023-12-14 22:35:00+00:00,0.0,27.0,477.0,22.3,0.0,0.0,33.0,59.0,0.0
2023-12-14 22:40:00+00:00,0.0,27.0,474.0,22.3,0.0,0.0,33.0,59.0,0.0
2023-12-14 22:45:00+00:00,0.0,27.0,472.0,22.3,0.0,0.0,33.0,59.0,0.0
2023-12-14 22:50:00+00:00,0.0,27.0,464.0,22.3,0.0,0.0,33.0,59.0,0.0
2023-12-14 22:55:00+00:00,0.0,27.0,457.0,22.3,0.0,0.0,33.0,59.0,0.0
2023-12-14 23:00:00+00:00,0.0,27.0,469.0,22.3,0.0,0.0,34.0,59.0,0.0
2023-12-14 23:05:00+00:00,0.0,27.0,465.0,22.3,0.0,0.0,33.0,59.0,0.0
2023-12-14 23:10:00+00:00,0.0,27.0,478.0,22.2,0.0,0.0,33.0,59.0,0.0
2023-12-14 23:15:00+00:00,0.0,27.0,453.0,22.2,0.0,0.0,33.0,59.0,0.0
2023-12-14 23:20:00+00:00,0.0,27.0,467.0,22.2,0.0,0.0,33.0,59.0,0.0
2023-12-14 23:25:00+00:00,0.0,27.0,469.0,22.2,0.0,0.0,33.0,59.0,0.0
2023-12-14 23:30:00+00:00,0.0,27.0,471.0,22.2,0.0,0.0,33.0,59.0,0.0
2023-12-14 23:35:00+00:00,0.0,27.0,452.0,22.2,0.0,0.0,33.0,59.0,0.0
2023-12-14 23:40:00+00:00,0.0,27.0,460.0,22.2,0.0,0.0,33.0,59.0,0.0
2023-12-14 23:45:00+00:00,0.0,27.0,459.0,22.2,0.0,0.0,33.0,59.0,0.0
2023-12-14 23:50:00+00:00,0.0,27.0,475.0,22.2,0.0,0.0,33.0,59.0,0.0
2023-12-14 23:55:00+00:00,0.0,27.0,456.0,22.2,0.0,0.0,33.0,59.0,0.0
2023-12-15 00:00:00+00:00,0.0,27.0,459.0,22.2,0.0,0.0,33.0,59.0,0.0
2023-12-15 00:05:00+00:00,0.0,26.0,457.0,22.2,0.0,0.0,33.0,59.0,0.0
2023-12-15 00:10:00+00:00,0.0,27.0,470.0,22.2,0.0,0.0,33.0,59.0,0.0
2023-12-15 00:15:00+00:00,0.0,26.0,456.0,22.1,0.0,0.0,33.0,59.0,0.0
2023-12-15 00:20:00+00:00,0.0,26.0,455.0,22.2,0.0,0.0,33.0,59.0,0.0
2023-12-15 00:25:00+00:00,0.0,26.0,458.0,22.1,0.0,0.0,33.0,59.0,0.0
2023-12-15 00:30:00+00:00,0.0,26.0,458.0,22.1,0.0,0.0,33.0,59.0,0.0
2023-12-15 00:35:00+00:00,0.0,26.0,454.0,22.1,0.0,0.0,33.0,59.0,0.0
2023-12-15 00:40:00+00:00,0.0,26.0,452.0,22.1,0.0,0.0,33.0,59.0,0.0
2023-12-15 00:45:00+00:00,0.0,26.0,457.0,22.1,0.0,0.0,33.0,59.0,0.0
2023-12-15 00:50:00+00:00,0.0,26.0,462.0,22.1,0.0,1.0,33.0,59.0,0.0
2023-12-15 00:55:00+00:00,0.0,26.0,449.0,22.1,0.0,1.0,33.0,59.0,0.0
2023-12-15 01:00:00+00:00,0.0,26.0,447.0,22.1,0.0,0.0,33.0,59.0,0.0
2023-12-15 01:05:00+00:00,0.0,26.0,450.0,22.1,0.0,0.0,33.0,59.0,0.0
2023-12-15 01:10:00+00:00,0.0,26.0,439.0,22.1,0.0,0.0,33.0,59.0,0.0
2023-12-15 01:15:00+00:00,0.0,26.0,454.0,22.1,0.0,0.0,33.0,59.0,0.0
2023-12-15 01:20:00+00:00,0.0,26.0,458.0,22.1,0.0,0.0,33.0,59.0,0.0
2023-12-15 01:25:00+00:00,0.0,26.0,442.0,22.1,0.0,0.0,33.0,59.0,0.0
2023-12-15 01:30:00+00:00,0.0,26.0,446.0,22.1,0.0,0.0,33.0,59.0,0.0
2023-12-15 01:35:00+00:00,0.0,26.0,456.0,22.0,0.0,0.0,33.0,59.0,0.0
2023-12-15 01:40:00+00:00,0.0,26.0,463.0,22.0,0.0,0.0,32.0,59.0,0.0
2023-12-15 01:45:00+00:00,0.0,26.0,453.0,22.0,0.0,0.0,33.0,59.0,0.0
2023-12-15 01:50:00+00:00,0.0,26.0,457.0,22.0,0.0,0.0,33.0,59.0,0.0
2023-12-15 01:55:00+00:00,0.0,26.0,461.0,22.0,0.0,0.0,33.0,59.0,0.0
2023-12-15 02:00:00+00:00,0.0,26.0,447.0,22.0,0.0,0.0,33.0,59.0,0.0
2023-12-15 02:05:00+00:00,0.0,26.0,452.0,22.0,0.0,0.0,33.0,59.0,0.0
2023-12-15 02:10:00+00:00,0.0,26.0,452.0,22.0,0.0,0.0,33.0,59.0,0.0
2023-12-15 02:15:00+00:00,0.0,26.0,434.0,22.0,0.0,0.0,33.0,59.0,0.0
2023-12-15 02:20:00+00:00,0.0,26.0,450.0,22.0,0.0,0.0,33.0,59.0,0.0
2023-12-15 02:25:00+00:00,0.0,26.0,440.0,22.0,0.0,0.0,32.0,59.0,0.0
2023-12-15 02:30:00+00:00,0.0,26.0,429.0,22.0,0.0,0.0,33.0,59.0,0.0
2023-12-15 02:35:00+00:00,0.0,26.0,455.0,22.0,0.0,0.0,33.0,59.0,0.0
2023-12-15 02:40:00+00:00,0.0,26.0,436.0,22.0,0.0,0.0,33.0,59.0,0.0
2023-12-15 02:45:00+00:00,0.0,26.0,442.0,22.0,0.0,0.0,33.0,59.0,0.0
2023-12-15 02:50:00+00:00,0.0,26.0,431.0,22.0,0.0,0.0,33.0,59.0,0.0
2023-12-15 02:55:00+00:00,0.0,26.0,432.0,22.0,0.0,0.0,33.0,59.0,0.0
2023-12-15 03:00:00+00:00,0.0,26.0,422.0,22.0,0.0,0.0,32.0,59.0,0.0
2023-12-15 03:05:00+00:00,0.0,26.0,424.0,22.0,0.0,0.0,33.0,59.0,0.0
2023-12-15 03:10:00+00:00,0.0,26.0,437.0,22.0,0.0,0.0,33.0,59.0,0.0
2023-12-15 03:15:00+00:00,0.0,26.0,435.0,21.9,0.0,0.0,33.0,59.0,0.0
2023-12-15 03:20:00+00:00,0.0,26.0,452.0,21.9,0.0,0.0,33.0,59.0,0.0
2023-12-15 03:25:00+00:00,0.0,26.0,433.0,21.9,0.0,0.0,33.0,59.0,0.0
2023-12-15 03:30:00+00:00,0.0,26.0,443.0,21.9,0.0,0.0,33.0,59.0,0.0
2023-12-15 03:35:00+00:00,0.0,26.0,449.0,21.9,0.0,0.0,33.0,59.0,0.0
2023-12-15 03:40:00+00:00,0.0,26.0,445.0,21.9,0.0,0.0,33.0,59.0,0.0
2023-12-15 03:45:00+00:00,0.0,26.0,441.0,21.9,0.0,0.0,33.0,59.0,0.0
2023-12-15 03:50:00+00:00,0.0,26.0,433.0,21.9,0.0,0.0,33.0,59.0,0.0
2023-12-15 03:55:00+00:00,0.0,26.0,424.0,21.9,0.0,0.0,33.0,59.0,0.0
2023-12-15 04:00:00+00:00,0.0,26.0,432.0,21.9,0.0,0.0,33.0,59.0,0.0
2023-12-15 04:05:00+00:00,0.0,26.0,432.0,21.9,0.0,0.0,33.0,59.0,0.0
2023-12-15 04:10:00+00:00,0.0,26.0,457.0,21.9,0.0,0.0,34.0,59.0,0.0
2023-12-15 04:15:00+00:00,0.0,26.0,432.0,21.9,0.0,0.0,33.0,59.0,0.0
2023-12-15 04:20:00+00:00,0.0,26.0,448.0,21.9,0.0,0.0,34.0,59.0,0.0
2023-12-15 04:25:00+00:00,0.0,26.0,447.0,21.9,0.0,0.0,33.0,59.0,0.0
2023-12-15 04:30:00+00:00,0.0,26.0,443.0,21.9,0.0,0.0,34.0,59.0,0.0
2023-12-15 04:35:00+00:00,0.0,26.0,428.0,21.9,0.0,0.0,33.0,59.0,0.0
2023-12-15 04:40:00+00:00,0.0,26.0,436.0,21.9,0.0,0.0,33.0,59.0,0.0
2023-12-15 04:45:00+00:00,0.0,26.0,454.0,21.9,0.0,0.0,34.0,59.0,0.0
2023-12-15 04:50:00+00:00,0.0,26.0,442.0,21.9,0.0,0.0,35.0,59.0,0.0
2023-12-15 04:55:00+00:00,0.0,26.0,453.0,21.9,0.0,0.0,33.0,59.0,0.0
2023-12-15 05:00:00+00:00,0.0,26.0,442.0,21.9,0.0,1.0,34.0,59.0,0.0
2023-12-15 05:05:00+00:00,1.0,26.0,434.0,21.9,0.0,1.0,34.0,59.0,0.0
2023-12-15 05:10:00+00:00,1.0,26.0,438.0,21.9,3.0,1.0,34.0,59.0,0.0
2023-12-15 05:15:00+00:00,1.0,26.0,459.0,21.9,0.0,1.0,37.0,67.0,0.0
2023-12-15 05:20:00+00:00,1.0,26.0,442.0,21.9,0.0,1.0,35.0,59.0,0.0
2023-12-15 05:25:00+00:00,1.0,26.0,493.0,21.9,4.0,212.0,34.0,59.0,0.0
2023-12-15 05:30:00+00:00,1.0,26.0,500.0,21.9,15.0,4.0,43.0,70.0,0.0
2023-12-15 05:35:00+00:00,1.0,26.0,482.0,21.9,0.0,4.0,37.0,59.0,0.0
2023-12-15 05:40:00+00:00,0.0,26.0,474.0,22.0,0.0,4.0,36.0,59.0,0.0
2023-12-15 05:45:00+00:00,0.0,26.0,503.0,22.0,7.0,216.0,44.0,72.0,0.0
2023-12-15 05:50:00+00:00,0.0,26.0,506.0,22.1,8.0,4.0,54.0,83.0,0.0
2023-12-15 05:55:00+00:00,0.0,26.0,501.0,22.1,0.0,4.0,39.0,59.0,0.0
2023-12-15 06:00:00+00:00,0.0,26.0,501.0,22.0,0.0,4.0,37.0,59.0,0.0
2023-12-15 06:05:00+00:00,0.0,26.0,473.0,22.0,0.0,4.0,36.0,59.0,0.0
2023-12-15 06:10:00+00:00,0.0,26.0,489.0,22.0,0.0,4.0,36.0,59.0,0.0
2023-12-15 06:15:00+00:00,0.0,26.0,486.0,22.0,0.0,4.0,35.0,59.0,0.0
2023-12-15 06:20:00+00:00,0.0,26.0,478.0,22.0,0.0,4.0,36.0,59.0,0.0
2023-12-15 06:25:00+00:00,0.0,26.0,482.0,22.0,0.0,5.0,35.0,59.0,0.0
2023-12-15 06:30:00+00:00,0.0,26.0,482.0,22.0,0.0,5.0,36.0,59.0,0.0
2023-12-15 06:35:00+00:00,0.0,26.0,475.0,22.0,0.0,6.0,37.0,59.0,0.0
2023-12-15 06:40:00+00:00,0.0,26.0,478.0,22.0,0.0,7.0,38.0,59.0,0.0
2023-12-15 06:45:00+00:00,0.0,26.0,480.0,22.0,0.0,8.0,36.0,59.0,0.0
2023-12-15 06:50:00+00:00,0.0,26.0,465.0,22.0,0.0,9.0,36.0,59.0,0.0
2023-12-15 06:55:00+00:00,1.0,25.0,485.0,22.0,0.0,9.0,36.0,59.0,0.0
2023-12-15 07:00:00+00:00,0.0,25.0,505.0,22.0,5.0,224.0,37.0,72.0,0.0
2023-12-15 07:05:00+00:00,1.0,26.0,483.0,22.0,3.0,224.0,39.0,63.0,0.0
2023-12-15 07:10:00+00:00,0.0,26.0,514.0,22.1,1.0,225.0,38.0,62.0,0.0
2023-12-15 07:15:00+00:00,0.0,26.0,526.0,22.1,14.0,223.0,43.0,64.0,0.0
2023-12-15 07:20:00+00:00,1.0,26.0,560.0,22.1,13.0,223.0,45.0,64.0,0.0
2023-12-15 07:25:00+00:00,0.0,26.0,554.0,22.2,11.0,228.0,50.0,67.0,0.0
2023-12-15 07:30:00+00:00,0.0,26.0,612.0,22.2,3.0,230.0,45.0,68.0,0.0
2023-12-15 07:35:00+00:00,0.0,26.0,581.0,22.2,4.0,232.0,55.0,72.0,0.0
2023-12-15 07:40:00+00:00,1.0,26.0,596.0,22.3,5.0,235.0,54.0,72.0,0.0
2023-12-15 07:45:00+00:00,1.0,26.0,623.0,22.3,8.0,238.0,48.0,71.0,0.0
2023-12-15 07:50:00+00:00,0.0,26.0,624.0,22.3,3.0,238.0,43.0,72.0,0.0
2023-12-15 07:55:00+00:00,0.0,26.0,631.0,22.3,6.0,256.0,41.0,62.0,0.0
2023-12-15 08:00:00+00:00,0.0,26.0,675.0,22.4,13.0,249.0,50.0,68.0,0.0
2023-12-15 08:05:00+00:00,0.0,26.0,675.0,22.4,5.0,246.0,43.0,70.0,0.0
2023-12-15 08:10:00+00:00,0.0,26.0,682.0,22.5,10.0,243.0,48.0,67.0,0.0
2023-12-15 08:15:00+00:00,0.0,26.0,684.0,22.5,7.0,247.0,49.0,69.0,0.0
2023-12-15 08:20:00+00:00,0.0,26.0,686.0,22.5,1.0,244.0,44.0,70.0,0.0
2023-12-15 08:25:00+00:00,0.0,26.0,699.0,22.5,2.0,252.0,50.0,68.0,0.0
2023-12-15 08:30:00+00:00,0.0,26.0,724.0,22.6,4.0,251.0,46.0,67.0,0.0
2023-12-15 08:35:00+00:00,0.0,26.0,744.0,22.6,21.0,243.0,47.0,67.0,0.0
2023-12-15 08:45:00+00:00,0.0,26.0,789.0,22.7,19.0,46.0,45.0,74.0,0.0
2023-12-15 08:50:00+00:00,0.0,26.0,772.0,22.7,0.0,46.0,36.0,59.0,0.0
2023-12-15 08:55:00+00:00,0.0,26.0,787.0,22.7,0.0,64.0,36.0,59.0,0.0
2023-12-15 09:00:00+00:00,1.0,26.0,772.0,22.7,1.0,56.0,36.0,59.0,0.0
2023-12-15 09:05:00+00:00,1.0,27.0,770.0,22.7,0.0,58.0,36.0,59.0,0.0
2023-12-15 09:10:00+00:00,1.0,26.0,766.0,22.7,3.0,37.0,37.0,59.0,0.0
2023-12-15 09:15:00+00:00,1.0,26.0,772.0,22.7,1.0,38.0,37.0,63.0,0.0
2023-12-15 09:20:00+00:00,0.0,27.0,778.0,22.7,2.0,45.0,36.0,65.0,0.0
2023-12-15 09:25:00+00:00,0.0,27.0,720.0,22.7,3.0,60.0,38.0,64.0,0.0
2023-12-15 09:30:00+00:00,0.0,27.0,731.0,22.7,0.0,63.0,37.0,59.0,0.0
2023-12-15 09:35:00+00:00,0.0,27.0,735.0,22.7,0.0,64.0,36.0,59.0,0.0
2023-12-15 09:40:00+00:00,0.0,27.0,733.0,22.7,0.0,71.0,36.0,59.0,0.0
2023-12-15 09:45:00+00:00,0.0,27.0,728.0,22.7,2.0,72.0,36.0,59.0,0.0
2023-12-15 09:50:00+00:00,0.0,27.0,740.0,22.7,0.0,67.0,37.0,60.0,0.0
2023-12-15 09:55:00+00:00,0.0,27.0,715.0,22.7,0.0,62.0,37.0,59.0,0.0
2023-12-15 10:00:00+00:00,1.0,26.0,737.0,22.7,0.0,52.0,37.0,59.0,0.0
2023-12-15 10:05:00+00:00,1.0,26.0,719.0,22.7,1.0,59.0,37.0,59.0,0.0
2023-12-15 10:10:00+00:00,0.0,26.0,723.0,22.7,4.0,54.0,37.0,59.0,0.0
2023-12-15 10:15:00+00:00,0.0,26.0,720.0,22.7,5.0,63.0,38.0,63.0,0.0
2023-12-15 10:20:00+00:00,0.0,26.0,672.0,22.7,0.0,63.0,36.0,59.0,0.0
2023-12-15 10:25:00+00:00,1.0,26.0,671.0,22.7,0.0,74.0,35.0,59.0,0.0
2023-12-15 10:30:00+00:00,1.0,26.0,641.0,22.7,0.0,88.0,36.0,59.0,0.0
2023-12-15 10:35:00+00:00,1.0,25.0,612.0,22.6,5.0,86.0,41.0,70.0,0.0
2023-12-15 10:40:00+00:00,0.0,25.0,580.0,22.6,0.0,74.0,39.0,59.0,0.0
2023-12-15 10:45:00+00:00,0.0,25.0,563.0,22.6,4.0,87.0,41.0,69.0,0.0
2023-12-15 10:50:00+00:00,0.0,25.0,545.0,22.7,0.0,90.0,40.0,65.0,0.0
2023-12-15 10:55:00+00:00,1.0,25.0,673.0,22.7,5.0,91.0,38.0,62.0,0.0
2023-12-15 11:00:00+00:00,0.0,25.0,611.0,22.7,13.0,84.0,42.0,71.0,0.0
2023-12-15 11:05:00+00:00,0.0,25.0,584.0,22.7,0.0,81.0,37.0,63.0,0.0
2023-12-15 11:10:00+00:00,0.0,25.0,557.0,22.6,0.0,63.0,37.0,59.0,0.0
2023-12-15 11:15:00+00:00,0.0,25.0,546.0,22.6,0.0,45.0,36.0,59.0,0.0
2023-12-15 11:20:00+00:00,0.0,24.0,522.0,22.6,0.0,54.0,35.0,59.0,0.0
2023-12-15 11:25:00+00:00,0.0,24.0,524.0,22.6,0.0,46.0,36.0,59.0,0.0
2023-12-15 11:30:00+00:00,0.0,24.0,528.0,22.6,0.0,63.0,36.0,59.0,0.0
2023-12-15 11:35:00+00:00,1.0,24.0,497.0,22.6,0.0,53.0,36.0,59.0,0.0
2023-12-15 11:40:00+00:00,1.0,24.0,519.0,22.5,5.0,59.0,39.0,74.0,0.0
2023-12-15 11:45:00+00:00,0.0,24.0,500.0,22.5,0.0,58.0,46.0,62.0,0.0
2023-12-15 11:50:00+00:00,0.0,24.0,480.0,22.5,0.0,59.0,44.0,64.0,0.0
2023-12-15 11:55:00+00:00,0.0,24.0,504.0,22.6,5.0,57.0,51.0,69.0,0.0
2023-12-15 12:00:00+00:00,0.0,24.0,494.0,22.6,6.0,59.0,54.0,71.0,0.0
2023-12-15 12:05:00+00:00,0.0,24.0,517.0,22.6,2.0,60.0,55.0,68.0,0.0
2023-12-15 12:10:00+00:00,0.0,24.0,556.0,22.6,2.0,60.0,55.0,70.0,0.0
2023-12-15 12:15:00+00:00,0.0,24.0,581.0,22.7,0.0,60.0,56.0,77.0,0.0
2023-12-15 12:20:00+00:00,0.0,24.0,595.0,22.7,0.0,63.0,55.0,71.0,0.0
2023-12-15 12:25:00+00:00,0.0,25.0,628.0,22.7,1.0,50.0,56.0,72.0,0.0
2023-12-15 12:30:00+00:00,0.0,25.0,639.0,22.7,1.0,49.0,55.0,74.0,0.0
2023-12-15 12:35:00+00:00,0.0,25.0,667.0,22.7,1.0,49.0,56.0,71.0,0.0
2023-12-15 12:40:00+00:00,0.0,25.0,693.0,22.7,1.0,73.0,55.0,73.0,0.0
2023-12-15 12:45:00+00:00,0.0,24.0,720.0,22.8,9.0,68.0,55.0,76.0,0.0
2023-12-15 12:50:00+00:00,0.0,24.0,714.0,22.8,6.0,61.0,55.0,72.0,0.0
2023-12-15 12:55:00+00:00,0.0,24.0,773.0,22.8,13.0,58.0,57.0,74.0,0.0
2023-12-15 13:00:00+00:00,0.0,24.0,773.0,22.8,13.0,58.0,58.0,80.0,0.0
2023-12-15 13:05:00+00:00,0.0,24.0,760.0,22.8,9.0,53.0,58.0,77.0,0.0
2023-12-15 13:15:00+00:00,0.0,24.0,825.0,22.8,3.0,50.0,58.0,73.0,0.0
2023-12-15 13:20:00+00:00,0.0,24.0,825.0,22.8,3.0,50.0,46.0,71.0,0.0
2023-12-15 13:25:00+00:00,0.0,24.0,765.0,22.8,0.0,50.0,41.0,62.0,0.0
2023-12-15 13:30:00+00:00,0.0,24.0,745.0,22.8,1.0,47.0,39.0,67.0,0.0
2023-12-15 13:35:00+00:00,0.0,24.0,736.0,22.8,2.0,45.0,38.0,61.0,0.0
2023-12-15 13:40:00+00:00,0.0,23.0,708.0,22.8,0.0,41.0,37.0,61.0,0.0
2023-12-15 13:45:00+00:00,0.0,23.0,704.0,22.8,1.0,40.0,38.0,59.0,0.0
2023-12-15 13:50:00+00:00,0.0,23.0,705.0,22.7,0.0,33.0,39.0,59.0,0.0
2023-12-15 13:55:00+00:00,0.0,23.0,696.0,22.7,0.0,33.0,39.0,59.0,0.0
2023-12-15 14:00:00+00:00,0.0,23.0,672.0,22.7,0.0,28.0,39.0,60.0,0.0
2023-12-15 14:05:00+00:00,0.0,23.0,666.0,22.7,6.0,28.0,37.0,59.0,0.0
2023-12-15 14:10:00+00:00,0.0,23.0,656.0,22.7,4.0,29.0,38.0,64.0,0.0
2023-12-15 14:15:00+00:00,0.0,23.0,649.0,22.7,4.0,26.0,37.0,59.0,0.0
2023-12-15 14:20:00+00:00,0.0,23.0,632.0,22.7,1.0,25.0,39.0,69.0,0.0
2023-12-15 14:25:00+00:00,1.0,23.0,629.0,22.7,0.0,21.0,41.0,67.0,0.0
2023-12-15 14:30:00+00:00,0.0,23.0,653.0,22.7,5.0,19.0,40.0,68.0,0.0
2023-12-15 14:35:00+00:00,0.0,22.0,625.0,22.7,12.0,18.0,41.0,61.0,0.0
2023-12-15 14:40:00+00:00,0.0,22.0,591.0,22.7,0.0,14.0,36.0,59.0,0.0
2023-12-15 14:45:00+00:00,0.0,22.0,587.0,22.7,0.0,12.0,36.0,59.0,0.0
2023-12-15 14:50:00+00:00,0.0,22.0,596.0,22.7,3.0,11.0,36.0,64.0,0.0
2023-12-15 14:55:00+00:00,0.0,22.0,615.0,22.7,0.0,10.0,36.0,59.0,0.0
2023-12-15 15:00:00+00:00,0.0,22.0,591.0,22.7,0.0,9.0,36.0,59.0,0.0
2023-12-15 15:05:00+00:00,1.0,22.0,593.0,22.7,2.0,9.0,38.0,62.0,0.0
2023-12-15 15:10:00+00:00,1.0,22.0,601.0,22.6,4.0,7.0,42.0,73.0,0.0
2023-12-15 15:15:00+00:00,0.0,22.0,610.0,22.6,6.0,6.0,37.0,59.0,0.0
2023-12-15 15:20:00+00:00,0.0,22.0,592.0,22.6,7.0,5.0,41.0,69.0,0.0
2023-12-15 15:25:00+00:00,0.0,22.0,555.0,22.6,0.0,4.0,36.0,59.0,0.0
2023-12-15 15:30:00+00:00,0.0,22.0,536.0,22.6,0.0,4.0,36.0,59.0,0.0
2023-12-15 15:35:00+00:00,0.0,22.0,516.0,22.6,0.0,3.0,36.0,59.0,0.0
2023-12-15 15:40:00+00:00,0.0,22.0,521.0,22.6,0.0,3.0,35.0,59.0,0.0
2023-12-15 15:45:00+00:00,0.0,22.0,499.0,22.6,0.0,3.0,37.0,59.0,0.0
2023-12-15 15:50:00+00:00,0.0,22.0,503.0,22.5,0.0,3.0,36.0,59.0,0.0
2023-12-15 15:55:00+00:00,0.0,22.0,484.0,22.5,0.0,3.0,35.0,59.0,0.0
2023-12-15 16:00:00+00:00,0.0,21.0,484.0,22.5,0.0,3.0,35.0,59.0,0.0
2023-12-15 16:05:00+00:00,0.0,21.0,473.0,22.5,0.0,3.0,36.0,59.0,0.0
2023-12-15 16:10:00+00:00,0.0,21.0,490.0,22.5,0.0,3.0,35.0,59.0,0.0
2023-12-15 16:15:00+00:00,0.0,21.0,484.0,22.5,0.0,3.0,35.0,59.0,0.0
2023-12-15 16:20:00+00:00,0.0,21.0,482.0,22.4,0.0,3.0,35.0,59.0,0.0
2023-12-15 16:25:00+00:00,0.0,21.0,473.0,22.4,0.0,3.0,35.0,59.0,0.0
2023-12-15 16:30:00+00:00,0.0,21.0,479.0,22.4,0.0,3.0,35.0,59.0,0.0
2023-12-15 16:35:00+00:00,0.0,21.0,481.0,22.4,0.0,3.0,36.0,59.0,0.0
2023-12-15 16:40:00+00:00,0.0,21.0,462.0,22.4,0.0,3.0,36.0,59.0,0.0
2023-12-15 16:45:00+00:00,0.0,21.0,470.0,22.4,0.0,3.0,35.0,59.0,0.0
2023-12-15 16:50:00+00:00,0.0,21.0,467.0,22.4,0.0,3.0,36.0,59.0,0.0
2023-12-15 16:55:00+00:00,0.0,21.0,471.0,22.4,0.0,3.0,36.0,59.0,0.0
2023-12-15 17:00:00+00:00,0.0,21.0,461.0,22.3,0.0,3.0,36.0,59.0,0.0
2023-12-15 17:05:00+00:00,0.0,21.0,461.0,22.3,0.0,3.0,36.0,59.0,0.0
2023-12-15 17:10:00+00:00,0.0,21.0,448.0,22.4,0.0,3.0,36.0,59.0,0.0
2023-12-15 17:15:00+00:00,0.0,21.0,461.0,22.3,0.0,3.0,35.0,59.0,0.0
2023-12-15 17:20:00+00:00,0.0,21.0,461.0,22.3,0.0,3.0,35.0,59.0,0.0
2023-12-15 17:25:00+00:00,0.0,21.0,461.0,22.3,0.0,3.0,35.0,59.0,0.0
2023-12-15 17:30:00+00:00,0.0,21.0,457.0,22.3,0.0,3.0,35.0,59.0,0.0
2023-12-15 17:35:00+00:00,0.0,21.0,454.0,22.3,0.0,3.0,36.0,59.0,0.0
2023-12-15 17:40:00+00:00,0.0,21.0,434.0,22.3,0.0,3.0,36.0,59.0,0.0
2023-12-15 17:45:00+00:00,0.0,21.0,460.0,22.3,0.0,3.0,35.0,59.0,0.0
2023-12-15 17:50:00+00:00,0.0,21.0,452.0,22.3,0.0,3.0,35.0,59.0,0.0
2023-12-15 17:55:00+00:00,0.0,21.0,440.0,22.3,0.0,3.0,35.0,59.0,0.0
2023-12-15 18:00:00+00:00,0.0,21.0,447.0,22.3,0.0,3.0,36.0,59.0,0.0
2023-12-15 18:05:00+00:00,0.0,21.0,451.0,22.3,0.0,3.0,36.0,59.0,0.0
2023-12-15 18:10:00+00:00,0.0,21.0,457.0,22.3,0.0,3.0,35.0,59.0,0.0
2023-12-15 18:15:00+00:00,0.0,21.0,447.0,22.3,0.0,3.0,35.0,59.0,0.0
2023-12-15 18:20:00+00:00,0.0,21.0,463.0,22.3,0.0,3.0,35.0,59.0,0.0
2023-12-15 18:25:00+00:00,0.0,21.0,448.0,22.3,0.0,3.0,35.0,59.0,0.0
2023-12-15 18:30:00+00:00,0.0,21.0,441.0,22.3,0.0,3.0,36.0,59.0,0.0
2023-12-15 18:35:00+00:00,0.0,21.0,446.0,22.3,0.0,3.0,36.0,59.0,0.0
2023-12-15 18:40:00+00:00,0.0,21.0,450.0,22.2,0.0,3.0,35.0,59.0,0.0
2023-12-15 18:45:00+00:00,0.0,21.0,442.0,22.2,0.0,3.0,35.0,59.0,0.0
2023-12-15 18:50:00+00:00,0.0,21.0,458.0,22.2,0.0,3.0,35.0,59.0,0.0
2023-12-15 18:55:00+00:00,0.0,21.0,453.0,22.2,0.0,3.0,35.0,59.0,0.0
2023-12-15 19:00:00+00:00,0.0,21.0,465.0,22.2,0.0,3.0,35.0,59.0,0.0
2023-12-15 19:05:00+00:00,0.0,21.0,438.0,22.2,0.0,3.0,35.0,59.0,0.0
2023-12-15 19:10:00+00:00,0.0,21.0,469.0,22.2,0.0,3.0,35.0,59.0,0.0
2023-12-15 19:15:00+00:00,0.0,21.0,468.0,22.2,0.0,3.0,35.0,59.0,0.0
2023-12-15 19:20:00+00:00,0.0,21.0,425.0,22.2,0.0,3.0,35.0,59.0,0.0
2023-12-15 19:25:00+00:00,0.0,21.0,447.0,22.2,0.0,3.0,35.0,59.0,0.0
2023-12-15 19:30:00+00:00,0.0,21.0,464.0,22.2,0.0,3.0,35.0,59.0,0.0
2023-12-15 19:35:00+00:00,0.0,21.0,458.0,22.2,0.0,3.0,35.0,59.0,0.0
2023-12-15 19:40:00+00:00,0.0,21.0,443.0,22.2,0.0,3.0,35.0,59.0,0.0
2023-12-15 19:45:00+00:00,0.0,21.0,450.0,22.2,0.0,3.0,35.0,59.0,0.0
2023-12-15 19:50:00+00:00,0.0,21.0,450.0,22.2,0.0,3.0,35.0,59.0,0.0
2023-12-15 19:55:00+00:00,0.0,21.0,448.0,22.2,0.0,3.0,36.0,59.0,0.0
2023-12-15 20:00:00+00:00,0.0,21.0,448.0,22.2,0.0,3.0,35.0,59.0,0.0
2023-12-15 20:05:00+00:00,0.0,21.0,457.0,22.2,0.0,3.0,35.0,59.0,0.0
2023-12-15 20:10:00+00:00,0.0,21.0,467.0,22.2,0.0,3.0,35.0,59.0,0.0
2023-12-15 20:15:00+00:00,0.0,21.0,457.0,22.2,0.0,3.0,35.0,59.0,0.0
2023-12-15 20:20:00+00:00,0.0,21.0,464.0,22.2,0.0,3.0,35.0,59.0,0.0
2023-12-15 20:25:00+00:00,0.0,21.0,474.0,22.2,0.0,3.0,35.0,59.0,0.0
2023-12-15 20:30:00+00:00,0.0,21.0,460.0,22.2,0.0,3.0,35.0,59.0,0.0
2023-12-15 20:35:00+00:00,0.0,21.0,457.0,22.2,0.0,3.0,35.0,59.0,0.0
2023-12-15 20:40:00+00:00,0.0,21.0,465.0,22.2,0.0,3.0,35.0,59.0,0.0
2023-12-15 20:45:00+00:00,0.0,21.0,467.0,22.2,0.0,3.0,34.0,59.0,0.0
2023-12-15 20:50:00+00:00,0.0,21.0,461.0,22.2,0.0,3.0,35.0,59.0,0.0
2023-12-15 20:55:00+00:00,0.0,21.0,474.0,22.2,0.0,3.0,35.0,59.0,0.0
2023-12-15 21:00:00+00:00,0.0,21.0,459.0,22.1,0.0,3.0,35.0,59.0,0.0
2023-12-15 21:05:00+00:00,0.0,21.0,464.0,22.2,0.0,3.0,35.0,59.0,0.0
2023-12-15 21:10:00+00:00,0.0,21.0,446.0,22.1,0.0,3.0,35.0,59.0,0.0
2023-12-15 21:15:00+00:00,0.0,21.0,458.0,22.1,0.0,3.0,35.0,59.0,0.0
2023-12-15 21:20:00+00:00,0.0,21.0,447.0,22.1,0.0,3.0,35.0,59.0,0.0
2023-12-15 21:25:00+00:00,0.0,21.0,459.0,22.1,0.0,3.0,35.0,59.0,0.0
2023-12-15 21:30:00+00:00,0.0,21.0,447.0,22.1,0.0,3.0,35.0,59.0,0.0
2023-12-15 21:35:00+00:00,0.0,21.0,469.0,22.1,0.0,3.0,35.0,59.0,0.0
2023-12-15 21:40:00+00:00,0.0,21.0,463.0,22.1,0.0,3.0,35.0,59.0,0.0
2023-12-15 21:45:00+00:00,0.0,21.0,480.0,22.1,0.0,3.0,35.0,59.0,0.0
2023-12-15 21:50:00+00:00,0.0,21.0,471.0,22.1,0.0,3.0,35.0,59.0,0.0
2023-12-15 21:55:00+00:00,0.0,21.0,468.0,22.1,0.0,3.0,35.0,59.0,0.0
2023-12-15 22:00:00+00:00,0.0,21.0,444.0,22.1,0.0,3.0,35.0,59.0,0.0
2023-12-15 22:05:00+00:00,0.0,21.0,479.0,22.1,0.0,3.0,35.0,59.0,0.0
2023-12-15 22:10:00+00:00,0.0,21.0,467.0,22.1,0.0,3.0,35.0,59.0,0.0
2023-12-15 22:15:00+00:00,0.0,21.0,481.0,22.1,0.0,3.0,35.0,59.0,0.0
2023-12-15 22:20:00+00:00,0.0,21.0,478.0,22.1,0.0,3.0,35.0,59.0,0.0
2023-12-15 22:25:00+00:00,0.0,21.0,468.0,22.1,0.0,3.0,34.0,59.0,0.0
2023-12-15 22:30:00+00:00,0.0,21.0,453.0,22.1,0.0,3.0,35.0,59.0,0.0
2023-12-15 22:35:00+00:00,0.0,21.0,477.0,22.1,0.0,3.0,35.0,59.0,0.0
2023-12-15 22:40:00+00:00,0.0,21.0,480.0,22.1,0.0,3.0,35.0,59.0,0.0
2023-12-15 22:45:00+00:00,0.0,21.0,465.0,22.1,0.0,3.0,35.0,59.0,0.0
2023-12-15 22:50:00+00:00,0.0,21.0,473.0,22.1,0.0,3.0,35.0,59.0,0.0
2023-12-15 22:55:00+00:00,0.0,21.0,475.0,22.1,0.0,3.0,35.0,59.0,0.0
2023-12-15 23:00:00+00:00,0.0,21.0,478.0,22.1,0.0,3.0,35.0,59.0,0.0
2023-12-15 23:05:00+00:00,0.0,21.0,472.0,22.1,0.0,3.0,35.0,59.0,0.0
2023-12-15 23:10:00+00:00,0.0,21.0,458.0,22.1,0.0,3.0,35.0,59.0,0.0
2023-12-15 23:15:00+00:00,0.0,21.0,459.0,22.1,0.0,3.0,35.0,59.0,0.0
2023-12-15 23:20:00+00:00,0.0,21.0,479.0,22.1,0.0,3.0,35.0,59.0,0.0
2023-12-15 23:25:00+00:00,0.0,21.0,476.0,22.1,0.0,3.0,35.0,59.0,0.0
2023-12-15 23:30:00+00:00,0.0,21.0,474.0,22.1,0.0,3.0,35.0,59.0,0.0
2023-12-15 23:35:00+00:00,0.0,21.0,466.0,22.1,0.0,3.0,35.0,59.0,0.0
2023-12-15 23:40:00+00:00,0.0,21.0,469.0,22.1,0.0,3.0,35.0,59.0,0.0
2023-12-15 23:45:00+00:00,0.0,21.0,461.0,22.0,0.0,3.0,35.0,59.0,0.0
2023-12-15 23:50:00+00:00,0.0,21.0,462.0,22.1,0.0,3.0,35.0,59.0,0.0
2023-12-15 23:55:00+00:00,0.0,21.0,475.0,22.0,0.0,3.0,35.0,59.0,0.0
2023-12-16 00:00:00+00:00,0.0,21.0,459.0,22.0,0.0,3.0,35.0,59.0,0.0
2023-12-16 00:05:00+00:00,0.0,21.0,475.0,22.0,0.0,3.0,35.0,59.0,0.0
2023-12-16 00:10:00+00:00,0.0,21.0,461.0,22.0,0.0,3.0,35.0,59.0,0.0
2023-12-16 00:15:00+00:00,0.0,21.0,470.0,22.0,0.0,3.0,35.0,59.0,0.0
2023-12-16 00:20:00+00:00,0.0,21.0,468.0,22.0,0.0,3.0,35.0,59.0,0.0
2023-12-16 00:25:00+00:00,0.0,21.0,464.0,22.0,0.0,3.0,35.0,59.0,0.0
2023-12-16 00:30:00+00:00,0.0,21.0,444.0,22.0,0.0,3.0,35.0,59.0,0.0
2023-12-16 00:35:00+00:00,0.0,21.0,461.0,22.0,0.0,3.0,35.0,59.0,0.0
2023-12-16 00:40:00+00:00,0.0,21.0,464.0,22.0,0.0,3.0,36.0,59.0,0.0
2023-12-16 00:45:00+00:00,0.0,21.0,467.0,22.0,0.0,3.0,35.0,59.0,0.0
2023-12-16 00:50:00+00:00,0.0,21.0,452.0,22.0,0.0,3.0,34.0,59.0,0.0
2023-12-16 00:55:00+00:00,0.0,21.0,465.0,22.0,0.0,3.0,34.0,59.0,0.0
2023-12-16 01:00:00+00:00,0.0,21.0,463.0,22.0,0.0,3.0,35.0,59.0,0.0
2023-12-16 01:05:00+00:00,0.0,21.0,464.0,22.0,0.0,3.0,34.0,59.0,0.0
2023-12-16 01:10:00+00:00,0.0,21.0,446.0,22.0,0.0,3.0,35.0,59.0,0.0
2023-12-16 01:15:00+00:00,0.0,21.0,461.0,22.0,0.0,3.0,34.0,59.0,0.0
2023-12-16 01:20:00+00:00,0.0,21.0,454.0,22.0,0.0,3.0,35.0,59.0,0.0
2023-12-16 01:25:00+00:00,0.0,21.0,465.0,22.0,0.0,3.0,35.0,59.0,0.0
2023-12-16 01:30:00+00:00,0.0,21.0,467.0,22.0,0.0,3.0,35.0,59.0,0.0
2023-12-16 01:35:00+00:00,0.0,21.0,451.0,22.0,0.0,3.0,34.0,59.0,0.0
2023-12-16 01:40:00+00:00,0.0,21.0,447.0,22.0,0.0,3.0,35.0,59.0,0.0
2023-12-16 01:45:00+00:00,0.0,21.0,450.0,22.0,0.0,3.0,34.0,59.0,0.0
2023-12-16 01:50:00+00:00,0.0,21.0,446.0,22.0,0.0,3.0,35.0,59.0,0.0
2023-12-16 01:55:00+00:00,0.0,21.0,432.0,22.0,0.0,3.0,35.0,59.0,0.0
2023-12-16 02:00:00+00:00,0.0,21.0,466.0,22.0,0.0,3.0,35.0,59.0,0.0
2023-12-16 02:05:00+00:00,0.0,21.0,468.0,22.0,0.0,3.0,35.0,59.0,0.0
2023-12-16 02:10:00+00:00,0.0,21.0,452.0,22.0,0.0,3.0,35.0,59.0,0.0
2023-12-16 02:15:00+00:00,0.0,21.0,463.0,22.0,0.0,3.0,34.0,59.0,0.0
2023-12-16 02:20:00+00:00,0.0,21.0,464.0,22.0,0.0,3.0,34.0,59.0,0.0
2023-12-16 02:25:00+00:00,0.0,21.0,460.0,22.0,0.0,3.0,35.0,59.0,0.0
2023-12-16 02:30:00+00:00,0.0,21.0,470.0,22.0,0.0,3.0,34.0,59.0,0.0
2023-12-16 02:35:00+00:00,0.0,21.0,464.0,22.0,0.0,3.0,35.0,59.0,0.0
2023-12-16 02:40:00+00:00,0.0,21.0,452.0,22.0,0.0,3.0,34.0,59.0,0.0
2023-12-16 02:45:00+00:00,0.0,21.0,463.0,21.9,0.0,3.0,34.0,59.0,0.0
2023-12-16 02:50:00+00:00,0.0,21.0,459.0,22.0,0.0,3.0,34.0,59.0,0.0
2023-12-16 02:55:00+00:00,0.0,21.0,464.0,22.0,0.0,3.0,34.0,59.0,0.0
2023-12-16 03:00:00+00:00,0.0,21.0,463.0,21.9,0.0,3.0,34.0,59.0,0.0
2023-12-16 03:05:00+00:00,0.0,21.0,457.0,22.0,0.0,3.0,34.0,59.0,0.0
2023-12-16 03:10:00+00:00,0.0,21.0,470.0,21.9,0.0,3.0,34.0,59.0,0.0
2023-12-16 03:15:00+00:00,0.0,21.0,461.0,22.0,0.0,3.0,35.0,59.0,0.0
2023-12-16 03:20:00+00:00,0.0,21.0,476.0,21.9,0.0,3.0,35.0,59.0,0.0
2023-12-16 03:25:00+00:00,0.0,21.0,473.0,21.9,0.0,3.0,35.0,59.0,0.0
2023-12-16 03:30:00+00:00,0.0,21.0,481.0,22.0,0.0,3.0,35.0,59.0,0.0
2023-12-16 03:35:00+00:00,0.0,21.0,461.0,21.9,0.0,3.0,34.0,59.0,0.0
2023-12-16 03:40:00+00:00,0.0,21.0,466.0,21.9,0.0,3.0,35.0,59.0,0.0
2023-12-16 03:45:00+00:00,0.0,21.0,468.0,21.9,0.0,3.0,34.0,59.0,0.0
2023-12-16 03:50:00+00:00,0.0,21.0,468.0,21.9,0.0,3.0,34.0,59.0,0.0
2023-12-16 03:55:00+00:00,0.0,21.0,457.0,21.9,0.0,3.0,34.0,59.0,0.0
2023-12-16 04:00:00+00:00,0.0,21.0,461.0,21.9,0.0,3.0,35.0,59.0,0.0
2023-12-16 04:05:00+00:00,0.0,21.0,459.0,21.9,0.0,3.0,35.0,59.0,0.0
2023-12-16 04:10:00+00:00,0.0,21.0,460.0,21.9,0.0,3.0,35.0,59.0,0.0
2023-12-16 04:15:00+00:00,0.0,21.0,453.0,21.9,0.0,3.0,34.0,59.0,0.0
2023-12-16 04:20:00+00:00,0.0,21.0,457.0,21.9,0.0,3.0,34.0,59.0,0.0
2023-12-16 04:25:00+00:00,0.0,21.0,470.0,21.9,0.0,3.0,34.0,59.0,0.0
2023-12-16 04:30:00+00:00,0.0,21.0,460.0,21.9,0.0,3.0,34.0,59.0,0.0
2023-12-16 04:35:00+00:00,0.0,21.0,453.0,21.9,0.0,3.0,35.0,59.0,0.0
2023-12-16 04:40:00+00:00,0.0,21.0,459.0,21.9,0.0,3.0,34.0,59.0,0.0
2023-12-16 04:45:00+00:00,0.0,21.0,446.0,21.9,0.0,3.0,34.0,59.0,0.0
2023-12-16 04:50:00+00:00,0.0,21.0,460.0,21.9,0.0,3.0,35.0,59.0,0.0
2023-12-16 04:55:00+00:00,0.0,21.0,466.0,21.9,0.0,3.0,34.0,59.0,0.0
2023-12-16 05:00:00+00:00,0.0,21.0,462.0,21.9,0.0,3.0,35.0,59.0,0.0
2023-12-16 05:05:00+00:00,0.0,21.0,471.0,21.9,0.0,3.0,35.0,59.0,0.0
2023-12-16 05:10:00+00:00,0.0,21.0,458.0,21.9,0.0,3.0,35.0,59.0,0.0
2023-12-16 05:15:00+00:00,0.0,21.0,448.0,21.9,0.0,3.0,34.0,59.0,0.0
2023-12-16 05:20:00+00:00,0.0,21.0,446.0,21.9,0.0,3.0,35.0,59.0,0.0
2023-12-16 05:25:00+00:00,0.0,21.0,458.0,21.9,0.0,3.0,34.0,59.0,0.0
2023-12-16 05:30:00+00:00,0.0,21.0,459.0,21.9,0.0,3.0,34.0,59.0,0.0
2023-12-16 05:35:00+00:00,0.0,21.0,447.0,21.9,0.0,3.0,34.0,59.0,0.0
2023-12-16 05:40:00+00:00,0.0,21.0,451.0,21.9,0.0,3.0,35.0,59.0,0.0
2023-12-16 05:45:00+00:00,0.0,21.0,444.0,21.9,0.0,3.0,35.0,59.0,0.0
2023-12-16 05:50:00+00:00,0.0,21.0,457.0,21.9,0.0,3.0,35.0,59.0,0.0
2023-12-16 05:55:00+00:00,0.0,21.0,465.0,21.9,0.0,3.0,35.0,59.0,0.0
2023-12-16 06:00:00+00:00,0.0,21.0,449.0,21.9,0.0,3.0,35.0,59.0,0.0
2023-12-16 06:05:00+00:00,0.0,21.0,451.0,21.9,0.0,3.0,35.0,59.0,0.0
2023-12-16 06:10:00+00:00,0.0,21.0,452.0,21.9,0.0,3.0,35.0,59.0,0.0
2023-12-16 06:15:00+00:00,0.0,21.0,451.0,21.9,0.0,3.0,35.0,59.0,0.0
2023-12-16 06:20:00+00:00,0.0,21.0,464.0,21.9,0.0,3.0,35.0,59.0,0.0
2023-12-16 06:25:00+00:00,0.0,21.0,460.0,21.9,0.0,3.0,35.0,59.0,0.0
2023-12-16 06:30:00+00:00,0.0,21.0,463.0,21.9,0.0,3.0,35.0,59.0,0.0
2023-12-16 06:35:00+00:00,0.0,21.0,448.0,22.0,0.0,4.0,35.0,59.0,0.0
2023-12-16 06:40:00+00:00,0.0,21.0,453.0,21.9,0.0,4.0,35.0,59.0,0.0
2023-12-16 06:45:00+00:00,0.0,21.0,473.0,22.0,0.0,4.0,35.0,59.0,0.0
2023-12-16 06:50:00+00:00,0.0,22.0,452.0,22.0,0.0,5.0,35.0,59.0,0.0
2023-12-16 06:55:00+00:00,0.0,22.0,461.0,22.0,0.0,6.0,35.0,59.0,0.0
2023-12-16 07:00:00+00:00,0.0,22.0,452.0,22.0,0.0,7.0,35.0,59.0,0.0
2023-12-16 07:05:00+00:00,0.0,22.0,444.0,22.0,0.0,8.0,35.0,59.0,0.0
2023-12-16 07:10:00+00:00,0.0,22.0,453.0,22.1,0.0,9.0,35.0,59.0,0.0
2023-12-16 07:15:00+00:00,0.0,22.0,465.0,22.1,0.0,12.0,35.0,59.0,0.0
2023-12-16 07:20:00+00:00,0.0,22.0,451.0,22.1,0.0,15.0,35.0,59.0,0.0
2023-12-16 07:25:00+00:00,0.0,22.0,472.0,22.1,0.0,18.0,35.0,59.0,0.0
2023-12-16 07:30:00+00:00,0.0,22.0,467.0,22.2,0.0,19.0,35.0,59.0,0.0
2023-12-16 07:35:00+00:00,0.0,22.0,461.0,22.2,0.0,22.0,35.0,59.0,0.0
2023-12-16 07:40:00+00:00,0.0,22.0,439.0,22.2,0.0,23.0,35.0,59.0,0.0
2023-12-16 07:45:00+00:00,0.0,22.0,457.0,22.2,0.0,25.0,35.0,59.0,0.0
2023-12-16 07:50:00+00:00,0.0,22.0,451.0,22.2,0.0,27.0,35.0,59.0,0.0
2023-12-16 07:55:00+00:00,0.0,22.0,459.0,22.2,0.0,31.0,35.0,59.0,0.0
2023-12-16 08:00:00+00:00,0.0,22.0,478.0,22.2,0.0,31.0,35.0,59.0,0.0
2023-12-16 08:05:00+00:00,0.0,22.0,461.0,22.2,0.0,31.0,36.0,59.0,0.0
2023-12-16 08:10:00+00:00,0.0,22.0,473.0,22.3,0.0,33.0,35.0,59.0,0.0
2023-12-16 08:15:00+00:00,0.0,22.0,461.0,22.2,0.0,36.0,35.0,59.0,0.0
2023-12-16 08:20:00+00:00,0.0,22.0,478.0,22.3,0.0,38.0,35.0,59.0,0.0
2023-12-16 08:25:00+00:00,0.0,22.0,456.0,22.3,0.0,37.0,35.0,59.0,0.0
2023-12-16 08:30:00+00:00,0.0,22.0,448.0,22.3,0.0,36.0,35.0,59.0,0.0
2023-12-16 08:35:00+00:00,0.0,22.0,463.0,22.3,0.0,39.0,35.0,59.0,0.0
2023-12-16 08:40:00+00:00,0.0,22.0,469.0,22.3,0.0,45.0,35.0,59.0,0.0
2023-12-16 08:45:00+00:00,0.0,22.0,456.0,22.3,0.0,44.0,35.0,59.0,0.0
2023-12-16 08:50:00+00:00,0.0,22.0,467.0,22.3,0.0,41.0,36.0,59.0,0.0
2023-12-16 08:55:00+00:00,0.0,22.0,465.0,22.3,0.0,46.0,35.0,59.0,0.0
2023-12-16 09:00:00+00:00,0.0,22.0,474.0,22.3,0.0,48.0,35.0,59.0,0.0
2023-12-16 09:05:00+00:00,0.0,22.0,467.0,22.3,0.0,50.0,35.0,59.0,0.0
2023-12-16 09:10:00+00:00,0.0,22.0,475.0,22.3,0.0,51.0,35.0,59.0,0.0
2023-12-16 09:15:00+00:00,0.0,22.0,466.0,22.3,0.0,53.0,35.0,59.0,0.0
2023-12-16 09:20:00+00:00,0.0,22.0,470.0,22.3,0.0,55.0,35.0,59.0,0.0
2023-12-16 09:25:00+00:00,0.0,22.0,482.0,22.3,0.0,58.0,35.0,59.0,0.0
2023-12-16 09:30:00+00:00,0.0,22.0,478.0,22.3,0.0,57.0,35.0,59.0,0.0
2023-12-16 09:35:00+00:00,0.0,22.0,457.0,22.3,0.0,58.0,36.0,59.0,0.0
2023-12-16 09:40:00+00:00,0.0,22.0,464.0,22.3,0.0,63.0,35.0,59.0,0.0
2023-12-16 09:45:00+00:00,0.0,22.0,469.0,22.3,0.0,65.0,35.0,59.0,0.0
2023-12-16 09:50:00+00:00,0.0,22.0,484.0,22.3,0.0,64.0,36.0,59.0,0.0
2023-12-16 09:55:00+00:00,0.0,22.0,496.0,22.3,0.0,63.0,35.0,59.0,0.0
2023-12-16 10:00:00+00:00,0.0,22.0,482.0,22.4,0.0,62.0,35.0,59.0,0.0
2023-12-16 10:05:00+00:00,0.0,22.0,480.0,22.4,0.0,63.0,35.0,59.0,0.0
2023-12-16 10:10:00+00:00,0.0,22.0,484.0,22.4,0.0,63.0,35.0,59.0,0.0
2023-12-16 10:15:00+00:00,0.0,22.0,472.0,22.3,0.0,62.0,35.0,59.0,0.0
2023-12-16 10:20:00+00:00,0.0,22.0,484.0,22.3,0.0,63.0,35.0,59.0,0.0
2023-12-16 10:25:00+00:00,0.0,22.0,477.0,22.4,0.0,62.0,35.0,59.0,0.0
2023-12-16 10:30:00+00:00,0.0,22.0,483.0,22.4,0.0,61.0,35.0,59.0,0.0
2023-12-16 10:35:00+00:00,0.0,22.0,470.0,22.4,0.0,61.0,36.0,59.0,0.0
2023-12-16 10:40:00+00:00,0.0,22.0,492.0,22.4,0.0,60.0,36.0,59.0,0.0
2023-12-16 10:45:00+00:00,0.0,22.0,478.0,22.4,0.0,62.0,35.0,59.0,0.0
2023-12-16 10:50:00+00:00,0.0,22.0,463.0,22.3,0.0,61.0,36.0,59.0,0.0
2023-12-16 10:55:00+00:00,0.0,22.0,481.0,22.4,0.0,57.0,35.0,59.0,0.0
2023-12-16 11:00:00+00:00,0.0,22.0,484.0,22.4,0.0,54.0,36.0,59.0,0.0
2023-12-16 11:05:00+00:00,0.0,22.0,475.0,22.4,0.0,56.0,37.0,59.0,0.0
2023-12-16 11:10:00+00:00,0.0,22.0,484.0,22.4,0.0,59.0,36.0,59.0,0.0
2023-12-16 11:15:00+00:00,0.0,22.0,477.0,22.4,0.0,58.0,35.0,59.0,0.0
2023-12-16 11:20:00+00:00,0.0,22.0,479.0,22.4,0.0,56.0,35.0,59.0,0.0
2023-12-16 11:25:00+00:00,0.0,22.0,473.0,22.4,0.0,56.0,35.0,59.0,0.0
2023-12-16 11:30:00+00:00,0.0,22.0,475.0,22.3,0.0,58.0,35.0,59.0,0.0
2023-12-16 11:35:00+00:00,0.0,22.0,459.0,22.4,0.0,58.0,35.0,59.0,0.0
2023-12-16 11:40:00+00:00,0.0,22.0,475.0,22.4,0.0,59.0,35.0,59.0,0.0
2023-12-16 11:45:00+00:00,0.0,22.0,467.0,22.4,0.0,58.0,35.0,59.0,0.0
2023-12-16 11:50:00+00:00,0.0,22.0,469.0,22.4,0.0,57.0,35.0,59.0,0.0
2023-12-16 11:55:00+00:00,0.0,22.0,466.0,22.4,0.0,57.0,35.0,59.0,0.0
2023-12-16 12:00:00+00:00,0.0,22.0,459.0,22.4,0.0,57.0,35.0,59.0,0.0
2023-12-16 12:05:00+00:00,0.0,22.0,473.0,22.4,0.0,57.0,35.0,59.0,0.0
2023-12-16 12:10:00+00:00,0.0,22.0,465.0,22.4,0.0,57.0,35.0,59.0,0.0
2023-12-16 12:15:00+00:00,0.0,22.0,462.0,22.4,0.0,57.0,35.0,59.0,0.0
2023-12-16 12:20:00+00:00,0.0,22.0,458.0,22.4,0.0,56.0,35.0,59.0,0.0
2023-12-16 12:25:00+00:00,0.0,22.0,446.0,22.4,0.0,57.0,35.0,59.0,0.0
2023-12-16 12:30:00+00:00,0.0,22.0,447.0,22.4,0.0,58.0,35.0,59.0,0.0
2023-12-16 12:35:00+00:00,0.0,22.0,447.0,22.4,0.0,59.0,35.0,59.0,0.0
2023-12-16 12:40:00+00:00,0.0,22.0,461.0,22.4,0.0,56.0,35.0,59.0,0.0
2023-12-16 12:45:00+00:00,0.0,22.0,452.0,22.3,0.0,55.0,35.0,59.0,0.0
2023-12-16 12:50:00+00:00,0.0,22.0,458.0,22.4,0.0,54.0,35.0,59.0,0.0
2023-12-16 12:55:00+00:00,0.0,22.0,454.0,22.4,0.0,50.0,35.0,59.0,0.0
2023-12-16 13:00:00+00:00,0.0,22.0,438.0,22.4,0.0,47.0,35.0,59.0,0.0
2023-12-16 13:05:00+00:00,0.0,22.0,454.0,22.3,0.0,46.0,35.0,59.0,0.0
2023-12-16 13:10:00+00:00,0.0,22.0,445.0,22.4,0.0,45.0,35.0,59.0,0.0
2023-12-16 13:15:00+00:00,0.0,22.0,460.0,22.4,0.0,43.0,35.0,59.0,0.0
2023-12-16 13:20:00+00:00,0.0,22.0,454.0,22.4,0.0,41.0,35.0,59.0,0.0
2023-12-16 13:25:00+00:00,0.0,22.0,448.0,22.4,0.0,40.0,35.0,59.0,0.0
2023-12-16 13:30:00+00:00,0.0,22.0,460.0,22.4,0.0,37.0,35.0,59.0,0.0
2023-12-16 13:35:00+00:00,0.0,22.0,434.0,22.3,0.0,36.0,35.0,59.0,0.0
2023-12-16 13:40:00+00:00,0.0,22.0,452.0,22.3,0.0,34.0,35.0,59.0,0.0
2023-12-16 13:45:00+00:00,0.0,22.0,441.0,22.4,0.0,31.0,35.0,59.0,0.0
2023-12-16 13:50:00+00:00,0.0,22.0,440.0,22.3,0.0,28.0,35.0,59.0,0.0
2023-12-16 13:55:00+00:00,0.0,22.0,436.0,22.3,0.0,27.0,35.0,59.0,0.0
2023-12-16 14:00:00+00:00,0.0,22.0,450.0,22.4,0.0,26.0,35.0,59.0,0.0
2023-12-16 14:05:00+00:00,0.0,22.0,464.0,22.3,0.0,25.0,35.0,59.0,0.0
2023-12-16 14:10:00+00:00,0.0,22.0,433.0,22.3,0.0,23.0,35.0,59.0,0.0
2023-12-16 14:15:00+00:00,0.0,22.0,428.0,22.3,0.0,22.0,35.0,59.0,0.0
2023-12-16 14:20:00+00:00,0.0,22.0,435.0,22.3,0.0,21.0,35.0,59.0,0.0
2023-12-16 14:25:00+00:00,0.0,22.0,423.0,22.3,0.0,20.0,35.0,59.0,0.0
2023-12-16 14:30:00+00:00,0.0,22.0,443.0,22.3,0.0,18.0,35.0,59.0,0.0
2023-12-16 14:35:00+00:00,0.0,22.0,446.0,22.3,0.0,18.0,35.0,59.0,0.0
2023-12-16 14:40:00+00:00,0.0,22.0,427.0,22.3,0.0,17.0,35.0,59.0,0.0
2023-12-16 14:45:00+00:00,0.0,22.0,439.0,22.3,0.0,15.0,35.0,59.0,0.0
2023-12-16 14:50:00+00:00,0.0,22.0,441.0,22.3,0.0,12.0,35.0,59.0,0.0
2023-12-16 14:55:00+00:00,0.0,22.0,439.0,22.3,0.0,11.0,35.0,59.0,0.0
2023-12-16 15:00:00+00:00,0.0,22.0,442.0,22.3,0.0,9.0,35.0,59.0,0.0
2023-12-16 15:05:00+00:00,0.0,22.0,452.0,22.3,0.0,8.0,35.0,59.0,0.0
2023-12-16 15:10:00+00:00,0.0,22.0,425.0,22.3,0.0,6.0,35.0,59.0,0.0
2023-12-16 15:15:00+00:00,0.0,22.0,443.0,22.3,0.0,5.0,35.0,59.0,0.0
2023-12-16 15:20:00+00:00,0.0,22.0,433.0,22.3,0.0,4.0,35.0,59.0,0.0
2023-12-16 15:25:00+00:00,0.0,22.0,449.0,22.3,0.0,3.0,35.0,59.0,0.0
2023-12-16 15:30:00+00:00,0.0,22.0,436.0,22.3,0.0,4.0,35.0,59.0,0.0
2023-12-16 15:35:00+00:00,0.0,22.0,445.0,22.3,0.0,3.0,35.0,59.0,0.0
2023-12-16 15:40:00+00:00,0.0,22.0,444.0,22.3,0.0,3.0,35.0,59.0,0.0
2023-12-16 15:45:00+00:00,0.0,22.0,455.0,22.3,0.0,3.0,35.0,59.0,0.0
2023-12-16 15:50:00+00:00,0.0,22.0,440.0,22.3,0.0,3.0,35.0,59.0,0.0
2023-12-16 15:55:00+00:00,0.0,22.0,436.0,22.3,0.0,3.0,35.0,59.0,0.0
2023-12-16 16:00:00+00:00,0.0,22.0,443.0,22.3,0.0,3.0,35.0,59.0,0.0
2023-12-16 16:05:00+00:00,0.0,22.0,456.0,22.3,0.0,3.0,36.0,59.0,0.0
2023-12-16 16:10:00+00:00,0.0,22.0,450.0,22.3,0.0,3.0,35.0,59.0,0.0
2023-12-16 16:15:00+00:00,0.0,22.0,438.0,22.3,0.0,3.0,35.0,59.0,0.0
2023-12-16 16:20:00+00:00,0.0,22.0,460.0,22.3,0.0,3.0,35.0,59.0,0.0
2023-12-16 16:25:00+00:00,0.0,22.0,449.0,22.3,0.0,3.0,35.0,59.0,0.0
2023-12-16 16:30:00+00:00,0.0,22.0,455.0,22.3,0.0,3.0,35.0,59.0,0.0
2023-12-16 16:35:00+00:00,0.0,22.0,453.0,22.3,0.0,3.0,35.0,59.0,0.0
2023-12-16 16:40:00+00:00,0.0,22.0,476.0,22.2,0.0,3.0,35.0,59.0,0.0
2023-12-16 16:45:00+00:00,0.0,22.0,454.0,22.2,0.0,3.0,35.0,59.0,0.0
2023-12-16 16:50:00+00:00,0.0,22.0,462.0,22.2,0.0,3.0,35.0,59.0,0.0
2023-12-16 16:55:00+00:00,0.0,22.0,462.0,22.2,0.0,3.0,35.0,59.0,0.0
2023-12-16 17:00:00+00:00,0.0,22.0,458.0,22.2,0.0,3.0,35.0,59.0,0.0
2023-12-16 17:05:00+00:00,0.0,22.0,454.0,22.2,0.0,3.0,36.0,59.0,0.0
2023-12-16 17:10:00+00:00,0.0,22.0,448.0,22.2,0.0,3.0,35.0,59.0,0.0
2023-12-16 17:15:00+00:00,0.0,22.0,467.0,22.2,0.0,3.0,35.0,59.0,0.0
2023-12-16 17:20:00+00:00,0.0,22.0,453.0,22.2,0.0,3.0,35.0,59.0,0.0
2023-12-16 17:25:00+00:00,0.0,22.0,467.0,22.2,0.0,3.0,35.0,59.0,0.0
2023-12-16 17:30:00+00:00,0.0,22.0,479.0,22.2,0.0,3.0,35.0,59.0,0.0
2023-12-16 17:35:00+00:00,0.0,22.0,440.0,22.2,0.0,3.0,36.0,59.0,0.0
2023-12-16 17:40:00+00:00,0.0,22.0,461.0,22.2,0.0,3.0,35.0,59.0,0.0
2023-12-16 17:45:00+00:00,0.0,22.0,457.0,22.2,0.0,3.0,35.0,59.0,0.0
2023-12-16 17:50:00+00:00,0.0,22.0,459.0,22.2,0.0,3.0,35.0,59.0,0.0
2023-12-16 17:55:00+00:00,0.0,22.0,460.0,22.2,0.0,3.0,35.0,59.0,0.0
2023-12-16 18:00:00+00:00,0.0,22.0,484.0,22.2,0.0,3.0,35.0,59.0,0.0
2023-12-16 18:05:00+00:00,0.0,22.0,474.0,22.2,0.0,3.0,35.0,59.0,0.0
2023-12-16 18:10:00+00:00,0.0,22.0,462.0,22.2,0.0,3.0,35.0,59.0,0.0
2023-12-16 18:15:00+00:00,0.0,22.0,476.0,22.2,0.0,3.0,35.0,59.0,0.0
2023-12-16 18:20:00+00:00,0.0,22.0,442.0,22.2,0.0,3.0,35.0,59.0,0.0
2023-12-16 18:25:00+00:00,0.0,22.0,471.0,22.2,0.0,3.0,35.0,59.0,0.0
2023-12-16 18:30:00+00:00,0.0,22.0,470.0,22.2,0.0,3.0,35.0,59.0,0.0
2023-12-16 18:35:00+00:00,0.0,22.0,463.0,22.2,0.0,3.0,35.0,59.0,0.0
2023-12-16 18:40:00+00:00,0.0,22.0,473.0,22.1,0.0,3.0,35.0,59.0,0.0
2023-12-16 18:45:00+00:00,0.0,22.0,470.0,22.1,0.0,3.0,35.0,59.0,0.0
2023-12-16 18:50:00+00:00,0.0,22.0,456.0,22.1,0.0,3.0,35.0,59.0,0.0
2023-12-16 18:55:00+00:00,0.0,22.0,474.0,22.1,0.0,3.0,35.0,59.0,0.0
2023-12-16 19:00:00+00:00,0.0,22.0,479.0,22.1,0.0,3.0,35.0,59.0,0.0
2023-12-16 19:05:00+00:00,0.0,22.0,469.0,22.1,0.0,3.0,36.0,59.0,0.0
2023-12-16 19:10:00+00:00,0.0,22.0,486.0,22.1,0.0,3.0,35.0,59.0,0.0
2023-12-16 19:15:00+00:00,0.0,22.0,472.0,22.1,0.0,3.0,35.0,59.0,0.0
2023-12-16 19:20:00+00:00,0.0,22.0,475.0,22.1,0.0,3.0,35.0,59.0,0.0
2023-12-16 19:25:00+00:00,0.0,22.0,484.0,22.1,0.0,3.0,35.0,59.0,0.0
2023-12-16 19:30:00+00:00,0.0,22.0,468.0,22.1,0.0,3.0,35.0,59.0,0.0
2023-12-16 19:35:00+00:00,0.0,22.0,465.0,22.1,0.0,3.0,35.0,59.0,0.0
2023-12-16 19:40:00+00:00,0.0,22.0,469.0,22.1,0.0,3.0,35.0,59.0,0.0
2023-12-16 19:45:00+00:00,0.0,22.0,467.0,22.1,0.0,3.0,35.0,59.0,0.0
2023-12-16 19:50:00+00:00,0.0,22.0,472.0,22.1,0.0,3.0,35.0,59.0,0.0
2023-12-16 19:55:00+00:00,0.0,22.0,461.0,22.1,0.0,3.0,35.0,59.0,0.0
2023-12-16 20:00:00+00:00,0.0,22.0,471.0,22.1,0.0,3.0,35.0,59.0,0.0
2023-12-16 20:05:00+00:00,0.0,22.0,486.0,22.1,0.0,3.0,35.0,59.0,0.0
2023-12-16 20:10:00+00:00,0.0,22.0,478.0,22.1,0.0,3.0,35.0,59.0,0.0
2023-12-16 20:15:00+00:00,0.0,22.0,475.0,22.1,0.0,3.0,35.0,59.0,0.0
2023-12-16 20:20:00+00:00,0.0,22.0,482.0,22.1,0.0,3.0,35.0,59.0,0.0
2023-12-16 20:25:00+00:00,0.0,22.0,471.0,22.1,0.0,3.0,35.0,59.0,0.0
2023-12-16 20:30:00+00:00,0.0,22.0,481.0,22.0,0.0,3.0,35.0,59.0,0.0
2023-12-16 20:35:00+00:00,0.0,22.0,489.0,22.1,0.0,3.0,35.0,59.0,0.0
2023-12-16 20:40:00+00:00,0.0,22.0,478.0,22.1,0.0,3.0,35.0,59.0,0.0
2023-12-16 20:45:00+00:00,0.0,22.0,498.0,22.0,0.0,3.0,35.0,59.0,0.0
2023-12-16 20:50:00+00:00,0.0,21.0,474.0,22.0,0.0,3.0,35.0,59.0,0.0
2023-12-16 20:55:00+00:00,0.0,21.0,485.0,22.0,0.0,3.0,35.0,59.0,0.0
2023-12-16 21:00:00+00:00,0.0,21.0,472.0,22.0,0.0,3.0,35.0,59.0,0.0
2023-12-16 21:05:00+00:00,0.0,21.0,468.0,22.0,0.0,3.0,35.0,59.0,0.0
2023-12-16 21:10:00+00:00,0.0,21.0,463.0,22.0,0.0,3.0,35.0,59.0,0.0
2023-12-16 21:15:00+00:00,0.0,21.0,474.0,22.0,0.0,3.0,35.0,59.0,0.0
2023-12-16 21:20:00+00:00,0.0,21.0,449.0,22.0,0.0,3.0,35.0,59.0,0.0
2023-12-16 21:25:00+00:00,0.0,21.0,462.0,22.0,0.0,3.0,35.0,59.0,0.0
2023-12-16 21:30:00+00:00,0.0,21.0,464.0,22.0,0.0,3.0,35.0,59.0,0.0
2023-12-16 21:35:00+00:00,0.0,21.0,456.0,22.0,0.0,3.0,35.0,59.0,0.0
2023-12-16 21:40:00+00:00,0.0,21.0,480.0,22.0,0.0,3.0,35.0,59.0,0.0
2023-12-16 21:45:00+00:00,0.0,21.0,459.0,22.0,0.0,3.0,35.0,59.0,0.0
2023-12-16 21:50:00+00:00,0.0,21.0,475.0,22.0,0.0,3.0,35.0,59.0,0.0
2023-12-16 21:55:00+00:00,0.0,21.0,468.0,22.0,0.0,3.0,35.0,59.0,0.0
2023-12-16 22:00:00+00:00,0.0,21.0,477.0,22.0,0.0,3.0,35.0,59.0,0.0
2023-12-16 22:05:00+00:00,0.0,21.0,450.0,22.0,0.0,3.0,35.0,59.0,0.0
2023-12-16 22:10:00+00:00,0.0,21.0,463.0,22.0,0.0,3.0,35.0,59.0,0.0
2023-12-16 22:15:00+00:00,0.0,21.0,464.0,22.0,0.0,3.0,35.0,59.0,0.0
2023-12-16 22:20:00+00:00,0.0,21.0,471.0,22.0,0.0,3.0,35.0,59.0,0.0
2023-12-16 22:25:00+00:00,0.0,21.0,482.0,22.0,0.0,3.0,35.0,59.0,0.0
2023-12-16 22:30:00+00:00,0.0,21.0,457.0,21.9,0.0,3.0,35.0,59.0,0.0
2023-12-16 22:35:00+00:00,0.0,21.0,475.0,22.0,0.0,3.0,35.0,59.0,0.0
2023-12-16 22:40:00+00:00,0.0,21.0,451.0,21.9,0.0,3.0,35.0,59.0,0.0
2023-12-16 22:45:00+00:00,0.0,21.0,455.0,21.9,0.0,3.0,35.0,59.0,0.0
2023-12-16 22:50:00+00:00,0.0,21.0,458.0,21.9,0.0,3.0,35.0,59.0,0.0
2023-12-16 22:55:00+00:00,0.0,21.0,477.0,21.9,0.0,3.0,35.0,59.0,0.0
2023-12-16 23:00:00+00:00,0.0,21.0,459.0,21.9,0.0,3.0,35.0,59.0,0.0
2023-12-16 23:05:00+00:00,0.0,21.0,454.0,21.9,0.0,3.0,35.0,59.0,0.0
2023-12-16 23:10:00+00:00,0.0,21.0,458.0,21.9,0.0,3.0,35.0,59.0,0.0
2023-12-16 23:15:00+00:00,0.0,21.0,465.0,21.9,0.0,3.0,35.0,59.0,0.0
2023-12-16 23:20:00+00:00,0.0,21.0,457.0,21.9,0.0,3.0,35.0,59.0,0.0
2023-12-16 23:25:00+00:00,0.0,21.0,458.0,21.9,0.0,3.0,35.0,59.0,0.0
2023-12-16 23:30:00+00:00,0.0,21.0,473.0,21.9,0.0,3.0,35.0,59.0,0.0
2023-12-16 23:35:00+00:00,0.0,21.0,466.0,21.9,0.0,3.0,35.0,59.0,0.0
2023-12-16 23:40:00+00:00,0.0,21.0,453.0,21.9,0.0,3.0,35.0,59.0,0.0
2023-12-16 23:45:00+00:00,0.0,21.0,456.0,21.9,0.0,3.0,35.0,59.0,0.0
2023-12-16 23:50:00+00:00,0.0,21.0,464.0,21.9,0.0,3.0,35.0,59.0,0.0
2023-12-16 23:55:00+00:00,0.0,21.0,464.0,21.9,0.0,3.0,35.0,59.0,0.0
2023-12-17 00:00:00+00:00,0.0,21.0,453.0,21.9,0.0,3.0,35.0,59.0,0.0
2023-12-17 00:05:00+00:00,0.0,21.0,464.0,21.9,0.0,3.0,35.0,59.0,0.0
2023-12-17 00:10:00+00:00,0.0,21.0,441.0,21.9,0.0,3.0,35.0,59.0,0.0
2023-12-17 00:15:00+00:00,0.0,21.0,459.0,21.9,0.0,3.0,35.0,59.0,0.0
2023-12-17 00:20:00+00:00,0.0,21.0,460.0,21.9,0.0,3.0,35.0,59.0,0.0
2023-12-17 00:25:00+00:00,0.0,21.0,448.0,21.9,0.0,3.0,35.0,59.0,0.0
2023-12-17 00:30:00+00:00,0.0,21.0,460.0,21.9,0.0,3.0,35.0,59.0,0.0
2023-12-17 00:35:00+00:00,0.0,21.0,445.0,21.9,0.0,3.0,35.0,59.0,0.0
2023-12-17 00:40:00+00:00,0.0,21.0,450.0,21.9,0.0,3.0,35.0,59.0,0.0
2023-12-17 00:45:00+00:00,0.0,21.0,452.0,21.9,0.0,3.0,35.0,59.0,0.0
2023-12-17 00:50:00+00:00,0.0,21.0,440.0,21.9,0.0,3.0,35.0,59.0,0.0
2023-12-17 00:55:00+00:00,0.0,21.0,452.0,21.9,0.0,3.0,35.0,59.0,0.0
2023-12-17 01:00:00+00:00,0.0,21.0,458.0,21.8,0.0,3.0,35.0,59.0,0.0
2023-12-17 01:05:00+00:00,0.0,21.0,460.0,21.8,0.0,3.0,35.0,59.0,0.0
2023-12-17 01:10:00+00:00,0.0,21.0,461.0,21.8,0.0,3.0,35.0,59.0,0.0
2023-12-17 01:15:00+00:00,0.0,21.0,445.0,21.8,0.0,3.0,35.0,59.0,0.0
2023-12-17 01:20:00+00:00,0.0,21.0,463.0,21.8,0.0,3.0,35.0,59.0,0.0
2023-12-17 01:25:00+00:00,0.0,21.0,445.0,21.8,0.0,3.0,35.0,59.0,0.0
2023-12-17 01:30:00+00:00,0.0,21.0,465.0,21.9,0.0,3.0,35.0,59.0,0.0
2023-12-17 01:35:00+00:00,0.0,21.0,471.0,21.8,0.0,3.0,35.0,59.0,0.0
2023-12-17 01:40:00+00:00,0.0,21.0,466.0,21.8,0.0,3.0,35.0,59.0,0.0
2023-12-17 01:45:00+00:00,0.0,21.0,450.0,21.8,0.0,3.0,35.0,59.0,0.0
2023-12-17 01:50:00+00:00,0.0,21.0,457.0,21.8,0.0,3.0,35.0,59.0,0.0
2023-12-17 01:55:00+00:00,0.0,21.0,478.0,21.8,0.0,3.0,35.0,59.0,0.0
2023-12-17 02:00:00+00:00,0.0,21.0,460.0,21.8,0.0,3.0,35.0,59.0,0.0
2023-12-17 02:05:00+00:00,0.0,21.0,467.0,21.8,0.0,3.0,35.0,59.0,0.0
2023-12-17 02:10:00+00:00,0.0,21.0,462.0,21.8,0.0,3.0,35.0,59.0,0.0
2023-12-17 02:15:00+00:00,0.0,21.0,455.0,21.8,0.0,3.0,35.0,59.0,0.0
2023-12-17 02:20:00+00:00,0.0,21.0,468.0,21.8,0.0,3.0,35.0,59.0,0.0
2023-12-17 02:25:00+00:00,0.0,21.0,448.0,21.8,0.0,3.0,35.0,59.0,0.0
2023-12-17 02:30:00+00:00,0.0,21.0,450.0,21.8,0.0,3.0,35.0,59.0,0.0
2023-12-17 02:35:00+00:00,0.0,21.0,462.0,21.8,0.0,3.0,35.0,59.0,0.0
2023-12-17 02:40:00+00:00,0.0,21.0,465.0,21.8,0.0,3.0,35.0,59.0,0.0
2023-12-17 02:45:00+00:00,0.0,21.0,454.0,21.8,0.0,3.0,35.0,59.0,0.0
2023-12-17 02:50:00+00:00,0.0,21.0,444.0,21.8,0.0,3.0,35.0,59.0,0.0
2023-12-17 02:55:00+00:00,0.0,21.0,470.0,21.8,0.0,3.0,35.0,59.0,0.0
2023-12-17 03:00:00+00:00,0.0,21.0,453.0,21.8,0.0,3.0,35.0,59.0,0.0
2023-12-17 03:05:00+00:00,0.0,21.0,451.0,21.8,0.0,3.0,35.0,59.0,0.0
2023-12-17 03:10:00+00:00,0.0,21.0,464.0,21.8,0.0,3.0,35.0,59.0,0.0
2023-12-17 03:15:00+00:00,0.0,21.0,448.0,21.9,0.0,3.0,35.0,59.0,0.0
2023-12-17 03:20:00+00:00,0.0,21.0,458.0,21.9,0.0,3.0,35.0,59.0,0.0
2023-12-17 03:25:00+00:00,0.0,21.0,464.0,21.9,0.0,3.0,35.0,59.0,0.0
2023-12-17 03:30:00+00:00,0.0,21.0,457.0,21.9,0.0,3.0,35.0,59.0,0.0
2023-12-17 03:35:00+00:00,0.0,21.0,468.0,21.9,0.0,3.0,35.0,59.0,0.0
2023-12-17 03:40:00+00:00,0.0,21.0,450.0,21.9,0.0,3.0,35.0,59.0,0.0
2023-12-17 03:45:00+00:00,0.0,21.0,460.0,22.0,0.0,3.0,35.0,59.0,0.0
2023-12-17 03:50:00+00:00,0.0,21.0,463.0,22.0,0.0,3.0,35.0,59.0,0.0
2023-12-17 03:55:00+00:00,0.0,21.0,461.0,22.0,0.0,3.0,35.0,59.0,0.0
2023-12-17 04:00:00+00:00,0.0,21.0,464.0,22.0,0.0,3.0,35.0,59.0,0.0
2023-12-17 04:05:00+00:00,0.0,21.0,455.0,22.0,0.0,3.0,35.0,59.0,0.0
2023-12-17 04:10:00+00:00,0.0,21.0,475.0,22.1,0.0,3.0,35.0,59.0,0.0
2023-12-17 04:15:00+00:00,0.0,21.0,480.0,22.1,0.0,3.0,35.0,59.0,0.0
2023-12-17 04:20:00+00:00,0.0,21.0,459.0,22.1,0.0,3.0,35.0,59.0,0.0
2023-12-17 04:25:00+00:00,0.0,21.0,462.0,22.1,0.0,3.0,35.0,59.0,0.0
2023-12-17 04:30:00+00:00,0.0,21.0,462.0,22.1,0.0,3.0,34.0,59.0,0.0
2023-12-17 04:35:00+00:00,0.0,21.0,456.0,22.1,0.0,3.0,35.0,59.0,0.0
2023-12-17 04:40:00+00:00,0.0,21.0,464.0,22.2,0.0,3.0,35.0,59.0,0.0
2023-12-17 04:45:00+00:00,0.0,21.0,462.0,22.1,0.0,3.0,34.0,59.0,0.0
2023-12-17 04:50:00+00:00,0.0,21.0,464.0,22.1,0.0,3.0,35.0,59.0,0.0
2023-12-17 04:55:00+00:00,0.0,21.0,475.0,22.2,0.0,3.0,34.0,59.0,0.0
2023-12-17 05:00:00+00:00,0.0,21.0,474.0,22.2,0.0,3.0,35.0,59.0,0.0
2023-12-17 05:05:00+00:00,0.0,21.0,465.0,22.2,0.0,3.0,35.0,59.0,0.0
2023-12-17 05:10:00+00:00,0.0,20.0,466.0,22.2,0.0,3.0,35.0,59.0,0.0
2023-12-17 05:15:00+00:00,0.0,20.0,470.0,22.2,0.0,3.0,35.0,59.0,0.0
2023-12-17 05:20:00+00:00,0.0,20.0,473.0,22.2,0.0,3.0,35.0,59.0,0.0
2023-12-17 05:25:00+00:00,0.0,20.0,472.0,22.2,0.0,3.0,35.0,59.0,0.0
2023-12-17 05:30:00+00:00,0.0,20.0,482.0,22.2,0.0,3.0,35.0,59.0,0.0
2023-12-17 05:35:00+00:00,0.0,20.0,476.0,22.2,0.0,3.0,35.0,59.0,0.0
2023-12-17 05:40:00+00:00,0.0,20.0,457.0,22.2,0.0,3.0,35.0,59.0,0.0
2023-12-17 05:45:00+00:00,0.0,20.0,466.0,22.2,0.0,3.0,34.0,59.0,0.0
2023-12-17 05:50:00+00:00,0.0,20.0,461.0,22.2,0.0,3.0,35.0,59.0,0.0
2023-12-17 05:55:00+00:00,0.0,20.0,470.0,22.2,0.0,3.0,35.0,59.0,0.0
2023-12-17 06:00:00+00:00,0.0,20.0,468.0,22.2,0.0,3.0,35.0,59.0,0.0
2023-12-17 06:05:00+00:00,0.0,20.0,474.0,22.2,0.0,3.0,34.0,59.0,0.0
2023-12-17 06:10:00+00:00,0.0,20.0,464.0,22.2,0.0,3.0,35.0,59.0,0.0
2023-12-17 06:15:00+00:00,0.0,20.0,464.0,22.2,0.0,3.0,35.0,59.0,0.0
2023-12-17 06:20:00+00:00,0.0,20.0,482.0,22.1,0.0,3.0,35.0,59.0,0.0
2023-12-17 06:25:00+00:00,0.0,20.0,477.0,22.2,0.0,3.0,35.0,59.0,0.0
2023-12-17 06:30:00+00:00,0.0,20.0,478.0,22.2,0.0,4.0,35.0,59.0,0.0
2023-12-17 06:35:00+00:00,0.0,20.0,458.0,22.2,0.0,4.0,35.0,59.0,0.0
2023-12-17 06:40:00+00:00,0.0,20.0,475.0,22.2,0.0,5.0,35.0,59.0,0.0
2023-12-17 06:45:00+00:00,0.0,20.0,475.0,22.1,0.0,7.0,35.0,59.0,0.0
2023-12-17 06:50:00+00:00,0.0,20.0,467.0,22.2,0.0,8.0,35.0,59.0,0.0
2023-12-17 06:55:00+00:00,0.0,20.0,471.0,22.2,0.0,9.0,35.0,59.0,0.0
2023-12-17 07:00:00+00:00,0.0,20.0,476.0,22.1,0.0,10.0,35.0,59.0,0.0
2023-12-17 07:05:00+00:00,0.0,20.0,467.0,22.1,0.0,12.0,35.0,59.0,0.0
2023-12-17 07:10:00+00:00,0.0,20.0,467.0,22.1,0.0,15.0,35.0,59.0,0.0
2023-12-17 07:15:00+00:00,0.0,20.0,469.0,22.1,0.0,18.0,35.0,59.0,0.0
2023-12-17 07:20:00+00:00,0.0,20.0,467.0,22.1,0.0,19.0,35.0,59.0,0.0
2023-12-17 07:25:00+00:00,0.0,20.0,475.0,22.1,0.0,24.0,35.0,59.0,0.0
2023-12-17 07:30:00+00:00,0.0,20.0,479.0,22.1,0.0,27.0,35.0,59.0,0.0
2023-12-17 07:35:00+00:00,0.0,20.0,466.0,22.1,0.0,29.0,35.0,59.0,0.0
2023-12-17 07:40:00+00:00,0.0,20.0,470.0,22.1,0.0,32.0,35.0,59.0,0.0
2023-12-17 07:45:00+00:00,0.0,20.0,461.0,22.1,0.0,34.0,35.0,59.0,0.0
2023-12-17 07:50:00+00:00,0.0,20.0,477.0,22.1,0.0,38.0,35.0,59.0,0.0
2023-12-17 07:55:00+00:00,0.0,20.0,463.0,22.1,0.0,40.0,35.0,59.0,0.0
2023-12-17 08:00:00+00:00,0.0,20.0,478.0,22.1,0.0,39.0,35.0,59.0,0.0
2023-12-17 08:05:00+00:00,0.0,20.0,473.0,22.1,0.0,38.0,35.0,59.0,0.0
2023-12-17 08:10:00+00:00,0.0,20.0,464.0,22.1,0.0,36.0,35.0,59.0,0.0
2023-12-17 08:15:00+00:00,0.0,20.0,464.0,22.1,0.0,37.0,35.0,59.0,0.0
2023-12-17 08:20:00+00:00,0.0,20.0,481.0,22.1,0.0,36.0,35.0,59.0,0.0
2023-12-17 08:25:00+00:00,0.0,20.0,463.0,22.1,0.0,37.0,35.0,59.0,0.0
2023-12-17 08:30:00+00:00,0.0,20.0,485.0,22.1,0.0,38.0,35.0,59.0,0.0
2023-12-17 08:35:00+00:00,0.0,20.0,470.0,22.1,0.0,37.0,35.0,59.0,0.0
2023-12-17 08:40:00+00:00,0.0,20.0,478.0,22.1,0.0,40.0,35.0,59.0,0.0
2023-12-17 08:45:00+00:00,0.0,20.0,479.0,22.1,0.0,41.0,35.0,59.0,0.0
2023-12-17 08:50:00+00:00,0.0,20.0,478.0,22.1,0.0,43.0,35.0,59.0,0.0
2023-12-17 08:55:00+00:00,0.0,20.0,477.0,22.1,0.0,45.0,35.0,59.0,0.0
2023-12-17 09:00:00+00:00,0.0,20.0,483.0,22.1,0.0,45.0,35.0,59.0,0.0
2023-12-17 09:05:00+00:00,0.0,20.0,488.0,22.1,0.0,48.0,35.0,59.0,0.0
2023-12-17 09:10:00+00:00,0.0,20.0,484.0,22.1,0.0,50.0,35.0,59.0,0.0
2023-12-17 09:15:00+00:00,0.0,20.0,483.0,22.1,0.0,52.0,35.0,59.0,0.0
2023-12-17 09:20:00+00:00,0.0,20.0,492.0,22.1,0.0,54.0,35.0,59.0,0.0
2023-12-17 09:25:00+00:00,0.0,20.0,479.0,22.1,0.0,56.0,35.0,59.0,0.0
2023-12-17 09:30:00+00:00,0.0,20.0,476.0,22.1,0.0,56.0,35.0,59.0,0.0
2023-12-17 09:35:00+00:00,0.0,20.0,489.0,22.1,0.0,56.0,35.0,59.0,0.0
2023-12-17 09:40:00+00:00,0.0,20.0,477.0,22.1,0.0,58.0,35.0,59.0,0.0
2023-12-17 09:45:00+00:00,0.0,20.0,493.0,22.1,0.0,61.0,35.0,59.0,0.0
2023-12-17 09:50:00+00:00,0.0,20.0,493.0,22.1,0.0,61.0,35.0,59.0,0.0
2023-12-17 09:55:00+00:00,0.0,20.0,494.0,22.1,0.0,60.0,35.0,59.0,0.0
2023-12-17 10:00:00+00:00,0.0,20.0,486.0,22.1,0.0,61.0,35.0,59.0,0.0
2023-12-17 10:05:00+00:00,0.0,20.0,484.0,22.1,0.0,61.0,35.0,59.0,0.0
2023-12-17 10:10:00+00:00,0.0,20.0,485.0,22.1,0.0,60.0,35.0,59.0,0.0
2023-12-17 10:15:00+00:00,0.0,20.0,482.0,22.1,0.0,60.0,35.0,59.0,0.0
2023-12-17 10:20:00+00:00,0.0,20.0,492.0,22.1,0.0,61.0,35.0,59.0,0.0
2023-12-17 10:25:00+00:00,0.0,20.0,480.0,22.1,0.0,61.0,35.0,59.0,0.0
2023-12-17 10:30:00+00:00,0.0,20.0,503.0,22.1,0.0,56.0,35.0,59.0,0.0
2023-12-17 10:35:00+00:00,0.0,20.0,480.0,22.1,0.0,60.0,35.0,59.0,0.0
2023-12-17 10:40:00+00:00,0.0,20.0,482.0,22.1,0.0,60.0,35.0,59.0,0.0
2023-12-17 10:45:00+00:00,0.0,20.0,479.0,22.1,0.0,61.0,35.0,59.0,0.0
2023-12-17 10:50:00+00:00,0.0,20.0,489.0,22.1,0.0,62.0,35.0,59.0,0.0
2023-12-17 10:55:00+00:00,0.0,20.0,476.0,22.1,0.0,60.0,35.0,59.0,0.0
2023-12-17 11:00:00+00:00,0.0,20.0,470.0,22.1,0.0,55.0,35.0,59.0,0.0
2023-12-17 11:05:00+00:00,0.0,20.0,493.0,22.1,0.0,57.0,35.0,59.0,0.0
2023-12-17 11:10:00+00:00,0.0,20.0,473.0,22.1,0.0,67.0,35.0,59.0,0.0
2023-12-17 11:15:00+00:00,0.0,20.0,482.0,22.1,0.0,68.0,35.0,59.0,0.0
2023-12-17 11:20:00+00:00,0.0,20.0,479.0,22.1,0.0,61.0,35.0,59.0,0.0
2023-12-17 11:25:00+00:00,0.0,20.0,476.0,22.1,0.0,59.0,35.0,59.0,0.0
2023-12-17 11:30:00+00:00,0.0,20.0,489.0,22.1,0.0,62.0,35.0,59.0,0.0
2023-12-17 11:35:00+00:00,0.0,20.0,480.0,22.1,0.0,60.0,35.0,59.0,0.0
2023-12-17 11:40:00+00:00,0.0,21.0,478.0,22.1,0.0,62.0,35.0,59.0,0.0
2023-12-17 11:45:00+00:00,0.0,20.0,479.0,22.1,0.0,61.0,35.0,59.0,0.0
2023-12-17 11:50:00+00:00,0.0,20.0,479.0,22.1,0.0,59.0,35.0,59.0,0.0
2023-12-17 11:55:00+00:00,0.0,21.0,472.0,22.1,0.0,59.0,35.0,59.0,0.0
2023-12-17 12:00:00+00:00,0.0,21.0,465.0,22.1,0.0,57.0,35.0,59.0,0.0
2023-12-17 12:05:00+00:00,0.0,21.0,471.0,22.1,0.0,58.0,35.0,59.0,0.0
2023-12-17 12:10:00+00:00,0.0,21.0,482.0,22.1,0.0,58.0,35.0,59.0,0.0
2023-12-17 12:15:00+00:00,0.0,21.0,456.0,22.1,0.0,58.0,35.0,59.0,0.0
2023-12-17 12:20:00+00:00,0.0,21.0,478.0,22.1,0.0,59.0,35.0,59.0,0.0
2023-12-17 12:25:00+00:00,0.0,21.0,489.0,22.1,0.0,57.0,35.0,59.0,0.0
2023-12-17 12:30:00+00:00,0.0,21.0,479.0,22.1,0.0,58.0,35.0,59.0,0.0
2023-12-17 12:35:00+00:00,0.0,21.0,476.0,22.1,0.0,58.0,35.0,59.0,0.0
2023-12-17 12:40:00+00:00,0.0,21.0,467.0,22.1,0.0,57.0,35.0,59.0,0.0
2023-12-17 12:45:00+00:00,0.0,21.0,459.0,22.1,0.0,56.0,35.0,59.0,0.0
2023-12-17 12:50:00+00:00,0.0,21.0,465.0,22.1,0.0,54.0,35.0,59.0,0.0
2023-12-17 12:55:00+00:00,0.0,21.0,467.0,22.1,0.0,51.0,35.0,59.0,0.0
2023-12-17 13:00:00+00:00,0.0,21.0,463.0,22.1,0.0,48.0,35.0,59.0,0.0
2023-12-17 13:05:00+00:00,0.0,21.0,458.0,22.1,0.0,46.0,35.0,59.0,0.0
2023-12-17 13:10:00+00:00,0.0,21.0,455.0,22.1,0.0,45.0,35.0,59.0,0.0
2023-12-17 13:15:00+00:00,0.0,21.0,462.0,22.1,0.0,45.0,35.0,59.0,0.0
2023-12-17 13:20:00+00:00,0.0,21.0,473.0,22.1,0.0,43.0,35.0,59.0,0.0
2023-12-17 13:25:00+00:00,0.0,21.0,457.0,22.1,0.0,42.0,35.0,59.0,0.0
2023-12-17 13:30:00+00:00,0.0,21.0,459.0,22.1,0.0,40.0,35.0,59.0,0.0
2023-12-17 13:35:00+00:00,0.0,21.0,478.0,22.1,0.0,38.0,35.0,59.0,0.0
2023-12-17 13:40:00+00:00,0.0,21.0,456.0,22.1,0.0,36.0,35.0,59.0,0.0
2023-12-17 13:45:00+00:00,0.0,21.0,451.0,22.1,0.0,35.0,35.0,59.0,0.0
2023-12-17 13:50:00+00:00,0.0,21.0,442.0,22.1,0.0,33.0,36.0,59.0,0.0
2023-12-17 13:55:00+00:00,0.0,21.0,459.0,22.1,0.0,31.0,35.0,59.0,0.0
2023-12-17 14:00:00+00:00,0.0,21.0,452.0,22.1,0.0,30.0,35.0,59.0,0.0
2023-12-17 14:05:00+00:00,0.0,21.0,451.0,22.1,0.0,29.0,35.0,59.0,0.0
2023-12-17 14:10:00+00:00,0.0,21.0,442.0,22.1,0.0,28.0,35.0,59.0,0.0
2023-12-17 14:15:00+00:00,0.0,21.0,460.0,22.1,0.0,27.0,35.0,59.0,0.0
2023-12-17 14:20:00+00:00,0.0,21.0,456.0,22.1,0.0,28.0,35.0,59.0,0.0
2023-12-17 14:25:00+00:00,0.0,21.0,441.0,22.1,0.0,27.0,36.0,59.0,0.0
2023-12-17 14:30:00+00:00,0.0,21.0,453.0,22.1,0.0,27.0,35.0,59.0,0.0
2023-12-17 14:35:00+00:00,0.0,21.0,448.0,22.1,0.0,25.0,35.0,59.0,0.0
2023-12-17 14:40:00+00:00,1.0,21.0,430.0,22.1,0.0,22.0,36.0,65.0,0.0
2023-12-17 14:45:00+00:00,0.0,21.0,452.0,22.1,7.0,18.0,36.0,65.0,0.0
2023-12-17 14:50:00+00:00,0.0,21.0,481.0,22.1,7.0,16.0,41.0,68.0,0.0
2023-12-17 14:55:00+00:00,0.0,22.0,490.0,22.1,1.0,13.0,37.0,59.0,0.0
2023-12-17 15:00:00+00:00,0.0,22.0,502.0,22.1,0.0,9.0,37.0,59.0,0.0
2023-12-17 15:05:00+00:00,0.0,22.0,513.0,22.2,0.0,9.0,38.0,59.0,0.0
2023-12-17 15:10:00+00:00,0.0,22.0,527.0,22.2,2.0,220.0,37.0,59.0,0.0
2023-12-17 15:15:00+00:00,0.0,22.0,550.0,22.2,1.0,218.0,36.0,59.0,0.0
2023-12-17 15:20:00+00:00,0.0,22.0,555.0,22.2,2.0,216.0,37.0,61.0,0.0
2023-12-17 15:25:00+00:00,0.0,22.0,556.0,22.2,2.0,216.0,37.0,64.0,0.0
2023-12-17 15:30:00+00:00,0.0,22.0,567.0,22.3,4.0,215.0,38.0,76.0,0.0
2023-12-17 15:35:00+00:00,0.0,22.0,556.0,22.3,0.0,216.0,36.0,59.0,0.0
2023-12-17 15:40:00+00:00,0.0,22.0,565.0,22.3,0.0,214.0,36.0,59.0,0.0
2023-12-17 15:45:00+00:00,0.0,22.0,572.0,22.3,0.0,214.0,36.0,59.0,0.0
2023-12-17 15:50:00+00:00,0.0,22.0,586.0,22.3,3.0,214.0,37.0,66.0,0.0
2023-12-17 15:55:00+00:00,0.0,22.0,598.0,22.4,4.0,214.0,39.0,81.0,0.0
2023-12-17 16:00:00+00:00,0.0,22.0,586.0,22.4,1.0,214.0,37.0,59.0,0.0
2023-12-17 16:05:00+00:00,0.0,22.0,599.0,22.4,0.0,214.0,38.0,59.0,0.0
2023-12-17 16:10:00+00:00,0.0,22.0,621.0,22.4,2.0,213.0,37.0,59.0,0.0
2023-12-17 16:15:00+00:00,1.0,22.0,589.0,22.4,3.0,214.0,36.0,61.0,0.0
2023-12-17 16:20:00+00:00,0.0,22.0,600.0,22.4,5.0,214.0,37.0,59.0,0.0
2023-12-17 16:25:00+00:00,0.0,22.0,612.0,22.4,2.0,215.0,38.0,64.0,0.0
2023-12-17 16:30:00+00:00,0.0,22.0,626.0,22.5,2.0,214.0,36.0,59.0,0.0
2023-12-17 16:35:00+00:00,0.0,22.0,621.0,22.5,2.0,214.0,37.0,59.0,0.0
2023-12-17 16:40:00+00:00,0.0,22.0,615.0,22.5,6.0,214.0,37.0,61.0,0.0
2023-12-17 16:45:00+00:00,0.0,22.0,607.0,22.5,2.0,214.0,36.0,60.0,0.0
2023-12-17 16:50:00+00:00,0.0,22.0,604.0,22.5,6.0,214.0,36.0,59.0,0.0
2023-12-17 16:55:00+00:00,0.0,22.0,617.0,22.5,3.0,214.0,36.0,59.0,0.0
2023-12-17 17:00:00+00:00,0.0,22.0,631.0,22.5,2.0,213.0,36.0,61.0,0.0
2023-12-17 17:05:00+00:00,0.0,22.0,618.0,22.5,4.0,213.0,36.0,59.0,0.0
2023-12-17 17:10:00+00:00,0.0,22.0,625.0,22.5,5.0,214.0,36.0,59.0,0.0
2023-12-17 17:15:00+00:00,0.0,22.0,624.0,22.5,4.0,213.0,36.0,59.0,0.0
2023-12-17 17:20:00+00:00,1.0,22.0,611.0,22.5,4.0,213.0,36.0,59.0,0.0
2023-12-17 17:25:00+00:00,0.0,23.0,636.0,22.5,12.0,4.0,41.0,73.0,0.0
2023-12-17 17:30:00+00:00,0.0,22.0,623.0,22.5,0.0,4.0,35.0,59.0,0.0
2023-12-17 17:35:00+00:00,0.0,23.0,592.0,22.5,0.0,3.0,35.0,59.0,0.0
2023-12-17 17:40:00+00:00,0.0,23.0,581.0,22.5,0.0,3.0,35.0,59.0,0.0
2023-12-17 17:45:00+00:00,0.0,22.0,582.0,22.4,0.0,3.0,35.0,59.0,0.0
2023-12-17 17:50:00+00:00,0.0,22.0,568.0,22.4,0.0,3.0,35.0,59.0,0.0
2023-12-17 17:55:00+00:00,0.0,22.0,568.0,22.4,0.0,3.0,35.0,59.0,0.0
2023-12-17 18:00:00+00:00,0.0,22.0,562.0,22.4,0.0,3.0,35.0,59.0,0.0
2023-12-17 18:05:00+00:00,0.0,22.0,532.0,22.4,0.0,3.0,35.0,59.0,0.0
2023-12-17 18:10:00+00:00,0.0,22.0,547.0,22.4,0.0,3.0,35.0,59.0,0.0
2023-12-17 18:15:00+00:00,0.0,22.0,529.0,22.3,0.0,3.0,35.0,59.0,0.0
2023-12-17 18:20:00+00:00,0.0,22.0,524.0,22.3,0.0,3.0,35.0,59.0,0.0
2023-12-17 18:25:00+00:00,0.0,22.0,529.0,22.3,0.0,3.0,35.0,59.0,0.0
2023-12-17 18:30:00+00:00,0.0,22.0,513.0,22.3,0.0,3.0,35.0,59.0,0.0
2023-12-17 18:35:00+00:00,0.0,22.0,518.0,22.3,0.0,3.0,35.0,59.0,0.0
2023-12-17 18:40:00+00:00,0.0,22.0,519.0,22.3,0.0,3.0,35.0,59.0,0.0
2023-12-17 18:45:00+00:00,0.0,22.0,517.0,22.3,0.0,3.0,35.0,59.0,0.0
2023-12-17 18:50:00+00:00,0.0,22.0,498.0,22.2,0.0,3.0,35.0,59.0,0.0
2023-12-17 18:55:00+00:00,0.0,22.0,507.0,22.2,0.0,3.0,35.0,59.0,0.0
2023-12-17 19:00:00+00:00,0.0,22.0,491.0,22.2,0.0,3.0,35.0,59.0,0.0
2023-12-17 19:05:00+00:00,0.0,22.0,507.0,22.2,0.0,3.0,34.0,59.0,0.0
2023-12-17 19:10:00+00:00,0.0,22.0,507.0,22.2,0.0,3.0,35.0,59.0,0.0
2023-12-17 19:15:00+00:00,0.0,22.0,481.0,22.2,0.0,3.0,35.0,59.0,0.0
2023-12-17 19:20:00+00:00,0.0,22.0,505.0,22.2,0.0,3.0,35.0,59.0,0.0
2023-12-17 19:25:00+00:00,0.0,22.0,501.0,22.2,0.0,3.0,35.0,59.0,0.0
2023-12-17 19:30:00+00:00,0.0,22.0,501.0,22.2,0.0,3.0,35.0,59.0,0.0
2023-12-17 19:35:00+00:00,0.0,22.0,498.0,22.2,0.0,3.0,35.0,59.0,0.0
2023-12-17 19:40:00+00:00,0.0,22.0,489.0,22.1,0.0,3.0,34.0,59.0,0.0
2023-12-17 19:45:00+00:00,0.0,22.0,503.0,22.1,0.0,3.0,35.0,59.0,0.0
2023-12-17 19:50:00+00:00,0.0,22.0,486.0,22.1,0.0,3.0,35.0,59.0,0.0
2023-12-17 19:55:00+00:00,0.0,22.0,486.0,22.1,0.0,3.0,35.0,59.0,0.0
2023-12-17 20:00:00+00:00,0.0,22.0,497.0,22.1,0.0,3.0,35.0,59.0,0.0
2023-12-17 20:05:00+00:00,0.0,22.0,493.0,22.1,0.0,3.0,35.0,59.0,0.0
2023-12-17 20:10:00+00:00,0.0,22.0,480.0,22.1,0.0,3.0,35.0,59.0,0.0
2023-12-17 20:15:00+00:00,0.0,22.0,486.0,22.1,0.0,3.0,35.0,59.0,0.0
2023-12-17 20:20:00+00:00,0.0,22.0,475.0,22.1,0.0,3.0,35.0,59.0,0.0
2023-12-17 20:25:00+00:00,0.0,22.0,480.0,22.0,0.0,3.0,36.0,59.0,0.0
2023-12-17 20:30:00+00:00,0.0,22.0,475.0,22.0,0.0,3.0,35.0,59.0,0.0
2023-12-17 20:35:00+00:00,0.0,22.0,482.0,22.0,0.0,3.0,35.0,59.0,0.0
2023-12-17 20:40:00+00:00,0.0,22.0,472.0,22.0,0.0,3.0,35.0,59.0,0.0
2023-12-17 20:45:00+00:00,0.0,22.0,488.0,22.0,0.0,3.0,34.0,59.0,0.0
2023-12-17 20:50:00+00:00,0.0,22.0,489.0,22.0,0.0,3.0,35.0,59.0,0.0
2023-12-17 20:55:00+00:00,0.0,22.0,485.0,22.0,0.0,3.0,35.0,59.0,0.0
2023-12-17 21:00:00+00:00,0.0,22.0,491.0,22.0,0.0,3.0,35.0,59.0,0.0
2023-12-17 21:05:00+00:00,0.0,22.0,487.0,22.0,0.0,3.0,34.0,59.0,0.0
2023-12-17 21:10:00+00:00,0.0,22.0,457.0,22.0,0.0,3.0,35.0,59.0,0.0
2023-12-17 21:15:00+00:00,0.0,22.0,484.0,22.0,0.0,3.0,35.0,59.0,0.0
2023-12-17 21:20:00+00:00,0.0,22.0,477.0,22.0,0.0,3.0,34.0,59.0,0.0
2023-12-17 21:25:00+00:00,0.0,22.0,503.0,22.0,0.0,3.0,34.0,59.0,0.0
2023-12-17 21:30:00+00:00,0.0,22.0,503.0,22.0,0.0,3.0,35.0,59.0,0.0
2023-12-17 21:35:00+00:00,0.0,22.0,489.0,22.0,0.0,3.0,35.0,59.0,0.0
2023-12-17 21:40:00+00:00,0.0,22.0,500.0,21.9,0.0,3.0,35.0,59.0,0.0
2023-12-17 21:45:00+00:00,0.0,22.0,495.0,22.0,0.0,3.0,35.0,59.0,0.0
2023-12-17 21:50:00+00:00,0.0,22.0,494.0,22.0,0.0,3.0,34.0,59.0,0.0
2023-12-17 21:55:00+00:00,0.0,22.0,485.0,21.9,0.0,3.0,35.0,59.0,0.0
2023-12-17 22:00:00+00:00,0.0,22.0,485.0,21.9,0.0,3.0,35.0,59.0,0.0
2023-12-17 22:05:00+00:00,0.0,22.0,481.0,21.9,0.0,3.0,34.0,59.0,0.0
2023-12-17 22:10:00+00:00,0.0,22.0,477.0,21.9,0.0,3.0,34.0,59.0,0.0
2023-12-17 22:15:00+00:00,0.0,22.0,480.0,21.9,0.0,3.0,35.0,59.0,0.0
2023-12-17 22:20:00+00:00,0.0,22.0,486.0,21.9,0.0,3.0,34.0,59.0,0.0
2023-12-17 22:25:00+00:00,0.0,22.0,492.0,21.9,0.0,3.0,34.0,59.0,0.0
2023-12-17 22:30:00+00:00,0.0,22.0,481.0,21.9,0.0,3.0,35.0,59.0,0.0
2023-12-17 22:35:00+00:00,0.0,22.0,502.0,21.9,0.0,3.0,34.0,59.0,0.0
2023-12-17 22:40:00+00:00,0.0,22.0,480.0,21.9,0.0,3.0,34.0,59.0,0.0
2023-12-17 22:45:00+00:00,0.0,22.0,480.0,21.9,0.0,3.0,34.0,59.0,0.0
2023-12-17 22:50:00+00:00,0.0,22.0,485.0,21.9,0.0,3.0,34.0,59.0,0.0
2023-12-17 22:55:00+00:00,0.0,22.0,487.0,21.9,0.0,3.0,35.0,59.0,0.0
2023-12-17 23:00:00+00:00,0.0,22.0,497.0,21.8,0.0,3.0,35.0,59.0,0.0
2023-12-17 23:05:00+00:00,0.0,22.0,480.0,21.9,0.0,3.0,34.0,59.0,0.0
2023-12-17 23:10:00+00:00,0.0,22.0,469.0,21.9,0.0,3.0,34.0,59.0,0.0
2023-12-17 23:15:00+00:00,0.0,22.0,486.0,21.9,0.0,3.0,34.0,59.0,0.0
2023-12-17 23:20:00+00:00,0.0,22.0,478.0,21.9,0.0,3.0,34.0,59.0,0.0
2023-12-17 23:25:00+00:00,0.0,22.0,473.0,21.9,0.0,3.0,35.0,59.0,0.0
2023-12-17 23:30:00+00:00,0.0,22.0,471.0,21.8,0.0,3.0,34.0,59.0,0.0
2023-12-17 23:35:00+00:00,0.0,22.0,492.0,21.8,0.0,3.0,34.0,59.0,0.0
2023-12-17 23:40:00+00:00,0.0,22.0,464.0,21.8,0.0,3.0,34.0,59.0,0.0
2023-12-17 23:45:00+00:00,0.0,22.0,481.0,21.8,0.0,3.0,34.0,59.0,0.0
2023-12-17 23:50:00+00:00,0.0,22.0,490.0,21.8,0.0,3.0,34.0,59.0,0.0
2023-12-17 23:55:00+00:00,0.0,22.0,493.0,21.8,0.0,3.0,34.0,59.0,0.0
2023-12-19 00:00:00+00:00,0.0,23.0,471.0,21.7,0.0,0.0,33.0,59.0,0.0
2023-12-19 00:05:00+00:00,0.0,23.0,468.0,21.7,0.0,0.0,34.0,59.0,0.0
2023-12-19 00:10:00+00:00,0.0,23.0,480.0,21.7,0.0,0.0,34.0,59.0,0.0
2023-12-19 00:15:00+00:00,0.0,23.0,481.0,21.7,0.0,0.0,34.0,59.0,0.0
2023-12-19 00:20:00+00:00,0.0,23.0,473.0,21.7,0.0,0.0,34.0,59.0,0.0
2023-12-19 00:25:00+00:00,0.0,23.0,460.0,21.7,0.0,0.0,34.0,59.0,0.0
2023-12-19 00:30:00+00:00,0.0,23.0,468.0,21.7,0.0,0.0,34.0,59.0,0.0
2023-12-19 00:35:00+00:00,0.0,23.0,456.0,21.7,0.0,0.0,34.0,59.0,0.0
2023-12-19 00:40:00+00:00,0.0,23.0,463.0,21.7,0.0,0.0,33.0,59.0,0.0
2023-12-19 00:45:00+00:00,0.0,23.0,465.0,21.6,0.0,0.0,34.0,59.0,0.0
2023-12-19 00:50:00+00:00,0.0,23.0,455.0,21.6,0.0,0.0,34.0,59.0,0.0
2023-12-19 00:55:00+00:00,0.0,23.0,477.0,21.7,0.0,0.0,34.0,59.0,0.0
2023-12-19 01:00:00+00:00,0.0,23.0,451.0,21.6,0.0,0.0,34.0,59.0,0.0
2023-12-19 01:05:00+00:00,0.0,23.0,465.0,21.6,0.0,0.0,33.0,59.0,0.0
2023-12-19 01:10:00+00:00,0.0,23.0,455.0,21.6,0.0,0.0,33.0,59.0,0.0
2023-12-19 01:15:00+00:00,0.0,23.0,471.0,21.6,0.0,0.0,33.0,59.0,0.0
2023-12-19 01:20:00+00:00,0.0,23.0,451.0,21.6,0.0,0.0,34.0,59.0,0.0
2023-12-19 01:25:00+00:00,0.0,23.0,460.0,21.6,0.0,0.0,34.0,59.0,0.0
2023-12-19 01:30:00+00:00,0.0,23.0,459.0,21.6,0.0,0.0,34.0,59.0,0.0
2023-12-19 01:35:00+00:00,0.0,23.0,459.0,21.6,0.0,0.0,34.0,59.0,0.0
2023-12-19 01:40:00+00:00,0.0,23.0,447.0,21.6,0.0,0.0,34.0,59.0,0.0
2023-12-19 01:45:00+00:00,0.0,23.0,478.0,21.6,0.0,0.0,33.0,59.0,0.0
2023-12-19 01:50:00+00:00,0.0,23.0,470.0,21.6,0.0,0.0,34.0,59.0,0.0
2023-12-19 01:55:00+00:00,0.0,23.0,459.0,21.6,0.0,0.0,33.0,59.0,0.0
2023-12-19 02:00:00+00:00,0.0,23.0,458.0,21.6,0.0,0.0,34.0,59.0,0.0
2023-12-19 02:05:00+00:00,0.0,23.0,467.0,21.6,0.0,0.0,33.0,59.0,0.0
2023-12-19 02:10:00+00:00,0.0,23.0,466.0,21.6,0.0,0.0,33.0,59.0,0.0
2023-12-19 02:15:00+00:00,0.0,23.0,473.0,21.6,0.0,0.0,33.0,59.0,0.0
2023-12-19 02:20:00+00:00,0.0,23.0,467.0,21.6,0.0,0.0,34.0,59.0,0.0
2023-12-19 02:25:00+00:00,0.0,23.0,453.0,21.6,0.0,0.0,34.0,59.0,0.0
2023-12-19 02:30:00+00:00,0.0,23.0,454.0,21.6,0.0,0.0,34.0,59.0,0.0
2023-12-19 02:35:00+00:00,0.0,23.0,459.0,21.5,0.0,0.0,34.0,59.0,0.0
2023-12-19 02:40:00+00:00,0.0,23.0,463.0,21.5,0.0,0.0,33.0,59.0,0.0
2023-12-19 02:45:00+00:00,0.0,23.0,466.0,21.5,0.0,0.0,33.0,59.0,0.0
2023-12-19 02:50:00+00:00,0.0,23.0,465.0,21.5,0.0,0.0,34.0,59.0,0.0
2023-12-19 02:55:00+00:00,0.0,23.0,452.0,21.5,0.0,0.0,33.0,59.0,0.0
2023-12-19 03:00:00+00:00,0.0,23.0,454.0,21.5,0.0,0.0,34.0,59.0,0.0
2023-12-19 03:05:00+00:00,0.0,23.0,461.0,21.5,0.0,0.0,34.0,59.0,0.0
2023-12-19 03:10:00+00:00,0.0,23.0,459.0,21.5,0.0,0.0,34.0,59.0,0.0
2023-12-19 03:15:00+00:00,0.0,23.0,450.0,21.5,0.0,0.0,33.0,59.0,0.0
2023-12-19 03:20:00+00:00,0.0,23.0,443.0,21.5,0.0,0.0,33.0,59.0,0.0
2023-12-19 03:25:00+00:00,0.0,23.0,448.0,21.5,0.0,0.0,34.0,59.0,0.0
2023-12-19 03:30:00+00:00,0.0,23.0,448.0,21.5,0.0,0.0,34.0,59.0,0.0
2023-12-19 03:35:00+00:00,0.0,23.0,448.0,21.5,0.0,0.0,34.0,59.0,0.0
2023-12-19 03:40:00+00:00,0.0,23.0,455.0,21.5,0.0,0.0,33.0,59.0,0.0
2023-12-19 03:45:00+00:00,0.0,23.0,452.0,21.5,0.0,0.0,34.0,59.0,0.0
2023-12-19 03:50:00+00:00,0.0,23.0,443.0,21.5,0.0,0.0,33.0,59.0,0.0
2023-12-19 03:55:00+00:00,0.0,23.0,442.0,21.5,0.0,0.0,34.0,59.0,0.0
2023-12-19 04:00:00+00:00,0.0,23.0,452.0,21.5,0.0,0.0,34.0,59.0,0.0
2023-12-19 04:05:00+00:00,0.0,23.0,469.0,21.5,0.0,0.0,34.0,59.0,0.0
2023-12-19 04:10:00+00:00,0.0,23.0,458.0,21.5,0.0,0.0,34.0,59.0,0.0
2023-12-19 04:15:00+00:00,0.0,23.0,464.0,21.5,0.0,0.0,34.0,59.0,0.0
2023-12-19 04:20:00+00:00,0.0,23.0,456.0,21.5,0.0,0.0,34.0,59.0,0.0
2023-12-19 04:25:00+00:00,0.0,23.0,464.0,21.5,0.0,0.0,34.0,59.0,0.0
2023-12-19 04:30:00+00:00,0.0,23.0,470.0,21.5,0.0,0.0,35.0,59.0,0.0
2023-12-19 04:35:00+00:00,0.0,23.0,462.0,21.5,0.0,0.0,34.0,59.0,0.0
2023-12-19 04:40:00+00:00,0.0,22.0,450.0,21.5,0.0,0.0,34.0,59.0,0.0
2023-12-19 04:45:00+00:00,1.0,22.0,458.0,21.5,0.0,0.0,34.0,59.0,0.0
2023-12-19 04:50:00+00:00,0.0,22.0,461.0,21.5,1.0,1.0,34.0,59.0,0.0
2023-12-19 04:55:00+00:00,0.0,22.0,458.0,21.5,1.0,1.0,36.0,64.0,0.0
2023-12-19 05:00:00+00:00,0.0,22.0,466.0,21.4,0.0,1.0,34.0,59.0,0.0
2023-12-19 05:05:00+00:00,0.0,22.0,465.0,21.4,0.0,0.0,36.0,59.0,0.0
2023-12-19 05:10:00+00:00,0.0,22.0,456.0,21.4,0.0,0.0,34.0,59.0,0.0
2023-12-19 05:15:00+00:00,0.0,22.0,473.0,21.4,0.0,0.0,35.0,59.0,0.0
2023-12-19 05:20:00+00:00,0.0,22.0,454.0,21.4,0.0,0.0,34.0,59.0,0.0
2023-12-19 05:25:00+00:00,0.0,22.0,467.0,21.4,0.0,0.0,34.0,59.0,0.0
2023-12-19 05:30:00+00:00,0.0,22.0,458.0,21.4,0.0,0.0,35.0,59.0,0.0
2023-12-19 05:35:00+00:00,0.0,22.0,454.0,21.4,0.0,0.0,35.0,59.0,0.0
2023-12-19 05:40:00+00:00,0.0,22.0,448.0,21.4,0.0,0.0,37.0,59.0,0.0
2023-12-19 05:45:00+00:00,0.0,22.0,448.0,21.4,0.0,0.0,35.0,59.0,0.0
2023-12-19 05:50:00+00:00,0.0,22.0,460.0,21.4,0.0,0.0,35.0,59.0,0.0
2023-12-19 05:55:00+00:00,0.0,22.0,455.0,21.4,0.0,0.0,35.0,59.0,0.0
2023-12-19 06:00:00+00:00,0.0,22.0,467.0,21.4,0.0,0.0,35.0,59.0,0.0
2023-12-19 06:05:00+00:00,0.0,22.0,463.0,21.4,0.0,0.0,35.0,59.0,0.0
2023-12-19 06:10:00+00:00,0.0,22.0,475.0,21.4,0.0,0.0,35.0,59.0,0.0
2023-12-19 06:15:00+00:00,0.0,22.0,467.0,21.4,0.0,0.0,36.0,59.0,0.0
2023-12-19 06:20:00+00:00,1.0,22.0,468.0,21.4,0.0,0.0,36.0,59.0,0.0
2023-12-19 06:25:00+00:00,0.0,22.0,516.0,21.4,4.0,229.0,36.0,59.0,0.0
2023-12-19 06:30:00+00:00,0.0,22.0,490.0,21.4,6.0,228.0,40.0,67.0,0.0
2023-12-19 06:35:00+00:00,0.0,22.0,511.0,21.4,12.0,6.0,42.0,66.0,0.0
2023-12-19 06:40:00+00:00,0.0,22.0,522.0,21.5,7.0,234.0,42.0,69.0,0.0
2023-12-19 06:45:00+00:00,0.0,22.0,541.0,21.5,0.0,233.0,38.0,63.0,0.0
2023-12-19 06:50:00+00:00,0.0,22.0,546.0,21.5,3.0,234.0,37.0,64.0,0.0
2023-12-19 06:55:00+00:00,0.0,23.0,559.0,21.6,3.0,236.0,40.0,69.0,0.0
2023-12-19 07:00:00+00:00,0.0,23.0,581.0,21.6,3.0,237.0,39.0,64.0,0.0
2023-12-19 07:05:00+00:00,0.0,23.0,574.0,21.6,0.0,240.0,38.0,65.0,0.0
2023-12-19 07:10:00+00:00,0.0,23.0,594.0,21.7,4.0,242.0,38.0,65.0,0.0
2023-12-19 07:15:00+00:00,0.0,23.0,592.0,21.7,1.0,243.0,37.0,59.0,0.0
2023-12-19 07:20:00+00:00,0.0,23.0,594.0,21.8,3.0,246.0,39.0,65.0,0.0
2023-12-19 07:25:00+00:00,0.0,23.0,584.0,21.8,3.0,251.0,38.0,67.0,0.0
2023-12-19 07:30:00+00:00,0.0,23.0,594.0,21.8,1.0,252.0,38.0,59.0,0.0
2023-12-19 07:35:00+00:00,1.0,23.0,591.0,21.9,2.0,255.0,39.0,64.0,0.0
2023-12-19 07:40:00+00:00,1.0,23.0,596.0,21.9,3.0,258.0,40.0,70.0,0.0
2023-12-19 07:45:00+00:00,0.0,23.0,606.0,21.9,1.0,259.0,36.0,59.0,0.0
2023-12-19 07:50:00+00:00,1.0,23.0,592.0,21.9,0.0,261.0,36.0,59.0,0.0
2023-12-19 07:55:00+00:00,1.0,23.0,622.0,22.0,2.0,266.0,37.0,59.0,0.0
2023-12-19 08:00:00+00:00,0.0,23.0,637.0,22.0,17.0,263.0,48.0,74.0,0.0
2023-12-19 08:05:00+00:00,1.0,23.0,613.0,22.1,13.0,260.0,49.0,79.0,0.0
2023-12-19 08:10:00+00:00,0.0,23.0,652.0,22.1,8.0,260.0,47.0,67.0,0.0
2023-12-19 08:15:00+00:00,0.0,23.0,635.0,22.1,0.0,260.0,38.0,63.0,0.0
2023-12-19 08:20:00+00:00,0.0,23.0,617.0,22.1,0.0,260.0,36.0,59.0,0.0
2023-12-19 08:25:00+00:00,0.0,23.0,592.0,22.1,0.0,261.0,37.0,59.0,0.0
2023-12-19 08:30:00+00:00,0.0,23.0,591.0,22.1,0.0,261.0,37.0,59.0,0.0
2023-12-19 08:35:00+00:00,0.0,23.0,570.0,22.1,0.0,262.0,36.0,59.0,0.0
2023-12-19 08:40:00+00:00,0.0,23.0,564.0,22.1,0.0,263.0,37.0,67.0,0.0
2023-12-19 08:45:00+00:00,0.0,23.0,563.0,22.2,0.0,263.0,37.0,59.0,0.0
2023-12-19 08:50:00+00:00,0.0,23.0,557.0,22.2,0.0,265.0,37.0,59.0,0.0
2023-12-19 08:55:00+00:00,0.0,23.0,544.0,22.2,0.0,266.0,37.0,59.0,0.0
2023-12-19 09:00:00+00:00,0.0,23.0,546.0,22.2,0.0,268.0,39.0,59.0,0.0
2023-12-19 09:05:00+00:00,0.0,23.0,523.0,22.2,0.0,270.0,37.0,59.0,0.0
2023-12-19 09:10:00+00:00,0.0,23.0,520.0,22.2,0.0,271.0,37.0,59.0,0.0
2023-12-19 09:15:00+00:00,0.0,23.0,513.0,22.3,0.0,273.0,38.0,59.0,0.0
2023-12-19 09:20:00+00:00,1.0,23.0,535.0,22.3,0.0,276.0,37.0,59.0,0.0
2023-12-19 09:25:00+00:00,0.0,23.0,525.0,22.3,6.0,277.0,40.0,70.0,0.0
2023-12-19 09:30:00+00:00,0.0,23.0,563.0,22.3,3.0,276.0,48.0,68.0,0.0
2023-12-19 09:35:00+00:00,0.0,23.0,571.0,22.4,6.0,275.0,43.0,64.0,0.0
2023-12-19 09:40:00+00:00,0.0,23.0,591.0,22.4,0.0,276.0,39.0,60.0,0.0
2023-12-19 09:45:00+00:00,0.0,23.0,632.0,22.5,2.0,279.0,42.0,71.0,0.0
2023-12-19 09:50:00+00:00,1.0,23.0,632.0,22.5,3.0,279.0,40.0,67.0,0.0
2023-12-19 09:55:00+00:00,1.0,23.0,654.0,22.5,0.0,281.0,40.0,64.0,0.0
2023-12-19 10:00:00+00:00,1.0,23.0,650.0,22.5,4.0,281.0,38.0,64.0,0.0
2023-12-19 10:05:00+00:00,1.0,23.0,655.0,22.5,3.0,279.0,40.0,74.0,0.0
2023-12-19 10:10:00+00:00,1.0,23.0,682.0,22.6,8.0,280.0,41.0,68.0,0.0
2023-12-19 10:15:00+00:00,1.0,23.0,698.0,22.6,1.0,279.0,38.0,59.0,0.0
2023-12-19 10:20:00+00:00,1.0,23.0,686.0,22.6,3.0,279.0,39.0,67.0,0.0
2023-12-19 10:25:00+00:00,1.0,23.0,710.0,22.6,0.0,281.0,39.0,67.0,0.0
2023-12-19 10:30:00+00:00,1.0,23.0,716.0,22.6,0.0,280.0,38.0,59.0,0.0
2023-12-19 10:35:00+00:00,1.0,23.0,705.0,22.6,2.0,279.0,39.0,62.0,0.0
2023-12-19 10:40:00+00:00,1.0,23.0,735.0,22.7,0.0,279.0,40.0,72.0,0.0
2023-12-19 10:45:00+00:00,1.0,23.0,750.0,22.7,6.0,281.0,41.0,67.0,0.0
2023-12-19 10:50:00+00:00,1.0,23.0,760.0,22.7,1.0,282.0,38.0,62.0,0.0
2023-12-19 10:55:00+00:00,1.0,23.0,751.0,22.7,5.0,280.0,42.0,61.0,0.0
2023-12-19 11:00:00+00:00,0.0,23.0,763.0,22.7,6.0,272.0,41.0,69.0,0.0
2023-12-19 11:05:00+00:00,0.0,23.0,746.0,22.7,0.0,271.0,35.0,59.0,0.0
2023-12-19 11:10:00+00:00,1.0,23.0,717.0,22.7,0.0,274.0,36.0,59.0,0.0
2023-12-19 11:15:00+00:00,0.0,23.0,677.0,22.6,0.0,277.0,36.0,61.0,0.0
2023-12-19 11:20:00+00:00,0.0,23.0,697.0,22.6,6.0,276.0,40.0,70.0,0.0
2023-12-19 11:25:00+00:00,0.0,23.0,674.0,22.6,0.0,276.0,35.0,59.0,0.0
2023-12-19 11:30:00+00:00,0.0,23.0,648.0,22.6,0.0,277.0,35.0,59.0,0.0
2023-12-19 11:35:00+00:00,0.0,23.0,640.0,22.6,0.0,277.0,34.0,59.0,0.0
2023-12-19 11:40:00+00:00,0.0,23.0,623.0,22.5,0.0,278.0,35.0,59.0,0.0
2023-12-19 11:45:00+00:00,0.0,23.0,621.0,22.5,0.0,279.0,36.0,59.0,0.0
2023-12-19 11:50:00+00:00,0.0,23.0,617.0,22.5,0.0,277.0,36.0,59.0,0.0
2023-12-19 11:55:00+00:00,0.0,23.0,586.0,22.5,0.0,279.0,35.0,59.0,0.0
2023-12-19 12:00:00+00:00,0.0,23.0,592.0,22.5,0.0,277.0,36.0,59.0,0.0
2023-12-19 12:05:00+00:00,0.0,23.0,597.0,22.5,0.0,277.0,35.0,59.0,0.0
2023-12-19 12:10:00+00:00,0.0,23.0,572.0,22.5,0.0,277.0,35.0,59.0,0.0
2023-12-19 12:15:00+00:00,0.0,23.0,566.0,22.5,0.0,277.0,35.0,59.0,0.0
2023-12-19 12:20:00+00:00,0.0,23.0,571.0,22.4,0.0,277.0,35.0,59.0,0.0
2023-12-19 12:25:00+00:00,1.0,23.0,561.0,22.4,0.0,277.0,36.0,59.0,0.0
2023-12-19 12:30:00+00:00,1.0,23.0,544.0,22.4,0.0,278.0,36.0,59.0,0.0
2023-12-19 12:35:00+00:00,0.0,23.0,556.0,22.4,15.0,277.0,46.0,73.0,0.0
2023-12-19 12:40:00+00:00,1.0,23.0,582.0,22.5,20.0,280.0,45.0,63.0,0.0
2023-12-19 12:45:00+00:00,0.0,23.0,598.0,22.5,1.0,278.0,38.0,63.0,0.0
2023-12-19 12:50:00+00:00,0.0,23.0,595.0,22.5,12.0,273.0,46.0,67.0,0.0
2023-12-19 12:55:00+00:00,0.0,24.0,634.0,22.5,3.0,270.0,44.0,70.0,0.0
2023-12-19 13:00:00+00:00,0.0,23.0,630.0,22.6,4.0,269.0,41.0,65.0,0.0
2023-12-19 13:05:00+00:00,0.0,24.0,669.0,22.6,7.0,269.0,50.0,69.0,0.0
2023-12-19 13:10:00+00:00,0.0,24.0,666.0,22.6,7.0,262.0,55.0,70.0,0.0
2023-12-19 13:15:00+00:00,0.0,24.0,683.0,22.6,12.0,267.0,50.0,68.0,0.0
2023-12-19 13:20:00+00:00,0.0,24.0,693.0,22.6,17.0,261.0,55.0,71.0,0.0
2023-12-19 13:25:00+00:00,0.0,24.0,706.0,22.6,9.0,260.0,50.0,67.0,0.0
2023-12-19 13:30:00+00:00,0.0,24.0,672.0,22.7,6.0,255.0,44.0,70.0,0.0
2023-12-19 13:35:00+00:00,0.0,24.0,637.0,22.6,0.0,253.0,35.0,59.0,0.0
2023-12-19 13:40:00+00:00,0.0,24.0,605.0,22.6,0.0,252.0,35.0,59.0,0.0
2023-12-19 13:45:00+00:00,0.0,24.0,597.0,22.6,0.0,250.0,35.0,59.0,0.0
2023-12-19 13:50:00+00:00,0.0,24.0,589.0,22.5,0.0,247.0,35.0,59.0,0.0
2023-12-19 13:55:00+00:00,0.0,24.0,581.0,22.5,0.0,245.0,35.0,59.0,0.0
2023-12-19 14:00:00+00:00,0.0,24.0,589.0,22.5,0.0,243.0,36.0,59.0,0.0
2023-12-19 14:05:00+00:00,0.0,24.0,568.0,22.5,0.0,243.0,37.0,59.0,0.0
2023-12-19 14:10:00+00:00,0.0,24.0,567.0,22.5,0.0,242.0,37.0,59.0,0.0
2023-12-19 14:15:00+00:00,0.0,24.0,567.0,22.5,0.0,242.0,35.0,59.0,0.0
2023-12-19 14:20:00+00:00,0.0,24.0,550.0,22.4,0.0,240.0,35.0,59.0,0.0
2023-12-19 14:25:00+00:00,0.0,24.0,571.0,22.4,0.0,240.0,36.0,59.0,0.0
2023-12-19 14:30:00+00:00,0.0,24.0,556.0,22.4,0.0,238.0,37.0,59.0,0.0
2023-12-19 14:35:00+00:00,0.0,24.0,534.0,22.4,0.0,237.0,35.0,59.0,0.0
2023-12-19 14:40:00+00:00,0.0,24.0,519.0,22.4,0.0,235.0,35.0,59.0,0.0
2023-12-19 14:45:00+00:00,0.0,24.0,551.0,22.4,0.0,234.0,34.0,59.0,0.0
2023-12-19 14:50:00+00:00,0.0,24.0,540.0,22.4,0.0,233.0,35.0,59.0,0.0
2023-12-19 14:55:00+00:00,0.0,24.0,549.0,22.4,0.0,232.0,35.0,59.0,0.0
2023-12-19 15:00:00+00:00,0.0,24.0,544.0,22.4,0.0,229.0,35.0,59.0,0.0
2023-12-19 15:05:00+00:00,0.0,24.0,551.0,22.4,0.0,227.0,35.0,59.0,0.0
2023-12-19 15:10:00+00:00,0.0,24.0,548.0,22.4,0.0,225.0,34.0,59.0,0.0
2023-12-19 15:15:00+00:00,0.0,24.0,523.0,22.3,0.0,225.0,35.0,59.0,0.0
2023-12-19 15:20:00+00:00,0.0,24.0,531.0,22.4,0.0,223.0,35.0,59.0,0.0
2023-12-19 15:25:00+00:00,0.0,24.0,525.0,22.4,0.0,223.0,36.0,59.0,0.0
2023-12-19 15:30:00+00:00,0.0,24.0,519.0,22.3,4.0,223.0,39.0,63.0,0.0
2023-12-19 15:35:00+00:00,0.0,24.0,503.0,22.4,0.0,223.0,37.0,59.0,0.0
2023-12-19 15:40:00+00:00,0.0,24.0,537.0,22.4,0.0,223.0,35.0,59.0,0.0
2023-12-19 15:45:00+00:00,0.0,24.0,527.0,22.3,0.0,223.0,35.0,59.0,0.0
2023-12-19 15:50:00+00:00,0.0,24.0,531.0,22.3,0.0,223.0,35.0,59.0,0.0
2023-12-19 15:55:00+00:00,0.0,24.0,518.0,22.4,2.0,223.0,35.0,59.0,0.0
2023-12-19 16:00:00+00:00,0.0,24.0,516.0,22.3,0.0,223.0,36.0,71.0,0.0
2023-12-19 16:05:00+00:00,0.0,24.0,534.0,22.3,0.0,222.0,35.0,59.0,0.0
2023-12-19 16:10:00+00:00,0.0,24.0,522.0,22.4,0.0,222.0,35.0,59.0,0.0
2023-12-19 16:15:00+00:00,0.0,24.0,515.0,22.3,0.0,222.0,35.0,59.0,0.0
2023-12-19 16:20:00+00:00,0.0,24.0,517.0,22.4,0.0,222.0,35.0,59.0,0.0
2023-12-19 16:25:00+00:00,0.0,24.0,509.0,22.3,0.0,222.0,35.0,59.0,0.0
2023-12-19 16:30:00+00:00,0.0,24.0,513.0,22.3,0.0,223.0,35.0,59.0,0.0
2023-12-19 16:35:00+00:00,0.0,24.0,507.0,22.3,0.0,223.0,35.0,59.0,0.0
2023-12-19 16:40:00+00:00,0.0,24.0,509.0,22.3,0.0,222.0,35.0,59.0,0.0
2023-12-19 16:45:00+00:00,0.0,24.0,509.0,22.3,0.0,222.0,35.0,59.0,0.0
2023-12-19 16:50:00+00:00,0.0,24.0,509.0,22.3,0.0,222.0,35.0,59.0,0.0
2023-12-19 16:55:00+00:00,0.0,24.0,516.0,22.3,0.0,222.0,35.0,59.0,0.0
2023-12-19 17:00:00+00:00,0.0,24.0,492.0,22.3,0.0,222.0,35.0,59.0,0.0
2023-12-19 17:05:00+00:00,1.0,24.0,513.0,22.3,0.0,222.0,35.0,59.0,0.0
2023-12-19 17:10:00+00:00,1.0,24.0,512.0,22.3,0.0,223.0,35.0,59.0,0.0
2023-12-19 17:15:00+00:00,1.0,24.0,516.0,22.3,24.0,215.0,45.0,77.0,0.0
2023-12-19 17:20:00+00:00,1.0,24.0,584.0,22.7,13.0,225.0,43.0,77.0,0.0
2023-12-19 17:25:00+00:00,1.0,24.0,589.0,22.6,3.0,225.0,39.0,66.0,0.0
2023-12-19 17:30:00+00:00,1.0,24.0,635.0,22.6,14.0,225.0,42.0,67.0,0.0
2023-12-19 17:35:00+00:00,1.0,24.0,639.0,22.6,20.0,225.0,53.0,74.0,0.0
2023-12-19 17:40:00+00:00,1.0,24.0,627.0,22.5,0.0,1.0,37.0,59.0,0.0
2023-12-19 17:45:00+00:00,1.0,24.0,605.0,22.5,0.0,1.0,35.0,59.0,0.0
2023-12-19 17:50:00+00:00,1.0,24.0,590.0,22.5,0.0,0.0,34.0,59.0,0.0
2023-12-19 17:55:00+00:00,1.0,24.0,585.0,22.4,0.0,0.0,35.0,59.0,0.0
2023-12-19 18:00:00+00:00,1.0,24.0,580.0,22.4,0.0,0.0,35.0,59.0,0.0
2023-12-19 18:05:00+00:00,1.0,24.0,558.0,22.4,0.0,0.0,35.0,59.0,0.0
2023-12-19 18:10:00+00:00,1.0,24.0,556.0,22.4,0.0,0.0,35.0,59.0,0.0
2023-12-19 18:15:00+00:00,1.0,24.0,558.0,22.3,0.0,0.0,35.0,59.0,0.0
2023-12-19 18:20:00+00:00,1.0,24.0,538.0,22.3,0.0,0.0,35.0,59.0,0.0
2023-12-19 18:25:00+00:00,1.0,24.0,545.0,22.3,0.0,0.0,34.0,59.0,0.0
2023-12-19 18:30:00+00:00,1.0,24.0,523.0,22.3,0.0,0.0,35.0,59.0,0.0
2023-12-19 18:35:00+00:00,1.0,24.0,542.0,22.3,0.0,0.0,35.0,59.0,0.0
2023-12-19 18:40:00+00:00,1.0,24.0,518.0,22.3,0.0,0.0,34.0,59.0,0.0
2023-12-19 18:45:00+00:00,1.0,24.0,529.0,22.2,0.0,0.0,35.0,59.0,0.0
2023-12-19 18:50:00+00:00,1.0,24.0,506.0,22.2,0.0,0.0,34.0,59.0,0.0
2023-12-19 18:55:00+00:00,1.0,24.0,526.0,22.2,0.0,0.0,34.0,59.0,0.0
2023-12-19 19:00:00+00:00,1.0,24.0,503.0,22.2,0.0,0.0,35.0,59.0,0.0
2023-12-19 19:05:00+00:00,1.0,24.0,509.0,22.2,0.0,0.0,34.0,59.0,0.0
2023-12-19 19:10:00+00:00,1.0,24.0,511.0,22.2,0.0,0.0,34.0,59.0,0.0
2023-12-19 19:15:00+00:00,1.0,23.0,519.0,22.2,0.0,0.0,34.0,59.0,0.0
2023-12-19 19:20:00+00:00,1.0,24.0,507.0,22.1,0.0,0.0,34.0,59.0,0.0
2023-12-19 19:25:00+00:00,1.0,23.0,502.0,22.1,0.0,0.0,34.0,59.0,0.0
2023-12-19 19:30:00+00:00,1.0,23.0,499.0,22.2,0.0,0.0,34.0,59.0,0.0
2023-12-19 19:35:00+00:00,1.0,23.0,510.0,22.1,0.0,0.0,34.0,59.0,0.0
2023-12-19 19:40:00+00:00,1.0,23.0,508.0,22.1,0.0,0.0,34.0,59.0,0.0
2023-12-19 19:45:00+00:00,1.0,23.0,507.0,22.1,0.0,0.0,35.0,59.0,0.0
2023-12-19 19:50:00+00:00,1.0,23.0,503.0,22.1,0.0,0.0,34.0,59.0,0.0
2023-12-19 19:55:00+00:00,1.0,23.0,495.0,22.1,0.0,0.0,34.0,59.0,0.0
2023-12-19 20:00:00+00:00,1.0,23.0,490.0,22.1,0.0,0.0,34.0,59.0,0.0
2023-12-19 20:05:00+00:00,1.0,23.0,515.0,22.0,0.0,0.0,34.0,59.0,0.0
2023-12-19 20:10:00+00:00,1.0,23.0,495.0,22.0,0.0,0.0,34.0,59.0,0.0
2023-12-19 20:15:00+00:00,1.0,23.0,499.0,22.0,0.0,0.0,34.0,59.0,0.0
2023-12-19 20:20:00+00:00,1.0,23.0,498.0,22.0,0.0,0.0,34.0,59.0,0.0
2023-12-19 20:25:00+00:00,1.0,23.0,499.0,22.0,0.0,0.0,34.0,59.0,0.0
2023-12-19 20:30:00+00:00,1.0,23.0,475.0,22.0,0.0,0.0,34.0,59.0,0.0
2023-12-19 20:35:00+00:00,1.0,23.0,498.0,22.0,0.0,0.0,34.0,59.0,0.0
2023-12-19 20:40:00+00:00,1.0,23.0,494.0,22.0,0.0,0.0,34.0,59.0,0.0
2023-12-19 20:45:00+00:00,1.0,23.0,488.0,22.0,0.0,0.0,33.0,59.0,0.0
2023-12-19 20:50:00+00:00,1.0,23.0,475.0,22.0,0.0,1.0,34.0,59.0,0.0
2023-12-19 20:55:00+00:00,1.0,23.0,475.0,22.0,0.0,1.0,34.0,59.0,0.0
2023-12-19 21:00:00+00:00,1.0,23.0,484.0,22.0,0.0,1.0,34.0,59.0,0.0
2023-12-19 21:05:00+00:00,1.0,23.0,492.0,21.9,0.0,0.0,34.0,59.0,0.0
2023-12-19 21:10:00+00:00,1.0,23.0,480.0,21.9,0.0,0.0,34.0,59.0,0.0
2023-12-19 21:15:00+00:00,1.0,23.0,485.0,21.9,0.0,0.0,34.0,59.0,0.0
2023-12-19 21:20:00+00:00,1.0,23.0,473.0,21.9,0.0,0.0,34.0,59.0,0.0
2023-12-19 21:25:00+00:00,1.0,23.0,487.0,21.9,0.0,0.0,34.0,59.0,0.0
2023-12-19 21:30:00+00:00,1.0,23.0,489.0,21.9,0.0,1.0,34.0,59.0,0.0
2023-12-19 21:35:00+00:00,1.0,23.0,480.0,21.9,0.0,1.0,34.0,59.0,0.0
2023-12-19 21:40:00+00:00,1.0,23.0,470.0,21.9,0.0,0.0,33.0,59.0,0.0
2023-12-19 21:45:00+00:00,1.0,23.0,481.0,21.9,0.0,0.0,34.0,59.0,0.0
2023-12-19 21:50:00+00:00,1.0,23.0,486.0,21.9,0.0,0.0,34.0,59.0,0.0
2023-12-19 21:55:00+00:00,1.0,23.0,471.0,21.9,0.0,0.0,33.0,59.0,0.0
2023-12-19 22:00:00+00:00,1.0,23.0,464.0,21.9,0.0,0.0,34.0,59.0,0.0
2023-12-19 22:05:00+00:00,1.0,23.0,473.0,21.9,0.0,0.0,34.0,59.0,0.0
2023-12-19 22:10:00+00:00,1.0,23.0,492.0,21.9,0.0,0.0,33.0,59.0,0.0
2023-12-19 22:15:00+00:00,1.0,23.0,468.0,21.9,0.0,0.0,33.0,59.0,0.0
2023-12-19 22:20:00+00:00,1.0,23.0,479.0,21.8,0.0,0.0,33.0,59.0,0.0
2023-12-19 22:25:00+00:00,1.0,23.0,465.0,21.8,0.0,0.0,34.0,59.0,0.0
2023-12-19 22:30:00+00:00,1.0,23.0,486.0,21.8,0.0,0.0,34.0,59.0,0.0
2023-12-19 22:35:00+00:00,1.0,23.0,475.0,21.8,0.0,0.0,33.0,59.0,0.0
2023-12-19 22:40:00+00:00,1.0,23.0,469.0,21.8,0.0,0.0,33.0,59.0,0.0
2023-12-19 22:45:00+00:00,1.0,23.0,457.0,21.8,0.0,0.0,34.0,59.0,0.0
2023-12-19 22:50:00+00:00,1.0,23.0,451.0,21.8,0.0,1.0,33.0,59.0,0.0
2023-12-19 22:55:00+00:00,1.0,23.0,468.0,21.8,0.0,1.0,34.0,59.0,0.0
2023-12-19 23:00:00+00:00,1.0,23.0,476.0,21.8,0.0,0.0,34.0,59.0,0.0
2023-12-19 23:05:00+00:00,1.0,23.0,463.0,21.8,0.0,0.0,34.0,59.0,0.0
2023-12-19 23:10:00+00:00,1.0,23.0,457.0,21.8,0.0,0.0,33.0,59.0,0.0
2023-12-19 23:15:00+00:00,1.0,23.0,466.0,21.8,0.0,0.0,33.0,59.0,0.0
2023-12-19 23:20:00+00:00,1.0,23.0,467.0,21.8,0.0,0.0,33.0,59.0,0.0
2023-12-19 23:25:00+00:00,1.0,23.0,443.0,21.7,0.0,0.0,33.0,59.0,0.0
2023-12-19 23:30:00+00:00,1.0,23.0,463.0,21.8,0.0,0.0,34.0,59.0,0.0
2023-12-19 23:35:00+00:00,1.0,23.0,473.0,21.8,0.0,0.0,33.0,59.0,0.0
2023-12-19 23:40:00+00:00,1.0,23.0,460.0,21.8,0.0,0.0,33.0,59.0,0.0
2023-12-19 23:45:00+00:00,1.0,23.0,463.0,21.8,0.0,0.0,33.0,59.0,0.0
2023-12-19 23:50:00+00:00,1.0,23.0,474.0,21.8,0.0,0.0,33.0,59.0,0.0
2023-12-19 23:55:00+00:00,1.0,23.0,449.0,21.8,0.0,0.0,33.0,59.0,0.0
2023-12-20 00:00:00+00:00,1.0,23.0,447.0,21.7,0.0,0.0,33.0,59.0,0.0
2023-12-20 00:05:00+00:00,1.0,23.0,470.0,21.8,0.0,0.0,33.0,59.0,0.0
2023-12-20 00:10:00+00:00,1.0,23.0,471.0,21.7,0.0,0.0,33.0,59.0,0.0
2023-12-20 00:15:00+00:00,1.0,23.0,466.0,21.7,0.0,0.0,33.0,59.0,0.0
2023-12-20 00:20:00+00:00,1.0,22.0,447.0,21.7,0.0,0.0,33.0,59.0,0.0
2023-12-20 00:25:00+00:00,1.0,23.0,470.0,21.7,0.0,0.0,33.0,59.0,0.0
2023-12-20 00:30:00+00:00,1.0,23.0,462.0,21.7,0.0,0.0,33.0,59.0,0.0
2023-12-20 00:35:00+00:00,1.0,22.0,463.0,21.7,0.0,0.0,33.0,59.0,0.0
2023-12-20 00:40:00+00:00,1.0,22.0,454.0,21.7,0.0,0.0,33.0,59.0,0.0
2023-12-20 00:45:00+00:00,1.0,22.0,459.0,21.7,0.0,0.0,34.0,59.0,0.0
2023-12-20 00:50:00+00:00,1.0,22.0,441.0,21.7,0.0,0.0,33.0,59.0,0.0
2023-12-20 00:55:00+00:00,1.0,22.0,448.0,21.7,0.0,0.0,34.0,59.0,0.0
2023-12-20 01:00:00+00:00,1.0,22.0,464.0,21.7,0.0,0.0,33.0,59.0,0.0
2023-12-20 01:05:00+00:00,1.0,22.0,448.0,21.7,0.0,0.0,33.0,59.0,0.0
2023-12-20 01:10:00+00:00,1.0,22.0,459.0,21.7,0.0,0.0,33.0,59.0,0.0
2023-12-20 01:15:00+00:00,1.0,22.0,453.0,21.7,0.0,0.0,33.0,59.0,0.0
2023-12-20 01:20:00+00:00,1.0,22.0,456.0,21.7,0.0,0.0,33.0,59.0,0.0
2023-12-20 01:25:00+00:00,1.0,22.0,462.0,21.7,0.0,0.0,33.0,59.0,0.0
2023-12-20 01:30:00+00:00,1.0,22.0,457.0,21.7,0.0,0.0,33.0,59.0,0.0
2023-12-20 01:35:00+00:00,1.0,22.0,440.0,21.7,0.0,0.0,33.0,59.0,0.0
2023-12-20 01:40:00+00:00,1.0,22.0,461.0,21.7,0.0,0.0,33.0,59.0,0.0
2023-12-20 01:45:00+00:00,1.0,22.0,466.0,21.6,0.0,0.0,33.0,59.0,0.0
2023-12-20 01:50:00+00:00,1.0,22.0,460.0,21.6,0.0,0.0,33.0,59.0,0.0
2023-12-20 01:55:00+00:00,1.0,22.0,448.0,21.6,0.0,0.0,33.0,59.0,0.0
2023-12-20 02:00:00+00:00,1.0,22.0,460.0,21.6,0.0,0.0,33.0,59.0,0.0
2023-12-20 02:05:00+00:00,1.0,22.0,457.0,21.6,0.0,0.0,33.0,59.0,0.0
2023-12-20 02:10:00+00:00,1.0,22.0,457.0,21.6,0.0,0.0,33.0,59.0,0.0
2023-12-20 02:15:00+00:00,1.0,22.0,459.0,21.6,0.0,0.0,33.0,59.0,0.0
2023-12-20 02:20:00+00:00,1.0,22.0,465.0,21.6,0.0,0.0,33.0,59.0,0.0
2023-12-20 02:25:00+00:00,1.0,22.0,456.0,21.6,0.0,0.0,33.0,59.0,0.0
2023-12-20 02:30:00+00:00,1.0,22.0,462.0,21.6,0.0,0.0,33.0,59.0,0.0
2023-12-20 02:35:00+00:00,1.0,22.0,440.0,21.6,0.0,0.0,33.0,59.0,0.0
2023-12-20 02:40:00+00:00,1.0,22.0,443.0,21.6,0.0,0.0,33.0,59.0,0.0
2023-12-20 02:45:00+00:00,1.0,22.0,451.0,21.6,0.0,0.0,33.0,59.0,0.0
2023-12-20 02:50:00+00:00,1.0,22.0,437.0,21.6,0.0,0.0,33.0,59.0,0.0
2023-12-20 02:55:00+00:00,1.0,22.0,448.0,21.6,0.0,0.0,33.0,59.0,0.0
2023-12-20 03:00:00+00:00,1.0,22.0,458.0,21.6,0.0,0.0,33.0,59.0,0.0
2023-12-20 03:05:00+00:00,1.0,22.0,455.0,21.6,0.0,0.0,33.0,59.0,0.0
2023-12-20 03:10:00+00:00,1.0,22.0,446.0,21.6,0.0,0.0,33.0,59.0,0.0
2023-12-20 03:15:00+00:00,1.0,22.0,444.0,21.6,0.0,0.0,33.0,59.0,0.0
2023-12-20 03:20:00+00:00,1.0,22.0,448.0,21.6,0.0,0.0,33.0,59.0,0.0
2023-12-20 03:25:00+00:00,1.0,22.0,462.0,21.6,0.0,0.0,33.0,59.0,0.0
2023-12-20 03:30:00+00:00,1.0,22.0,433.0,21.6,0.0,0.0,33.0,59.0,0.0
2023-12-20 03:35:00+00:00,1.0,22.0,456.0,21.6,0.0,0.0,33.0,59.0,0.0
2023-12-20 03:40:00+00:00,1.0,22.0,458.0,21.6,0.0,0.0,33.0,59.0,0.0
2023-12-20 03:45:00+00:00,1.0,22.0,464.0,21.6,0.0,0.0,33.0,59.0,0.0
2023-12-20 03:50:00+00:00,1.0,22.0,470.0,21.6,0.0,0.0,34.0,59.0,0.0
2023-12-20 03:55:00+00:00,1.0,22.0,448.0,21.6,0.0,0.0,34.0,59.0,0.0
2023-12-20 04:00:00+00:00,1.0,22.0,437.0,21.6,0.0,0.0,34.0,59.0,0.0
2023-12-20 04:05:00+00:00,1.0,22.0,459.0,21.5,0.0,0.0,33.0,59.0,0.0
2023-12-20 04:10:00+00:00,1.0,22.0,441.0,21.5,0.0,0.0,34.0,59.0,0.0
2023-12-20 04:15:00+00:00,1.0,22.0,450.0,21.5,0.0,0.0,33.0,59.0,0.0
2023-12-20 04:20:00+00:00,1.0,22.0,451.0,21.6,0.0,0.0,33.0,59.0,0.0
2023-12-20 04:25:00+00:00,1.0,22.0,440.0,21.5,0.0,0.0,34.0,59.0,0.0
2023-12-20 04:30:00+00:00,1.0,22.0,449.0,21.5,0.0,0.0,35.0,59.0,0.0
2023-12-20 04:35:00+00:00,1.0,22.0,438.0,21.6,0.0,0.0,34.0,59.0,0.0
2023-12-20 04:40:00+00:00,1.0,22.0,432.0,21.5,0.0,0.0,34.0,59.0,0.0
2023-12-20 04:45:00+00:00,1.0,22.0,445.0,21.5,0.0,0.0,34.0,59.0,0.0
2023-12-20 04:50:00+00:00,1.0,22.0,451.0,21.5,0.0,0.0,35.0,59.0,0.0
2023-12-20 04:55:00+00:00,1.0,22.0,444.0,21.5,0.0,0.0,34.0,59.0,0.0
2023-12-20 05:00:00+00:00,0.0,22.0,457.0,21.5,0.0,1.0,34.0,59.0,0.0
2023-12-20 05:05:00+00:00,0.0,22.0,460.0,21.5,3.0,1.0,36.0,66.0,0.0
2023-12-20 05:10:00+00:00,0.0,22.0,453.0,21.5,0.0,1.0,34.0,59.0,0.0
2023-12-20 05:15:00+00:00,0.0,22.0,446.0,21.5,0.0,0.0,34.0,59.0,0.0
2023-12-20 05:20:00+00:00,0.0,22.0,465.0,21.5,0.0,0.0,35.0,59.0,0.0
2023-12-20 05:25:00+00:00,0.0,22.0,456.0,21.5,0.0,0.0,35.0,59.0,0.0
2023-12-20 05:30:00+00:00,0.0,22.0,456.0,21.5,0.0,0.0,35.0,59.0,0.0
2023-12-20 05:35:00+00:00,0.0,22.0,455.0,21.5,0.0,0.0,35.0,59.0,0.0
2023-12-20 05:40:00+00:00,0.0,22.0,473.0,21.5,0.0,0.0,35.0,59.0,0.0
2023-12-20 05:45:00+00:00,0.0,22.0,456.0,21.5,0.0,0.0,35.0,59.0,0.0
2023-12-20 05:50:00+00:00,0.0,22.0,463.0,21.5,0.0,0.0,35.0,59.0,0.0
2023-12-20 05:55:00+00:00,0.0,21.0,461.0,21.5,0.0,0.0,35.0,59.0,0.0
2023-12-20 06:00:00+00:00,0.0,21.0,472.0,21.5,0.0,0.0,35.0,59.0,0.0
2023-12-20 06:05:00+00:00,0.0,21.0,463.0,21.5,0.0,0.0,35.0,59.0,0.0
2023-12-20 06:10:00+00:00,0.0,21.0,454.0,21.5,0.0,0.0,35.0,59.0,0.0
2023-12-20 06:15:00+00:00,0.0,21.0,461.0,21.5,0.0,0.0,36.0,59.0,0.0
2023-12-20 06:20:00+00:00,0.0,21.0,461.0,21.5,0.0,0.0,35.0,59.0,0.0
2023-12-20 06:25:00+00:00,0.0,21.0,452.0,21.5,0.0,0.0,35.0,59.0,0.0
2023-12-20 06:30:00+00:00,0.0,21.0,457.0,21.5,0.0,1.0,36.0,59.0,0.0
2023-12-20 06:35:00+00:00,0.0,21.0,454.0,21.5,0.0,1.0,37.0,59.0,0.0
2023-12-20 06:40:00+00:00,0.0,21.0,448.0,21.5,0.0,2.0,36.0,59.0,0.0
2023-12-20 06:45:00+00:00,1.0,21.0,445.0,21.5,0.0,3.0,36.0,59.0,0.0
2023-12-20 06:50:00+00:00,1.0,21.0,476.0,21.4,7.0,6.0,36.0,59.0,0.0
2023-12-20 06:55:00+00:00,1.0,22.0,532.0,21.5,4.0,235.0,40.0,63.0,0.0
2023-12-20 07:00:00+00:00,1.0,22.0,490.0,21.5,3.0,235.0,39.0,61.0,0.0
2023-12-20 07:05:00+00:00,1.0,22.0,501.0,21.6,2.0,236.0,37.0,59.0,0.0
2023-12-20 07:10:00+00:00,1.0,22.0,508.0,21.7,0.0,237.0,38.0,60.0,0.0
2023-12-20 07:15:00+00:00,0.0,22.0,501.0,21.7,1.0,239.0,37.0,69.0,0.0
2023-12-20 07:20:00+00:00,0.0,22.0,503.0,21.7,5.0,240.0,37.0,65.0,0.0
2023-12-20 07:25:00+00:00,0.0,22.0,508.0,21.7,2.0,242.0,39.0,69.0,0.0
2023-12-20 07:30:00+00:00,0.0,22.0,528.0,21.8,3.0,244.0,38.0,67.0,0.0
2023-12-20 07:35:00+00:00,0.0,22.0,538.0,21.7,3.0,237.0,37.0,66.0,0.0
2023-12-20 07:40:00+00:00,0.0,22.0,535.0,21.8,2.0,237.0,52.0,68.0,0.0
2023-12-20 08:00:00+00:00,1.0,22.0,580.0,22.0,1.0,247.0,43.0,66.0,0.0
2023-12-20 08:05:00+00:00,1.0,22.0,633.0,22.0,13.0,247.0,43.0,73.0,0.0
2023-12-20 08:10:00+00:00,1.0,22.0,602.0,22.0,1.0,247.0,48.0,68.0,0.0
2023-12-20 08:15:00+00:00,1.0,22.0,566.0,22.1,0.0,252.0,43.0,60.0,0.0
2023-12-20 08:20:00+00:00,1.0,22.0,564.0,22.1,0.0,255.0,43.0,61.0,0.0
2023-12-20 08:25:00+00:00,1.0,22.0,529.0,22.1,0.0,261.0,43.0,61.0,0.0
2023-12-20 08:30:00+00:00,1.0,22.0,534.0,22.2,3.0,267.0,44.0,66.0,0.0
2023-12-20 08:35:00+00:00,1.0,22.0,526.0,22.2,0.0,268.0,42.0,59.0,0.0
2023-12-20 08:40:00+00:00,1.0,22.0,522.0,22.3,0.0,271.0,42.0,59.0,0.0
2023-12-20 08:45:00+00:00,1.0,22.0,531.0,22.3,0.0,275.0,43.0,65.0,0.0
2023-12-20 08:50:00+00:00,0.0,22.0,523.0,22.3,0.0,277.0,46.0,68.0,0.0
2023-12-20 08:55:00+00:00,0.0,22.0,507.0,22.4,0.0,273.0,44.0,62.0,0.0
2023-12-20 09:00:00+00:00,0.0,22.0,515.0,22.4,0.0,274.0,37.0,63.0,0.0
2023-12-20 09:05:00+00:00,1.0,22.0,495.0,22.4,0.0,274.0,35.0,59.0,0.0
2023-12-20 09:10:00+00:00,0.0,22.0,512.0,22.5,0.0,274.0,36.0,59.0,0.0
2023-12-20 09:15:00+00:00,0.0,22.0,503.0,22.5,7.0,262.0,41.0,72.0,0.0
2023-12-20 09:20:00+00:00,0.0,22.0,544.0,22.6,6.0,270.0,55.0,69.0,0.0
2023-12-20 09:25:00+00:00,0.0,22.0,560.0,22.6,7.0,275.0,54.0,73.0,0.0
2023-12-20 09:30:00+00:00,0.0,22.0,609.0,22.6,1.0,273.0,43.0,67.0,0.0
2023-12-20 09:35:00+00:00,0.0,22.0,628.0,22.6,5.0,273.0,44.0,65.0,0.0
2023-12-20 09:40:00+00:00,0.0,22.0,635.0,22.7,8.0,271.0,46.0,67.0,0.0
2023-12-20 09:45:00+00:00,1.0,22.0,663.0,22.7,5.0,274.0,45.0,64.0,0.0
2023-12-20 09:50:00+00:00,1.0,23.0,668.0,22.8,9.0,276.0,42.0,72.0,0.0
2023-12-20 09:55:00+00:00,1.0,22.0,673.0,22.8,11.0,276.0,44.0,73.0,0.0
2023-12-20 10:00:00+00:00,1.0,23.0,705.0,22.8,6.0,279.0,41.0,67.0,0.0
2023-12-20 10:05:00+00:00,1.0,23.0,702.0,22.9,4.0,277.0,38.0,66.0,0.0
2023-12-20 10:10:00+00:00,1.0,23.0,728.0,22.9,9.0,282.0,41.0,68.0,0.0
2023-12-20 10:15:00+00:00,1.0,23.0,726.0,22.9,12.0,279.0,40.0,64.0,0.0
2023-12-20 10:25:00+00:00,1.0,23.0,729.0,23.0,21.0,254.0,45.0,64.0,0.0
2023-12-20 10:30:00+00:00,1.0,23.0,752.0,23.1,23.0,270.0,44.0,66.0,0.0
2023-12-20 10:35:00+00:00,1.0,23.0,769.0,23.1,8.0,287.0,39.0,67.0,0.0
2023-12-20 10:40:00+00:00,1.0,23.0,720.0,23.1,0.0,281.0,36.0,59.0,0.0
2023-12-20 10:45:00+00:00,1.0,23.0,694.0,23.0,4.0,274.0,36.0,65.0,0.0
2023-12-20 10:50:00+00:00,1.0,23.0,691.0,23.1,7.0,266.0,40.0,71.0,0.0
2023-12-20 10:55:00+00:00,1.0,23.0,697.0,23.0,9.0,248.0,40.0,67.0,0.0
